Date,SP_Price,GS10_Rate,US_2Y_Treasury,Term_Spread_10Y_2Y,Term_Spread_10Y_3M,Fed_Funds_Rate,VIX_Close,Credit_BAA10Y,Dollar_Index,Real_Price,Real_Earnings,CAPE,M2_Money,Industrial_Production,US_CPI,Gold_Close,WTI_Crude_Close
2014-09-19,398.8210144042969,2.59,0.59,2.0,2.57,0.09,12.11,2.26,79.8223,8.464913491541244,148.26848,0.0786623708035666,11452.5,102.9632,237.498,1263.699951171875,92.87999725341795
2014-09-26,377.1809997558594,2.54,0.59,1.95,2.53,0.09,14.85,2.27,80.7703,8.348912309097077,148.26848,0.0775844001856514,11452.5,102.9632,237.498,1263.699951171875,92.87999725341795
2014-10-03,320.510009765625,2.45,0.57,1.88,2.44,0.09,14.55,2.29,81.6336,8.287290593843437,146.935156,0.0767328194186572,11477.8,102.7688,237.46,1214.5999755859375,90.7300033569336
2014-10-10,378.54901123046875,2.31,0.45,1.86,2.3,0.09,21.24,2.36,80.8601,8.027162490031216,146.935156,0.074324268325931,11477.8,102.7688,237.46,1214.5999755859375,90.7300033569336
2014-10-17,389.5459899902344,2.22,0.39,1.83,2.2,0.09,21.99,2.44,80.5278,7.945590877476732,146.935156,0.0735689889321468,11477.8,102.7688,237.46,1214.5999755859375,90.7300033569336
2014-10-24,354.7040100097656,2.29,0.41,1.88,2.28,0.09,16.11,2.43,80.8109,8.273309003851963,146.935156,0.0766033625343048,11477.8,102.7688,237.46,1214.5999755859375,90.7300033569336
2014-10-31,325.8919982910156,2.35,0.5,1.85,2.34,0.07,14.03,2.39,81.8583,8.49848416081919,146.935156,0.0786882809357387,11477.8,102.7688,237.46,1214.5999755859375,90.7300033569336
2014-11-07,363.2640075683594,2.32,0.51,1.81,2.29,0.09,13.12,2.43,82.7461,8.556281424918255,146.016807,0.0789451367322943,11520.7,103.0641,237.477,1169.4000244140625,78.77999877929688
2014-11-14,387.8819885253906,2.32,0.54,1.78,2.3,0.09,13.31,2.48,82.6243,8.589547393175181,146.016807,0.079252067545127,11520.7,103.0641,237.477,1169.4000244140625,78.77999877929688
2014-11-21,367.572998046875,2.31,0.53,1.78,2.3,0.1,12.9,2.49,82.9417,8.68926253910905,146.016807,0.0801720964033533,11520.7,103.0641,237.477,1169.4000244140625,78.77999877929688
2014-11-28,378.0469970703125,2.18,0.47,1.71,2.16,0.08,13.33,2.52,83.3705,8.706359178336218,146.016807,0.0803298397563852,11520.7,103.0641,237.477,1169.4000244140625,78.77999877929688
2014-12-05,375.0950012207031,2.31,0.65,1.66,2.29,0.12,11.82,2.48,84.1257,8.740976781314492,145.123654,0.0803750496975502,11596.5,103.0764,237.43,1218.0,69.0
2014-12-12,351.6319885253906,2.1,0.56,1.54,2.08,0.12,21.08,2.58,83.4711,8.433348591394042,145.123654,0.0775463462617878,11596.5,103.0764,237.43,1218.0,69.0
2014-12-19,320.8429870605469,2.17,0.67,1.5,2.13,0.13,16.49,2.56,84.6676,8.721096332998146,145.123654,0.0801922449537084,11596.5,103.0764,237.43,1218.0,69.0
2014-12-26,317.239013671875,2.25,0.73,1.52,2.24,0.13,14.5,2.5,84.9349,8.797414056906247,145.123654,0.0808940018631913,11596.5,103.0764,237.43,1218.0,69.0
2015-01-02,264.19500732421875,2.12,0.66,1.46,2.1,0.12,17.79,2.51,85.7577,8.685010955097518,144.356139,0.0796003122002722,11638.9,103.7126,236.983,1186.0,52.689998626708984
2015-01-09,265.6600036621094,1.98,0.59,1.39,1.96,0.12,17.55,2.55,86.5625,8.628509465209529,144.356139,0.0790824618189523,11638.9,103.7126,236.983,1186.0,52.689998626708984
2015-01-16,210.33900451660156,1.83,0.49,1.34,1.8,0.13,20.95,2.62,86.9265,8.521370916670447,144.356139,0.0781005100452024,11638.9,103.7126,236.983,1186.0,52.689998626708984
2015-01-23,253.71800231933594,1.81,0.52,1.29,1.79,0.12,16.66,2.6,88.8135,8.65808968727451,144.356139,0.0793535720021748,11638.9,103.7126,236.983,1186.0,52.689998626708984
2015-01-30,226.9720001220703,1.68,0.47,1.21,1.66,0.06,20.97,2.61,89.6269,8.418283126782828,144.356139,0.0771556844944328,11638.9,103.7126,236.983,1186.0,52.689998626708984
2015-02-06,223.41200256347656,1.95,0.65,1.3,1.93,0.11,17.29,2.55,89.2113,8.70032833882094,142.284511,0.0794910423278933,11721.2,103.7044,236.252,1276.199951171875,49.56999969482422
2015-02-13,234.8249969482422,2.02,0.66,1.36,2.01,0.12,14.69,2.55,88.7433,8.876072965453732,142.284511,0.0810967430567074,11721.2,103.7044,236.252,1276.199951171875,49.56999969482422
2015-02-20,235.9770050048828,2.13,0.67,1.46,2.11,0.12,14.3,2.5,88.991,8.932411360869432,142.284511,0.0816114819953165,11721.2,103.7044,236.252,1276.199951171875,49.56999969482422
2015-02-27,260.2019958496094,2.0,0.63,1.37,1.98,0.06,13.34,2.46,89.6803,8.90786109747219,142.284511,0.0813871771241815,11721.2,103.7044,236.252,1276.199951171875,49.56999969482422
2015-03-06,274.35400390625,2.24,0.73,1.51,2.23,0.12,15.2,2.45,91.5446,8.823371586284916,140.003853,0.0803785456463977,11806.2,102.8905,234.747,1207.699951171875,49.59000015258789
2015-03-13,286.39300537109375,2.13,0.68,1.45,2.1,0.11,16.0,2.47,93.4008,8.747289219217924,140.003853,0.0796854557142354,11806.2,102.8905,234.747,1207.699951171875,49.59000015258789
2015-03-20,267.9599914550781,1.93,0.6,1.33,1.92,0.12,13.02,2.51,91.6875,8.980306873596893,140.003853,0.0818081839690479,11806.2,102.8905,234.747,1207.699951171875,49.59000015258789
2015-03-27,242.71299743652344,1.95,0.58,1.37,1.91,0.12,15.07,2.53,91.1357,8.779750197153744,140.003853,0.0799811665058785,11806.2,102.8905,234.747,1207.699951171875,49.59000015258789
2015-04-03,260.5979919433594,1.85,0.49,1.36,1.83,0.12,14.67,2.58,90.5271,8.78279253570336,137.683266,0.0797893766984519,11920.7,102.2335,235.342,1208.0999755859375,50.09000015258789
2015-04-10,236.1529998779297,1.96,0.57,1.39,1.94,0.12,12.58,2.53,92.5812,8.931937599721893,137.683266,0.0811443206581678,11920.7,102.2335,235.342,1208.0999755859375,50.09000015258789
2015-04-17,222.60000610351562,1.87,0.51,1.36,1.86,0.13,13.89,2.53,90.7097,8.843215115196713,137.683266,0.0803383000547408,11920.7,102.2335,235.342,1208.0999755859375,50.09000015258789
2015-04-24,219.42999267578125,1.93,0.54,1.39,1.9,0.13,12.29,2.56,90.1308,8.998351086530453,137.683266,0.0817476698429839,11920.7,102.2335,235.342,1208.0999755859375,50.09000015258789
2015-05-01,240.35800170898438,2.12,0.6,1.52,2.11,0.13,12.7,2.61,89.1848,8.934340945954249,134.958795,0.0809646294348023,11919.1,101.8914,235.976,1174.5,59.150001525878906
2015-05-08,240.29600524902344,2.16,0.59,1.57,2.15,0.13,12.86,2.65,88.5252,8.967437780351604,134.958795,0.0812645589929708,11919.1,101.8914,235.976,1174.5,59.150001525878906
2015-05-15,236.802001953125,2.14,0.55,1.59,2.12,0.13,12.38,2.72,87.5059,8.995533361311107,134.958795,0.0815191662790484,11919.1,101.8914,235.976,1174.5,59.150001525878906
2015-05-22,240.9530029296875,2.21,0.64,1.57,2.19,0.13,12.13,2.74,89.8915,9.009645296952868,134.958795,0.0816470512172609,11919.1,101.8914,235.976,1174.5,59.150001525878906
2015-05-29,230.19000244140625,2.12,0.61,1.51,2.11,0.08,13.84,2.72,90.8242,8.930526378013548,134.958795,0.0809300611234247,11919.1,101.8914,235.976,1174.5,59.150001525878906
2015-06-05,222.88099670410156,2.41,0.73,1.68,2.38,0.13,14.21,2.69,90.6846,8.859590038713582,132.468549,0.0801159481946437,11953.4,101.3355,236.222,1188.300048828125,60.20000076293945
2015-06-12,233.54299926757812,2.39,0.74,1.65,2.37,0.13,13.78,2.7,89.2021,8.865008794362401,132.468549,0.0801649491918618,11953.4,101.3355,236.222,1188.300048828125,60.20000076293945
2015-06-19,243.94400024414062,2.26,0.65,1.61,2.25,0.13,13.96,2.82,88.7238,8.93223319688418,132.468549,0.0807728494136911,11953.4,101.3355,236.222,1188.300048828125,60.20000076293945
2015-06-26,249.01100158691406,2.49,0.72,1.77,2.48,0.13,14.02,2.81,89.7886,8.896250096241564,132.468549,0.0804474596141214,11953.4,101.3355,236.222,1188.300048828125,60.20000076293945
2015-07-03,271.9129943847656,2.4,0.64,1.76,2.39,0.13,16.79,2.86,90.4697,8.762747960122004,130.482519,0.0790963443676973,11981.9,100.8883,237.001,1169.0,56.959999084472656
2015-07-10,310.86700439453125,2.42,0.65,1.77,2.41,0.13,16.83,2.9,90.6362,8.76207322833026,130.482519,0.0790902539473864,11981.9,100.8883,237.001,1169.0,56.959999084472656
2015-07-17,273.614013671875,2.34,0.68,1.66,2.31,0.13,11.95,2.87,92.4188,8.973126242413006,130.482519,0.0809953095255793,11981.9,100.8883,237.001,1169.0,56.959999084472656
2015-07-24,292.6860046386719,2.27,0.7,1.57,2.23,0.13,13.74,2.87,92.1666,8.774857078002835,130.482519,0.0792056464909867,11981.9,100.8883,237.001,1169.0,56.959999084472656
2015-07-31,282.614013671875,2.2,0.67,1.53,2.12,0.08,12.12,2.94,91.9203,8.876924940783477,130.482519,0.0801269550645201,11981.9,100.8883,237.001,1169.0,56.959999084472656
2015-08-07,265.0830078125,2.18,0.73,1.45,2.12,0.14,13.39,2.91,92.5141,8.741884599903958,128.687628,0.0787845958544007,12020.9,100.571,237.657,1089.4000244140625,45.16999816894531
2015-08-14,258.5069885253906,2.2,0.73,1.47,2.11,0.14,12.83,2.97,91.7807,8.800666671137396,128.687628,0.0793143582497613,12020.9,100.571,237.657,1089.4000244140625,45.16999816894531
2015-08-21,228.16900634765625,2.05,0.64,1.41,2.02,0.15,28.03,3.1,90.7105,8.293002161301528,128.687628,0.0747391270418956,12020.9,100.571,237.657,1089.4000244140625,45.16999816894531
2015-08-28,228.76100158691406,2.19,0.72,1.47,2.13,0.14,26.05,3.13,91.7719,8.368657330174106,128.687628,0.0754209550660253,12020.9,100.571,237.657,1089.4000244140625,45.16999816894531
2015-09-04,239.83999633789062,2.13,0.71,1.42,2.11,0.14,27.8,3.15,91.9256,8.071199789538994,126.905235,0.0726431944481177,12063.5,101.2228,238.034,1138.699951171875,45.40999984741211
2015-09-11,230.51199340820312,2.2,0.71,1.49,2.16,0.14,23.2,3.11,91.1705,8.238529154776733,126.905235,0.0741492084154091,12063.5,101.2228,238.034,1138.699951171875,45.40999984741211
2015-09-18,231.21200561523438,2.13,0.69,1.44,2.13,0.14,22.28,3.15,90.5877,8.225841809560293,126.905235,0.0740350185415836,12063.5,101.2228,238.034,1138.699951171875,45.40999984741211
2015-09-25,232.7570037841797,2.17,0.7,1.47,2.17,0.13,23.62,3.19,91.9362,8.113714703867148,126.905235,0.0730258412997652,12063.5,101.2228,238.034,1138.699951171875,45.40999984741211
2015-10-02,238.25900268554688,1.99,0.58,1.41,1.99,0.13,20.94,3.34,91.23,8.197854857736376,125.034413,0.0736972311974619,12110.1,101.0367,238.033,1114.199951171875,44.7400016784668
2015-10-09,247.0500030517578,2.12,0.65,1.47,2.11,0.13,17.08,3.26,90.3207,8.4647507473688,125.034413,0.0760965769318318,12110.1,101.0367,238.033,1114.199951171875,44.7400016784668
2015-10-16,261.64300537109375,2.04,0.61,1.43,2.03,0.13,15.05,3.28,90.1586,8.541294632893601,125.034413,0.0767846926067452,12110.1,101.0367,238.033,1114.199951171875,44.7400016784668
2015-10-23,283.67999267578125,2.09,0.66,1.43,2.08,0.12,14.46,3.23,92.1375,8.717908451112871,125.034413,0.0783724188619482,12110.1,101.0367,238.033,1114.199951171875,44.7400016784668
2015-10-30,325.4309997558594,2.16,0.75,1.41,2.08,0.07,15.07,3.19,91.8307,8.735595935949533,125.034413,0.0785314261488459,12110.1,101.0367,238.033,1114.199951171875,44.7400016784668
2015-11-06,373.3680114746094,2.34,0.9,1.44,2.26,0.12,14.33,3.17,93.9096,8.838811068606368,123.366885,0.0793878243225717,12172.7,100.7547,237.498,1135.800048828125,46.13999938964844
2015-11-13,320.1659851074219,2.28,0.86,1.42,2.14,0.12,20.08,3.2,93.9256,8.518135054032035,123.366885,0.0765075985872451,12172.7,100.7547,237.498,1135.800048828125,46.13999938964844
2015-11-20,324.5360107421875,2.26,0.93,1.33,2.14,0.12,15.47,3.2,94.139,8.796579010665353,123.366885,0.0790085073340561,12172.7,100.7547,237.498,1135.800048828125,46.13999938964844
2015-11-27,371.29400634765625,2.22,0.92,1.3,2.04,0.12,15.12,3.22,94.5733,8.800537719988695,123.366885,0.0790440633967286,12172.7,100.7547,237.498,1135.800048828125,46.13999938964844
2015-12-04,388.7829895019531,2.28,0.96,1.32,2.05,0.13,14.81,3.15,93.3429,8.79848376710953,121.85127,0.0789809851266808,12228.4,100.2675,237.733,1063.800048828125,41.849998474121094
2015-12-11,433.7550048828125,2.13,0.88,1.25,1.9,0.14,24.39,3.24,93.2573,8.464832375468225,121.85127,0.0759859104867494,12228.4,100.2675,237.733,1063.800048828125,41.849998474121094
2015-12-18,442.68499755859375,2.19,0.97,1.22,2.0,0.37,20.7,3.25,94.391,8.436144956014205,121.85127,0.0757283933157011,12228.4,100.2675,237.733,1063.800048828125,41.849998474121094
2015-12-25,422.822998046875,2.25,1.03,1.22,2.05,0.36,15.74,3.22,93.7658,8.669347504277383,121.85127,0.0778217729801303,12228.4,100.2675,237.733,1063.800048828125,41.849998474121094
2016-01-01,430.010986328125,2.27,1.06,1.21,2.11,0.2,18.21,3.23,94.2472,8.587369563544831,121.607993,0.0770647410355551,12322.7,99.5298,238.017,1075.0999755859375,36.7599983215332
2016-01-08,447.9909973144531,2.13,0.94,1.19,1.93,0.36,27.01,3.31,94.6521,8.07517962707233,121.607993,0.0724682479507767,12322.7,99.5298,238.017,1075.0999755859375,36.7599983215332
2016-01-15,382.29901123046875,2.03,0.85,1.18,1.79,0.36,27.02,3.38,95.1338,7.899981749432551,121.607993,0.0708959877877105,12322.7,99.5298,238.017,1075.0999755859375,36.7599983215332
2016-01-22,402.97100830078125,2.07,0.88,1.19,1.76,0.38,22.34,3.42,95.2326,8.011612718478355,121.607993,0.0718977860284179,12322.7,99.5298,238.017,1075.0999755859375,36.7599983215332
2016-01-29,368.7669982910156,1.94,0.76,1.18,1.61,0.29,20.2,3.48,95.3746,8.151686603202187,121.607993,0.0731548365806513,12322.7,99.5298,238.017,1075.0999755859375,36.7599983215332
2016-02-05,376.6199951171875,1.86,0.74,1.12,1.56,0.38,23.38,3.52,93.1859,7.907310487540535,121.465842,0.0709472829769872,12393.6,99.0417,237.761,1127.9000244140625,31.6200008392334
2016-02-12,407.2300109863281,1.74,0.71,1.03,1.44,0.38,25.4,3.6,92.1875,7.843086247521145,121.465842,0.0703710395959011,12393.6,99.0417,237.761,1127.9000244140625,31.6200008392334
2016-02-19,438.7980041503906,1.76,0.76,1.0,1.45,0.38,20.53,3.56,92.5236,8.06599917268549,121.465842,0.0723710959242548,12393.6,99.0417,237.761,1127.9000244140625,31.6200008392334
2016-02-26,433.5039978027344,1.76,0.8,0.96,1.43,0.37,19.81,3.56,93.1882,8.193311976430639,121.465842,0.0735133929831768,12393.6,99.0417,237.761,1127.9000244140625,31.6200008392334
2016-03-04,407.7070007324219,1.88,0.88,1.0,1.59,0.36,16.86,3.43,92.2166,8.415624485526632,120.903091,0.0755010706390771,12522.2,99.5607,237.652,1230.300048828125,34.400001525878906
2016-03-11,414.06500244140625,1.98,0.97,1.01,1.65,0.36,16.5,3.26,91.1559,8.509038179380987,120.903091,0.0763391348742963,12522.2,99.5607,237.652,1230.300048828125,34.400001525878906
2016-03-18,413.7550048828125,1.88,0.84,1.04,1.58,0.37,14.02,3.17,89.9368,8.62429130882551,120.903091,0.0773731323729408,12522.2,99.5607,237.652,1230.300048828125,34.400001525878906
2016-03-25,426.7650146484375,1.91,0.89,1.02,1.61,0.37,14.74,3.06,91.3881,8.566895887290029,120.903091,0.0768582073328368,12522.2,99.5607,237.652,1230.300048828125,34.400001525878906
2016-04-01,420.90399169921875,1.79,0.76,1.03,1.56,0.37,13.1,3.1,89.9376,8.7335255894465,120.555321,0.0783545400225711,12604.4,99.0445,237.336,1222.199951171875,36.790000915527344
2016-04-08,421.5639953613281,1.72,0.7,1.02,1.49,0.37,15.36,3.07,89.3861,8.627431049591875,120.555321,0.0774026920221186,12604.4,99.0445,237.336,1222.199951171875,36.790000915527344
2016-04-15,427.39898681640625,1.76,0.74,1.02,1.54,0.37,13.62,2.99,89.4733,8.767022198354864,120.555321,0.0786550614278673,12604.4,99.0445,237.336,1222.199951171875,36.790000915527344
2016-04-22,458.55499267578125,1.89,0.84,1.05,1.66,0.37,13.22,2.89,89.5893,8.812738388297603,120.555321,0.0790652132042446,12604.4,99.0445,237.336,1222.199951171875,36.790000915527344
2016-04-29,451.875,1.83,0.77,1.06,1.61,0.3,15.7,2.86,87.9695,8.70200917192556,120.555321,0.0780717842932015,12604.4,99.0445,237.336,1222.199951171875,36.790000915527344
2016-05-06,458.5480041503906,1.79,0.74,1.05,1.6,0.37,14.72,2.87,88.9463,8.640540543422903,120.291383,0.0775236027363156,12662.2,98.3096,238.08,1294.699951171875,44.779998779296875
2016-05-13,457.5679931640625,1.71,0.76,0.95,1.42,0.37,15.04,2.9,89.8038,8.596312102451119,120.291383,0.0771267817191221,12662.2,98.3096,238.08,1294.699951171875,44.779998779296875
2016-05-20,439.322998046875,1.85,0.89,0.96,1.52,0.37,15.2,2.86,90.6609,8.620295986052481,120.291383,0.0773419669908122,12662.2,98.3096,238.08,1294.699951171875,44.779998779296875
2016-05-27,526.2329711914062,1.85,0.9,0.95,1.53,0.37,13.12,2.85,90.47,8.81661650955036,120.291383,0.0791033700183369,12662.2,98.3096,238.08,1294.699951171875,44.779998779296875
2016-06-03,574.9769897460938,1.71,0.78,0.93,1.41,0.37,13.47,2.86,89.3204,8.783264221448835,120.118706,0.0788113935591191,12741.9,98.6421,238.992,1211.9000244140625,49.0099983215332
2016-06-10,672.7839965820312,1.64,0.73,0.91,1.38,0.37,17.03,2.86,89.1121,8.770461221962973,120.118706,0.0786965134637722,12741.9,98.6421,238.992,1211.9000244140625,49.0099983215332
2016-06-17,763.781005859375,1.62,0.7,0.92,1.35,0.38,19.41,2.89,89.1302,8.666482437500523,120.118706,0.0777635217311476,12741.9,98.6421,238.992,1211.9000244140625,49.0099983215332
2016-06-24,629.3670043945312,1.57,0.64,0.93,1.3,0.4,25.76,2.98,89.8117,8.525013532585557,120.118706,0.0764941347173306,12741.9,98.6421,238.992,1211.9000244140625,49.0099983215332
2016-07-01,658.6640014648438,1.46,0.59,0.87,1.18,0.41,14.77,2.86,89.892,8.77849510209209,121.314617,0.0787813330081787,12800.7,98.4184,239.557,1336.699951171875,48.9900016784668
2016-07-08,649.3599853515625,1.37,0.61,0.76,1.09,0.4,13.2,2.78,90.5724,8.890994219929913,121.314617,0.0797909400492985,12800.7,98.4184,239.557,1336.699951171875,48.9900016784668
2016-07-15,679.458984375,1.6,0.71,0.89,1.28,0.4,12.67,2.66,90.8164,9.023906586884854,121.314617,0.0809837428384106,12800.7,98.4184,239.557,1336.699951171875,48.9900016784668
2016-07-22,661.2849731445312,1.57,0.71,0.86,1.24,0.4,12.02,2.66,91.7229,9.079384151984184,121.314617,0.0814816182122354,12800.7,98.4184,239.557,1336.699951171875,48.9900016784668
2016-07-29,624.6810302734375,1.46,0.67,0.79,1.18,0.3,11.87,2.71,90.0326,9.07341508557984,121.314617,0.0814280496902189,12800.7,98.4184,239.557,1336.699951171875,48.9900016784668
2016-08-05,592.6900024414062,1.59,0.72,0.87,1.31,0.4,11.39,2.73,90.6646,9.086886784672094,122.203609,0.0815662185057837,12849.3,98.8833,240.222,1351.4000244140625,40.060001373291016
2016-08-12,570.4730224609375,1.51,0.71,0.8,1.22,0.4,11.55,2.71,89.8341,9.091798623057526,122.203609,0.0816103084226611,12849.3,98.8833,240.222,1351.4000244140625,40.060001373291016
2016-08-19,581.3079833984375,1.58,0.76,0.82,1.28,0.4,11.34,2.67,88.9845,9.091049600733903,122.203609,0.0816035850068244,12849.3,98.8833,240.222,1351.4000244140625,40.060001373291016
2016-08-26,573.9119873046875,1.62,0.84,0.78,1.28,0.4,13.65,2.63,89.5294,9.029314713317264,122.203609,0.0810494368771317,12849.3,98.8833,240.222,1351.4000244140625,40.060001373291016
2016-09-02,608.6339721679688,1.6,0.8,0.8,1.27,0.4,11.98,2.63,90.2863,9.079428992252218,122.908446,0.0815231808822655,12907.3,98.9992,240.101,1312.199951171875,43.15999984741211
2016-09-09,606.718994140625,1.67,0.79,0.88,1.32,0.4,17.5,2.67,89.9972,8.862145757800883,122.908446,0.0795722189396174,12907.3,98.9992,240.101,1312.199951171875,43.15999984741211
2016-09-16,609.8740234375,1.7,0.77,0.93,1.4,0.4,15.37,2.71,90.5795,8.909416920834877,122.908446,0.0799966614434163,12907.3,98.9992,240.101,1312.199951171875,43.15999984741211
2016-09-23,600.8259887695312,1.62,0.77,0.85,1.44,0.4,12.29,2.68,90.0937,9.01574729553917,122.908446,0.0809513900257637,12907.3,98.9992,240.101,1312.199951171875,43.15999984741211
2016-09-30,610.8920288085938,1.6,0.77,0.83,1.31,0.29,13.29,2.69,89.9324,9.030658012799822,122.908446,0.081085271694023,12907.3,98.9992,240.101,1312.199951171875,43.15999984741211
2016-10-07,616.7520141601562,1.73,0.83,0.9,1.4,0.4,13.48,2.63,91.299,8.953584527778068,125.263144,0.0804297643767704,12986.7,98.85,240.545,1309.0,48.810001373291016
2016-10-14,641.6309814453125,1.8,0.84,0.96,1.48,0.41,16.12,2.63,91.9004,8.867280469220937,125.263144,0.0796544977700864,12986.7,98.85,240.545,1309.0,48.810001373291016
2016-10-21,657.0709838867188,1.74,0.84,0.9,1.4,0.41,13.34,2.6,92.6081,8.901286296158204,125.263144,0.0799599710293734,12986.7,98.85,240.545,1309.0,48.810001373291016
2016-10-28,701.864013671875,1.86,0.86,1.0,1.56,0.41,16.19,2.6,92.7324,8.839967208253654,125.263144,0.0794091436175518,12986.7,98.85,240.545,1309.0,48.810001373291016
2016-11-04,711.52197265625,1.79,0.8,0.99,1.41,0.41,22.51,2.67,91.4468,8.645884879260892,127.96994,0.0777008141176132,13052.7,98.7457,241.176,1286.4000244140625,46.66999816894531
2016-11-11,702.031005859375,2.15,0.92,1.23,1.67,0.41,14.17,2.6,92.9838,8.974566089378193,127.96994,0.0806546815317558,13052.7,98.7457,241.176,1286.4000244140625,46.66999816894531
2016-11-18,731.0260009765625,2.34,1.07,1.27,1.9,0.41,12.85,2.52,94.8995,9.04691968663445,127.96994,0.0813049253748856,13052.7,98.7457,241.176,1286.4000244140625,46.66999816894531
2016-11-25,732.0349731445312,2.36,1.12,1.24,1.87,0.41,12.34,2.48,95.15,9.177323189937017,127.96994,0.0824768653800901,13052.7,98.7457,241.176,1286.4000244140625,46.66999816894531
2016-12-02,773.8720092773438,2.4,1.11,1.29,1.91,0.41,14.12,2.42,94.3916,9.067348737582268,130.438894,0.0815199239204473,13124.5,98.7611,241.741,1166.9000244140625,51.060001373291016
2016-12-09,769.7310180664062,2.47,1.15,1.32,1.93,0.41,11.75,2.43,94.8394,9.346904452686449,130.438894,0.0840332672676996,13124.5,98.7611,241.741,1166.9000244140625,51.060001373291016
2016-12-16,790.530029296875,2.6,1.28,1.32,2.09,0.66,12.2,2.28,95.9966,9.340865092637884,130.438894,0.0839789704510738,13124.5,98.7611,241.741,1166.9000244140625,51.060001373291016
2016-12-23,896.1829833984375,2.55,1.22,1.33,2.03,0.66,11.44,2.25,96.5085,9.364526658955246,130.438894,0.0841916995675833,13124.5,98.7611,241.741,1166.9000244140625,51.060001373291016
2016-12-30,998.3250122070312,2.45,1.2,1.25,1.94,0.55,14.04,2.28,95.7228,9.261275820506244,130.438894,0.0832634237574562,13124.5,98.7611,241.741,1166.9000244140625,51.060001373291016
2017-01-06,911.198974609375,2.42,1.22,1.2,1.89,0.66,11.32,2.24,95.2662,9.407997407174228,132.307431,0.0846084792529317,13214.2,98.3491,242.026,1160.4000244140625,52.33000183105469
2017-01-13,821.7979736328125,2.4,1.21,1.19,1.87,0.66,11.23,2.23,94.616,9.398328661293103,132.307431,0.0845215257972833,13214.2,98.3491,242.026,1160.4000244140625,52.33000183105469
2017-01-20,924.6729736328125,2.48,1.2,1.28,1.98,0.66,11.54,2.21,94.9218,9.384570494879682,132.307431,0.0843977951575766,13214.2,98.3491,242.026,1160.4000244140625,52.33000183105469
2017-01-27,919.4959716796875,2.49,1.22,1.27,1.97,0.66,10.58,2.19,94.0567,9.481171202293348,132.307431,0.0852665495369938,13214.2,98.3491,242.026,1160.4000244140625,52.33000183105469
2017-02-03,1027.3399658203125,2.49,1.21,1.28,1.98,0.66,10.97,2.24,93.0757,9.468547343871707,134.508546,0.0851703574237775,13240.6,99.0214,242.637,1205.5999755859375,53.880001068115234
2017-02-10,999.1810302734375,2.41,1.2,1.21,1.86,0.66,10.85,2.23,93.8859,9.54553550223688,134.508546,0.085862872202151,13240.6,99.0214,242.637,1205.5999755859375,53.880001068115234
2017-02-17,1047.8699951171875,2.42,1.21,1.21,1.89,0.66,11.49,2.21,94.1042,9.69003042449987,134.508546,0.0871626158405482,13240.6,99.0214,242.637,1205.5999755859375,53.880001068115234
2017-02-24,1165.199951171875,2.31,1.12,1.19,1.79,0.66,11.47,2.23,94.1098,9.756715125436866,134.508546,0.0877624501770346,13240.6,99.0214,242.637,1205.5999755859375,53.880001068115234
2017-03-03,1267.1199951171875,2.49,1.32,1.17,1.78,0.66,10.96,2.16,95.3553,9.782200482671644,137.013246,0.0879962512621529,13318.9,98.7611,243.618,1248.9000244140625,53.83000183105469
2017-03-10,1221.3800048828125,2.58,1.36,1.22,1.83,0.66,11.66,2.18,95.1503,9.739018043232644,137.013246,0.0876078015674531,13318.9,98.7611,243.618,1248.9000244140625,53.83000183105469
2017-03-17,1036.739990234375,2.5,1.33,1.17,1.77,0.91,11.28,2.22,94.111,9.762209688939242,137.013246,0.0878164231231445,13318.9,98.7611,243.618,1248.9000244140625,53.83000183105469
2017-03-24,966.7249755859375,2.4,1.26,1.14,1.62,0.91,12.96,2.22,93.6096,9.621538558188435,137.013246,0.0865510092534526,13318.9,98.7611,243.618,1248.9000244140625,53.83000183105469
2017-03-31,1102.1700439453125,2.4,1.27,1.13,1.64,0.82,12.37,2.24,93.9602,9.698462226531394,137.013246,0.0872429797829367,13318.9,98.7611,243.618,1248.9000244140625,53.83000183105469
2017-04-07,1187.8699951171875,2.38,1.29,1.09,1.56,0.91,12.87,2.24,94.4898,9.653615235127416,138.301713,0.0868255826230888,13395.2,98.3646,244.006,1250.800048828125,50.2400016784668
2017-04-14,1182.93994140625,2.24,1.21,1.03,1.43,0.91,15.96,2.28,93.9068,9.544642144750028,138.301713,0.0858454677301908,13395.2,98.3646,244.006,1250.800048828125,50.2400016784668
2017-04-21,1207.2099609375,2.24,1.2,1.04,1.45,0.91,14.63,2.29,93.9117,9.625541754736563,138.301713,0.0865730869277638,13395.2,98.3646,244.006,1250.800048828125,50.2400016784668
2017-04-28,1347.8900146484375,2.29,1.28,1.01,1.49,0.83,10.82,2.28,93.7181,9.77107100305679,138.301713,0.0878819915677711,13395.2,98.3646,244.006,1250.800048828125,50.2400016784668
2017-05-05,1596.7099609375,2.36,1.32,1.04,1.46,0.91,10.57,2.24,93.5496,9.83751020559305,139.875741,0.0884573088475683,13464.6,99.0137,243.892,1253.300048828125,48.84000015258789
2017-05-12,1808.9100341796875,2.33,1.29,1.04,1.45,0.91,10.4,2.25,94.0251,9.803109172681966,139.875741,0.0881479802949878,13464.6,99.0137,243.892,1253.300048828125,48.84000015258789
2017-05-19,2041.199951171875,2.23,1.28,0.95,1.31,0.91,12.04,2.26,92.3337,9.765510883787702,139.875741,0.0878099025310665,13464.6,99.0137,243.892,1253.300048828125,48.84000015258789
2017-05-26,2155.800048828125,2.25,1.3,0.95,1.31,0.91,9.81,2.24,92.3492,9.905286226523932,139.875741,0.0890667399221641,13464.6,99.0137,243.892,1253.300048828125,48.84000015258789
2017-06-02,2511.81005859375,2.15,1.28,0.87,1.17,0.91,9.75,2.24,91.8898,9.988288232502056,141.439577,0.0897807635943134,13520.3,100.0224,244.193,1267.0,48.36000061035156
2017-06-09,2958.110107421875,2.21,1.35,0.86,1.2,0.91,10.7,2.21,92.1431,9.958393645727968,141.439577,0.089512053003926,13520.3,100.0224,244.193,1267.0,48.36000061035156
2017-06-16,2548.2900390625,2.16,1.32,0.84,1.13,1.16,10.38,2.19,91.7442,9.964044433475776,141.439577,0.0895628456950357,13520.3,100.0224,244.193,1267.0,48.36000061035156
2017-06-23,2589.409912109375,2.15,1.34,0.81,1.18,1.16,10.02,2.15,91.8673,9.985134908978246,141.439577,0.0897524196191258,13520.3,100.0224,244.193,1267.0,48.36000061035156
2017-06-30,2506.469970703125,2.31,1.38,0.93,1.28,1.06,11.18,2.09,90.4944,9.92415799023467,141.439577,0.0892043222676085,13520.3,100.0224,244.193,1267.0,48.36000061035156
2017-07-07,2518.43994140625,2.39,1.4,0.99,1.34,1.16,11.19,2.08,90.6493,9.939099078870122,142.925113,0.0893005922583896,13567.4,100.1408,244.004,1217.9000244140625,47.06999969482422
2017-07-14,1929.8199462890625,2.33,1.35,0.98,1.29,1.16,9.51,2.09,89.688,10.07881026348441,142.925113,0.0905558661451045,13567.4,100.1408,244.004,1217.9000244140625,47.06999969482422
2017-07-21,2730.39990234375,2.24,1.36,0.88,1.08,1.16,9.36,2.05,88.6051,10.13319469788405,142.925113,0.0910444981793549,13567.4,100.1408,244.004,1217.9000244140625,47.06999969482422
2017-07-28,2757.179931640625,2.3,1.34,0.96,1.22,1.16,10.29,2.05,88.0258,10.131391688891371,142.925113,0.0910282985450002,13567.4,100.1408,244.004,1217.9000244140625,47.06999969482422
2017-08-04,3213.93994140625,2.27,1.36,0.91,1.19,1.16,10.03,2.05,88.4988,10.144166307446255,143.882151,0.0910714411544194,13577.0,100.3471,244.163,1272.5999755859375,49.15999984741211
2017-08-11,4073.260009765625,2.19,1.3,0.89,1.16,1.16,15.51,2.12,88.2082,9.99873063633464,143.882151,0.0897657610460725,13577.0,100.3471,244.163,1272.5999755859375,49.15999984741211
2017-08-18,4087.659912109375,2.19,1.33,0.86,1.17,1.16,14.26,2.12,88.2971,9.934142555703056,143.882151,0.0891859076203456,13577.0,100.3471,244.163,1272.5999755859375,49.15999984741211
2017-08-25,4382.8798828125,2.17,1.35,0.82,1.14,1.16,11.28,2.12,87.6737,10.005815986976424,143.882151,0.0898293713097921,13577.0,100.3471,244.163,1272.5999755859375,49.15999984741211
2017-09-01,4582.9599609375,2.16,1.35,0.81,1.14,1.16,10.13,2.15,87.4804,10.139697141077226,144.500776,0.0909320372011474,13638.5,100.1068,244.243,1324.5,47.290000915527344
2017-09-08,4122.93994140625,2.06,1.27,0.79,1.02,1.16,12.12,2.17,86.0101,10.077791100013611,144.500776,0.0903768685062001,13638.5,100.1068,244.243,1324.5,47.290000915527344
2017-09-15,3582.8798828125,2.2,1.39,0.81,1.15,1.16,10.17,2.1,86.6068,10.236649486244232,144.500776,0.0918014985011057,13638.5,100.1068,244.243,1324.5,47.290000915527344
2017-09-22,3682.840087890625,2.26,1.46,0.8,1.23,1.16,9.59,2.05,87.0324,10.244797069734345,144.500776,0.0918745654137278,13638.5,100.1068,244.243,1324.5,47.290000915527344
2017-09-29,4403.740234375,2.33,1.47,0.86,1.27,1.06,9.51,2.0,88.1008,10.31497364273234,144.500776,0.0925039036136482,13638.5,100.1068,244.243,1324.5,47.290000915527344
2017-10-06,4610.47998046875,2.37,1.54,0.83,1.3,1.16,9.65,1.98,88.6593,10.39766247303035,145.852463,0.0931137023179209,13695.0,99.6925,245.183,1272.699951171875,50.58000183105469
2017-10-13,5678.18994140625,2.28,1.51,0.77,1.19,1.16,9.61,1.97,87.975,10.413323606754954,145.852463,0.0932539517391131,13695.0,99.6925,245.183,1272.699951171875,50.58000183105469
2017-10-20,6008.419921875,2.39,1.6,0.79,1.28,1.16,9.97,1.94,88.7482,10.503215805898044,145.852463,0.0940589591620241,13695.0,99.6925,245.183,1272.699951171875,50.58000183105469
2017-10-27,6153.85009765625,2.42,1.59,0.83,1.32,1.16,9.8,1.93,90.0419,10.527116759152856,145.852463,0.0942729982551622,13695.0,99.6925,245.183,1272.699951171875,50.58000183105469
2017-11-03,7407.41015625,2.34,1.63,0.71,1.16,1.16,9.14,1.91,89.8262,10.501106124903623,147.109182,0.0938498962732838,13743.0,99.7954,246.435,1274.0999755859375,54.29999923706055
2017-11-10,5950.06982421875,2.4,1.67,0.73,1.17,1.16,11.29,1.93,89.4057,10.478625393422709,147.109182,0.0936489827416484,13743.0,99.7954,246.435,1274.0999755859375,54.29999923706055
2017-11-17,8036.490234375,2.35,1.73,0.62,1.06,1.16,11.43,1.93,88.9155,10.464625956768518,147.109182,0.0935238677621165,13743.0,99.7954,246.435,1274.0999755859375,54.29999923706055
2017-11-24,9330.5498046875,2.34,1.75,0.59,1.05,1.16,9.67,1.9,88.1531,10.56026912522572,147.109182,0.0943786445191735,13743.0,99.7954,246.435,1274.0999755859375,54.29999923706055
2017-12-01,11323.2001953125,2.37,1.78,0.59,1.1,1.16,11.43,1.87,88.1787,10.713468858527182,148.456717,0.095494120134385,13801.5,101.0247,246.626,1278.800048828125,58.36000061035156
2017-12-08,15455.400390625,2.38,1.8,0.58,1.1,1.16,9.58,1.87,89.3369,10.751096802445808,148.456717,0.0958295154619325,13801.5,101.0247,246.626,1278.800048828125,58.36000061035156
2017-12-15,19140.80078125,2.35,1.84,0.51,1.04,1.41,9.42,1.8,89.1218,10.849667344861247,148.456717,0.0967081204537825,13801.5,101.0247,246.626,1278.800048828125,58.36000061035156
2017-12-22,13925.7998046875,2.48,1.91,0.57,1.15,1.42,9.9,1.79,88.743,10.880199524343034,148.456717,0.0969802679397088,13801.5,101.0247,246.626,1278.800048828125,58.36000061035156
2017-12-29,14156.400390625,2.4,1.89,0.51,1.01,1.33,11.04,1.77,87.4741,10.840747153268005,148.456717,0.0966286106461865,13801.5,101.0247,246.626,1278.800048828125,58.36000061035156
2018-01-05,16477.599609375,2.47,1.96,0.51,1.08,1.42,9.22,1.76,87.2176,11.09311521304957,150.14278,0.0985595608872098,13849.1,101.2664,247.284,1313.699951171875,60.369998931884766
2018-01-12,13772.0,2.55,1.99,0.56,1.12,1.42,10.16,1.68,86.8613,11.267368653994495,150.14278,0.1001077592330102,13849.1,101.2664,247.284,1313.699951171875,60.369998931884766
2018-01-19,11600.099609375,2.64,2.06,0.58,1.2,1.42,11.27,1.64,86.1844,11.364665925931824,150.14278,0.1009722212180787,13849.1,101.2664,247.284,1313.699951171875,60.369998931884766
2018-01-26,11786.2998046875,2.66,2.13,0.53,1.25,1.42,11.08,1.6,84.8181,11.617695108407744,150.14278,0.1032203223724902,13849.1,101.2664,247.284,1313.699951171875,60.369998931884766
2018-02-02,8277.009765625,2.84,2.15,0.69,1.36,1.42,17.31,1.58,85.1997,11.146384789703598,151.944195,0.0986766107036462,13887.3,101.4644,247.805,1344.300048828125,65.80000305175781
2018-02-09,8129.97021484375,2.83,2.05,0.78,1.28,1.42,29.06,1.67,86.2365,10.571013695559513,151.944195,0.0935829708788814,13887.3,101.4644,247.805,1344.300048828125,65.80000305175781
2018-02-16,10551.7998046875,2.87,2.21,0.66,1.25,1.42,19.46,1.66,84.9754,11.025685400630032,151.944195,0.0976080842843194,13887.3,101.4644,247.805,1344.300048828125,65.80000305175781
2018-02-23,9664.73046875,2.88,2.25,0.63,1.24,1.42,16.49,1.68,85.8219,11.086540016658764,151.944195,0.0981468174582301,13887.3,101.4644,247.805,1344.300048828125,65.80000305175781
2018-03-02,11512.599609375,2.86,2.25,0.61,1.21,1.42,19.59,1.72,86.6211,10.81435672408874,154.075005,0.0953581193199012,13902.4,101.4625,248.859,1302.9000244140625,60.9900016784668
2018-03-09,9578.6298828125,2.9,2.27,0.63,1.23,1.42,14.64,1.77,86.187,11.197385139212868,154.075005,0.0987355619403171,13902.4,101.4625,248.859,1302.9000244140625,60.9900016784668
2018-03-16,8223.6796875,2.85,2.31,0.54,1.07,1.43,15.8,1.79,86.7572,11.05851108364827,154.075005,0.0975110074800902,13902.4,101.4625,248.859,1302.9000244140625,60.9900016784668
2018-03-23,8495.7802734375,2.82,2.28,0.54,1.08,1.68,24.87,1.87,85.8266,10.400507957379984,154.075005,0.0917089110421399,13902.4,101.4625,248.859,1302.9000244140625,60.9900016784668
2018-03-30,6844.22998046875,2.74,2.27,0.47,1.01,1.67,19.97,1.85,86.2665,10.611913240780924,154.075005,0.0935730265650263,13902.4,101.4625,248.859,1302.9000244140625,60.9900016784668
2018-04-06,7023.52001953125,2.77,2.27,0.5,1.04,1.69,21.49,1.84,86.2667,10.43754421611566,156.584606,0.0916323326191233,13949.8,101.7085,249.529,1342.0999755859375,63.0099983215332
2018-04-13,8329.1103515625,2.82,2.37,0.45,1.06,1.69,17.41,1.79,85.8087,10.645255857347744,156.584606,0.0934558556437113,13949.8,101.7085,249.529,1342.0999755859375,63.0099983215332
2018-04-20,8802.4599609375,2.96,2.46,0.5,1.15,1.7,16.88,1.78,86.3755,10.700719726276803,156.584606,0.0939427789640651,13949.8,101.7085,249.529,1342.0999755859375,63.0099983215332
2018-04-27,9419.080078125,2.96,2.49,0.47,1.14,1.7,15.41,1.8,87.542,10.699798067997609,156.584606,0.0939346876260787,13949.8,101.7085,249.529,1342.0999755859375,63.0099983215332
2018-05-04,9654.7998046875,2.95,2.51,0.44,1.11,1.7,14.77,1.86,88.2094,10.67173626526082,159.042799,0.0932271725979329,14014.5,102.2067,249.577,1303.800048828125,67.25
2018-05-11,8723.9404296875,2.97,2.54,0.43,1.05,1.7,12.65,1.82,88.0314,10.92937238088095,159.042799,0.0954778547757305,14014.5,102.2067,249.577,1303.800048828125,67.25
2018-05-18,8513.25,3.06,2.55,0.51,1.15,1.7,13.42,1.83,89.0051,10.870272383685696,159.042799,0.094961563377395,14014.5,102.2067,249.577,1303.800048828125,67.25
2018-05-25,7368.22021484375,2.93,2.48,0.45,1.03,1.7,13.22,1.85,89.3643,10.903769490477888,159.042799,0.0952541906011967,14014.5,102.2067,249.577,1303.800048828125,67.25
2018-06-01,7720.25,2.89,2.47,0.42,0.97,1.7,13.46,1.9,89.2653,10.928557338686472,161.891483,0.094949287824711,14034.8,103.3329,250.227,1294.800048828125,65.80999755859375
2018-06-08,6786.02001953125,2.93,2.5,0.43,1.0,1.7,12.18,1.9,88.9338,11.106035836647823,161.891483,0.0964912531970275,14034.8,103.3329,250.227,1294.800048828125,65.80999755859375
2018-06-15,6499.27001953125,2.93,2.55,0.38,0.99,1.9,11.98,1.87,90.1206,11.108553082238826,161.891483,0.0965131234831722,14034.8,103.3329,250.227,1294.800048828125,65.80999755859375
2018-06-22,6173.22998046875,2.9,2.56,0.34,0.97,1.92,13.77,1.97,90.297,11.0095228844709,161.891483,0.0956527311679011,14034.8,103.3329,250.227,1294.800048828125,65.80999755859375
2018-06-29,6385.81982421875,2.85,2.52,0.33,0.92,1.91,16.09,1.99,89.9735,10.863616305144928,161.891483,0.0943850683495985,14034.8,103.3329,250.227,1294.800048828125,65.80999755859375
2018-07-06,6773.8798828125,2.82,2.53,0.29,0.85,1.91,13.37,1.96,89.5756,11.00441827633806,165.365417,0.0950325020666678,14091.0,102.4024,250.792,1239.800048828125,73.94000244140625
2018-07-13,6359.64013671875,2.83,2.59,0.24,0.85,1.91,12.18,1.9,90.2872,11.16985413647066,165.365417,0.0964611812867005,14091.0,102.4024,250.792,1239.800048828125,73.94000244140625
2018-07-20,7418.490234375,2.89,2.6,0.29,0.9,1.91,12.86,1.91,90.0729,11.171927645718364,165.365417,0.0964790878008769,14091.0,102.4024,250.792,1239.800048828125,73.94000244140625
2018-07-27,8218.4599609375,2.96,2.67,0.29,0.96,1.91,13.03,1.84,89.9284,11.239672989407058,165.365417,0.0970641264055931,14091.0,102.4024,250.792,1239.800048828125,73.94000244140625
2018-08-03,7068.47998046875,2.95,2.63,0.32,0.94,1.91,11.64,1.84,90.0491,11.3153243897101,168.756521,0.0970864175454453,14133.2,103.198,251.018,1217.9000244140625,67.66000366210938
2018-08-10,6322.68994140625,2.87,2.61,0.26,0.82,1.91,13.16,1.87,91.1345,11.28715880652732,168.756521,0.0968447545161661,14133.2,103.198,251.018,1217.9000244140625,67.66000366210938
2018-08-17,6506.06982421875,2.87,2.61,0.26,0.82,1.92,12.64,1.89,91.025,11.354284883205588,168.756521,0.0974207017965198,14133.2,103.198,251.018,1217.9000244140625,67.66000366210938
2018-08-24,6707.259765625,2.82,2.63,0.19,0.73,1.92,11.99,1.9,90.1696,11.452126705679474,168.756521,0.0982601927119323,14133.2,103.198,251.018,1217.9000244140625,67.66000366210938
2018-08-31,7272.72021484375,2.86,2.62,0.24,0.75,1.91,12.86,1.92,90.2569,11.559011782148094,168.756521,0.0991772754933014,14133.2,103.198,251.018,1217.9000244140625,67.66000366210938
2018-09-07,6300.85986328125,2.94,2.71,0.23,0.8,1.92,14.88,1.93,90.5598,11.431209771910105,172.039527,0.0974110240653681,14170.0,103.3646,251.214,1192.699951171875,69.87000274658203
2018-09-14,6517.18017578125,2.99,2.78,0.21,0.83,1.92,12.07,1.88,90.0256,11.56376627285402,172.039527,0.098540603940212,14170.0,103.3646,251.214,1192.699951171875,69.87000274658203
2018-09-21,6710.6298828125,3.07,2.81,0.26,0.89,1.92,11.68,1.83,89.5186,11.662048778630968,172.039527,0.099378118055207,14170.0,103.3646,251.214,1192.699951171875,69.87000274658203
2018-09-28,6625.56005859375,3.05,2.81,0.24,0.86,2.18,12.12,1.84,90.1109,11.599592301658149,172.039527,0.0988458953506261,14170.0,103.3646,251.214,1192.699951171875,69.87000274658203
2018-10-05,6602.9501953125,3.23,2.88,0.35,1.0,2.18,14.82,1.85,90.6888,11.466008385656115,172.614174,0.0970043421702441,14221.3,104.0327,251.663,1187.0999755859375,75.30000305175781
2018-10-12,6290.93017578125,3.15,2.85,0.3,0.87,2.18,21.31,1.88,90.3927,10.995378274964931,172.614174,0.0930227329861606,14221.3,104.0327,251.663,1187.0999755859375,75.30000305175781
2018-10-19,6482.35009765625,3.2,2.92,0.28,0.89,2.19,19.89,1.92,90.831,10.997961676117963,172.614174,0.093044588990533,14221.3,104.0327,251.663,1187.0999755859375,75.30000305175781
2018-10-26,6486.39013671875,3.08,2.81,0.27,0.75,2.2,24.16,2.02,91.2889,10.564484812651244,172.614174,0.0893773024709093,14221.3,104.0327,251.663,1187.0999755859375,75.30000305175781
2018-11-02,6376.1298828125,3.22,2.91,0.31,0.89,2.19,19.51,2.02,91.4119,10.797995331124945,174.075277,0.0905999274198046,14243.9,104.1004,252.182,1236.0,63.689998626708984
2018-11-09,6411.27001953125,3.19,2.94,0.25,0.83,2.19,17.36,1.98,91.8931,11.027789492373069,174.075277,0.0925280014457827,14243.9,104.1004,252.182,1236.0,63.689998626708984
2018-11-16,5623.5400390625,3.08,2.81,0.27,0.72,2.2,18.14,2.13,91.437,10.850377979123213,174.075277,0.0910394408629175,14243.9,104.1004,252.182,1236.0,63.689998626708984
2018-11-23,4009.969970703125,3.05,2.81,0.24,0.64,2.2,21.52,2.18,91.8146,10.439127529299276,174.075277,0.0875888688110838,14243.9,104.1004,252.182,1236.0,63.689998626708984
2018-11-30,4139.8779296875,3.01,2.8,0.21,0.64,2.2,18.07,2.27,92.0345,10.945150414680668,174.075277,0.0918346232573898,14243.9,104.1004,252.182,1236.0,63.689998626708984
2018-12-07,3614.234375,2.85,2.72,0.13,0.45,2.19,23.23,2.31,91.7441,10.41681862755764,175.516886,0.0865873647001239,14257.6,103.9856,252.772,1233.9000244140625,52.95000076293945
2018-12-14,3252.839111328125,2.89,2.73,0.16,0.47,2.19,21.63,2.25,92.4416,10.285751393239265,175.516886,0.0854978990173732,14257.6,103.9856,252.772,1233.9000244140625,52.95000076293945
2018-12-21,3998.980224609375,2.79,2.63,0.16,0.4,2.4,30.11,2.31,92.1151,9.560473933772332,175.516886,0.0794692000319166,14257.6,103.9856,252.772,1233.9000244140625,52.95000076293945
2018-12-28,3865.95263671875,2.72,2.52,0.2,0.32,2.4,28.34,2.44,91.9394,9.833921440010664,175.516886,0.0817421683724001,14257.6,103.9856,252.772,1233.9000244140625,52.95000076293945
2019-01-04,4076.632568359375,2.67,2.5,0.17,0.25,2.4,21.38,2.45,91.3243,10.023753301369986,176.065038,0.0824523025913124,14288.4,104.0681,252.594,1281.0,46.540000915527344
2019-01-11,3552.953125,2.71,2.55,0.16,0.28,2.4,18.19,2.42,90.7375,10.278391449383696,176.065038,0.0845468774476637,14288.4,104.0681,252.594,1281.0,46.540000915527344
2019-01-18,3601.013671875,2.79,2.62,0.17,0.38,2.4,17.8,2.38,91.3493,10.57313301558034,176.065038,0.086971330651132,14288.4,104.0681,252.594,1281.0,46.540000915527344
2019-01-25,3583.9658203125,2.76,2.6,0.16,0.37,2.4,17.42,2.34,91.0087,10.549577621660154,176.065038,0.0867775712469676,14288.4,104.0681,252.594,1281.0,46.540000915527344
2019-02-01,3464.013427734375,2.7,2.52,0.18,0.3,2.4,16.14,2.31,90.5006,10.7076083084298,176.202377,0.0871408189033141,14392.0,104.0936,252.767,1316.9000244140625,55.2599983215332
2019-02-08,3690.188232421875,2.63,2.45,0.18,0.2,2.4,15.72,2.3,91.5568,10.71294861596846,176.202377,0.0871842794744061,14392.0,104.0936,252.767,1316.9000244140625,55.2599983215332
2019-02-15,3673.836181640625,2.66,2.52,0.14,0.23,2.4,14.91,2.28,91.8995,10.980864185816383,176.202377,0.0893646339925216,14392.0,104.0936,252.767,1316.9000244140625,55.2599983215332
2019-02-22,3810.427490234375,2.65,2.48,0.17,0.19,2.4,13.51,2.25,91.3718,11.048396040127866,176.202377,0.0899142227444868,14392.0,104.0936,252.767,1316.9000244140625,55.2599983215332
2019-03-01,3847.17578125,2.76,2.55,0.21,0.32,2.4,13.57,2.22,91.4904,11.1010407046466,176.087447,0.0893654518430039,14460.2,103.4021,252.561,1296.4000244140625,55.79999923706055
2019-03-08,3951.599853515625,2.62,2.45,0.17,0.16,2.4,16.05,2.27,92.3079,10.861019984714089,176.087447,0.0874332402009483,14460.2,103.4021,252.561,1296.4000244140625,55.79999923706055
2019-03-15,4025.22900390625,2.59,2.43,0.16,0.14,2.4,12.88,2.28,91.7045,11.175438727549976,176.087447,0.0899643698282522,14460.2,103.4021,252.561,1296.4000244140625,55.79999923706055
2019-03-22,4022.168212890625,2.44,2.31,0.13,-0.02,2.41,16.48,2.3,91.7523,11.089241652264205,176.087447,0.0892704672667352,14460.2,103.4021,252.561,1296.4000244140625,55.79999923706055
2019-03-29,4105.404296875,2.41,2.27,0.14,0.01,2.43,13.71,2.26,92.0715,11.222634937079556,176.087447,0.0903443081333269,14460.2,103.4021,252.561,1296.4000244140625,55.79999923706055
2019-04-05,5198.89697265625,2.5,2.35,0.15,0.06,2.41,12.82,2.22,92.3203,11.419356582942358,175.542297,0.0909194575958086,14506.6,102.8371,253.319,1288.4000244140625,61.59000015258789
2019-04-12,5167.72216796875,2.56,2.4,0.16,0.12,2.41,12.01,2.15,91.9007,11.477267445826705,175.542297,0.0913805364844577,14506.6,102.8371,253.319,1288.4000244140625,61.59000015258789
2019-04-19,5314.53125,2.57,2.38,0.19,0.15,2.44,12.09,2.12,92.3041,11.467872640018614,175.542297,0.0913057362413717,14506.6,102.8371,253.319,1288.4000244140625,61.59000015258789
2019-04-26,5285.13916015625,2.51,2.28,0.23,0.09,2.44,12.73,2.13,92.8366,11.605445634999745,175.542297,0.0924010748440911,14506.6,102.8371,253.319,1288.4000244140625,61.59000015258789
2019-05-03,5795.70849609375,2.54,2.33,0.21,0.11,2.4,12.87,2.11,92.5139,11.584374098239811,175.550913,0.0912375712542164,14559.5,102.8757,254.277,1281.4000244140625,63.599998474121094
2019-05-10,6972.37158203125,2.47,2.26,0.21,0.04,2.38,16.04,2.2,92.1684,11.331736265347436,175.550913,0.0892478165998384,14559.5,102.8757,254.277,1281.4000244140625,63.599998474121094
2019-05-17,8197.689453125,2.39,2.2,0.19,0.0,2.39,15.96,2.24,92.7843,11.245728199156334,175.550913,0.0885704241916684,14559.5,102.8757,254.277,1281.4000244140625,63.599998474121094
2019-05-24,8673.2158203125,2.32,2.16,0.16,-0.03,2.38,15.85,2.31,92.5183,11.11410020801626,175.550913,0.0875337330317622,14559.5,102.8757,254.277,1281.4000244140625,63.599998474121094
2019-05-31,8742.9580078125,2.14,1.95,0.19,-0.21,2.4,18.71,2.37,92.7575,10.823078998862462,175.550913,0.0852416740839514,14559.5,102.8757,254.277,1281.4000244140625,63.599998474121094
2019-06-07,7688.0771484375,2.09,1.85,0.24,-0.19,2.37,16.3,2.42,91.4864,11.257713884531489,175.897394,0.0877195259285068,14594.0,102.274,255.233,1322.699951171875,53.25
2019-06-14,8994.48828125,2.09,1.84,0.25,-0.11,2.36,15.28,2.42,92.2459,11.311154828994487,175.897394,0.0881359350113409,14594.0,102.274,255.233,1322.699951171875,53.25
2019-06-21,10855.37109375,2.07,1.77,0.3,-0.04,2.38,15.4,2.35,91.271,11.559868672693186,175.897394,0.0900739004530709,14594.0,102.274,255.233,1322.699951171875,53.25
2019-06-28,10817.1552734375,2.0,1.75,0.25,-0.12,2.4,15.08,2.31,90.8599,11.52578236264756,175.897394,0.0898083016833276,14594.0,102.274,255.233,1322.699951171875,53.25
2019-07-05,11450.8466796875,2.04,1.87,0.17,-0.19,2.42,13.28,2.26,91.7259,11.713500846505136,174.578413,0.0903075478297056,14703.2,102.392,255.296,1385.5999755859375,59.09000015258789
2019-07-12,10256.05859375,2.12,1.84,0.28,-0.02,2.38,12.39,2.25,91.3169,11.805002896760035,174.578413,0.0910130009549663,14703.2,102.392,255.296,1385.5999755859375,59.09000015258789
2019-07-19,10599.10546875,2.05,1.8,0.25,-0.01,2.41,14.45,2.26,91.4838,11.65944671057077,174.578413,0.0898908067947022,14703.2,102.392,255.296,1385.5999755859375,59.09000015258789
2019-07-26,9552.8603515625,2.08,1.86,0.22,-0.04,2.4,12.16,2.13,92.3149,11.852360034712158,174.578413,0.0913781101615759,14703.2,102.392,255.296,1385.5999755859375,59.09000015258789
2019-08-02,10970.1845703125,1.86,1.72,0.14,-0.2,2.14,17.61,2.18,92.3013,11.488639092946382,173.561649,0.0876706298719121,14798.8,102.4375,255.213,1420.9000244140625,53.95000076293945
2019-08-09,11523.5791015625,1.74,1.63,0.11,-0.26,2.12,17.97,2.23,91.7475,11.436133356622705,173.561649,0.0872699548277973,14798.8,102.4375,255.213,1420.9000244140625,53.95000076293945
2019-08-16,10345.810546875,1.55,1.48,0.07,-0.32,2.13,18.47,2.26,92.4426,11.318702149344372,173.561649,0.0863738288527868,14798.8,102.4375,255.213,1420.9000244140625,53.95000076293945
2019-08-23,10138.517578125,1.52,1.51,0.01,-0.45,2.12,19.87,2.27,92.1048,11.15581928593714,173.561649,0.0851308580261533,14798.8,102.4375,255.213,1420.9000244140625,53.95000076293945
2019-08-30,9757.970703125,1.5,1.5,0.0,-0.49,2.13,18.98,2.26,92.8788,11.466735475612529,173.561649,0.0875034817952255,14798.8,102.4375,255.213,1420.9000244140625,53.95000076293945
2019-09-06,10441.2763671875,1.55,1.53,0.02,-0.41,2.12,15.0,2.26,92.3596,11.64459214915247,172.400973,0.0879834274625286,14882.7,101.9408,255.802,1545.9000244140625,53.939998626708984
2019-09-13,10347.712890625,1.9,1.79,0.11,-0.06,2.14,13.74,2.21,92.5151,11.756709848156484,172.400973,0.0888305588443094,14882.7,101.9408,255.802,1545.9000244140625,53.939998626708984
2019-09-20,10070.392578125,1.74,1.69,0.05,-0.17,1.9,15.32,2.19,92.7852,11.696820464106516,172.400973,0.08837805065769,14882.7,101.9408,255.802,1545.9000244140625,53.939998626708984
2019-09-27,8104.185546875,1.69,1.63,0.06,-0.11,1.83,17.22,2.19,93.0903,11.57844754561145,172.400973,0.0874836565084972,14882.7,101.9408,255.802,1545.9000244140625,53.939998626708984
2019-10-04,7988.15576171875,1.52,1.4,0.12,-0.19,1.82,17.04,2.29,93.019,11.529667741120878,174.842169,0.0862835391329815,14974.4,102.639,256.036,1482.0,53.619998931884766
2019-10-11,8321.005859375,1.76,1.63,0.13,0.08,1.82,15.58,2.22,92.4769,11.600985875155253,174.842169,0.0868172562484279,14974.4,102.639,256.036,1482.0,53.619998931884766
2019-10-18,8222.078125,1.76,1.58,0.18,0.1,1.85,14.25,2.21,91.7673,11.66320342128402,174.842169,0.0872828681113798,14974.4,102.639,256.036,1482.0,53.619998931884766
2019-10-25,9551.71484375,1.8,1.63,0.17,0.14,1.83,12.65,2.16,92.0086,11.805176025356298,174.842169,0.0883453357396178,14974.4,102.639,256.036,1482.0,53.619998931884766
2019-11-01,9235.3544921875,1.73,1.56,0.17,0.21,1.57,12.3,2.16,91.6398,11.96002773509096,177.771937,0.0887526315037358,15047.2,102.2917,256.43,1508.0,56.20000076293945
2019-11-08,9055.5263671875,1.94,1.68,0.26,0.39,1.55,12.07,2.11,92.5943,12.062083524256131,177.771937,0.0895099641829924,15047.2,102.2917,256.43,1508.0,56.20000076293945
2019-11-15,8577.9755859375,1.84,1.61,0.23,0.27,1.55,12.05,2.13,92.3875,12.168856845679132,177.771937,0.0903023045906055,15047.2,102.2917,256.43,1508.0,56.20000076293945
2019-11-22,7047.9169921875,1.77,1.61,0.16,0.19,1.55,12.34,2.14,92.6312,12.129197204159029,177.771937,0.0900079994579278,15047.2,102.2917,256.43,1508.0,56.20000076293945
2019-11-29,7424.29248046875,1.78,1.61,0.17,0.19,1.56,12.62,2.08,92.7133,12.248878760163592,177.771937,0.0908961289232719,15047.2,102.2917,256.43,1508.0,56.20000076293945
2019-12-06,7564.34521484375,1.84,1.61,0.23,0.31,1.55,13.62,2.07,92.238,12.233516408817154,180.772358,0.0901188439816008,15185.6,101.4281,257.155,1462.300048828125,55.959999084472656
2019-12-13,7152.3017578125,1.82,1.61,0.21,0.25,1.55,12.63,2.02,91.7647,12.32252940377642,180.772358,0.0907745629046806,15185.6,101.4281,257.155,1462.300048828125,55.959999084472656
2019-12-20,7511.5888671875,1.92,1.63,0.29,0.34,1.55,12.51,1.96,92.0735,12.526375029469095,180.772358,0.0922762024598366,15185.6,101.4281,257.155,1462.300048828125,55.959999084472656
2019-12-27,7422.65283203125,1.88,1.59,0.29,0.31,1.55,13.43,1.96,91.4593,12.599482878152283,180.772358,0.0928147552838278,15185.6,101.4281,257.155,1462.300048828125,55.959999084472656
2020-01-03,7411.3173828125,1.8,1.53,0.27,0.28,1.55,14.02,1.99,90.8221,12.544061740801888,170.114808,0.0918306002359043,15301.3,101.9372,257.879,1524.5,61.18000030517578
2020-01-10,8192.494140625,1.83,1.56,0.27,0.29,1.54,12.56,1.99,93.37030507205574,12.662334263961974,170.114808,0.0926964311778772,15301.3,101.9372,257.879,1524.5,61.18000030517578
2020-01-17,8706.2451171875,1.84,1.58,0.26,0.28,1.55,12.1,1.98,93.3686010522426,12.911559751618006,170.114808,0.0945209220484138,15301.3,101.9372,257.879,1524.5,61.18000030517578
2020-01-24,8596.830078125,1.7,1.49,0.21,0.16,1.55,14.56,1.98,93.76620567530632,12.779132735519855,170.114808,0.0935514711140176,15301.3,101.9372,257.879,1524.5,61.18000030517578
2020-01-31,9344.365234375,1.51,1.33,0.18,-0.04,1.59,18.84,2.13,93.91137193462488,12.507881679125674,170.114808,0.0915657389135551,15301.3,101.9372,257.879,1524.5,61.18000030517578
2020-02-07,10116.673828125,1.59,1.41,0.18,0.03,1.58,15.47,2.05,94.53950609526493,12.866681981740324,159.718175,0.0936970113863691,15351.5,101.7003,258.63,1577.199951171875,50.11000061035156
2020-02-14,9934.43359375,1.59,1.42,0.17,0.01,1.58,13.68,2.04,94.46947899532532,13.069481158834533,159.718175,0.0951738238880155,15351.5,101.7003,258.63,1577.199951171875,50.11000061035156
2020-02-21,9924.515625,1.46,1.34,0.12,-0.1,1.58,17.08,2.09,94.97662774923312,12.905502068592195,159.718175,0.093979704789761,15351.5,101.7003,258.63,1577.199951171875,50.11000061035156
2020-02-28,8562.4541015625,1.13,0.86,0.27,-0.14,1.58,40.11,2.38,95.47119921404398,11.422572674102485,159.718175,0.0831808016570133,15351.5,101.7003,258.63,1577.199951171875,50.11000061035156
2020-03-06,8108.1162109375,0.74,0.49,0.25,0.29,1.09,41.94,2.55,94.7034165725279,11.470707865978843,150.113203,0.0831720330089436,15425.0,101.0338,259.127,1592.300048828125,46.75
2020-03-13,5392.31494140625,0.94,0.49,0.45,0.66,1.1,57.83,3.3,97.72861974743832,10.462128684124965,150.113203,0.0758590073451934,15425.0,101.0338,259.127,1592.300048828125,46.75
2020-03-20,5830.2548828125,0.92,0.37,0.55,0.87,0.15,66.04,4.23,101.3779810367581,8.894943104635951,150.113203,0.0644956274848279,15425.0,101.0338,259.127,1592.300048828125,46.75
2020-03-27,5922.04296875,0.72,0.25,0.47,0.69,0.1,65.54,3.98,99.320579971905,9.807816131484271,150.113203,0.0711147050874571,15425.0,101.0338,259.127,1592.300048828125,46.75
2020-04-03,6791.12939453125,0.62,0.23,0.39,0.52,0.05,46.8,3.92,100.95522183550058,9.599421031219864,143.718915,0.0693653404981513,15492.8,101.3735,259.25,1578.199951171875,20.309999465942383
2020-04-10,6971.091796875,0.73,0.23,0.5,0.48,0.05,41.67,3.61,99.12461769339504,10.76111887506027,143.718915,0.0777597599357284,15492.8,101.3735,259.25,1578.199951171875,20.309999465942383
2020-04-17,7189.4248046875,0.65,0.2,0.45,0.53,0.05,38.15,3.27,99.70219926624551,11.087984796890067,143.718915,0.0801216905033352,15492.8,101.3735,259.25,1578.199951171875,20.309999465942383
2020-04-24,7679.8671875,0.6,0.22,0.38,0.48,0.05,35.93,3.25,100.74936001331432,10.942102180267598,143.718915,0.0790675438686717,15492.8,101.3735,259.25,1578.199951171875,20.309999465942383
2020-05-01,8897.46875,0.64,0.2,0.44,0.52,0.05,37.19,3.25,99.92794131958496,10.96851299980432,136.311414,0.0790323893908476,16034.4,97.4078,258.076,1694.5,19.780000686645508
2020-05-08,8756.4306640625,0.69,0.16,0.53,0.57,0.05,27.98,3.37,99.43190926636284,11.352470004293792,136.311414,0.0817989484940458,16034.4,97.4078,258.076,1694.5,19.780000686645508
2020-05-15,9670.7392578125,0.64,0.16,0.48,0.52,0.05,31.89,3.41,100.29300727859795,11.09634352350422,136.311414,0.0799534578825627,16034.4,97.4078,258.076,1694.5,19.780000686645508
2020-05-22,8790.3681640625,0.66,0.17,0.49,0.54,0.05,28.16,3.18,99.2559895066073,11.451858953067603,136.311414,0.0825150844097144,16034.4,97.4078,258.076,1694.5,19.780000686645508
2020-05-29,9461.05859375,0.65,0.16,0.49,0.51,0.05,27.51,3.08,98.1400188166083,11.79617654719443,136.311414,0.0849960261903949,16034.4,97.4078,258.076,1694.5,19.780000686645508
2020-06-05,9758.8525390625,0.91,0.22,0.69,0.76,0.07,24.52,2.86,96.41003298727809,12.474729454289406,128.20517,0.0896859289669412,17064.0,84.5619,256.032,1737.800048828125,35.439998626708984
2020-06-12,9386.7880859375,0.71,0.19,0.52,0.55,0.08,36.09,2.91,97.10032329919704,11.878632587308424,128.20517,0.0854003449416228,17064.0,84.5619,256.032,1737.800048828125,35.439998626708984
2020-06-19,9303.6298828125,0.7,0.19,0.51,0.55,0.09,35.12,2.87,97.54994109846152,12.099034457545836,128.20517,0.0869849040738047,17064.0,84.5619,256.032,1737.800048828125,35.439998626708984
2020-06-26,9143.58203125,0.64,0.17,0.47,0.5,0.08,34.73,2.92,97.80505720762729,11.752632674150597,128.20517,0.0844944800647353,17064.0,84.5619,256.032,1737.800048828125,35.439998626708984
2020-07-03,9073.9423828125,0.68,0.16,0.52,0.54,0.09,27.68,2.87,97.25530795839126,12.236065432504926,127.127157,0.0878349955026821,17931.9,85.9604,255.802,1773.199951171875,39.81999969482422
2020-07-10,9276.5,0.65,0.16,0.49,0.52,0.09,27.29,2.74,96.84585634043626,12.451192872074886,127.127157,0.0893792596937622,17931.9,85.9604,255.802,1773.199951171875,39.81999969482422
2020-07-17,9185.8173828125,0.64,0.14,0.5,0.53,0.09,25.68,2.68,96.66174105681758,12.606351711357808,127.127157,0.0904930471302378,17931.9,85.9604,255.802,1773.199951171875,39.81999969482422
2020-07-24,9905.1669921875,0.59,0.14,0.45,0.48,0.09,25.84,2.58,95.85752484882076,12.57077694002588,127.127157,0.0902376782866185,17931.9,85.9604,255.802,1773.199951171875,39.81999969482422
2020-07-31,11053.6142578125,0.55,0.11,0.44,0.46,0.1,24.46,2.6,95.10718812443912,12.787703447148576,127.127157,0.0917948568488481,17931.9,85.9604,255.802,1773.199951171875,39.81999969482422
2020-08-07,11675.7392578125,0.57,0.13,0.44,0.47,0.1,22.21,2.57,95.44450290363828,13.03786941160151,126.296134,0.0934665797938589,18180.0,91.5934,257.042,1966.0,41.0099983215332
2020-08-14,11892.8037109375,0.71,0.14,0.57,0.61,0.1,22.05,2.61,94.88915473215908,13.121785924698106,126.296134,0.0940681650084175,18180.0,91.5934,257.042,1966.0,41.0099983215332
2020-08-21,11664.84765625,0.64,0.16,0.48,0.54,0.09,22.54,2.64,94.984660985495,13.21636118653518,126.296134,0.0947461612344845,18180.0,91.5934,257.042,1966.0,41.0099983215332
2020-08-28,11711.505859375,0.74,0.14,0.6,0.64,0.09,22.96,2.71,94.07601270609352,13.647614046597932,126.296134,0.097837749943029,18180.0,91.5934,257.042,1966.0,41.0099983215332
2020-09-04,10280.3515625,0.72,0.14,0.58,0.61,0.09,30.75,2.68,94.15496562410186,13.264692980652368,125.689656,0.0949843673168475,18331.4,95.0256,258.352,1968.199951171875,42.7599983215332
2020-09-11,10323.755859375,0.67,0.13,0.54,0.56,0.09,26.87,2.69,94.19707925662637,12.931852552730868,125.689656,0.0926009998684109,18331.4,95.0256,258.352,1968.199951171875,42.7599983215332
2020-09-18,10938.271484375,0.7,0.14,0.56,0.6,0.09,25.83,2.66,93.50971012152992,12.848632759580438,125.689656,0.0920050886466313,18331.4,95.0256,258.352,1968.199951171875,42.7599983215332
2020-09-25,10775.26953125,0.66,0.12,0.54,0.56,0.09,26.38,2.74,95.64249377716388,12.76730956577654,125.689656,0.0914227583866761,18331.4,95.0256,258.352,1968.199951171875,42.7599983215332
2020-10-02,10669.5830078125,0.7,0.13,0.57,0.61,0.09,27.63,2.76,94.72086248966234,12.91250798976924,123.893625,0.0923736334091361,18413.3,95.9549,259.316,1908.4000244140625,38.720001220703125
2020-10-09,11384.181640625,0.79,0.16,0.63,0.69,0.09,25.0,2.67,93.53908417735626,13.408890668443618,123.893625,0.0959246609575288,18413.3,95.9549,259.316,1908.4000244140625,38.720001220703125
2020-10-16,11483.359375,0.76,0.14,0.62,0.65,0.09,27.41,2.64,93.9384739640337,13.43461282216967,123.893625,0.0961086723672926,18413.3,95.9549,259.316,1908.4000244140625,38.720001220703125
2020-10-23,13031.173828125,0.85,0.18,0.67,0.75,0.09,27.55,2.6,93.32559483791124,13.363579156620206,123.893625,0.0956005109948953,18413.3,95.9549,259.316,1908.4000244140625,38.720001220703125
2020-10-30,13737.109375,0.88,0.14,0.74,0.79,0.09,38.02,2.61,94.2366774313315,12.609942930391878,123.893625,0.0902091403532958,18413.3,95.9549,259.316,1908.4000244140625,38.720001220703125
2020-11-06,15479.5673828125,0.83,0.16,0.67,0.73,0.09,24.86,2.51,92.49736006492935,13.498001674658743,122.224359,0.0964950028002973,18605.0,95.9669,259.997,1890.4000244140625,36.810001373291016
2020-11-13,15955.587890625,0.89,0.17,0.72,0.8,0.09,23.1,2.44,92.6984344028787,13.789197192058946,122.224359,0.098576711852069,18605.0,95.9669,259.997,1890.4000244140625,36.810001373291016
2020-11-20,18370.001953125,0.83,0.16,0.67,0.76,0.08,23.7,2.35,92.089287891585,13.683004184904055,122.224359,0.0978175554399001,18605.0,95.9669,259.997,1890.4000244140625,36.810001373291016
2020-11-27,18177.484375,0.84,0.16,0.68,0.75,0.08,20.84,2.32,91.84041985506737,13.99381568885891,122.224359,0.100039495966163,18605.0,95.9669,259.997,1890.4000244140625,36.810001373291016
2020-12-04,19345.12109375,0.97,0.16,0.81,0.88,0.09,20.79,2.23,90.7007551752858,14.209950549854216,120.366071,0.1015406683377115,18759.9,96.7394,260.319,1814.0999755859375,44.54999923706055
2020-12-11,19142.3828125,0.9,0.11,0.79,0.82,0.09,23.31,2.23,90.99603746576106,14.072964174483998,120.366071,0.1005617987730743,18759.9,96.7394,260.319,1814.0999755859375,44.54999923706055
2020-12-18,23477.294921875,0.95,0.13,0.82,0.87,0.09,21.57,2.24,90.5622427076185,14.249478186799177,120.366071,0.1018231227107313,18759.9,96.7394,260.319,1814.0999755859375,44.54999923706055
2020-12-25,26272.294921875,0.94,0.13,0.81,0.85,0.09,21.53,2.23,90.8653959467544,14.225085601103835,120.366071,0.1016488195387885,18759.9,96.7394,260.319,1814.0999755859375,44.54999923706055
2021-01-01,32782.0234375,0.93,0.13,0.8,0.84,0.09,22.75,2.18,90.32676339820404,14.395982033564604,134.316733,0.1028527200479918,19002.4,97.0816,260.911,1944.699951171875,47.619998931884766
2021-01-08,38356.44140625,1.13,0.14,0.99,1.05,0.09,21.56,2.19,90.30063509440272,14.658944742232505,134.316733,0.1047314685623079,19002.4,97.0816,260.911,1944.699951171875,47.619998931884766
2021-01-15,35791.27734375,1.11,0.13,0.98,1.02,0.09,24.34,2.13,90.48393894001512,14.442664356811326,134.316733,0.1031862439377056,19002.4,97.0816,260.911,1944.699951171875,47.619998931884766
2021-01-22,32289.37890625,1.1,0.13,0.97,1.02,0.08,21.91,2.14,90.51720789827148,14.72329633746038,134.316733,0.1051912313345302,19002.4,97.0816,260.911,1944.699951171875,47.619998931884766
2021-01-29,33114.359375,1.11,0.11,1.0,1.05,0.07,33.09,2.17,90.84137738176932,14.235658865415314,134.316733,0.1017072841970425,19002.4,97.0816,260.911,1944.699951171875,47.619998931884766
2021-02-05,38903.44140625,1.19,0.09,1.1,1.16,0.08,20.87,2.18,91.07409780196254,14.83268170781736,147.967208,0.1058760853927525,19119.4,98.363,262.045,1860.800048828125,53.54999923706055
2021-02-12,48717.2890625,1.2,0.11,1.09,1.16,0.08,19.97,2.19,90.46633073527946,15.0158563533935,147.967208,0.107183590994156,19119.4,98.363,262.045,1860.800048828125,53.54999923706055
2021-02-19,57539.9453125,1.34,0.11,1.23,1.3,0.07,22.05,2.14,90.6423316388356,14.908546092989752,147.967208,0.1064176074371814,19119.4,98.363,262.045,1860.800048828125,53.54999923706055
2021-02-26,45137.76953125,1.44,0.14,1.3,1.4,0.07,27.95,2.12,91.55503710826838,14.54387567915339,147.967208,0.1038145801063111,19119.4,98.363,262.045,1860.800048828125,53.54999923706055
2021-03-05,51206.69140625,1.56,0.14,1.42,1.52,0.07,24.66,2.13,92.30001834180877,14.625542723493169,161.207107,0.1042265266560909,19375.3,98.8822,262.687,1722.5,60.63999938964844
2021-03-12,59302.31640625,1.64,0.14,1.5,1.6,0.07,20.69,2.19,91.71432238889572,15.011554008727591,161.207107,0.1069773726431879,19375.3,98.8822,262.687,1722.5,60.63999938964844
2021-03-19,57523.421875,1.74,0.16,1.58,1.73,0.07,20.95,2.1,91.67269561917496,14.896436053768362,161.207107,0.1061570034556651,19375.3,98.8822,262.687,1722.5,60.63999938964844
2021-03-26,55950.74609375,1.67,0.14,1.53,1.65,0.07,18.86,2.09,92.2934456939581,15.130326354416091,161.207107,0.1078237842456801,19375.3,98.8822,262.687,1722.5,60.63999938964844
2021-04-02,58758.5546875,1.72,0.19,1.53,1.7,0.07,17.33,1.98,92.2860616081012,15.251101632480204,172.597924,0.1084268048604679,19641.4,95.6149,263.579,1726.5,61.45000076293945
2021-04-09,60204.96484375,1.67,0.16,1.51,1.65,0.07,16.69,1.96,91.85705433419554,15.664373127933182,172.597924,0.1113649341098621,19641.4,95.6149,263.579,1726.5,61.45000076293945
2021-04-16,56216.18359375,1.59,0.16,1.43,1.57,0.07,16.25,1.97,91.271682956485,15.879376637910266,172.597924,0.1128934888452757,19641.4,95.6149,263.579,1726.5,61.45000076293945
2021-04-23,49004.25390625,1.58,0.16,1.42,1.55,0.07,17.33,1.99,90.95319353903092,15.859267702946743,172.597924,0.1127505255617186,19641.4,95.6149,263.579,1726.5,61.45000076293945
2021-04-30,56631.078125,1.65,0.16,1.49,1.64,0.05,18.61,1.96,90.94913634899966,15.86306163190163,172.597924,0.1127774982751893,19641.4,95.6149,263.579,1726.5,61.45000076293945
2021-05-07,58232.31640625,1.6,0.14,1.46,1.58,0.06,16.69,1.97,90.08982350037832,15.974426793589434,183.82911,0.1132276711003354,19874.5,98.3856,264.961,1791.4000244140625,64.48999786376953
2021-05-14,46456.05859375,1.63,0.16,1.47,1.62,0.06,18.81,2.03,90.1794062562686,15.75269604830994,183.82911,0.1116560306137163,19874.5,98.3856,264.961,1791.4000244140625,64.48999786376953
2021-05-21,34770.58203125,1.63,0.17,1.46,1.62,0.06,20.15,2.01,90.11635752318276,15.684798378935955,183.82911,0.1111747679633756,19874.5,98.3856,264.961,1791.4000244140625,64.48999786376953
2021-05-28,35678.12890625,1.58,0.14,1.44,1.57,0.05,16.76,1.99,89.87292612130703,15.86690065059103,183.82911,0.1124655195119607,19874.5,98.3856,264.961,1791.4000244140625,64.48999786376953
2021-06-04,35862.37890625,1.56,0.14,1.42,1.54,0.06,16.42,1.98,89.86846321227264,15.865221393920612,194.624833,0.1120468467741979,20174.1,98.5587,266.614,1902.9000244140625,67.72000122070312
2021-06-11,39097.859375,1.47,0.16,1.31,1.44,0.06,15.65,1.97,90.14532586000598,15.931046161890412,194.624833,0.1125117288900873,20174.1,98.5587,266.614,1902.9000244140625,67.72000122070312
2021-06-18,35698.296875,1.45,0.26,1.19,1.4,0.1,20.7,1.85,91.72560137718264,15.62727461915916,194.624833,0.1103663668647068,20174.1,98.5587,266.614,1902.9000244140625,67.72000122070312
2021-06-25,34649.64453125,1.54,0.28,1.26,1.48,0.1,15.62,1.9,90.85306208905938,16.05579675228045,194.624833,0.113392769875231,20174.1,98.5587,266.614,1902.9000244140625,67.72000122070312
2021-07-02,35287.78125,1.44,0.24,1.2,1.39,0.1,15.07,1.87,91.32126181866704,16.216898401724404,200.472406,0.114054841077658,20457.2,99.4333,268.383,1775.9000244140625,75.2300033569336
2021-07-09,34240.1875,1.37,0.23,1.14,1.31,0.1,16.18,1.91,91.56063603051152,16.281023033081457,200.472406,0.1145058351245724,20457.2,99.4333,268.383,1775.9000244140625,75.2300033569336
2021-07-16,31796.810546875,1.31,0.25,1.06,1.26,0.1,18.45,1.93,91.72722425319516,16.123078422441065,200.472406,0.1133949970950422,20457.2,99.4333,268.383,1775.9000244140625,75.2300033569336
2021-07-23,35350.1875,1.3,0.22,1.08,1.25,0.1,17.2,1.93,92.04936514167736,16.438410924173663,200.472406,0.1156127576976435,20457.2,99.4333,268.383,1775.9000244140625,75.2300033569336
2021-07-30,39974.89453125,1.24,0.19,1.05,1.18,0.07,18.24,1.95,91.42585617767298,16.376818820957364,200.472406,0.115179575138935,20457.2,99.4333,268.383,1775.9000244140625,75.2300033569336
2021-08-06,43798.1171875,1.31,0.21,1.1,1.25,0.1,16.15,1.94,91.94306676285832,16.391850922326107,206.824464,0.1147787793888998,20472.1,99.7987,270.654,1818.0999755859375,71.26000213623047
2021-08-13,47047.00390625,1.29,0.23,1.06,1.23,0.1,15.45,1.98,91.74239814391206,16.5081617120013,206.824464,0.1155932091035146,20472.1,99.7987,270.654,1818.0999755859375,71.26000213623047
2021-08-20,49321.65234375,1.26,0.23,1.03,1.21,0.09,18.56,1.96,92.91038201011185,16.410878545578488,206.824464,0.1149120143348452,20472.1,99.7987,270.654,1818.0999755859375,71.26000213623047
2021-08-27,48829.83203125,1.31,0.22,1.09,1.26,0.08,16.39,1.92,91.96870820385588,16.661014125738028,206.824464,0.1166635100450302,20472.1,99.7987,270.654,1818.0999755859375,71.26000213623047
2021-09-03,51753.41015625,1.33,0.21,1.12,1.28,0.08,16.41,1.91,91.32540015249891,16.68032414420308,213.011294,0.1162528660161106,20629.1,100.2519,271.903,1813.0999755859375,68.58999633789062
2021-09-10,46063.26953125,1.35,0.23,1.12,1.3,0.08,20.95,1.88,91.64583702116802,16.39768622679779,213.011294,0.1142830321172527,20629.1,100.2519,271.903,1813.0999755859375,68.58999633789062
2021-09-17,47260.21875,1.37,0.23,1.14,1.33,0.08,20.81,1.83,92.17846492847214,16.3035723562263,213.011294,0.1136271091812703,20629.1,100.2519,271.903,1813.0999755859375,68.58999633789062
2021-09-24,43208.5390625,1.47,0.29,1.18,1.44,0.08,17.75,1.8,92.30894415987753,16.386284742973597,213.011294,0.1142035699221575,20629.1,100.2519,271.903,1813.0999755859375,68.58999633789062
2021-10-01,48199.953125,1.48,0.27,1.21,1.44,0.08,21.15,1.85,92.81211686755468,15.97881749425142,220.263711,0.11081459563907,20843.2,100.0437,272.676,1757.0,75.87999725341797
2021-10-08,54771.578125,1.61,0.32,1.29,1.56,0.08,18.77,1.84,92.98965950332271,16.10460709321686,220.263711,0.1116869582873054,20843.2,100.0437,272.676,1757.0,75.87999725341797
2021-10-15,61553.6171875,1.59,0.41,1.18,1.54,0.08,16.3,1.76,92.57736785234584,16.39810660706296,220.263711,0.1137224049002241,20843.2,100.0437,272.676,1757.0,75.87999725341797
2021-10-22,60930.8359375,1.66,0.48,1.18,1.6,0.08,15.43,1.72,92.23615817071668,16.667766515365305,220.263711,0.1155925216162666,20843.2,100.0437,272.676,1757.0,75.87999725341797
2021-10-29,61318.95703125,1.55,0.48,1.07,1.5,0.07,16.26,1.69,92.61339569982346,16.889568142456614,220.263711,0.1171307366704816,20843.2,100.0437,272.676,1757.0,75.87999725341797
2021-11-05,63326.98828125,1.45,0.39,1.06,1.4,0.08,16.48,1.73,92.56332997483769,17.14990246853437,228.15027,0.1183049222342052,20984.5,98.8579,273.91,1795.0999755859375,84.05000305175781
2021-11-12,65466.83984375,1.58,0.53,1.05,1.53,0.08,16.29,1.69,92.92133642319624,17.096309363134786,228.15027,0.1179352216963613,20984.5,98.8579,273.91,1795.0999755859375,84.05000305175781
2021-11-19,58730.4765625,1.54,0.52,1.02,1.49,0.08,17.91,1.73,93.49283221099986,17.15147296899529,228.15027,0.1183157559946443,20984.5,98.8579,273.91,1795.0999755859375,84.05000305175781
2021-11-26,57248.45703125,1.48,0.5,0.98,1.42,0.08,28.62,1.82,94.54088553987552,16.774196331596144,228.15027,0.1157131940657832,20984.5,98.8579,273.91,1795.0999755859375,84.05000305175781
2021-12-03,49368.84765625,1.35,0.6,0.75,1.29,0.08,30.67,1.81,94.31968753937112,16.41088474337823,236.387483,0.1125591326485487,21163.3,100.1861,276.55,1781.5999755859375,65.56999969482422
2021-12-10,50098.3359375,1.48,0.67,0.81,1.42,0.08,18.69,1.83,93.78048698421637,17.038582605428495,236.387483,0.116864392725781,21163.3,100.1861,276.55,1781.5999755859375,65.56999969482422
2021-12-17,46707.015625,1.41,0.66,0.75,1.36,0.08,21.57,1.87,93.95721818197812,16.70815453523323,236.387483,0.1145980495294509,21163.3,100.1861,276.55,1781.5999755859375,65.56999969482422
2021-12-24,50809.515625,1.5,0.71,0.79,1.43,0.08,17.96,1.86,93.7484351829694,17.088374757051167,236.387483,0.1172059076097737,21163.3,100.1861,276.55,1781.5999755859375,65.56999969482422
2021-12-31,47345.21875,1.52,0.73,0.79,1.46,0.07,17.22,1.85,93.5450076748019,17.234424790386004,236.387483,0.1182076369700445,21163.3,100.1861,276.55,1781.5999755859375,65.56999969482422
2022-01-07,41911.6015625,1.76,0.87,0.89,1.66,0.08,18.76,1.78,93.35196657311444,16.76841586681528,234.430776,0.1143054032312816,21340.1,100.8654,278.919,1799.4000244140625,76.08000183105469
2022-01-14,43113.87890625,1.78,0.99,0.79,1.65,0.08,19.19,1.79,92.81430775017157,16.717577854704235,234.430776,0.1139588553212116,21340.1,100.8654,278.919,1799.4000244140625,76.08000183105469
2022-01-21,36276.8046875,1.75,1.01,0.74,1.58,0.08,28.85,1.84,93.00093849160962,15.76780334579663,234.430776,0.107484519338507,21340.1,100.8654,278.919,1799.4000244140625,76.08000183105469
2022-01-28,37917.6015625,1.78,1.15,0.63,1.59,0.08,27.66,1.91,94.15869823893064,15.889380421040697,234.430776,0.1083132748226166,21340.1,100.8654,278.919,1799.4000244140625,76.08000183105469
2022-02-04,42412.43359375,1.93,1.31,0.62,1.7,0.08,23.22,1.92,93.42588857548404,16.024959622411828,232.324525,0.1085843674606021,21502.0,100.5726,280.845,1800.300048828125,88.19999694824219
2022-02-11,42197.515625,1.92,1.5,0.42,1.56,0.08,27.36,2.0,93.1865955074402,15.73337654834072,232.324525,0.1066086143600483,21502.0,100.5726,280.845,1800.300048828125,88.19999694824219
2022-02-18,38431.37890625,1.92,1.47,0.45,1.57,0.08,27.75,2.13,93.1516225293707,15.48494763014296,232.324525,0.1049252717759148,21502.0,100.5726,280.845,1800.300048828125,88.19999694824219
2022-02-25,37709.78515625,1.97,1.55,0.42,1.64,0.08,27.59,2.2,93.5244782932437,15.612348100709465,232.324525,0.1057885313307969,21502.0,100.5726,280.845,1800.300048828125,88.19999694824219
2022-03-04,38419.984375,1.74,1.5,0.24,1.4,0.08,31.98,2.31,94.65448686075088,15.32110198160103,229.278987,0.1032114905397467,21646.4,100.1856,282.543,1942.4000244140625,103.41000366210938
2022-03-11,37849.6640625,2.0,1.75,0.25,1.6,0.08,30.75,2.35,94.9538263412574,14.88024852356544,229.278987,0.1002416556957455,21646.4,100.1856,282.543,1942.4000244140625,103.41000366210938
2022-03-18,41247.82421875,2.14,1.97,0.17,1.72,0.33,23.87,2.14,94.23862488254647,15.79625089698736,229.278987,0.1064123587177838,21646.4,100.1856,282.543,1942.4000244140625,103.41000366210938
2022-03-25,46820.4921875,2.48,2.3,0.18,1.93,0.33,20.81,1.96,93.95811076378504,16.079181075424803,229.278987,0.1083183342455411,21646.4,100.1856,282.543,1942.4000244140625,103.41000366210938
2022-04-01,46453.56640625,2.39,2.44,-0.05,1.86,0.33,19.63,1.81,93.7059969752424,15.978417797122145,225.836404,0.1070343395667737,21724.7,100.8064,284.5,1919.0999755859375,99.2699966430664
2022-04-08,42207.671875,2.72,2.53,0.19,2.02,0.33,21.16,1.78,94.46566523669593,15.776027364345342,225.836404,0.1056785904192705,21724.7,100.8064,284.5,1919.0999755859375,99.2699966430664
2022-04-15,39716.953125,2.83,2.47,0.36,2.04,0.33,22.7,1.93,94.69619477427226,15.43968310632689,225.836404,0.1034255271947899,21724.7,100.8064,284.5,1919.0999755859375,99.2699966430664
2022-04-22,39469.29296875,2.9,2.72,0.18,2.07,0.33,28.21,1.96,95.76477748470612,15.015043181568542,225.836404,0.1005809993775,21724.7,100.8064,284.5,1919.0999755859375,99.2699966430664
2022-04-29,38469.09375,2.89,2.7,0.19,2.04,0.33,33.4,2.05,96.96140511252662,14.523480406963971,225.836404,0.0972881766710561,21724.7,100.8064,284.5,1919.0999755859375,99.2699966430664
2022-05-06,34059.265625,3.12,2.72,0.4,2.27,0.83,30.19,2.09,97.257093122005,14.33337682150629,221.227961,0.0954925235201733,21787.2,101.3907,287.674,1861.800048828125,105.16999816894533
2022-05-13,31305.11328125,2.93,2.61,0.32,1.9,0.83,28.87,2.24,98.05757671517306,13.98767317372486,221.227961,0.0931893597836807,21787.2,101.3907,287.674,1861.800048828125,105.16999816894533
2022-05-20,30323.72265625,2.78,2.6,0.18,1.75,0.83,29.43,2.36,96.8594884989413,13.561740398582684,221.227961,0.090351689634156,21787.2,101.3907,287.674,1861.800048828125,105.16999816894533
2022-05-27,29445.95703125,2.74,2.47,0.27,1.66,0.83,25.72,2.26,95.97964626876175,14.45469606003671,221.227961,0.0963007824798787,21787.2,101.3907,287.674,1861.800048828125,105.16999816894533
2022-06-03,29906.662109375,2.96,2.66,0.3,1.75,0.83,24.79,2.09,95.92438734053596,14.238029529501562,216.113338,0.0943674080818707,21767.6,101.44,288.561,1843.300048828125,115.26000213623048
2022-06-10,26762.6484375,3.15,3.06,0.09,1.76,0.83,27.75,2.04,97.37101901808283,13.518320588790154,216.113338,0.0895972910395118,21767.6,101.44,288.561,1843.300048828125,115.26000213623048
2022-06-17,20553.271484375,3.25,3.17,0.08,1.62,1.58,31.13,2.13,98.3762284202284,12.73505459119779,216.113338,0.0844059278752271,21767.6,101.44,288.561,1843.300048828125,115.26000213623048
2022-06-24,21027.294921875,3.13,3.04,0.09,1.4,1.58,27.23,2.22,97.76635161472905,13.556024515559535,216.113338,0.0898471867035406,21767.6,101.44,288.561,1843.300048828125,115.26000213623048
2022-07-01,19297.076171875,2.88,2.84,0.04,1.15,1.58,26.7,2.42,98.59442410010968,13.13201627929131,214.253958,0.0866135448056232,21717.4,101.3335,291.298,1798.9000244140625,108.43000030517578
2022-07-08,20860.44921875,3.09,3.12,-0.03,1.11,1.58,24.64,2.31,99.37372916131454,13.386222640775085,214.253958,0.0882901886363936,21717.4,101.3335,291.298,1798.9000244140625,108.43000030517578
2022-07-15,20779.34375,2.93,3.13,-0.2,0.56,1.58,24.23,2.3,100.1935249790314,13.261882718416793,214.253958,0.08747009207184,21717.4,101.3335,291.298,1798.9000244140625,108.43000030517578
2022-07-22,22609.1640625,2.77,2.98,-0.21,0.28,1.58,23.03,2.28,99.3613953036195,13.599921327343475,214.253958,0.0896996599902467,21717.4,101.3335,291.298,1798.9000244140625,108.43000030517578
2022-07-29,23336.896484375,2.67,2.89,-0.22,0.26,2.32,21.33,2.36,98.80702085774782,14.178916570187576,214.253958,0.0935184818178896,21717.4,101.3335,291.298,1798.9000244140625,108.43000030517578
2022-08-05,23175.890625,2.83,3.24,-0.41,0.25,2.33,21.15,2.29,99.25590836280668,14.053539808874683,212.444337,0.0922498013251321,21646.7,101.018,294.957,1769.0,93.88999938964844
2022-08-12,24319.333984375,2.84,3.25,-0.41,0.21,2.33,19.53,2.27,98.19860464065974,14.511097896790888,212.444337,0.0952532896475776,21646.7,101.018,294.957,1769.0,93.88999938964844
2022-08-19,21534.12109375,2.98,3.25,-0.27,0.24,2.33,20.6,2.25,99.84752781316534,14.335920084855587,212.444337,0.0941033929975252,21646.7,101.018,294.957,1769.0,93.88999938964844
2022-08-26,19616.814453125,3.04,3.37,-0.33,0.15,2.33,25.56,2.19,99.86010510226228,13.7567845893109,212.444337,0.0903018501029306,21646.7,101.018,294.957,1769.0,93.88999938964844
2022-09-02,19986.712890625,3.2,3.4,-0.2,0.26,2.33,25.47,2.24,100.43517121729336,13.306500594296027,210.106864,0.0869338123325605,21649.2,101.223,294.913,1696.5999755859375,86.61000061035156
2022-09-09,21769.255859375,3.33,3.56,-0.23,0.25,2.33,22.79,2.2,100.4458010551753,13.791728772288351,210.106864,0.0901038971392404,21649.2,101.223,294.913,1696.5999755859375,86.61000061035156
2022-09-16,19419.505859375,3.45,3.85,-0.4,0.25,2.33,26.3,2.18,101.33189135800296,13.133805827905178,210.106864,0.0858055657055943,21649.2,101.223,294.913,1696.5999755859375,86.61000061035156
2022-09-23,18802.09765625,3.69,4.2,-0.51,0.45,3.08,29.92,2.09,103.28413005724576,12.523116920816475,210.106864,0.0818158229128737,21649.2,101.223,294.913,1696.5999755859375,86.61000061035156
2022-09-30,19044.107421875,3.83,4.22,-0.39,0.5,3.08,31.62,2.24,103.47035507968069,12.158230112567097,210.106864,0.0794319503773269,21649.2,101.223,294.913,1696.5999755859375,86.61000061035156
2022-10-07,19446.42578125,3.89,4.3,-0.41,0.44,3.08,31.36,2.17,103.30506515780706,12.33377469818187,203.863476,0.0802050155705935,21641.9,101.0963,295.097,1692.9000244140625,83.62999725341797
2022-10-14,19268.09375,4.0,4.48,-0.48,0.19,3.08,32.02,2.28,104.13386793739332,12.142007774932903,203.863476,0.0789579789219205,21641.9,101.0963,295.097,1692.9000244140625,83.62999725341797
2022-10-21,19567.0078125,4.21,4.49,-0.28,0.12,3.08,29.69,2.36,103.59913029127296,12.717004917027284,203.863476,0.0826971144147656,21641.9,101.0963,295.097,1692.9000244140625,83.62999725341797
2022-10-28,20635.603515625,4.02,4.41,-0.39,-0.16,3.08,25.75,2.3,103.22586880839684,13.219585623011248,203.863476,0.0859653347556857,21641.9,101.0963,295.097,1692.9000244140625,83.62999725341797
2022-11-04,20926.486328125,4.17,4.66,-0.49,-0.04,3.83,24.55,2.22,103.17174589337978,12.723343250114308,198.669603,0.0823842681152146,21541.3,101.2918,296.349,1645.0,88.37000274658203
2022-11-11,16353.365234375,3.82,4.34,-0.52,-0.46,3.83,22.52,2.36,101.1898897069088,13.473741877450658,198.669603,0.0872431358273005,21541.3,101.2918,296.349,1645.0,88.37000274658203
2022-11-18,16291.83203125,3.82,4.51,-0.69,-0.52,3.83,23.12,2.13,100.49854452558168,13.380642714807964,198.669603,0.0866403142083531,21541.3,101.2918,296.349,1645.0,88.37000274658203
2022-11-25,16444.626953125,3.68,4.42,-0.74,-0.73,3.83,20.5,2.06,100.08162767796918,13.585738832213034,198.669603,0.0879683215719474,21541.3,101.2918,296.349,1645.0,88.37000274658203
2022-12-02,17130.486328125,3.51,4.28,-0.77,-0.83,3.83,19.06,2.03,99.00371343046342,13.663101709597006,193.864798,0.0881196955511624,21464.1,101.2529,298.007,1801.0999755859375,81.22000122070312
2022-12-09,17104.193359375,3.57,4.33,-0.76,-0.74,3.83,22.83,1.9,99.33632186922632,13.20230693511394,193.864798,0.0851478158051094,21464.1,101.2529,298.007,1801.0999755859375,81.22000122070312
2022-12-16,16757.9765625,3.48,4.17,-0.69,-0.83,4.33,22.62,1.98,99.52327718586686,12.92707925458756,193.864798,0.0833727445269528,21464.1,101.2529,298.007,1801.0999755859375,81.22000122070312
2022-12-23,16841.986328125,3.75,4.31,-0.56,-0.59,4.33,20.87,2.0,98.97458280603897,12.901777704414242,193.864798,0.0832095630659908,21464.1,101.2529,298.007,1801.0999755859375,81.22000122070312
2022-12-30,16625.080078125,3.88,4.41,-0.53,-0.54,4.33,21.67,1.99,98.52934677200824,12.883925545373096,193.864798,0.0830944261920164,21464.1,101.2529,298.007,1801.0999755859375,81.22000122070312
2023-01-06,17091.14453125,3.55,4.24,-0.69,-1.12,4.33,21.13,2.07,98.2531332746799,13.036354039764246,193.225156,0.0837696987102589,21409.4,100.9552,298.786,1839.699951171875,76.93000030517578
2023-01-13,20880.798828125,3.49,4.22,-0.73,-1.18,4.33,18.35,1.95,96.69687632248832,13.38446275223948,193.225156,0.0860065942313162,21409.4,100.9552,298.786,1839.699951171875,76.93000030517578
2023-01-20,22720.416015625,3.48,4.14,-0.66,-1.24,4.33,19.85,1.98,96.84399003302188,13.29583751387908,193.225156,0.0854371014503646,21409.4,100.9552,298.786,1839.699951171875,76.93000030517578
2023-01-27,23774.56640625,3.52,4.19,-0.67,-1.21,4.33,18.51,1.88,96.49807401095649,13.62366395545223,193.225156,0.0875436660738838,21409.4,100.9552,298.786,1839.699951171875,76.93000030517578
2023-02-03,22955.666015625,3.53,4.3,-0.77,-1.17,4.58,18.33,1.83,96.9745504082279,13.842158739588632,193.045637,0.0886272195203758,21293.1,99.7664,298.832,1927.800048828125,76.41000366210938
2023-02-10,21788.203125,3.74,4.5,-0.76,-1.05,4.58,20.53,1.85,97.48770380338196,13.688159102564317,193.045637,0.0876412057133258,21293.1,99.7664,298.832,1927.800048828125,76.41000366210938
2023-02-17,24327.642578125,3.82,4.6,-0.78,-1.02,4.58,20.02,1.89,97.82096139254983,13.65011139332677,193.045637,0.0873975975635941,21293.1,99.7664,298.832,1927.800048828125,76.41000366210938
2023-02-24,23561.212890625,3.95,4.78,-0.83,-0.91,4.58,21.67,1.86,98.64497668789922,13.285190471778458,193.045637,0.0850611175946755,21293.1,99.7664,298.832,1927.800048828125,76.41000366210938
2023-03-03,22435.513671875,3.97,4.86,-0.89,-0.94,4.57,18.49,1.79,98.00077605473538,13.466613050323296,193.298774,0.0859119358987153,21274.0,100.505,300.42,1837.699951171875,77.69000244140625
2023-03-10,22163.94921875,3.7,4.6,-0.9,-1.31,4.57,24.8,1.96,98.3804478978609,12.853971399675869,193.298774,0.0820035121530697,21274.0,100.505,300.42,1837.699951171875,77.69000244140625
2023-03-17,28038.67578125,3.39,3.81,-0.42,-1.13,4.58,25.51,2.21,98.64189322347544,13.037214208701569,193.298774,0.0831725324853602,21274.0,100.505,300.42,1837.699951171875,77.69000244140625
2023-03-24,27994.330078125,3.38,3.76,-0.38,-1.36,4.83,21.74,2.24,97.7456599455696,13.218127921690884,193.298774,0.0843266940592804,21274.0,100.505,300.42,1837.699951171875,77.69000244140625
2023-03-31,28199.30859375,3.48,4.06,-0.58,-1.37,4.83,18.7,2.11,96.8534027138944,13.678550224997505,193.298774,0.0872640155119873,21274.0,100.505,300.42,1837.699951171875,77.69000244140625
2023-04-07,28333.05078125,3.39,3.97,-0.58,-1.56,4.83,18.4,2.11,96.84893980486002,13.617581753296568,194.46311,0.0865630015596397,21240.2,100.6416,301.45,1983.9000244140625,80.41999816894531
2023-04-14,30315.35546875,3.52,4.08,-0.56,-1.62,4.83,17.07,2.05,96.4448436777463,13.72579245884475,194.46311,0.087250865502213,21240.2,100.6416,301.45,1983.9000244140625,80.41999816894531
2023-04-21,27591.384765625,3.57,4.17,-0.6,-1.57,4.83,16.77,2.04,96.81404797059116,13.712124795260408,194.46311,0.087163984145038,21240.2,100.6416,301.45,1983.9000244140625,80.41999816894531
2023-04-28,29268.806640625,3.44,4.04,-0.6,-1.66,4.83,15.78,2.08,96.74353400784784,13.83141476353873,194.46311,0.0879222757343377,21240.2,100.6416,301.45,1983.9000244140625,80.41999816894531
2023-05-05,28454.978515625,3.44,3.92,-0.48,-1.82,5.08,17.19,2.2,96.19987054365868,13.704314809108707,196.106547,0.0868049140885973,20942.3,101.0205,301.821,1983.4000244140625,75.66000366210938
2023-05-12,26930.638671875,3.46,3.98,-0.52,-1.79,5.08,17.03,2.21,96.85900163613756,13.663993155297344,196.106547,0.0865495114841067,20942.3,101.0205,301.821,1983.4000244140625,75.66000366210938
2023-05-19,26753.826171875,3.7,4.28,-0.58,-1.59,5.08,16.81,2.18,97.19006834268856,13.888960610655818,196.106547,0.0879744846335956,20942.3,101.0205,301.821,1983.4000244140625,75.66000366210938
2023-05-26,28085.646484375,3.8,4.54,-0.74,-1.54,5.08,17.95,2.1,97.88409126943628,13.93359042383565,196.106547,0.0882571756803811,20942.3,101.0205,301.821,1983.4000244140625,75.66000366210938
2023-06-02,27119.06640625,3.69,4.5,-0.81,-1.81,5.08,14.6,2.11,97.37653679652536,14.140468283073847,197.600462,0.0892490530284423,20758.3,101.253,302.845,1978.0,70.0999984741211
2023-06-09,25940.16796875,3.75,4.59,-0.84,-1.62,5.08,13.83,2.05,96.9118262503446,14.194917741026762,197.600462,0.0895927165099429,20758.3,101.253,302.845,1978.0,70.0999984741211
2023-06-16,26336.212890625,3.77,4.7,-0.93,-1.57,5.08,13.54,1.96,96.08919039960584,14.560550260859516,197.600462,0.0919004446203716,20758.3,101.253,302.845,1978.0,70.0999984741211
2023-06-23,30480.26171875,3.74,4.71,-0.97,-1.67,5.07,13.44,1.96,96.68446132099264,14.358269339513612,197.600462,0.0906237273070241,20758.3,101.253,302.845,1978.0,70.0999984741211
2023-06-30,30620.76953125,3.81,4.87,-1.06,-1.62,5.08,13.59,1.88,96.85372728909692,14.695239752389837,197.600462,0.0927505515143811,20758.3,101.253,302.845,1978.0,70.0999984741211
2023-07-07,30171.234375,4.06,4.94,-0.88,-1.4,5.08,14.83,1.81,96.62287317631808,14.502001738389035,198.400997,0.0912053394756502,20829.6,100.9286,303.334,1921.699951171875,69.79000091552734
2023-07-14,30249.1328125,3.83,4.74,-0.91,-1.66,5.08,13.34,1.87,94.97581631122684,14.853000065521831,198.400997,0.0934128224258686,20829.6,100.9286,303.334,1921.699951171875,69.79000091552734
2023-07-21,30084.5390625,3.84,4.82,-0.98,-1.66,5.08,13.6,1.85,95.70245904582592,14.9549336498711,198.400997,0.0940538985567543,20829.6,100.9286,303.334,1921.699951171875,69.79000091552734
2023-07-28,29275.30859375,3.96,4.87,-0.91,-1.56,5.33,13.33,1.8,95.5776598804643,15.106219482381633,198.400997,0.0950053586352243,20829.6,100.9286,303.334,1921.699951171875,69.79000091552734
2023-08-04,29041.85546875,4.05,4.78,-0.73,-1.49,5.33,17.1,1.9,96.41587534092308,14.72968279472738,198.709942,0.0923126535056194,20798.9,100.1196,304.014,1940.699951171875,81.37000274658203
2023-08-11,29282.9140625,4.16,4.89,-0.73,-1.38,5.33,14.84,1.87,97.06973208636131,14.683698134584262,198.709942,0.0920244622351404,20798.9,100.1196,304.014,1940.699951171875,81.37000274658203
2023-08-18,26189.583984375,4.26,4.92,-0.66,-1.29,5.33,17.3,1.89,97.72318311279642,14.373383991978988,198.709942,0.0900796870269147,20798.9,100.1196,304.014,1940.699951171875,81.37000274658203
2023-08-25,26089.693359375,4.25,5.03,-0.78,-1.36,5.33,15.68,1.76,97.78939645410662,14.4917995912606,198.709942,0.0908218115070194,20798.9,100.1196,304.014,1940.699951171875,81.37000274658203
2023-09-01,25969.56640625,4.18,4.87,-0.69,-1.35,5.33,13.09,1.82,97.98844219704034,14.82480826085654,199.386068,0.0925899705951401,20792.2,100.9067,304.609,1939.800048828125,85.55000305175781
2023-09-08,25832.2265625,4.26,4.98,-0.72,-1.29,5.33,13.84,1.79,98.9528362674714,14.633481723701532,199.386068,0.0913950196630578,20792.2,100.9067,304.609,1939.800048828125,85.55000305175781
2023-09-15,26534.1875,4.33,5.02,-0.69,-1.23,5.33,13.79,1.78,98.34547491979144,14.609942005058125,199.386068,0.0912479997611029,20792.2,100.9067,304.609,1939.800048828125,85.55000305175781
2023-09-22,26256.826171875,4.44,5.1,-0.66,-1.12,5.33,17.2,1.73,98.61454776266474,14.182312599410228,199.386068,0.0885771932725563,20792.2,100.9067,304.609,1939.800048828125,85.55000305175781
2023-09-29,27983.75,4.59,5.03,-0.44,-0.96,5.33,17.52,1.78,99.24511623732351,14.077226229978432,199.386068,0.0879208647936692,20792.2,100.9067,304.609,1939.800048828125,85.55000305175781
2023-10-06,27935.08984375,4.78,5.08,-0.3,-0.85,5.33,17.45,1.84,100.09599013067984,14.076293280885515,202.414331,0.0876179567999785,20782.0,100.8393,306.082,1830.0,88.81999969482422
2023-10-13,27159.65234375,4.63,5.04,-0.41,-0.99,5.33,19.32,1.82,100.29000495797482,14.139282235336449,202.414331,0.0880100318569434,20782.0,100.8393,306.082,1830.0,88.81999969482422
2023-10-20,29993.896484375,4.93,5.07,-0.14,-0.65,5.33,21.71,1.88,100.3034748288786,13.800746715749376,202.414331,0.0859028158492522,20782.0,100.8393,306.082,1830.0,88.81999969482422
2023-10-27,34538.48046875,4.84,4.99,-0.15,-0.75,5.33,21.27,1.88,100.30996633292862,13.451853154342627,202.414331,0.0837311261592798,20782.0,100.8393,306.082,1830.0,88.81999969482422
2023-11-03,35049.35546875,4.57,4.83,-0.26,-0.96,5.33,14.91,1.86,98.79777046447654,14.183795167048515,205.780801,0.0879901784521136,20753.6,101.0211,307.276,1978.800048828125,80.44000244140625
2023-11-10,37054.51953125,4.61,5.04,-0.43,-0.92,5.33,14.17,1.8,99.0993819714006,14.368971980808784,205.780801,0.0891389359388132,20753.6,101.0211,307.276,1978.800048828125,80.44000244140625
2023-11-17,37386.546875,4.44,4.88,-0.44,-1.06,5.33,13.8,1.78,98.06041674819494,14.690441230461376,205.780801,0.0911331932099216,20753.6,101.0211,307.276,1978.800048828125,80.44000244140625
2023-11-24,37479.12109375,4.47,4.92,-0.45,-1.07,5.33,12.46,1.72,97.54336845061088,14.837930211764016,205.780801,0.0920481515572255,20753.6,101.0211,307.276,1978.800048828125,80.44000244140625
2023-12-01,39978.390625,4.22,4.56,-0.34,-1.21,5.33,12.63,1.71,97.3258219211346,14.932367930725457,208.946104,0.0923220365084916,20737.5,100.4689,307.696,2071.0,74.06999969482422
2023-12-08,43779.69921875,4.23,4.71,-0.48,-1.21,5.33,12.35,1.61,97.98982164165098,14.964023312579624,208.946104,0.0925177515707502,20737.5,100.4689,307.696,2071.0,74.06999969482422
2023-12-15,41364.6640625,3.91,4.44,-0.53,-1.53,5.33,12.28,1.57,97.16012628025784,15.33718326337115,208.946104,0.0948248797342342,20737.5,100.4689,307.696,2071.0,74.06999969482422
2023-12-22,43016.1171875,3.9,4.31,-0.41,-1.54,5.33,13.03,1.65,96.61183761943306,15.452361690800334,208.946104,0.0955369909701373,20737.5,100.4689,307.696,2071.0,74.06999969482422
2023-12-29,42265.1875,3.88,4.23,-0.35,-1.52,5.33,12.45,1.61,96.09113785082086,15.501761732765456,208.946104,0.0958424155684986,20737.5,100.4689,307.696,2071.0,74.06999969482422
2024-01-05,43943.09765625,4.05,4.4,-0.35,-1.42,5.33,13.35,1.65,96.87596069046825,15.243455204560794,207.439655,0.0939272490694763,20749.7,100.8639,308.148,2064.39990234375,70.37999725341797
2024-01-12,41796.26953125,3.96,4.14,-0.18,-1.49,5.33,12.7,1.64,96.9944306393811,15.524456034519126,207.439655,0.0956587223207854,20749.7,100.8639,308.148,2064.39990234375,70.37999725341797
2024-01-19,41545.78515625,4.15,4.39,-0.24,-1.3,5.33,13.3,1.59,97.89528911392256,15.706121923860447,207.439655,0.0967781127087655,20749.7,100.8639,308.148,2064.39990234375,70.37999725341797
2024-01-26,42035.59375,4.15,4.34,-0.19,-1.29,5.33,13.26,1.58,97.87346143155438,15.872146549202816,207.439655,0.097801124626138,20749.7,100.8639,308.148,2064.39990234375,70.37999725341797
2024-02-02,42583.58203125,4.03,4.36,-0.33,-1.4,5.33,13.85,1.59,98.10447783193445,16.060743028238072,205.791492,0.0986367614255741,20779.9,100.6031,308.741,2053.0,73.81999969482422
2024-02-09,48293.91796875,4.17,4.48,-0.31,-1.27,5.33,12.93,1.59,98.21564483879104,16.280992363441364,205.791492,0.0999894187149904,20779.9,100.6031,308.741,2053.0,73.81999969482422
2024-02-16,52122.546875,4.3,4.64,-0.34,-1.14,5.33,14.24,1.53,98.30612017648818,16.21284450143891,205.791492,0.0995708898589979,20779.9,100.6031,308.741,2053.0,73.81999969482422
2024-02-23,51733.23828125,4.26,4.67,-0.41,-1.2,5.33,13.75,1.49,98.2139408189779,16.482423146545162,205.791492,0.1012265022086895,20779.9,100.6031,308.741,2053.0,73.81999969482422
2024-03-01,63167.37109375,4.19,4.54,-0.35,-1.23,5.33,13.11,1.57,98.1930057184166,16.58738538229178,204.100076,0.101543577820383,20835.5,99.2223,309.698,2086.89990234375,79.97000122070312
2024-03-08,69019.7890625,4.09,4.48,-0.39,-1.37,5.33,14.74,1.59,97.35227480013842,16.54414927253728,204.100076,0.1012788978135994,20835.5,99.2223,309.698,2086.89990234375,79.97000122070312
2024-03-15,68390.625,4.31,4.72,-0.41,-1.17,5.33,14.41,1.49,97.6973793841976,16.522837873509033,204.100076,0.1011484350760545,20835.5,99.2223,309.698,2086.89990234375,79.97000122070312
2024-03-22,67234.171875,4.22,4.59,-0.37,-1.24,5.33,13.06,1.53,98.3334656372989,16.90091694418837,204.100076,0.1034629349596088,20835.5,99.2223,309.698,2086.89990234375,79.97000122070312
2024-03-29,71333.6484375,4.2,4.59,-0.39,-1.26,5.33,13.01,1.5,98.1994972224666,16.96604465529726,204.100076,0.1038616295488302,20835.5,99.2223,309.698,2086.89990234375,79.97000122070312
2024-04-05,69362.5546875,4.39,4.73,-0.34,-1.04,5.33,16.03,1.49,98.15527385112586,16.73598756057717,205.210006,0.1021305448913091,20921.7,100.285,310.967,2236.5,83.70999908447266
2024-04-12,65738.7265625,4.5,4.88,-0.38,-0.95,5.33,17.31,1.45,99.22953662760348,16.4757358698833,205.210006,0.1005423716877117,20921.7,100.285,310.967,2236.5,83.70999908447266
2024-04-19,64926.64453125,4.62,4.97,-0.35,-0.83,5.33,18.71,1.46,99.89410435472423,15.973495517108727,205.210006,0.0974774745186855,20921.7,100.285,310.967,2236.5,83.70999908447266
2024-04-26,63113.23046875,4.67,4.96,-0.29,-0.79,5.33,15.03,1.45,99.76394969852134,16.40032531084488,205.210006,0.1000821824423938,20921.7,100.285,310.967,2236.5,83.70999908447266
2024-05-03,64031.1328125,4.5,4.81,-0.31,-0.95,5.33,13.49,1.49,99.10700948865936,16.417070992212135,206.767905,0.0998671732909202,20965.9,100.4575,312.345,2299.89990234375,79.0
2024-05-10,61448.39453125,4.5,4.87,-0.37,-0.97,5.33,12.55,1.48,99.00679689488716,16.72087011407658,206.767905,0.1017152227732705,20965.9,100.4575,312.345,2299.89990234375,79.0
2024-05-17,66278.3671875,4.42,4.83,-0.41,-1.04,5.33,11.99,1.48,98.375011263219,16.978885589752515,206.767905,0.1032847643945068,20965.9,100.4575,312.345,2299.89990234375,79.0
2024-05-24,68518.09375,4.46,4.93,-0.47,-1.0,5.33,11.93,1.46,98.6848182940062,16.98352851764475,206.767905,0.1033130079273885,20965.9,100.4575,312.345,2299.89990234375,79.0
2024-05-31,67751.6015625,4.51,4.89,-0.38,-0.95,5.33,12.92,1.46,99.07495768741238,16.89641187028766,206.767905,0.1027830660563775,20965.9,100.4575,312.345,2299.89990234375,79.0
2024-06-07,69647.9921875,4.43,4.87,-0.44,-1.09,5.33,12.22,1.46,100.2523542344847,17.08178068185085,208.595818,0.103577517992619,20955.5,100.2434,313.023,2346.60009765625,74.22000122070312
2024-06-14,66639.046875,4.2,4.67,-0.47,-1.31,5.33,12.66,1.53,100.75577037356372,17.352079871626845,208.595818,0.105216511005927,20955.5,100.2434,313.023,2346.60009765625,74.22000122070312
2024-06-21,63180.796875,4.25,4.7,-0.45,-1.24,5.33,13.2,1.55,100.70643494278356,17.457567390215733,208.595818,0.1058561477954478,20955.5,100.2434,313.023,2346.60009765625,74.22000122070312
2024-06-28,62678.29296875,4.36,4.71,-0.35,-1.12,5.33,12.44,1.55,100.78895818801944,17.444341088254696,208.595818,0.1057759484558789,20955.5,100.2434,313.023,2346.60009765625,74.22000122070312
2024-07-05,55849.109375,4.28,4.6,-0.32,-1.18,5.33,12.48,1.56,100.19328154762952,17.776610334178173,209.592698,0.1074405867346857,21021.7,100.863,313.175,2327.60009765625,83.37999725341797
2024-07-12,60787.79296875,4.18,4.45,-0.27,-1.25,5.33,12.46,1.58,99.35279406075324,17.930390668655704,209.592698,0.1083700242963988,21021.7,100.863,313.175,2327.60009765625,83.37999725341797
2024-07-19,68154.5234375,4.25,4.49,-0.24,-1.18,5.33,16.52,1.57,99.9261561559712,17.57803145206354,209.592698,0.1062403898913936,21021.7,100.863,313.175,2327.60009765625,83.37999725341797
2024-07-26,68255.8671875,4.2,4.36,-0.16,-1.18,5.33,16.39,1.65,100.35216110925374,17.43146834088369,209.592698,0.1053545727213706,21021.7,100.863,313.175,2327.60009765625,83.37999725341797
2024-08-02,58116.9765625,3.8,3.88,-0.08,-1.49,5.33,23.39,1.8,100.18670889977888,17.079260610629017,210.660185,0.1028936262461914,21070.7,100.894,313.044,2435.0,76.30999755859375
2024-08-09,58719.484375,3.94,4.05,-0.11,-1.39,5.33,20.37,1.77,99.74812665739942,17.07159426869705,210.660185,0.1028474405394792,21070.7,100.894,313.044,2435.0,76.30999755859375
2024-08-16,58483.96484375,3.89,4.06,-0.17,-1.44,5.33,14.8,1.69,99.31773993888312,17.742713484366416,210.660185,0.1068905833498153,21070.7,100.894,313.044,2435.0,76.30999755859375
2024-08-23,64333.54296875,3.81,3.9,-0.09,-1.44,5.33,15.86,1.7,98.55701680802144,17.99941817534037,210.660185,0.108437095059595,21070.7,100.894,313.044,2435.0,76.30999755859375
2024-08-30,57325.48828125,3.91,3.91,0.0,-1.3,5.33,15.0,1.69,99.2601278404392,18.043469615593175,210.660185,0.1087024819830874,21070.7,100.894,313.044,2435.0,76.30999755859375
2024-09-06,54841.56640625,3.72,3.66,0.06,-1.41,5.33,22.38,1.73,99.40042547172024,17.24794199004047,211.558732,0.1035790902411486,21098.8,99.9757,313.569,2489.89990234375,70.33999633789062
2024-09-13,59182.8359375,3.66,3.57,0.09,-1.31,5.33,16.56,1.72,98.71557179444318,17.941888450488566,211.558732,0.1077464478940665,21098.8,99.9757,313.569,2489.89990234375,70.33999633789062
2024-09-20,63648.7109375,3.73,3.55,0.18,-1.02,4.83,16.15,1.67,98.51279343668068,18.18594888106764,211.558732,0.1092121043403741,21098.8,99.9757,313.569,2489.89990234375,70.33999633789062
2024-09-27,65635.3046875,3.75,3.55,0.2,-0.93,4.83,16.96,1.66,98.27414951904184,18.29954466760107,211.558732,0.1098942812766807,21098.8,99.9757,313.569,2489.89990234375,70.33999633789062
2024-10-04,62818.953125,3.98,3.93,0.05,-0.75,4.83,19.21,1.57,99.17370969277331,18.31189327017834,214.797453,0.1096212343797663,21191.9,100.4309,314.062,2667.300048828125,69.83000183105469
2024-10-11,62851.375,4.08,3.95,0.13,-0.65,4.83,20.46,1.54,99.79105172793018,18.51554720136868,214.797453,0.1108403762234846,21191.9,100.4309,314.062,2667.300048828125,69.83000183105469
2024-10-18,69001.703125,4.08,3.95,0.13,-0.65,4.83,18.03,1.53,100.55218057779496,18.67360559977011,214.797453,0.1117865676675484,21191.9,100.4309,314.062,2667.300048828125,69.83000183105469
2024-10-25,67929.296875,4.25,4.11,0.14,-0.48,4.83,20.33,1.51,101.11369567812169,18.49354623350644,214.797453,0.110708670931245,21191.9,100.4309,314.062,2667.300048828125,69.83000183105469
2024-11-01,68741.1171875,4.37,4.21,0.16,-0.24,4.83,21.88,1.46,101.27363010915404,18.202152322253536,218.397767,0.1085966452259919,21275.5,99.8084,314.732,2738.60009765625,69.48999786376953
2024-11-08,80474.1875,4.3,4.26,0.04,-0.33,4.58,14.94,1.38,101.90127740699032,19.049667777863387,218.397767,0.1136530437016758,21275.5,99.8084,314.732,2738.60009765625,69.48999786376953
2024-11-15,89845.8515625,4.43,4.31,0.12,-0.17,4.58,16.14,1.41,102.95914913574164,18.65275890976291,218.397767,0.1112850286025239,21275.5,99.8084,314.732,2738.60009765625,69.48999786376953
2024-11-22,98013.8203125,4.41,4.37,0.04,-0.22,4.58,15.24,1.43,103.43497638260808,18.96642172943965,218.397767,0.1131563858654436,21275.5,99.8084,314.732,2738.60009765625,69.48999786376953
2024-11-29,97279.7890625,4.18,4.13,0.05,-0.4,4.58,13.51,1.44,102.71166054383464,19.166719249432848,218.397767,0.1143513895294748,21275.5,99.8084,314.732,2738.60009765625,69.48999786376953
2024-12-06,101236.015625,4.15,4.1,0.05,-0.27,4.58,12.77,1.42,102.79945813611116,19.29553820610539,221.802918,0.1147071535456914,21336.7,99.4695,315.631,2634.89990234375,68.0999984741211
2024-12-13,104298.6953125,4.4,4.25,0.15,0.06,4.58,13.81,1.42,103.30384800079769,19.17140535546255,221.802918,0.1139692147638518,21336.7,99.4695,315.631,2634.89990234375,68.0999984741211
2024-12-20,95104.9375,4.52,4.3,0.22,0.18,4.33,18.36,1.43,103.77724093364536,18.79045498590522,221.802918,0.1117045599992455,21336.7,99.4695,315.631,2634.89990234375,68.0999984741211
2024-12-27,93530.2265625,4.62,4.31,0.31,0.31,4.33,15.95,1.4,104.22921190312798,18.917152763036587,221.802918,0.1124577466281992,21336.7,99.4695,315.631,2634.89990234375,68.0999984741211
2025-01-03,98314.9609375,4.6,4.28,0.32,0.26,4.33,16.13,1.44,105.04348994240232,18.773916414483867,222.639115,0.1111838921916583,21454.8,99.2925,316.528,2658.89990234375,73.12999725341797
2025-01-10,94488.4375,4.77,4.4,0.37,0.41,4.33,19.54,1.42,105.37853269518396,18.40924038019543,222.639115,0.1090241882712804,21454.8,99.2925,316.528,2658.89990234375,73.12999725341797
2025-01-17,101089.609375,4.61,4.27,0.34,0.27,4.33,15.97,1.46,105.06978053380487,18.94511751330056,222.639115,0.1121977884983044,21454.8,99.2925,316.528,2658.89990234375,73.12999725341797
2025-01-24,102682.5,4.63,4.27,0.36,0.28,4.33,14.85,1.43,103.42678085874492,19.27551507094159,222.639115,0.1141544865903875,21454.8,99.2925,316.528,2658.89990234375,73.12999725341797
2025-01-31,97688.9765625,4.58,4.22,0.36,0.27,4.33,16.43,1.45,104.25582706973306,19.083713874147783,222.639115,0.113018591281399,21454.8,99.2925,316.528,2658.89990234375,73.12999725341797
2025-02-07,96500.09375,4.49,4.29,0.2,0.14,4.33,16.54,1.45,104.21233399259796,18.973281930879335,223.923225,0.1119321440625904,21487.6,100.3273,317.604,2833.89990234375,73.16000366210938
2025-02-14,96175.03125,4.47,4.26,0.21,0.13,4.33,14.77,1.46,103.17361220079415,19.25237050796747,223.923225,0.1135786163455964,21487.6,100.3273,317.604,2833.89990234375,73.16000366210938
2025-02-21,96273.921875,4.42,4.19,0.23,0.1,4.33,18.21,1.49,103.16687726534226,18.93279015003747,223.923225,0.1116932643651793,21487.6,100.3273,317.604,2833.89990234375,73.16000366210938
2025-02-28,94248.3515625,4.24,3.99,0.25,-0.08,4.33,19.63,1.57,104.0916731610682,18.74818956940089,223.923225,0.1106042203684092,21487.6,100.3273,317.604,2833.89990234375,73.16000366210938
2025-03-07,80601.0390625,4.32,3.99,0.33,-0.02,4.33,23.37,1.61,102.22609604089315,18.090613571290845,225.68473,0.1062982420234679,21539.2,100.0647,318.961,2890.199951171875,68.37000274658203
2025-03-14,82579.6875,4.31,4.02,0.29,-0.02,4.33,21.77,1.65,101.99305104549748,17.67908910934644,225.68473,0.1038801744061393,21539.2,100.0647,318.961,2890.199951171875,68.37000274658203
2025-03-21,86054.375,4.25,3.94,0.31,-0.08,4.33,19.28,1.68,102.4585730296845,17.768818315072217,225.68473,0.1044074122905386,21539.2,100.0647,318.961,2890.199951171875,68.37000274658203
2025-03-28,82334.5234375,4.27,3.89,0.38,-0.06,4.33,21.65,1.73,102.58093788102737,17.497248696255184,225.68473,0.1028117022858185,21539.2,100.0647,318.961,2890.199951171875,68.37000274658203
2025-04-04,78214.484375,4.01,3.68,0.33,-0.27,4.33,45.31,1.94,102.08936873683965,15.87242226772794,227.005204,0.0928747713480816,21607.2,101.0993,319.679,3118.89990234375,71.19999694824219
2025-04-11,83684.9765625,4.48,3.96,0.52,0.14,4.33,37.56,1.9,100.63153921480648,16.777329331239308,227.005204,0.098169680669248,21607.2,101.0993,319.679,3118.89990234375,71.19999694824219
2025-04-18,85174.3046875,4.34,3.81,0.53,0.0,4.33,29.65,1.92,99.7959203559677,16.525014765788494,227.005204,0.0966933050298675,21607.2,101.0993,319.679,3118.89990234375,71.19999694824219
2025-04-25,93754.84375,4.29,3.74,0.55,-0.03,4.33,24.84,1.84,99.71420854873809,17.283618757996305,227.005204,0.10113214688599,21607.2,101.0993,319.679,3118.89990234375,71.19999694824219
2025-05-02,94315.9765625,4.33,3.83,0.5,0.0,4.33,22.68,1.9,99.39807230150213,17.782791318776678,228.549043,0.1036017403768908,21684.1,101.0404,319.785,3210.0,59.2400016784668
2025-05-09,104106.359375,4.37,3.88,0.49,0.03,4.33,21.9,1.89,99.41665423184529,17.699110828369058,228.549043,0.1031142216130246,21684.1,101.0404,319.785,3210.0,59.2400016784668
2025-05-16,106446.0078125,4.43,3.98,0.45,0.06,4.33,17.24,1.82,99.86667775011291,18.63245581503979,228.549043,0.1085518474197804,21684.1,101.0404,319.785,3210.0,59.2400016784668
2025-05-23,109035.390625,4.51,4.0,0.51,0.15,4.33,22.29,1.88,98.49534751954626,18.14600379698469,228.549043,0.1057177998972666,21684.1,101.0404,319.785,3210.0,59.2400016784668
2025-05-30,105652.1015625,4.41,3.89,0.52,0.05,4.33,18.57,1.84,98.80669628254532,18.486451651597942,228.549043,0.1077012337470622,21684.1,101.0404,319.785,3210.0,59.2400016784668
2025-06-06,105793.6484375,4.51,4.04,0.47,0.08,4.33,16.77,1.73,98.31464027555384,18.733444884144493,229.782589,0.1086465398771594,21770.9,101.1279,320.302,3370.60009765625,62.52000045776367
2025-06-13,105552.0234375,4.41,3.96,0.45,-0.04,4.33,20.82,1.75,97.63587238332366,18.660421148927416,229.782589,0.1082230312160825,21770.9,101.1279,320.302,3370.60009765625,62.52000045776367
2025-06-20,100987.140625,4.38,3.9,0.48,-0.01,4.33,20.62,1.76,98.2171054272023,18.63191564133224,229.782589,0.1080577105936978,21770.9,101.1279,320.302,3370.60009765625,62.52000045776367
2025-06-27,108385.5703125,4.29,3.73,0.56,-0.1,4.33,16.32,1.79,97.09586039016266,19.272654632873817,229.782589,0.1117737422593041,21770.9,101.1279,320.302,3370.60009765625,62.52000045776367
2025-07-04,109232.0703125,4.35,3.88,0.47,-0.07,4.33,17.48,1.67,96.75440727713162,19.585023072971897,233.807776,0.1130536422536335,21836.2,100.9655,320.62,3336.699951171875,65.44999694824219
2025-07-11,119116.1171875,4.43,3.9,0.53,0.02,4.33,16.4,1.72,97.30878172300328,19.523891210779116,233.807776,0.1127007613990698,21836.2,100.9655,320.62,3336.699951171875,65.44999694824219
2025-07-18,117300.7890625,4.44,3.88,0.56,0.04,4.33,16.41,1.73,97.6614326805206,19.639417500662777,233.807776,0.1133676315783253,21836.2,100.9655,320.62,3336.699951171875,65.44999694824219
2025-07-25,119448.4921875,4.4,3.91,0.49,-0.02,4.33,14.93,1.69,97.36095718680532,19.925894007606356,233.807776,0.1150213039998179,21836.2,100.9655,320.62,3336.699951171875,65.44999694824219
2025-08-01,114217.671875,4.23,3.69,0.54,-0.12,4.33,20.38,1.75,98.35618590147396,19.406753357988396,237.49712,0.1114705429729755,21942.7,101.4785,321.435,3347.699951171875,67.33000183105469
2025-08-08,119306.7578125,4.27,3.76,0.51,-0.05,4.33,15.15,1.74,97.64268846257616,19.877891938689004,237.49712,0.11417671810889,21942.7,101.4785,321.435,3347.699951171875,67.33000183105469
2025-08-15,117453.0625,4.33,3.75,0.58,0.03,4.33,15.09,1.69,97.64658336500618,20.065642523955077,237.49712,0.1152551395891367,21942.7,101.4785,321.435,3347.699951171875,67.33000183105469
2025-08-22,113458.4296875,4.26,3.68,0.58,-0.01,4.33,14.22,1.73,97.59765365322916,20.118873664193384,237.49712,0.1155608941888875,21942.7,101.4785,321.435,3347.699951171875,67.33000183105469
2025-08-29,108236.7109375,4.23,3.59,0.64,0.0,4.33,15.36,1.8,97.5415021431965,20.09818397382052,237.49712,0.1154420545778891,21942.7,101.4785,321.435,3347.699951171875,67.33000183105469
2025-09-05,111167.6171875,4.1,3.51,0.59,0.03,4.33,15.18,1.78,97.4765871026963,20.118322991970057,241.24261,0.1149589938489791,22025.5,101.894,322.169,3549.39990234375,65.58999633789062
2025-09-12,115407.65625,4.06,3.56,0.5,-0.02,4.33,14.76,1.7,97.42213961247676,20.437379260768417,241.24261,0.1167821273008532,22025.5,101.894,322.169,3549.39990234375,65.58999633789062
2025-09-19,115306.09375,4.14,3.57,0.57,0.11,4.08,15.45,1.68,97.19875072935544,20.685912869584755,241.24261,0.1182022841210109,22025.5,101.894,322.169,3549.39990234375,65.58999633789062
2025-09-26,112122.640625,4.2,3.63,0.57,0.18,4.09,15.29,1.65,97.72545513921392,20.621786066668427,241.24261,0.1178358543373279,22025.5,101.894,322.169,3549.39990234375,65.58999633789062
2025-10-03,123513.4765625,4.13,3.58,0.55,0.1,4.09,16.65,1.66,97.44404843864557,20.773204447579737,242.775039,0.1180583125493061,22092.5,101.6247,323.291,3867.5,61.779998779296875
2025-10-10,115169.765625,4.05,3.52,0.53,0.03,4.1,21.66,1.72,98.27836899667436,20.268147785199712,242.775039,0.115187973625293,22092.5,101.6247,323.291,3867.5,61.779998779296875
2025-10-17,108666.7109375,4.02,3.46,0.56,0.02,4.11,20.78,1.7,97.94283938108896,20.61303830179312,242.775039,0.1171480560240401,22092.5,101.6247,323.291,3867.5,61.779998779296875
2025-10-24,114472.4453125,4.02,3.48,0.54,0.09,4.11,16.37,1.65,98.13084956713766,21.00797715187323,242.775039,0.119392573200881,22092.5,101.6247,323.291,3867.5,61.779998779296875
2025-10-31,110639.625,4.11,3.6,0.51,0.22,3.86,17.44,1.69,98.49713268316002,21.15802851088493,242.775039,0.120245345351916,22092.5,101.6247,323.291,3867.5,61.779998779296875
2025-11-07,104719.640625,4.11,3.55,0.56,0.19,3.87,19.08,1.75,98.49883670297316,20.752208375418277,245.435708,0.1172849850996149,22176.1,101.668,324.245,4000.300048828125,61.04999923706055
2025-11-14,94177.078125,4.14,3.62,0.52,0.19,3.88,19.83,1.77,98.15689672713836,20.768585061546823,245.435708,0.1173775410027661,22176.1,101.668,324.245,4000.300048828125,61.04999923706055
2025-11-21,86805.0078125,4.06,3.51,0.55,0.16,3.88,23.43,1.82,98.88613606335744,20.3642006333945,245.435708,0.1150920868105009,22176.1,101.668,324.245,4000.300048828125,61.04999923706055
2025-11-28,90394.3125,4.02,3.47,0.55,0.14,3.89,16.35,1.78,98.2267615394767,21.12319339928141,245.435708,0.1193816763147778,22176.1,101.668,324.245,4000.300048828125,61.04999923706055
2025-12-05,90405.640625,4.14,3.56,0.58,0.43,3.89,15.41,1.74,97.9294506539858,21.188915487806288,247.33183,0.1190685758644694,22249.8,101.2195,324.245,4239.2998046875,59.31999969482422
2025-12-12,88175.1796875,4.19,3.52,0.67,0.56,3.64,15.74,1.76,97.48957011079634,21.056331342811763,247.33183,0.1183235351220213,22249.8,101.2195,324.245,4239.2998046875,59.31999969482422
2025-12-19,88621.75,4.16,3.48,0.68,0.54,3.64,14.91,1.76,97.50661030892763,21.078197042359943,247.33183,0.1184464068049529,22249.8,101.2195,324.245,4239.2998046875,59.31999969482422
2025-12-26,87835.8359375,4.14,3.46,0.68,0.5,3.64,13.6,1.75,96.94436491439532,21.37254218694583,247.33183,0.1201004441339814,22249.8,101.2195,324.245,4239.2998046875,59.31999969482422
2026-01-02,91413.4921875,4.19,3.47,0.72,0.54,3.64,14.51,1.74,97.05277303203064,21.09889533673088,253.619551,0.1178701093912739,22279.8,101.0344,325.063,4314.39990234375,57.31999969482422
2026-01-09,90827.4609375,4.18,3.54,0.64,0.56,3.64,14.49,1.7,97.55229426867966,21.430552801014727,253.619551,0.1197229315874917,22279.8,101.0344,325.063,4314.39990234375,57.31999969482422
2026-01-16,93634.4296875,4.24,3.59,0.65,0.57,3.64,15.86,1.63,97.44055925521867,21.349737637396444,253.619551,0.1192714533454257,22279.8,101.0344,325.063,4314.39990234375,57.31999969482422
2026-01-23,86572.21875,4.24,3.6,0.64,0.54,3.64,16.09,1.61,96.47803149220202,21.274675565294267,253.619551,0.1188521150573962,22279.8,101.0344,325.063,4314.39990234375,57.31999969482422
2026-01-30,76974.4453125,4.26,3.52,0.74,0.59,3.64,17.44,1.62,95.66821636196208,21.34672289727299,253.619551,0.11925461133818,22279.8,101.0344,325.063,4314.39990234375,57.31999969482422
2026-02-06,70264.7265625,4.22,3.5,0.72,0.54,3.64,17.76,1.65,95.9449978658948,21.26270141393763,259.594729,0.1180596566829215,22355.3,101.4941,326.031,4622.5,62.13999938964844
2026-02-13,68788.1875,4.04,3.4,0.64,0.36,3.64,20.6,1.72,95.3649008352249,20.967852510574147,259.594729,0.1164225288492206,22355.3,101.4941,326.031,4622.5,62.13999938964844
2026-02-20,67659.390625,4.08,3.48,0.6,0.39,3.64,19.09,1.69,95.74294980233792,21.192799965724117,259.594729,0.1176715337997061,22355.3,101.4941,326.031,4622.5,62.13999938964844
2026-02-27,65738.1015625,3.97,3.38,0.59,0.3,3.64,19.86,1.8,95.60549220407876,21.09885220366315,259.594729,0.1171498954472164,22355.3,101.4941,326.031,4622.5,62.13999938964844
2026-03-06,65969.78125,4.15,3.56,0.59,0.46,3.64,29.49,1.75,96.95953880511225,20.637684236809832,263.990397,0.1138615732243105,22420.1,101.0388,326.588,5294.39990234375,71.2300033569336
2026-03-13,72789.9140625,4.28,3.73,0.55,0.56,3.64,27.19,1.83,97.82031224214484,20.307512650208366,263.990397,0.1120399610776649,22420.1,101.0388,326.588,5294.39990234375,71.2300033569336
2026-03-20,67845.2109375,4.39,3.88,0.51,0.65,3.64,26.78,1.79,97.59627420861854,19.922593544370123,263.990397,0.1099162976640796,22420.1,101.0388,326.588,5294.39990234375,71.2300033569336
2026-03-27,65954.921875,4.44,3.88,0.56,0.71,3.64,31.05,1.78,98.09076452962876,19.50117609237403,263.990397,0.1075912667392014,22420.1,101.0388,326.588,5294.39990234375,71.2300033569336
2026-04-03,68981.8984375,4.35,3.84,0.51,0.64,3.64,23.87,1.74,97.90526980139948,20.102271854291367,,0.1101827614891674,22620.3,101.9263,327.46,4783.2001953125,100.12000274658205
2026-04-10,70753.40625,4.31,3.81,0.5,0.62,3.64,19.23,1.72,96.44362652073691,20.817474307453583,,0.1141028647433883,22620.3,101.9263,327.46,4783.2001953125,100.12000274658205
2026-04-17,73856.3515625,4.26,3.71,0.55,0.56,3.64,17.48,1.72,95.81419405928688,21.76161991874962,,0.1192778306106551,22620.3,101.9263,327.46,4783.2001953125,100.12000274658205
2026-04-24,78657.5390625,4.31,3.78,0.53,0.62,3.64,18.71,1.7,96.34154761955035,21.880779570405547,,0.119930957758308,22620.3,101.9263,327.46,4783.2001953125,100.12000274658205
2026-05-01,78538.2265625,4.39,3.88,0.51,0.71,3.64,16.99,1.69,96.06825529904454,21.890019216839292,,0.1196405517066113,22676.1,101.6172,330.293,4629.89990234375,101.94000244140624
2026-05-08,82138.9296875,4.38,3.9,0.48,0.69,3.63,17.19,1.65,95.78149310763492,22.401111061334177,,0.1224339393981616,22676.1,101.6172,330.293,4629.89990234375,101.94000244140624
2026-05-15,77429.3515625,4.59,4.09,0.5,0.9,3.63,18.43,1.62,96.7903539808086,22.430084803492655,,0.1225922962484917,22676.1,101.6172,330.293,4629.89990234375,101.94000244140624
2026-05-22,76981.125,4.56,4.13,0.43,0.88,3.62,16.7,1.57,96.79384316423548,22.62678959240356,,0.1236673921282856,22676.1,101.6172,330.293,4629.89990234375,101.94000244140624
2026-05-29,73579.6875,4.45,3.98,0.47,0.76,3.62,15.32,1.57,96.46237073868134,22.949502588894557,,0.1254311896179368,22676.1,101.6172,330.293,4629.89990234375,101.94000244140624
2026-06-05,63239.51953125,4.55,4.17,0.38,0.77,3.62,21.51,1.51,97.43999124861432,22.21295049254378,,0.1210541338893013,22799.9,102.4196,332.407,4475.2001953125,92.16000366210938
2026-06-12,65710.3984375,4.48,4.09,0.39,0.7,3.62,17.68,1.53,96.97276524461417,22.356508620268222,,0.1218364840242051,22799.9,102.4196,332.407,4475.2001953125,92.16000366210938
2026-06-19,63237.5390625,4.46,4.19,0.27,0.63,3.63,16.78,1.51,97.69372791316944,22.564446832121465,,0.1229696869342297,22799.9,102.4196,332.407,4475.2001953125,92.16000366210938
2026-06-26,59532.33984375,4.38,4.07,0.31,0.55,3.63,18.41,1.56,98.09198168663816,22.12354138008902,,0.120566880173337,22799.9,102.4196,332.407,4475.2001953125,92.16000366210938
2026-07-03,63547.8828125,4.49,4.14,0.35,0.67,3.63,15.81,1.54,97.93261526221018,22.406319661939825,,0.121748533529621,23055.6,102.5606,333.979,4068.300048828125,68.58000183105469
2026-07-10,63758.21875,4.56,4.21,0.35,0.71,3.62,15.03,1.58,97.78201236824972,22.682234921114052,,0.1232477658305851,23055.6,102.5606,333.979,4068.300048828125,68.58000183105469
2026-07-17,64690.8046875,4.55,4.18,0.37,0.7,3.63,18.77,1.59,97.80384005061792,22.329816968750283,,0.1213328431865651,23055.6,102.5606,333.979,4068.300048828125,68.58000183105469
2026-07-24,65340.30078125,4.69,4.33,0.36,0.73,3.63,18.58,1.59,97.94908745373708,22.192952193008395,,0.1205891652425813,23055.6,102.5606,333.979,4068.300048828125,68.58000183105469
2026-07-31,63482.0,4.75,4.28,0.47,0.92,3.63,15.99,1.63,97.13188823764024,22.425722020976615,,0.1218539595342208,23055.6,102.5606,333.979,4068.300048828125,68.58000183105469
2026-08-07,64844.88671875,4.65,4.19,0.46,0.78,3.63,14.9,1.64,96.61378507064804,23.32647800365264,,0.1263770634167811,23155.2,102.6395,332.568,4452.7001953125,82.19999694824219
2026-08-14,62818.65234375,4.63,4.15,0.51,0.82,3.63,14.25,1.67,96.61378507064804,23.41103102410635,,0.1268351506782308,23155.2,102.6395,332.568,4452.7001953125,82.19999694824219
