Date,SP_Price,GS10_Rate,US_2Y_Treasury,Term_Spread_10Y_2Y,Term_Spread_10Y_3M,Fed_Funds_Rate,VIX_Close,Credit_BAA10Y,Dollar_Index,Real_Price,Real_Earnings,CAPE,M2_Money,Industrial_Production,US_CPI,Gold_Close,WTI_Crude_Close
1995-01-06,,7.87,7.64,0.23,1.97,5.52,13.13,1.22,87.8373,3.075300351640729,69.251861,0.0603089764929495,3487.8,70.4326,149.8,378.0,17.45
1995-01-13,,7.69,7.39,0.3,1.97,5.47,11.1,1.35,86.9739,3.110614160351823,69.251861,0.0610015071130229,3487.8,70.4326,149.8,378.0,17.45
1995-01-20,,7.82,7.5,0.32,1.91,5.37,12.15,1.31,86.7918,3.102670218820406,69.251861,0.0608457203838262,3487.8,70.4326,149.8,378.0,17.45
1995-01-27,,7.66,7.29,0.37,1.74,5.67,11.25,1.31,86.7221,3.14012025800025,69.251861,0.0615801441064887,3487.8,70.4326,149.8,378.0,17.45
1995-02-03,,7.49,7.14,0.35,1.53,5.94,10.98,1.32,86.9437,3.188874043281042,70.411217,0.0623631842539239,3486.7,71.1523,150.1,377.0,18.48
1995-02-10,,7.62,7.33,0.29,1.65,5.94,11.28,1.32,86.6342,3.2075948797806673,70.411217,0.0627292981110936,3486.7,71.1523,150.1,377.0,18.48
1995-02-17,,7.43,7.07,0.36,1.57,5.93,11.71,1.4,85.8422,3.2109926796848978,70.411217,0.0627957471519179,3486.7,71.1523,150.1,377.0,18.48
1995-02-24,,7.33,6.89,0.44,1.45,5.87,10.84,1.49,85.2788,3.2518986365860263,70.411217,0.0635957241007356,3486.7,71.1523,150.1,377.0,18.48
1995-03-03,,7.36,6.89,0.47,1.45,5.93,11.45,1.46,84.1804,3.225382149021491,71.608656,0.0628860300264032,3492.2,71.2734,150.5,383.0,18.31
1995-03-10,,7.23,6.83,0.4,1.27,5.9,12.38,1.47,83.4313,3.2529568592971345,71.608656,0.0634236606010902,3492.2,71.2734,150.5,383.0,18.31
1995-03-17,,7.12,6.69,0.43,1.2,5.95,11.8,1.52,82.8268,3.2924916213533013,71.608656,0.0641944791022421,3492.2,71.2734,150.5,383.0,18.31
1995-03-24,,7.09,6.64,0.45,1.24,6.03,11.19,1.55,82.946,3.3287043270478613,71.608656,0.0649005266936372,3492.2,71.2734,150.5,383.0,18.31
1995-03-31,,7.2,6.8,0.4,1.32,6.3,13.37,1.49,81.4678,3.326976687409157,71.608656,0.0648668424995868,3492.2,71.2734,150.5,383.0,18.31
1995-04-07,,7.11,6.65,0.46,1.25,5.94,12.85,1.52,80.7576,3.355997438222229,72.747122,0.0652175449524662,3489.2,71.193,150.9,391.0,19.05
1995-04-14,,7.03,6.51,0.52,1.28,6.09,11.48,1.55,80.2449,3.374619025754328,72.747122,0.0655794207418006,3489.2,71.193,150.9,391.0,19.05
1995-04-21,,7.01,6.44,0.57,1.22,5.93,11.86,1.58,79.9903,3.369714978359013,72.747122,0.0654841197359624,3489.2,71.193,150.9,391.0,19.05
1995-04-28,,7.07,6.6,0.47,1.2,6.06,11.75,1.51,80.1784,3.4109345392488817,72.747122,0.0662851449497004,3489.2,71.193,150.9,391.0,19.05
1995-05-05,,6.69,6.16,0.53,0.95,5.98,12.06,1.58,79.8274,3.439947057653357,73.97498,0.0666063635469432,3489.9,71.3113,151.2,386.0,20.53
1995-05-12,,6.67,6.2,0.47,0.8,5.99,11.84,1.58,81.8135,3.475859707625455,73.97498,0.0673017262894174,3489.9,71.3113,151.2,386.0,20.53
1995-05-19,,6.61,6.19,0.42,0.74,5.94,12.81,1.54,81.8468,3.4337963124431634,73.97498,0.0664872690479034,3489.9,71.3113,151.2,386.0,20.53
1995-05-26,,6.4,5.97,0.43,0.56,5.97,12.2,1.63,79.889,3.4632938122623185,73.97498,0.0670584177207614,3489.9,71.3113,151.2,386.0,20.53
1995-06-02,,6.1,5.54,0.56,0.52,6.02,12.98,1.71,81.1493,3.5079710788249336,75.198224,0.0676537194191188,3498.2,71.1882,151.8,388.0,18.89
1995-06-09,,6.4,6.01,0.39,0.63,6.02,12.76,1.62,80.7188,3.477865628731266,75.198224,0.0670731143833711,3498.2,71.1882,151.8,388.0,18.89
1995-06-16,,6.21,5.77,0.44,0.55,6.02,10.75,1.76,80.8233,3.556192470947587,75.198224,0.0685837032928052,3498.2,71.1882,151.8,388.0,18.89
1995-06-23,,6.06,5.64,0.42,0.52,5.94,11.12,1.78,80.3939,3.62127814211236,75.198224,0.0698389267927268,3498.2,71.1882,151.8,388.0,18.89
1995-06-30,,6.21,5.79,0.42,0.61,6.11,11.38,1.74,80.5655,3.588603425559947,75.198224,0.069208771624379,3498.2,71.1882,151.8,388.0,18.89
1995-07-07,,6.04,5.54,0.5,0.5,5.77,11.77,1.8,80.9146,3.657922387358235,75.744247,0.0702422161962906,3525.1,71.5378,152.1,387.0,17.33
1995-07-14,,6.15,5.7,0.45,0.56,5.68,12.08,1.77,81.053,3.6810651850653353,75.744247,0.0706866218527767,3525.1,71.5378,152.1,387.0,17.33
1995-07-21,,6.53,5.95,0.58,0.92,5.74,12.37,1.74,81.0601,3.639842176970332,75.744247,0.0698950262035968,3525.1,71.5378,152.1,387.0,17.33
1995-07-28,,6.49,5.92,0.57,0.91,5.77,13.18,1.71,80.8485,3.701051891359509,75.744247,0.0710704218342687,3525.1,71.5378,152.1,387.0,17.33
1995-08-04,,6.5,5.91,0.59,0.92,5.72,13.21,1.7,81.5641,3.667585317856996,76.090687,0.0701146774744135,3549.4,71.7749,152.4,383.0,17.59
1995-08-11,,6.59,6.05,0.54,1.0,5.67,12.9,1.71,83.0764,3.6424539721231137,76.090687,0.0696342316093781,3549.4,71.7749,152.4,383.0,17.59
1995-08-18,,6.57,6.13,0.44,0.96,5.68,12.03,1.68,84.7036,3.669357099558112,76.090687,0.0701485493251716,3549.4,71.7749,152.4,383.0,17.59
1995-08-25,,6.38,5.9,0.48,0.88,5.71,12.33,1.75,84.4553,3.67519669019644,76.090687,0.0702601870864516,3549.4,71.7749,152.4,383.0,17.59
1995-09-01,,6.22,5.78,0.44,0.77,5.72,11.29,1.76,84.3621,3.694888773626925,76.485212,0.0703148122344808,3567.5,71.4748,152.6,383.0,18.08
1995-09-08,,6.24,5.85,0.39,0.72,5.67,11.16,1.74,85.0895,3.7528177763812662,76.485212,0.0714172180716135,3567.5,71.4748,152.6,383.0,18.08
1995-09-15,,6.11,5.71,0.4,0.65,5.8,11.58,1.77,86.3717,3.8227390274307833,76.485212,0.0727478398954257,3567.5,71.4748,152.6,383.0,18.08
1995-09-22,,6.25,5.85,0.4,0.9,5.66,12.46,1.72,83.7522,3.812123069913172,76.485212,0.072545815124107,3567.5,71.4748,152.6,383.0,18.08
1995-09-29,,6.17,5.83,0.34,0.77,6.2,12.74,1.71,83.9326,3.8296852761764826,76.485212,0.0728800290372949,3567.5,71.4748,152.6,383.0,18.08
1995-10-06,,6.06,5.73,0.33,0.59,5.65,13.98,1.72,84.1184,3.8096140630109545,75.355065,0.0721588218036639,3588.9,72.4223,152.9,383.0,17.67
1995-10-13,,5.97,5.67,0.3,0.52,5.7,13.67,1.7,84.2706,3.8227599738391103,75.355065,0.0724078216816584,3588.9,72.4223,152.9,383.0,17.67
1995-10-20,,6.04,5.72,0.32,0.61,5.7,13.46,1.69,83.8897,3.842119175753147,75.355065,0.0727745090095795,3588.9,72.4223,152.9,383.0,17.67
1995-10-27,,6.05,5.64,0.41,0.64,5.68,14.63,1.7,84.4707,3.7913669863115183,75.355065,0.0718131995085405,3588.9,72.4223,152.9,383.0,17.67
1995-11-03,,5.94,5.49,0.45,0.47,5.66,12.26,1.73,84.7107,3.857413503097445,74.522433,0.0727276053025249,3602.9,72.7144,153.1,386.0,17.74
1995-11-10,,6.0,5.52,0.48,0.42,5.68,12.97,1.74,84.171,3.871456372979262,74.522433,0.0729923693205021,3602.9,72.7144,153.1,386.0,17.74
1995-11-17,,5.92,5.46,0.46,0.41,5.7,12.49,1.75,84.3397,3.919464450190848,74.522433,0.0738975127509312,3602.9,72.7144,153.1,386.0,17.74
1995-11-24,,5.91,5.49,0.42,0.43,5.97,11.87,1.78,84.4259,3.9188110431294905,74.522433,0.0738851934258648,3602.9,72.7144,153.1,386.0,17.74
1995-12-01,,5.71,5.32,0.39,0.26,5.56,11.11,1.83,85.1539,3.954266973737785,73.688499,0.0742126618720203,3614.1,72.5866,153.5,388.0,18.43
1995-12-08,,5.73,5.39,0.34,0.23,5.73,11.12,1.76,85.2955,4.022670882532573,73.688499,0.0754964487755923,3614.1,72.5866,153.5,388.0,18.43
1995-12-15,,5.75,5.36,0.39,0.4,5.78,11.44,1.77,85.4349,4.015244474628461,73.688499,0.0753570718689819,3614.1,72.5866,153.5,388.0,18.43
1995-12-22,,5.71,5.28,0.43,0.67,5.44,11.51,1.78,85.2634,3.9866450306646986,73.688499,0.074820324886872,3614.1,72.5866,153.5,388.0,18.43
1995-12-29,,5.58,5.18,0.4,0.48,4.73,12.52,1.8,85.2587,4.0125732421875,73.688499,0.075306938868039,3614.1,72.5866,153.5,388.0,18.43
1996-01-05,,5.69,5.2,0.49,0.5,5.46,13.58,1.81,85.5619,4.012426948423268,73.316565,0.0749622405494734,3620.4,72.7779,153.7,399.0,19.83
1996-01-12,,5.75,5.17,0.58,0.57,5.5,14.23,1.79,85.6645,3.9154846945907207,73.316565,0.0731511151023025,3620.4,72.7779,153.7,399.0,19.83
1996-01-19,,5.54,5.03,0.51,0.44,5.4,12.7,1.84,86.7071,3.9806767540002848,73.316565,0.0743690669559296,3620.4,72.7779,153.7,399.0,19.83
1996-01-26,,5.65,5.08,0.57,0.54,5.51,12.0,1.82,87.6396,4.044372121777408,73.316565,0.0755590568404986,3620.4,72.7779,153.7,399.0,19.83
1996-02-02,,5.66,4.9,0.76,0.67,5.23,13.23,1.84,87.2477,4.131514144609933,73.137104,0.0768400666789495,3629.8,73.0305,153.9,404.0,17.63
1996-02-09,,5.66,4.85,0.81,0.73,5.17,14.63,1.84,87.0923,4.264912248974578,73.137104,0.0793210745795512,3629.8,73.0305,153.9,404.0,17.63
1996-02-16,,5.76,4.9,0.86,0.87,5.13,15.37,1.87,86.5507,4.210396234364847,73.137104,0.0783071571509621,3629.8,73.0305,153.9,404.0,17.63
1996-02-23,,5.97,5.13,0.84,1.0,5.14,14.78,1.84,86.0111,4.282521228653955,73.137104,0.0796485756179966,3629.8,73.0305,153.9,404.0,17.63
1996-03-01,,5.99,5.26,0.73,1.01,5.81,16.72,1.82,86.6906,4.165287621959842,72.818436,0.0771239663716088,3647.4,72.6125,154.7,397.0,19.45
1996-03-08,,6.41,5.73,0.68,1.4,5.16,20.7,1.71,86.8095,4.09502262443439,72.818436,0.0758229480991409,3647.4,72.6125,154.7,397.0,19.45
1996-03-15,,6.46,5.87,0.59,1.32,5.42,16.54,1.7,86.5137,4.146283081291411,72.818436,0.0767720805744089,3647.4,72.6125,154.7,397.0,19.45
1996-03-22,,6.32,5.74,0.58,1.22,5.17,17.05,1.77,86.5988,4.205688397654735,72.818436,0.0778720222920817,3647.4,72.6125,154.7,397.0,19.45
1996-03-29,,6.34,5.79,0.55,1.21,5.25,18.88,1.78,86.6871,4.172592113768585,72.818436,0.077259215466449,3647.4,72.6125,154.7,397.0,19.45
1996-04-05,,6.57,6.09,0.48,1.42,4.89,16.18,1.68,86.7729,4.231354744203629,73.15689,0.0780058180568684,3660.8,73.6752,155.0,392.0,22.29
1996-04-12,,6.52,5.96,0.56,1.45,5.22,17.38,1.7,87.3852,4.107806593371976,73.15689,0.0757281847319295,3660.8,73.6752,155.0,392.0,22.29
1996-04-19,,6.53,5.95,0.58,1.52,5.1,15.12,1.65,87.1837,4.161741982736896,73.15689,0.0767224937473552,3660.8,73.6752,155.0,392.0,22.29
1996-04-26,,6.54,5.92,0.62,1.43,5.21,14.75,1.63,87.1982,4.215871109501008,73.15689,0.0777203743480594,3660.8,73.6752,155.0,392.0,22.29
1996-05-03,,6.9,6.2,0.7,1.76,5.14,16.7,1.58,87.073,4.12623797352291,73.633545,0.0757371780346666,3685.4,73.585,155.5,393.0,20.81
1996-05-10,,6.75,6.04,0.71,1.62,5.2,15.61,1.57,87.1548,4.193504995855105,73.633545,0.0769718655342549,3685.4,73.585,155.5,393.0,20.81
1996-05-17,,6.65,6.04,0.61,1.5,5.15,15.13,1.57,87.4594,4.301671853019494,73.633545,0.078957270295463,3685.4,73.585,155.5,393.0,20.81
1996-05-24,,6.65,6.03,0.62,1.47,5.14,15.54,1.56,88.1689,4.363408422930064,73.633545,0.0800904462335862,3685.4,73.585,155.5,393.0,20.81
1996-05-31,,6.85,6.27,0.58,1.67,5.31,16.07,1.48,87.5508,4.303022476637862,73.633545,0.0789820610181742,3685.4,73.585,155.5,393.0,20.81
1996-06-07,,6.93,6.4,0.53,1.67,5.21,16.1,1.48,87.9683,4.313324776160114,74.202965,0.0788234907352612,3696.4,74.3172,156.1,385.0,19.86
1996-06-14,,6.95,6.29,0.66,1.74,5.3,18.64,1.49,87.7452,4.265534757116832,74.202965,0.0779501560529029,3696.4,74.3172,156.1,385.0,19.86
1996-06-21,,6.96,6.35,0.61,1.7,5.19,15.8,1.5,87.8373,4.271877173962004,74.202965,0.0780660600159427,3696.4,74.3172,156.1,385.0,19.86
1996-06-28,,6.73,6.11,0.62,1.55,5.0,13.68,1.51,87.6389,4.296156341337684,74.202965,0.0785097476175057,3696.4,74.3172,156.1,385.0,19.86
1996-07-05,,7.06,6.44,0.62,1.75,5.28,16.09,1.43,88.1602,4.203580578269861,74.831913,0.0764748996846666,3710.7,74.8726,156.4,383.0,21.48
1996-07-12,,6.85,6.26,0.59,1.57,5.18,17.09,1.49,87.9787,4.1316496319783,74.831913,0.0751662743831066,3710.7,74.8726,156.4,383.0,21.48
1996-07-19,,6.78,6.18,0.6,1.5,5.22,17.26,1.51,86.8725,4.083951281769501,74.831913,0.0742985078494522,3710.7,74.8726,156.4,383.0,21.48
1996-07-26,,6.85,6.25,0.6,1.56,5.26,17.45,1.49,86.9666,4.06585693359375,74.831913,0.0739693209965218,3710.7,74.8726,156.4,383.0,21.48
1996-08-02,,6.51,5.91,0.6,1.3,5.34,16.19,1.57,86.7202,4.227759988732451,75.458673,0.0765671820960271,3723.3,75.4433,156.7,387.0,20.95
1996-08-09,,6.5,5.93,0.57,1.35,5.1,15.77,1.54,86.8823,4.225271063088306,75.458673,0.0765221062110368,3723.3,75.4433,156.7,387.0,20.95
1996-08-16,,6.56,5.95,0.61,1.38,5.15,14.81,1.55,87.0777,4.2451182002084,75.458673,0.0768815493596566,3723.3,75.4433,156.7,387.0,20.95
1996-08-23,,6.72,6.09,0.63,1.57,5.22,14.18,1.54,86.8858,4.256732797044512,75.458673,0.0770918964354823,3723.3,75.4433,156.7,387.0,20.95
1996-08-30,,6.96,6.34,0.62,1.67,5.28,17.01,1.48,86.8052,4.160752968949426,75.458673,0.0753536461575839,3723.3,75.4433,156.7,387.0,20.95
1996-09-06,,6.94,6.33,0.61,1.61,5.13,17.1,1.48,87.2093,4.176305685833001,75.986407,0.0752886127193617,3737.5,75.4549,157.0,383.0,23.35
1996-09-13,,6.74,6.1,0.64,1.53,5.29,15.2,1.54,87.7852,4.334649541575438,75.986407,0.0781431665112269,3737.5,75.4549,157.0,383.0,23.35
1996-09-20,,6.85,6.26,0.59,1.56,5.3,15.65,1.49,87.5916,4.375987447750796,75.986407,0.0788883882078147,3737.5,75.4549,157.0,383.0,23.35
1996-09-27,,6.68,6.07,0.61,1.64,5.21,16.1,1.53,87.8215,4.370636958225518,75.986407,0.0787919319222765,3737.5,75.4549,157.0,383.0,23.35
1996-10-04,,6.48,5.85,0.63,1.47,5.04,14.8,1.55,87.9126,4.4622138802331826,77.6611,0.0800687106911364,3744.1,75.8411,157.2,381.0,24.35
1996-10-11,,6.55,5.92,0.63,1.42,5.16,15.07,1.55,87.798,4.457124511097527,77.6611,0.0799773884829544,3744.1,75.8411,157.2,381.0,24.35
1996-10-18,,6.5,5.89,0.61,1.38,5.12,15.08,1.52,88.039,4.521755771782562,77.6611,0.0811371136445648,3744.1,75.8411,157.2,381.0,24.35
1996-10-25,,6.54,5.9,0.64,1.4,5.27,17.29,1.52,87.6403,4.45877851724018,77.6611,0.0800070675039229,3744.1,75.8411,157.2,381.0,24.35
1996-11-01,,6.38,5.79,0.59,1.21,5.19,17.89,1.56,87.2523,4.462714137801205,79.425279,0.0796822194088994,3754.2,76.3158,157.7,378.0,23.0
1996-11-08,,6.29,5.76,0.53,1.11,5.17,15.78,1.53,86.681,4.634242278530239,79.425279,0.0827448719836184,3754.2,76.3158,157.7,378.0,23.0
1996-11-15,,6.19,5.68,0.51,1.03,5.53,14.36,1.57,86.6922,4.677362048935875,79.425279,0.0835147799141353,3754.2,76.3158,157.7,378.0,23.0
1996-11-22,,6.15,5.69,0.46,0.97,5.24,14.92,1.62,86.5154,4.747812177988269,79.425279,0.0847726742060839,3754.2,76.3158,157.7,378.0,23.0
1996-11-29,,6.06,5.59,0.47,0.93,5.44,17.14,1.65,87.7464,4.800380593096069,79.425279,0.0857112886584677,3754.2,76.3158,157.7,378.0,23.0
1996-12-06,,6.26,5.73,0.53,1.23,5.21,18.82,1.62,88.1701,4.675094662363701,81.336358,0.0830373176292175,3773.4,76.3384,158.2,369.0,24.7
1996-12-13,,6.33,5.77,0.56,1.41,5.28,21.09,1.58,88.3051,4.605815516108961,81.336358,0.0818068068293084,3773.4,76.3384,158.2,369.0,24.7
1996-12-20,,6.35,5.83,0.52,1.33,5.15,18.85,1.57,88.574,4.733691498844422,81.336358,0.0840780931587672,3773.4,76.3384,158.2,369.0,24.7
1996-12-27,,6.3,5.81,0.49,1.19,4.77,19.13,1.57,88.9521,4.783754601942754,81.336358,0.0849672956442157,3773.4,76.3384,158.2,369.0,24.7
1997-01-03,,6.52,5.95,0.57,1.35,5.17,19.13,1.53,89.2399,4.71348474667218,82.134396,0.0832547391046186,3795.5,77.0397,158.7,355.0,25.55
1997-01-10,,6.63,6.06,0.57,1.46,5.17,19.63,1.52,89.1219,4.785759294265911,82.134396,0.084531331461912,3795.5,77.0397,158.7,355.0,25.55
1997-01-17,,6.56,6.0,0.56,1.42,5.14,18.63,1.52,89.7724,4.890800144361413,82.134396,0.0863866782042988,3795.5,77.0397,158.7,355.0,25.55
1997-01-24,,6.64,6.07,0.57,1.48,5.13,19.33,1.51,90.8985,4.855198610782924,82.134396,0.0857578448571889,3795.5,77.0397,158.7,355.0,25.55
1997-01-31,,6.53,5.94,0.59,1.38,5.37,19.47,1.5,91.6567,4.953749043128742,82.134396,0.0874985507201688,3795.5,77.0397,158.7,355.0,25.55
1997-02-07,,6.43,5.86,0.57,1.29,5.08,18.9,1.54,92.8203,4.962664975226862,82.927642,0.087166639034406,3818.7,77.5333,159.1,346.0,24.2
1997-02-14,,6.28,5.79,0.49,1.18,5.15,19.18,1.53,92.9961,5.081583786730044,82.927642,0.0892553863442573,3818.7,77.5333,159.1,346.0,24.2
1997-02-21,,6.36,5.85,0.51,1.27,5.08,20.55,1.55,93.2046,5.039409299379321,82.927642,0.0885146133253828,3818.7,77.5333,159.1,346.0,24.2
1997-02-28,,6.56,6.09,0.47,1.34,5.5,21.1,1.49,92.8091,4.970584584061714,82.927642,0.0873057428602833,3818.7,77.5333,159.1,346.0,24.2
1997-03-07,,6.57,6.1,0.47,1.35,5.21,19.32,1.53,93.6765,5.049999816205301,83.768048,0.0882038610522771,3834.0,77.6562,159.4,351.0,20.25
1997-03-14,,6.71,6.18,0.53,1.47,5.15,19.81,1.48,93.5045,4.975972289273251,83.768048,0.0869108879954059,3834.0,77.6562,159.4,351.0,20.25
1997-03-21,,6.74,6.29,0.45,1.33,5.28,19.69,1.49,93.6101,4.919071365030975,83.768048,0.0859170500947576,3834.0,77.6562,159.4,351.0,20.25
1997-03-28,,6.9,6.45,0.45,1.53,5.52,20.5,1.42,93.4381,4.854956115952399,83.768048,0.0847972059904249,3834.0,77.6562,159.4,351.0,20.25
1997-04-04,,6.92,6.44,0.48,1.63,5.32,19.23,1.46,93.7103,4.745773477858877,83.878241,0.0824234999461955,3845.0,78.5833,159.7,343.0,20.3
1997-04-11,,6.98,6.53,0.45,1.67,5.4,19.76,1.42,94.9302,4.618973227389246,83.878241,0.0802212624212649,3845.0,78.5833,159.7,343.0,20.3
1997-04-18,,6.84,6.42,0.42,1.55,5.35,18.75,1.48,94.7689,4.798622585193919,83.878241,0.0833413710616014,3845.0,78.5833,159.7,343.0,20.3
1997-04-25,,6.94,6.54,0.4,1.63,5.53,21.15,1.45,95.0214,4.792548497916015,83.878241,0.083235877713729,3845.0,78.5833,159.7,343.0,20.3
1997-05-02,,6.68,6.26,0.42,1.44,5.47,17.51,1.53,94.945,5.08742159388689,84.145747,0.0878495782965796,3859.5,79.082,159.8,343.0,19.9
1997-05-09,,6.67,6.24,0.43,1.48,5.46,20.11,1.5,93.3065,5.16132684165754,84.145747,0.0891257738566955,3859.5,79.082,159.8,343.0,19.9
1997-05-16,,6.7,6.28,0.42,1.5,5.44,21.57,1.47,91.8412,5.192428035043805,84.145747,0.0896628291553534,3859.5,79.082,159.8,343.0,19.9
1997-05-23,,6.74,6.25,0.49,1.56,5.36,18.08,1.51,91.9907,5.3005633873396425,84.145747,0.0915301100407347,3859.5,79.082,159.8,343.0,19.9
1997-05-30,,6.67,6.22,0.45,1.71,5.58,19.19,1.51,92.534,5.308385665186952,84.145747,0.0916651851072538,3859.5,79.082,159.8,343.0,19.9
1997-06-06,,6.51,6.12,0.39,1.44,5.42,18.94,1.55,92.8767,5.365916258696841,84.2554,0.0921149973457414,3875.8,79.1747,159.9,341.0,21.15
1997-06-13,,6.43,6.03,0.4,1.43,5.56,19.27,1.54,92.3456,5.5864291402829895,84.2554,0.095900472653726,3875.8,79.1747,159.9,341.0,21.15
1997-06-20,,6.37,6.02,0.35,1.29,5.39,20.2,1.52,92.658,5.62038781868062,84.2554,0.0964834306090226,3875.8,79.1747,159.9,341.0,21.15
1997-06-27,,6.46,6.03,0.43,1.31,5.52,21.22,1.51,92.5553,5.549093106897866,84.2554,0.0952595367072142,3875.8,79.1747,159.9,341.0,21.15
1997-07-04,,6.31,5.93,0.38,1.17,5.46,17.82,1.55,92.1636,5.73433385184588,84.212665,0.0978524307651334,3890.5,79.6133,159.9,325.0,20.11
1997-07-11,,6.23,5.89,0.34,1.09,5.33,19.06,1.54,92.5176,5.732832974832903,84.212665,0.0978268193396752,3890.5,79.6133,159.9,325.0,20.11
1997-07-18,,6.24,5.91,0.33,1.0,5.37,22.28,1.52,93.3298,5.724202550299992,84.212665,0.0976795471297029,3890.5,79.6133,159.9,325.0,20.11
1997-07-25,,6.18,5.87,0.31,0.94,5.51,20.82,1.51,94.6633,5.871106804423663,84.212665,0.1001863663570335,3890.5,79.6133,159.9,325.0,20.11
1997-08-01,,6.2,5.89,0.31,0.92,5.65,22.29,1.49,95.7704,5.912234798055166,84.117693,0.100309017743459,3907.1,79.9792,160.2,324.0,20.27
1997-08-08,,6.38,6.02,0.36,1.09,5.34,22.46,1.51,95.1993,5.827340686812383,84.117693,0.0988686749286289,3907.1,79.9792,160.2,324.0,20.27
1997-08-15,,6.27,5.87,0.4,0.98,5.59,24.45,1.58,95.1125,5.623033692625429,84.117693,0.0954023318950685,3907.1,79.9792,160.2,324.0,20.27
1997-08-22,,6.38,5.98,0.4,1.13,5.49,24.74,1.5,94.9436,5.764918714278052,84.117693,0.0978096021812834,3907.1,79.9792,160.2,324.0,20.27
1997-08-29,,6.34,5.97,0.37,1.1,5.52,24.76,1.44,95.2904,5.614668980668696,84.117693,0.0952604133027347,3907.1,79.9792,160.2,324.0,20.27
1997-09-05,,6.37,5.98,0.39,1.2,5.39,24.31,1.44,95.276,5.792082218160653,83.97095,0.0977269106524893,3924.9,80.6624,160.4,323.0,19.73
1997-09-12,,6.29,5.93,0.36,1.19,5.49,25.17,1.48,94.9148,5.760037239055681,83.97095,0.097186231723583,3924.9,80.6624,160.4,323.0,19.73
1997-09-19,,6.09,5.81,0.28,1.03,5.36,22.74,1.55,94.9983,5.925872878838061,83.97095,0.0999842936539189,3924.9,80.6624,160.4,323.0,19.73
1997-09-26,,6.08,5.8,0.28,1.09,5.44,22.26,1.55,94.5255,5.892892585430953,83.97095,0.0994278336338965,3924.9,80.6624,160.4,323.0,19.73
1997-10-03,,6.01,5.72,0.29,0.98,5.42,21.54,1.57,94.413,6.001430530453202,83.130962,0.1007204892313212,3957.7,81.4694,160.8,325.0,21.02
1997-10-10,,6.15,5.86,0.29,1.01,5.37,19.75,1.51,94.0934,6.013557092467351,83.130962,0.1009240062515652,3957.7,81.4694,160.8,325.0,21.02
1997-10-17,,6.17,5.91,0.26,1.11,5.47,21.69,1.47,94.6076,5.871641624033154,83.130962,0.0985422748730791,3957.7,81.4694,160.8,325.0,21.02
1997-10-24,,6.01,5.79,0.22,0.86,5.47,23.17,1.48,94.9642,5.855970240350979,83.130962,0.0982792660082108,3957.7,81.4694,160.8,325.0,21.02
1997-10-31,,5.84,5.63,0.21,0.63,5.56,35.09,1.6,93.8666,5.687935293017334,83.130962,0.0954591780279329,3957.7,81.4694,160.8,325.0,21.02
1997-11-07,,5.9,5.71,0.19,0.59,5.45,36.27,1.56,94.2497,5.7537841796875,82.550112,0.0960840865189157,3973.7,82.2156,161.2,307.0,20.91
1997-11-14,,5.86,5.7,0.16,0.59,5.44,33.66,1.56,95.223,5.7589948857688436,82.550112,0.096171101589052,3973.7,82.2156,161.2,307.0,20.91
1997-11-21,,5.82,5.68,0.14,0.57,5.41,26.65,1.55,95.4328,5.974503888681569,82.550112,0.0997699480238163,3973.7,82.2156,161.2,307.0,20.91
1997-11-28,,5.86,5.76,0.1,0.64,5.5,27.43,1.52,96.3094,5.92679915889617,82.550112,0.0989733131065311,3973.7,82.2156,161.2,307.0,20.91
1997-12-05,,5.92,5.8,0.12,0.62,5.39,22.65,1.48,97.2948,6.091578811314822,82.019153,0.1012513213385098,3992.7,82.9446,161.5,290.0,18.76
1997-12-12,,5.74,5.63,0.11,0.56,5.55,27.92,1.56,97.2505,5.903343743953173,82.019153,0.0981225677127324,3992.7,82.9446,161.5,290.0,18.76
1997-12-19,,5.72,5.66,0.06,0.39,5.46,29.18,1.54,97.0563,5.862415042085913,82.019153,0.0974422703262761,3992.7,82.9446,161.5,290.0,18.76
1997-12-26,,5.75,5.69,0.06,0.4,5.19,29.27,1.51,97.4299,5.798514067942144,82.019153,0.0963801387726538,3992.7,82.9446,161.5,290.0,18.76
1998-01-02,,5.67,5.59,0.08,0.35,6.06,23.42,1.54,98.3533,6.029931836903796,81.743224,0.0997911158759761,4015.0,83.5978,161.7,291.0,17.41
1998-01-09,,5.4,5.17,0.23,0.35,5.48,28.69,1.71,98.6997,5.737105766489835,81.743224,0.0949450510920679,4015.0,83.5978,161.7,291.0,17.41
1998-01-16,,5.54,5.35,0.19,0.39,5.54,21.65,1.67,98.5394,5.946258563794837,81.743224,0.0984063822639912,4015.0,83.5978,161.7,291.0,17.41
1998-01-23,,5.7,5.42,0.28,0.53,5.51,23.32,1.63,97.2176,5.922016245240995,81.743224,0.0980051890025512,4015.0,83.5978,161.7,291.0,17.41
1998-01-30,,5.53,5.32,0.21,0.34,5.48,21.47,1.68,98.597,6.0623378435180895,81.743224,0.1003274124127518,4015.0,83.5978,161.7,291.0,17.41
1998-02-06,,5.62,5.38,0.24,0.45,5.4,20.51,1.68,96.9511,6.257478504157331,81.468317,0.1031256551764487,4033.0,83.9538,161.8,296.0,17.07
1998-02-13,,5.49,5.36,0.13,0.27,5.45,19.84,1.72,97.9067,6.304635518266185,81.468317,0.1039028209266641,4033.0,83.9538,161.8,296.0,17.07
1998-02-20,,5.54,5.41,0.13,0.33,5.46,19.0,1.68,97.8842,6.3919033432478365,81.468317,0.1053410282846403,4033.0,83.9538,161.8,296.0,17.07
1998-02-27,,5.62,5.55,0.07,0.3,5.57,18.55,1.67,97.3987,6.485413880224428,81.468317,0.1068821179400351,4033.0,83.9538,161.8,296.0,17.07
1998-03-06,,5.73,5.58,0.15,0.58,5.41,19.14,1.64,98.2074,6.51660457658179,81.194427,0.1069681626086593,4055.2,84.3218,162.0,295.0,15.32
1998-03-13,,5.58,5.5,0.08,0.49,5.43,18.71,1.69,97.43,6.596357934268904,81.194427,0.1082772907034219,4055.2,84.3218,162.0,295.0,15.32
1998-03-20,,5.57,5.52,0.05,0.38,5.34,18.69,1.7,98.2963,6.784938482590664,81.194427,0.111372785377167,4055.2,84.3218,162.0,295.0,15.32
1998-03-27,,5.68,5.63,0.05,0.47,5.47,23.47,1.66,97.9138,6.761974946952161,81.194427,0.1109958456403175,4055.2,84.3218,162.0,295.0,15.32
1998-04-03,,5.47,5.42,0.05,0.39,5.47,21.82,1.74,99.5864,6.930246612172068,80.65509,0.1133232293139641,4087.3,84.4583,162.0,308.0,15.69
1998-04-10,,5.59,5.5,0.09,0.52,5.41,21.51,1.71,98.057,6.855987925588349,80.65509,0.1121089530206068,4087.3,84.4583,162.0,308.0,15.69
1998-04-17,,5.59,5.54,0.05,0.54,5.36,20.76,1.7,98.2571,6.930370189525463,80.65509,0.1133252500479352,4087.3,84.4583,162.0,308.0,15.69
1998-04-24,,5.67,5.61,0.06,0.59,5.43,21.97,1.68,97.9754,6.838889039592979,80.65509,0.111829352439689,4087.3,84.4583,162.0,308.0,15.69
1998-05-01,,5.67,5.59,0.08,0.65,5.46,19.34,1.66,98.0521,6.919753086419753,80.11774,0.1127696509425682,4112.4,84.488,162.0,299.0,16.25
1998-05-08,,5.71,5.61,0.1,0.57,5.47,20.57,1.63,98.1554,6.840370460792824,80.11774,0.1114759702474547,4112.4,84.488,162.0,299.0,16.25
1998-05-15,,5.68,5.63,0.05,0.5,5.72,20.44,1.63,99.0887,6.8440122251157405,80.11774,0.1115353192569325,4112.4,84.488,162.0,299.0,16.25
1998-05-22,,5.64,5.63,0.01,0.42,5.38,18.99,1.62,98.7389,6.854752905574846,80.11774,0.111710357697052,4112.4,84.488,162.0,299.0,16.25
1998-05-29,,5.56,5.53,0.03,0.53,5.63,21.32,1.63,99.8518,6.73345645857446,80.11774,0.1097336169350656,4112.4,84.488,162.0,299.0,16.25
1998-06-05,,5.58,5.58,0.0,0.46,5.38,19.78,1.6,99.9515,6.8672008961255395,79.63119,0.1115858767433727,4138.9,84.7779,162.2,292.0,14.99
1998-06-12,,5.43,5.43,0.0,0.3,5.53,22.78,1.65,101.5906,6.7745990494470565,79.63119,0.1100811795012251,4138.9,84.7779,162.2,292.0,14.99
1998-06-19,,5.47,5.52,-0.05,0.3,5.36,21.92,1.65,99.1971,6.785758473576218,79.63119,0.1102625101691696,4138.9,84.7779,162.2,292.0,14.99
1998-06-26,,5.46,5.51,-0.05,0.45,5.47,19.36,1.67,101.316,6.986436197113903,79.63119,0.113523343813406,4138.9,84.7779,162.2,292.0,14.99
1998-07-03,,5.42,5.44,-0.02,0.35,5.41,17.67,1.67,100.884,7.05055377580143,78.935009,0.1142794745963119,4165.9,85.3367,162.6,294.0,14.47
1998-07-10,,5.42,5.41,0.01,0.36,5.43,17.92,1.68,101.5268,7.160700836744696,78.935009,0.1160648021965533,4165.9,85.3367,162.6,294.0,14.47
1998-07-17,,5.51,5.46,0.05,0.37,5.42,16.23,1.68,100.6494,7.298585485854859,78.935009,0.1182997167516749,4165.9,85.3367,162.6,294.0,14.47
1998-07-24,,5.45,5.48,-0.03,0.37,5.53,23.01,1.7,100.8462,7.015990460197571,78.935009,0.1137192522828432,4165.9,85.3367,162.6,294.0,14.47
1998-07-31,,5.5,5.49,0.01,0.4,5.63,24.8,1.71,101.9395,6.892189692160594,78.935009,0.111712617460137,4165.9,85.3367,162.6,294.0,14.47
1998-08-07,,5.4,5.34,0.06,0.41,5.44,27.02,1.73,102.4963,6.691953017026258,78.240328,0.1082180901299318,4185.6,84.8248,162.8,284.0,13.93
1998-08-14,,5.4,5.34,0.06,0.37,5.56,34.34,1.74,102.9973,6.527948402948402,78.240328,0.1055659098078576,4185.6,84.8248,162.8,284.0,13.93
1998-08-21,,5.32,5.25,0.07,0.31,5.46,33.14,1.8,103.0462,6.641523281537929,78.240328,0.1074025719028284,4185.6,84.8248,162.8,284.0,13.93
1998-08-28,,5.09,4.93,0.16,0.18,5.51,39.6,2.07,102.4893,6.309213849191876,78.240328,0.1020286710387377,4185.6,84.8248,162.8,284.0,13.93
1998-09-04,,5.02,4.91,0.11,0.16,5.41,43.31,2.07,99.4309,5.967463325051701,77.54755,0.0962995255768332,4205.4,84.4986,163.2,289.0,13.62
1998-09-11,,4.85,4.68,0.17,-0.02,5.46,43.74,2.23,97.5752,6.182965671314913,77.54755,0.0997771797450156,4205.4,84.4986,163.2,289.0,13.62
1998-09-18,,4.7,4.61,0.09,0.07,5.38,38.63,2.37,98.2797,6.250551635143804,77.54755,0.1008678435493581,4205.4,84.4986,163.2,289.0,13.62
1998-09-25,,4.6,4.43,0.17,0.08,5.51,34.55,2.48,97.9326,6.4016544117647065,77.54755,0.1033062541284142,4205.4,84.4986,163.2,289.0,13.62
1998-10-02,,4.31,4.17,0.14,0.09,5.39,40.47,2.6,98.0803,6.135862763683828,77.10109,0.0988263150047926,4229.3,86.248,163.4,296.0,15.52
1998-10-09,,4.77,4.19,0.58,0.89,5.02,42.2,2.56,94.5111,6.024418694298883,77.10109,0.0970313585120173,4229.3,86.248,163.4,296.0,15.52
1998-10-16,,4.44,3.86,0.58,0.79,4.73,34.82,2.77,93.7911,6.465238947033736,77.10109,0.1041313610438718,4229.3,86.248,163.4,296.0,15.52
1998-10-23,,4.7,4.2,0.5,0.73,4.86,32.27,2.64,94.7581,6.552448249359317,77.10109,0.1055359840471741,4229.3,86.248,163.4,296.0,15.52
1998-10-30,,4.64,4.12,0.52,0.31,5.35,28.05,2.65,94.9459,6.723806878490285,77.10109,0.1082959450361189,4229.3,86.248,163.4,296.0,15.52
1998-11-06,,4.93,4.59,0.34,0.29,4.64,25.7,2.54,95.4394,6.9786544939793576,76.843973,0.1122023458252792,4268.3,86.2021,163.5,295.0,14.45
1998-11-13,,4.82,4.54,0.28,0.35,4.98,29.03,2.52,96.9674,6.885137435493119,76.843973,0.110698784738269,4268.3,86.2021,163.5,295.0,14.45
1998-11-20,,4.82,4.66,0.16,0.36,4.4,22.47,2.46,96.4562,7.116514060110856,76.843973,0.1144188428201876,4268.3,86.2021,163.5,295.0,14.45
1998-11-27,,4.81,4.62,0.19,0.26,4.84,22.09,2.44,97.378,7.292537957521024,76.843973,0.1172489434116079,4268.3,86.2021,163.5,295.0,14.45
1998-12-04,,4.62,4.46,0.16,0.14,4.67,25.31,2.6,95.9214,7.179621660978492,76.633381,0.1152480285286667,4308.2,86.7914,163.9,292.0,11.27
1998-12-11,,4.61,4.46,0.15,0.11,4.91,27.72,2.6,94.8332,7.116900310784015,76.633381,0.1142412189364765,4308.2,86.7914,163.9,292.0,11.27
1998-12-18,,4.58,4.45,0.13,0.09,4.67,25.04,2.65,95.0143,7.248505364837553,76.633381,0.1163537568584277,4308.2,86.7914,163.9,292.0,11.27
1998-12-25,,4.86,4.78,0.08,0.29,4.27,21.48,2.5,95.6919,7.481818300983831,76.633381,0.1200989202097551,4308.2,86.7914,163.9,292.0,11.27
1999-01-01,,4.65,4.54,0.11,0.17,4.07,24.42,2.58,94.6153,7.490737236250762,76.899559,0.1200656422219965,4346.8,86.7256,164.1,287.0,12.42
1999-01-08,,4.86,4.71,0.15,0.38,4.74,23.28,2.51,94.41,7.770200888606414,76.899559,0.1245450388206923,4346.8,86.7256,164.1,287.0,12.42
1999-01-15,,4.66,4.56,0.1,0.22,4.68,29.24,2.61,94.9793,7.576234063166514,76.899559,0.1214360322260544,4346.8,86.7256,164.1,287.0,12.42
1999-01-22,,4.64,4.59,0.05,0.28,4.62,31.95,2.59,94.8346,7.4661178635359535,76.899559,0.1196710294218303,4346.8,86.7256,164.1,287.0,12.42
1999-01-29,,4.66,4.58,0.08,0.18,4.79,26.25,2.55,95.5986,7.797928181891758,76.899559,0.1249894670752667,4346.8,86.7256,164.1,287.0,12.42
1999-02-05,,4.94,4.8,0.14,0.44,4.76,29.67,2.45,94.8935,7.538929588893324,77.258262,0.1206696636529168,4375.5,87.1185,164.4,287.0,12.36
1999-02-12,,5.06,4.91,0.15,0.52,4.68,29.76,2.31,95.2569,7.482542608776232,77.258262,0.1197671220062675,4375.5,87.1185,164.4,287.0,12.36
1999-02-19,,5.07,4.95,0.12,0.51,4.72,29.3,2.34,97.1383,7.53783437167351,77.258262,0.1206521333799539,4375.5,87.1185,164.4,287.0,12.36
1999-02-26,,5.29,5.13,0.16,0.63,4.84,27.88,2.24,97.5416,7.532420657266956,77.258262,0.1205654803493281,4375.5,87.1185,164.4,287.0,12.36
1999-03-05,,5.34,5.14,0.2,0.71,4.8,24.08,2.24,98.8087,7.7442014007475715,77.474973,0.1237903996258781,4401.7,87.4949,164.7,284.0,12.28
1999-03-12,,5.16,5.0,0.16,0.56,4.74,24.84,2.33,97.8005,7.860291231453021,77.474973,0.1256460856794641,4401.7,87.4949,164.7,284.0,12.28
1999-03-19,,5.17,5.04,0.13,0.66,4.75,24.32,2.33,97.386,7.888828409608379,77.474973,0.1261022500410605,4401.7,87.4949,164.7,284.0,12.28
1999-03-26,,5.21,4.99,0.22,0.7,4.78,24.04,2.33,98.5692,7.788707035993474,77.474973,0.1245018184136387,4401.7,87.4949,164.7,284.0,12.28
1999-04-02,,5.2,4.96,0.24,0.77,4.69,22.06,2.33,98.2701,7.855008929587887,78.679154,0.1254029796158179,4423.7,88.027,164.7,282.0,16.65
1999-04-09,,5.05,4.88,0.17,0.63,4.65,21.77,2.35,98.4564,8.186702948305632,78.679154,0.1306983801227824,4423.7,88.027,164.7,282.0,16.65
1999-04-16,,5.23,5.02,0.21,0.89,4.62,23.9,2.27,97.7958,8.008500303582272,78.679154,0.12785342567091,4423.7,88.027,164.7,282.0,16.65
1999-04-23,,5.26,5.04,0.22,0.83,4.71,22.76,2.26,97.9948,8.238311934340848,78.679154,0.1315223028810862,4423.7,88.027,164.7,282.0,16.65
1999-04-30,,5.36,5.08,0.28,0.81,5.03,25.07,2.22,97.9107,8.106739852525426,78.679154,0.129421792080677,4423.7,88.027,164.7,282.0,16.65
1999-05-07,,5.54,5.19,0.35,0.92,4.67,25.36,2.17,97.2749,8.16140776699029,80.442722,0.1301057082919615,4430.1,88.2267,164.8,277.0,18.83
1999-05-14,,5.62,5.3,0.32,0.98,4.81,26.86,2.12,98.2543,8.117718742889107,80.442722,0.1294092363611924,4430.1,88.2267,164.8,277.0,18.83
1999-05-21,,5.52,5.3,0.22,0.91,4.67,24.4,2.23,98.7578,8.07214829528216,80.442722,0.1286827715732101,4430.1,88.2267,164.8,277.0,18.83
1999-05-28,,5.64,5.42,0.22,0.98,4.61,25.39,2.18,98.9952,7.899514355705779,80.442722,0.1259307143760852,4430.1,88.2267,164.8,277.0,18.83
1999-06-04,,5.82,5.56,0.26,1.25,4.69,23.43,2.12,99.41,8.003315250150694,82.206289,0.1273684819349173,4459.9,88.4295,165.9,261.0,16.31
1999-06-11,,6.02,5.7,0.32,1.28,4.74,25.9,2.07,97.8423,7.797709551829039,82.206289,0.1240963772065793,4459.9,88.4295,165.9,261.0,16.31
1999-06-18,,5.84,5.56,0.28,1.15,4.69,21.75,2.13,98.96,8.094273452804776,82.206289,0.1288160330845938,4459.9,88.4295,165.9,261.0,16.31
1999-06-25,,6.02,5.73,0.29,1.22,4.91,21.76,2.13,98.8256,7.92833067265672,82.206289,0.1261751424867731,4459.9,88.4295,165.9,261.0,16.31
1999-07-02,,5.82,5.58,0.24,1.13,4.82,18.66,2.14,99.5392,8.380843197006778,83.917801,0.1331203295897167,4487.9,88.9886,166.0,257.0,19.39
1999-07-09,,5.84,5.61,0.23,1.15,4.98,17.96,2.11,100.3549,8.453494152390814,83.917801,0.1342743088371968,4487.9,88.9886,166.0,257.0,19.39
1999-07-16,,5.68,5.5,0.18,1.0,4.92,17.42,2.17,100.1547,8.546867646366717,83.917801,0.1357574424552383,4487.9,88.9886,166.0,257.0,19.39
1999-07-23,,5.84,5.58,0.26,1.19,5.0,23.32,2.18,98.7659,8.174336996423193,83.917801,0.129840209339546,4487.9,88.9886,166.0,257.0,19.39
1999-07-30,,5.92,5.63,0.29,1.17,5.07,24.64,2.19,97.4715,8.004337172910391,83.917801,0.1271399520976135,4487.9,88.9886,166.0,257.0,19.39
1999-08-06,,6.02,5.69,0.33,1.22,4.93,26.6,2.19,97.1798,7.833072524472891,85.670316,0.124127831835382,4510.1,88.9188,166.0,257.0,20.46
1999-08-13,,5.98,5.71,0.27,1.24,5.01,22.31,2.26,97.6002,7.998072612716491,85.670316,0.1267425278109824,4510.1,88.9188,166.0,257.0,20.46
1999-08-20,,5.88,5.65,0.23,1.04,4.95,22.95,2.23,96.8101,8.051867381635919,85.670316,0.1275949938144812,4510.1,88.9188,166.0,257.0,20.46
1999-08-27,,5.85,5.65,0.2,0.87,5.24,21.83,2.24,97.6195,8.122108551393072,85.670316,0.1287080799094071,4510.1,88.9188,166.0,257.0,20.46
1999-09-03,,5.89,5.64,0.25,0.97,5.09,20.98,2.28,96.6682,8.141811579090433,87.206206,0.1286638363892275,4537.6,89.4333,166.7,269.0,21.79
1999-09-10,,5.89,5.64,0.25,1.13,5.17,22.03,2.27,96.6866,8.108338537370651,87.206206,0.1281348668937476,4537.6,89.4333,166.7,269.0,21.79
1999-09-17,,5.87,5.63,0.24,1.2,5.11,23.3,2.28,96.269,8.010918080055864,87.206206,0.1265953459088719,4537.6,89.4333,166.7,269.0,21.79
1999-09-24,,5.75,5.55,0.2,0.97,5.23,27.79,2.41,95.3377,7.662627386632049,87.206206,0.1210913599274647,4537.6,89.4333,166.7,269.0,21.79
1999-10-01,,6.0,5.73,0.27,1.02,5.26,24.93,2.26,94.6314,7.676900410495213,89.829581,0.120933388712237,4553.6,89.7924,167.1,313.0,24.51
1999-10-08,,6.04,5.8,0.24,1.22,5.1,20.49,2.26,95.407,7.995332253328845,89.829581,0.1259496113761532,4553.6,89.7924,167.1,313.0,24.51
1999-10-15,,6.09,5.82,0.27,1.05,5.28,28.75,2.31,94.3724,7.465051072290171,89.829581,0.1175961488112797,4553.6,89.7924,167.1,313.0,24.51
1999-10-22,,6.21,5.96,0.25,1.14,5.11,21.64,2.25,94.9597,7.789647064117669,89.829581,0.1227094746531055,4553.6,89.7924,167.1,313.0,24.51
1999-10-29,,6.02,5.79,0.23,0.9,5.27,22.2,2.28,95.2186,8.156373750514287,89.829581,0.1284864808073761,4553.6,89.7924,167.1,313.0,24.51
1999-11-05,,5.92,5.72,0.2,0.78,5.14,21.66,2.27,95.988,8.165852088609952,92.55347,0.128169643876338,4569.5,89.4299,167.8,293.0,22.44
1999-11-12,,5.93,5.78,0.15,0.7,5.45,21.65,2.13,96.0643,8.319785808067639,92.55347,0.1305857579314739,4569.5,89.4299,167.8,293.0,22.44
1999-11-19,,6.07,5.92,0.15,0.84,5.43,19.11,2.02,96.2286,8.474374255065554,92.55347,0.1330121484641601,4569.5,89.4299,167.8,293.0,22.44
1999-11-26,,6.12,5.99,0.13,0.82,5.59,22.33,2.01,96.1857,8.442312247420665,92.55347,0.1325089093585268,4569.5,89.4299,167.8,293.0,22.44
1999-12-03,,6.17,5.99,0.18,0.92,5.42,19.32,1.96,96.9108,8.526472628364813,95.330734,0.1332846618005809,4592.9,90.523,168.1,283.0,25.01
1999-12-10,,6.08,5.93,0.15,0.78,5.42,21.48,1.95,96.2559,8.429744432257586,95.330734,0.1317726197796116,4592.9,90.523,168.1,283.0,25.01
1999-12-17,,6.3,6.15,0.15,0.86,5.4,21.35,1.93,96.7321,8.453480245668501,95.330734,0.1321436547903277,4592.9,90.523,168.1,283.0,25.01
1999-12-24,,6.41,6.24,0.17,0.94,4.96,21.12,1.88,96.2964,8.675431087568784,95.330734,0.1356131601987684,4592.9,90.523,168.1,283.0,25.01
1999-12-31,,6.45,6.24,0.21,1.12,3.99,24.64,1.73,95.8081,8.740333135038668,95.330734,0.1366277001878386,4592.9,90.523,168.1,283.0,25.01
2000-01-07,,6.52,6.31,0.21,1.14,5.61,21.72,1.7,95.7226,8.559797925790528,96.876842,0.133199634434848,4611.9,90.9618,168.4,284.0,25.56
2000-01-14,,6.69,6.44,0.25,1.28,5.56,19.66,1.73,96.374,8.700415821936238,96.876842,0.1353877996840733,4611.9,90.9618,168.4,284.0,25.56
2000-01-21,,6.79,6.48,0.31,1.32,5.36,20.82,1.63,96.0506,8.559144806125667,96.876842,0.1331894711925196,4611.9,90.9618,168.4,284.0,25.56
2000-01-28,,6.66,6.58,0.08,1.01,5.58,26.14,1.6,98.1014,8.07695982291976,96.876842,0.1256861558047246,4611.9,90.9618,168.4,284.0,25.56
2000-02-04,,6.53,6.63,-0.1,0.86,5.7,21.54,1.6,98.26,8.43821087154732,98.124024,0.130662407910458,4639.1,91.6634,168.8,299.0,28.28
2000-02-11,,6.63,6.65,-0.02,0.97,5.71,24.42,1.73,98.357,8.217535516097081,98.124024,0.1272453360040366,4639.1,91.6634,168.8,299.0,28.28
2000-02-18,,6.49,6.66,-0.17,0.74,5.7,26.0,1.82,98.6996,7.974466622158249,98.124024,0.123481508878399,4639.1,91.6634,168.8,299.0,28.28
2000-02-25,,6.36,6.45,-0.09,0.57,5.73,25.2,1.99,99.0934,7.899052045921578,98.124024,0.1223137435460753,4639.1,91.6634,168.8,299.0,28.28
2000-03-03,,6.39,6.5,-0.11,0.6,5.72,19.21,1.93,99.0601,8.323508824248744,99.12446,0.1282134463656007,4666.1,91.538,169.3,286.0,31.71
2000-03-10,,6.39,6.55,-0.16,0.52,5.75,21.24,2.09,98.7034,8.240224136379577,99.12446,0.1269305478805195,4666.1,91.538,169.3,286.0,31.71
2000-03-17,,6.2,6.5,-0.3,0.31,5.76,22.37,2.16,98.9251,8.65014749381645,99.12446,0.133244914515132,4666.1,91.538,169.3,286.0,31.71
2000-03-24,,6.2,6.64,-0.44,0.29,5.98,23.31,2.13,98.727,9.02220886554932,99.12446,0.1389760636899141,4666.1,91.538,169.3,286.0,31.71
2000-03-31,,6.03,6.5,-0.47,0.15,6.17,24.11,2.3,98.0581,8.851624075928456,99.12446,0.1363484141929706,4666.1,91.538,169.3,286.0,31.71
2000-04-07,,5.86,6.38,-0.52,-0.04,5.95,24.39,2.4,98.6818,8.91970573874081,99.69528,0.1366421565347554,4678.7,91.8239,170.0,278.0,26.28
2000-04-14,,5.85,6.27,-0.42,0.04,6.08,33.49,2.53,99.1207,7.979765050551471,99.69528,0.1222430803308038,4678.7,91.8239,170.0,278.0,26.28
2000-04-21,,5.99,6.38,-0.39,0.2,5.94,25.85,2.41,99.9819,8.438470818014705,99.69528,0.1292700548876971,4678.7,91.8239,170.0,278.0,26.28
2000-04-28,,6.23,6.68,-0.45,0.41,6.06,26.2,2.34,101.8348,8.543706198299633,99.69528,0.1308821696510164,4678.7,91.8239,170.0,278.0,26.28
2000-05-05,,6.51,6.84,-0.33,0.54,5.94,27.53,2.36,102.9486,8.377953244928728,100.206969,0.1276252298553625,4709.1,92.1504,171.0,275.0,25.84
2000-05-12,,6.51,6.91,-0.4,0.37,6.11,26.05,2.52,102.4121,8.309707373903509,100.206969,0.1265856089931256,4709.1,92.1504,171.0,275.0,25.84
2000-05-19,,6.51,6.86,-0.35,0.62,6.51,25.44,2.55,102.9651,8.227777492233187,100.206969,0.1253375332788661,4709.1,92.1504,171.0,275.0,25.84
2000-05-26,,6.33,6.69,-0.36,0.5,6.4,24.47,2.51,101.8204,8.058596605445906,100.206969,0.122760322720138,4709.1,92.1504,171.0,275.0,25.84
2000-06-02,,6.15,6.52,-0.37,0.28,6.44,21.48,2.5,100.8609,8.644002397692363,100.308521,0.1309293591990299,4766.4,92.6989,170.9,285.0,30.19
2000-06-09,,6.13,6.56,-0.43,0.21,6.47,22.14,2.34,100.1414,8.525160627102837,100.308521,0.1291292813932303,4766.4,92.6989,170.9,285.0,30.19
2000-06-16,,5.99,6.38,-0.39,0.16,6.46,20.5,2.37,99.3094,8.56910451104447,100.308521,0.1297948925650563,4766.4,92.6989,170.9,285.0,30.19
2000-06-23,,6.19,6.55,-0.36,0.33,6.51,22.34,2.34,100.3291,8.434640026148331,100.308521,0.1277581799367512,4766.4,92.6989,170.9,285.0,30.19
2000-06-30,,6.03,6.38,-0.35,0.15,6.86,19.54,2.4,99.941,8.51141003853679,100.308521,0.1289210033679902,4766.4,92.6989,170.9,285.0,30.19
2000-07-07,,6.01,6.29,-0.28,-0.03,6.42,19.22,2.37,100.5526,8.638434722044758,101.219982,0.1300930147340269,4757.5,92.9499,171.2,282.0,30.76
2000-07-14,,6.1,6.41,-0.31,-0.07,6.51,19.32,2.24,101.1533,8.819976521429615,101.219982,0.1328269961487323,4757.5,92.9499,171.2,282.0,30.76
2000-07-21,,6.01,6.32,-0.31,-0.12,6.51,18.94,2.27,101.161,8.645969283915012,101.219982,0.1302064836551846,4757.5,92.9499,171.2,282.0,30.76
2000-07-28,,6.04,6.3,-0.26,-0.16,6.44,20.84,2.25,101.8777,8.293750085563303,101.219982,0.1249021364169236,4757.5,92.9499,171.2,282.0,30.76
2000-08-04,,5.91,6.15,-0.24,-0.32,6.44,18.62,2.33,102.547,8.49552876719476,102.363638,0.1271984623072415,4775.8,92.9862,172.2,273.8999938964844,32.04999923706055
2000-08-11,,5.79,6.25,-0.46,-0.5,6.5,18.55,2.45,102.5872,8.547270417074985,102.363638,0.1279731590309367,4775.8,92.9862,172.2,273.8999938964844,32.04999923706055
2000-08-18,,5.78,6.27,-0.49,-0.49,6.44,17.05,2.46,102.3424,8.662717599902004,102.363638,0.1297016805315647,4775.8,92.9862,172.2,273.8999938964844,32.04999923706055
2000-08-25,,5.73,6.19,-0.46,-0.58,6.54,16.53,2.5,102.5466,8.748257556166521,102.363638,0.1309824190471813,4775.8,92.9862,172.2,273.8999938964844,32.04999923706055
2000-09-01,277.0,5.68,6.09,-0.41,-0.59,6.52,17.53,2.54,102.2838,8.805848404929069,102.970987,0.1310639173415574,4793.4,92.8048,172.7,277.0,33.380001068115234
2000-09-08,273.29998779296875,5.73,6.11,-0.38,-0.41,6.5,18.46,2.52,104.1357,8.653734800231616,102.970987,0.1287998987035084,4793.4,92.8048,172.7,277.0,33.380001068115234
2000-09-15,272.29998779296875,5.84,6.07,-0.23,-0.3,6.55,18.52,2.6,105.1092,8.48760890905472,102.970987,0.1263273249016117,4793.4,92.8048,172.7,277.0,33.380001068115234
2000-09-22,271.79998779296875,5.85,6.09,-0.24,-0.31,6.48,20.74,2.55,104.0067,8.388650669965982,102.970987,0.1248544566586231,4793.4,92.8048,172.7,277.0,33.380001068115234
2000-09-29,273.6000061035156,5.8,5.98,-0.18,-0.43,6.6,20.57,2.54,104.0693,8.317950259210336,102.970987,0.1238021704545924,4793.4,92.8048,172.7,277.0,33.380001068115234
2000-10-06,269.29998779296875,5.82,5.98,-0.16,-0.42,6.43,22.71,2.53,105.0839,8.158598669567892,100.432583,0.1207057520869897,4820.4,92.5521,172.7,273.1000061035156,32.150001525878906
2000-10-13,272.3999938964844,5.73,5.84,-0.11,-0.46,6.46,27.6,2.64,105.451,7.956977671947381,100.432583,0.1177227871024402,4820.4,92.5521,172.7,273.1000061035156,32.150001525878906
2000-10-20,271.20001220703125,5.64,5.84,-0.2,-0.67,6.5,24.24,2.65,106.5662,8.08876695837254,100.432583,0.1196725980417003,4820.4,92.5521,172.7,273.1000061035156,32.150001525878906
2000-10-27,264.3999938964844,5.72,5.94,-0.22,-0.63,6.51,26.47,2.58,106.8033,7.988303161868487,100.432583,0.118186244979652,4820.4,92.5521,172.7,273.1000061035156,32.150001525878906
2000-11-03,264.6000061035156,5.83,5.94,-0.11,-0.55,6.48,23.67,2.52,105.8063,8.218260031141993,98.015385,0.1208949642745797,4855.9,92.9792,173.6,263.8999938964844,33.20000076293945
2000-11-10,264.5,5.82,5.92,-0.1,-0.55,6.48,28.53,2.5,106.2049,7.868548274589574,98.015385,0.1157505188378818,4855.9,92.9792,173.6,263.8999938964844,33.20000076293945
2000-11-17,265.70001220703125,5.71,5.88,-0.17,-0.64,6.48,24.81,2.58,107.2945,7.878571259810628,98.015385,0.1158979622669815,4855.9,92.9792,173.6,263.8999938964844,33.20000076293945
2000-11-24,266.29998779296875,5.63,5.86,-0.23,-0.73,6.49,26.0,2.63,108.1873,7.729089974258353,98.015385,0.1136990132670617,4855.9,92.9792,173.6,263.8999938964844,33.20000076293945
2000-12-01,268.70001220703125,5.52,5.62,-0.1,-0.71,6.6,27.48,2.66,106.0817,7.56313962316705,95.710848,0.1106533378606153,4871.4,92.6179,173.9,268.70001220703125,32.04999923706055
2000-12-08,272.20001220703125,5.35,5.5,-0.15,-0.74,6.47,22.41,2.74,105.3091,7.877458393608036,95.710848,0.1152520128599505,4871.4,92.6179,173.9,268.70001220703125,32.04999923706055
2000-12-15,270.3999938964844,5.2,5.38,-0.18,-0.82,6.58,26.55,2.77,104.691,7.545428547521923,95.710848,0.1103942140397047,4871.4,92.6179,173.9,268.70001220703125,32.04999923706055
2000-12-22,273.70001220703125,5.02,5.1,-0.08,-0.25,6.44,27.55,2.9,103.7337,7.509775452397211,95.710848,0.1098725875489644,4871.4,92.6179,173.9,268.70001220703125,32.04999923706055
2000-12-29,272.0,5.12,5.11,0.01,-0.77,5.41,26.85,2.88,102.9824,7.592179581925675,95.710848,0.1110782101396003,4871.4,92.6179,173.9,268.70001220703125,32.04999923706055
2001-01-05,268.0,4.93,4.56,0.37,-0.19,5.83,28.67,2.99,102.6745,7.453214555602397,92.218249,0.1084817818220844,4882.6,92.6438,174.2,268.3999938964844,27.200000762939453
2001-01-12,263.8999938964844,5.25,4.9,0.35,-0.08,5.98,24.56,2.8,103.3015,7.569173644248709,92.218249,0.1101695701530082,4882.6,92.6438,174.2,268.3999938964844,27.200000762939453
2001-01-19,264.29998779296875,5.19,4.75,0.44,-0.05,5.92,23.24,2.7,104.142,7.706888857993686,92.218249,0.112174019596884,4882.6,92.6438,174.2,268.3999938964844,27.200000762939453
2001-01-26,262.79998779296875,5.29,4.78,0.51,0.12,5.96,22.57,2.65,104.7016,7.778128307530856,92.218249,0.1132109121167709,4882.6,92.6438,174.2,268.3999938964844,27.200000762939453
2001-02-02,267.1000061035156,5.17,4.65,0.52,0.11,5.5,21.95,2.63,103.457,7.728923085355814,88.971236,0.1119542898840613,4927.3,92.3415,174.6,268.5,29.799999237060547
2001-02-09,259.8999938964844,5.03,4.67,0.36,-0.03,5.44,22.03,2.79,104.7196,7.530126058222366,88.971236,0.1090746933661509,4927.3,92.3415,174.6,268.5,29.799999237060547
2001-02-16,258.20001220703125,5.11,4.75,0.36,0.09,5.46,22.12,2.81,105.3787,7.454352974208907,88.971236,0.1079771120188704,4927.3,92.3415,174.6,268.5,29.799999237060547
2001-02-23,260.8999938964844,5.1,4.53,0.57,0.21,5.46,27.21,2.86,105.8993,7.135509652643543,88.971236,0.1033586318948077,4927.3,92.3415,174.6,268.5,29.799999237060547
2001-03-02,262.1000061035156,4.95,4.48,0.47,0.11,5.52,27.43,2.87,105.3944,7.02836021475477,85.895977,0.1013536818616007,4976.8,91.902,175.6,265.20001220703125,27.649999618530273
2001-03-09,270.79998779296875,4.95,4.47,0.48,0.23,5.42,25.62,2.82,105.7422,7.024032140918636,85.895977,0.1012912681256428,4976.8,91.902,175.6,265.20001220703125,27.649999618530273
2001-03-16,258.1000061035156,4.78,4.26,0.52,0.24,5.4,29.91,3.03,108.7744,6.551993333125712,85.895977,0.0944841510045061,4976.8,91.902,175.6,265.20001220703125,27.649999618530273
2001-03-23,261.5,4.8,4.24,0.56,0.51,4.94,30.45,3.04,108.7129,6.491058975254485,85.895977,0.0936054365770417,4976.8,91.902,175.6,265.20001220703125,27.649999618530273
2001-03-30,257.8999938964844,4.93,4.18,0.75,0.63,5.29,28.64,3.04,110.1972,6.607801572065418,85.895977,0.0952889433489389,4976.8,91.902,175.6,265.20001220703125,27.649999618530273
2001-04-06,260.0,4.89,4.07,0.82,0.95,4.94,31.69,3.06,108.4323,6.411534396084872,80.127239,0.092079840602377,5014.9,91.3034,176.0,255.6000061035156,25.59000015258789
2001-04-13,260.1000061035156,5.17,4.36,0.81,1.16,5.01,26.12,2.92,108.9352,6.724431818181818,80.127239,0.0965735456925618,5014.9,91.3034,176.0,255.6000061035156,25.59000015258789
2001-04-20,264.79998779296875,5.29,4.26,1.03,1.52,4.38,25.38,2.87,107.4964,7.0623862526633525,80.127239,0.1014271093694452,5014.9,91.3034,176.0,255.6000061035156,25.59000015258789
2001-04-27,263.8999938964844,5.34,4.28,1.06,1.49,4.51,24.02,2.76,108.2881,7.119602550159801,80.127239,0.1022488264854835,5014.9,91.3034,176.0,255.6000061035156,25.59000015258789
2001-05-04,266.1000061035156,5.21,4.14,1.07,1.47,4.41,23.91,2.73,107.5973,7.192560961678379,74.362104,0.1029275553191999,5072.2,91.1162,176.1,264.3999938964844,28.940000534057617
2001-05-11,267.8999938964844,5.51,4.36,1.15,1.73,4.47,23.54,2.67,109.0624,7.073651584016539,74.362104,0.1012259289287571,5072.2,91.1162,176.1,264.3999938964844,28.940000534057617
2001-05-18,287.3999938964844,5.41,4.37,1.04,1.8,3.95,21.23,2.62,108.7009,7.336513122870528,74.362104,0.1049875509331914,5072.2,91.1162,176.1,264.3999938964844,28.940000534057617
2001-05-25,277.8999938964844,5.52,4.31,1.21,1.86,3.94,20.6,2.65,109.48,7.256615642523779,74.362104,0.1038441956843349,5072.2,91.1162,176.1,264.3999938964844,28.940000534057617
2001-06-01,266.3999938964844,5.39,4.22,1.17,1.72,4.14,21.59,2.63,109.6113,7.146655577921273,68.841479,0.101959511613316,5137.9,90.7891,176.4,266.3999938964844,27.93000030517578
2001-06-08,273.3999938964844,5.38,4.17,1.21,1.74,4.02,19.92,2.65,109.6323,7.170974835246598,68.841479,0.1023064682523556,5137.9,90.7891,176.4,266.3999938964844,27.93000030517578
2001-06-15,271.20001220703125,5.27,4.01,1.26,1.75,3.94,22.81,2.71,109.2628,6.884126901085955,68.841479,0.0982140819668513,5137.9,90.7891,176.4,266.3999938964844,27.93000030517578
2001-06-22,272.29998779296875,5.14,3.93,1.21,1.69,3.98,20.02,2.75,109.8997,6.946428433026856,68.841479,0.0991029220264003,5137.9,90.7891,176.4,266.3999938964844,27.93000030517578
2001-06-29,270.6000061035156,5.42,4.25,1.17,1.77,3.95,19.06,2.65,110.2966,6.940929732895762,68.841479,0.09902447347466,5137.9,90.7891,176.4,266.3999938964844,27.93000030517578
2001-07-06,265.8999938964844,5.41,4.16,1.25,1.78,3.6,21.63,2.69,110.5894,6.7151154304586145,63.731238,0.0955607906787214,5139.1,90.3555,177.3,269.3999938964844,25.950000762939453
2001-07-13,267.1000061035156,5.27,4.12,1.15,1.65,3.75,21.14,2.71,110.5779,6.856627488499365,63.731238,0.0975746062708718,5139.1,90.3555,177.3,269.3999938964844,25.950000762939453
2001-07-20,269.8999938964844,5.15,3.98,1.17,1.62,3.8,22.34,2.77,109.2267,6.829385085087069,63.731238,0.0971869278106834,5139.1,90.3555,177.3,269.3999938964844,25.950000762939453
2001-07-27,267.3999938964844,5.13,3.87,1.26,1.58,3.75,22.0,2.77,108.9609,6.801014925488226,63.731238,0.0967832005909471,5139.1,90.3555,177.3,269.3999938964844,25.950000762939453
2001-08-03,267.8999938964844,5.2,3.91,1.29,1.68,3.69,19.89,2.72,108.4798,6.833708360078433,58.427078,0.0970452279797672,5182.3,89.8784,177.7,267.3999938964844,26.770000457763672
2001-08-10,273.8999938964844,4.99,3.73,1.26,1.56,3.7,20.55,2.87,107.8987,6.697580383678602,58.427078,0.0951120798546116,5182.3,89.8784,177.7,267.3999938964844,26.770000457763672
2001-08-17,279.29998779296875,4.84,3.67,1.17,1.48,3.66,23.84,2.97,106.4573,6.538941872274198,58.427078,0.0928592604929386,5182.3,89.8784,177.7,267.3999938964844,26.770000457763672
2001-08-24,272.5,4.93,3.76,1.17,1.51,3.51,19.71,2.91,106.6427,6.668148867253447,58.427078,0.0946941240287595,5182.3,89.8784,177.7,267.3999938964844,26.770000457763672
2001-08-31,274.3999938964844,4.85,3.64,1.21,1.48,3.66,24.92,2.9,106.6244,6.379178143245287,58.427078,0.0905904619593222,5182.3,89.8784,177.7,267.3999938964844,26.770000457763672
2001-09-07,273.1000061035156,4.8,3.53,1.27,1.53,3.44,30.99,2.99,107.4443,6.120518767175169,52.884565,0.0867762259783621,5212.0,89.3028,177.4,271.6000061035156,26.93000030517578
2001-09-14,290.20001220703125,4.57,2.87,1.7,1.93,3.13,31.84,3.36,106.1551,6.158624797421082,52.884565,0.0873164902300611,5212.0,89.3028,177.4,271.6000061035156,26.93000030517578
2001-09-21,291.8999938964844,4.7,2.91,1.79,2.45,3.11,42.66,3.53,106.8038,5.444193843252361,52.884565,0.0771873452534344,5212.0,89.3028,177.4,271.6000061035156,26.93000030517578
2001-09-28,292.3999938964844,4.6,2.86,1.74,2.2,2.75,31.93,3.42,107.3094,5.867756152233652,52.884565,0.0831925778224771,5212.0,89.3028,177.4,271.6000061035156,26.93000030517578
2001-10-05,291.3999938964844,4.52,2.71,1.81,2.33,2.42,33.39,3.4,106.7608,6.03934613800909,50.801401,0.0855281157722105,5244.4,89.2003,177.4,292.20001220703125,23.280000686645508
2001-10-12,284.8999938964844,4.68,2.81,1.87,2.43,2.39,35.27,3.33,107.495,6.153607803912415,50.801401,0.0871462685931261,5244.4,89.2003,177.4,292.20001220703125,23.280000686645508
2001-10-19,280.1000061035156,4.63,2.77,1.86,2.44,2.47,34.11,3.29,108.2085,6.051183655404453,50.801401,0.0856957565291915,5244.4,89.2003,177.4,292.20001220703125,23.280000686645508
2001-10-26,277.8999938964844,4.53,2.63,1.9,2.39,2.51,28.42,3.31,108.8678,6.226662826108019,50.801401,0.0881808604600773,5244.4,89.2003,177.4,292.20001220703125,23.280000686645508
2001-11-02,279.79998779296875,4.37,2.48,1.89,2.36,2.43,30.71,3.37,108.2576,6.104435436113841,48.621758,0.0863571716378817,5355.9,88.7485,178.1,279.70001220703125,20.38999938964844
2001-11-09,277.3999938964844,4.34,2.45,1.89,2.51,1.98,27.44,3.27,108.6088,6.290342833204661,48.621758,0.0889871342556114,5355.9,88.7485,178.1,279.70001220703125,20.38999938964844
2001-11-16,274.70001220703125,4.91,3.09,1.82,2.96,1.98,25.07,3.07,109.3236,6.393318497552288,48.621758,0.0904438925772711,5355.9,88.7485,178.1,279.70001220703125,20.38999938964844
2001-11-23,272.8999938964844,5.04,3.2,1.84,3.09,1.88,23.25,2.97,110.3919,6.458955450984349,48.621758,0.0913724340800261,5355.9,88.7485,178.1,279.70001220703125,20.38999938964844
2001-11-30,273.8999938964844,4.78,2.84,1.94,3.0,2.06,23.84,3.1,108.677,6.397809944816816,48.621758,0.0905074314067639,5355.9,88.7485,178.1,279.70001220703125,20.38999938964844
2001-12-07,273.8999938964844,5.2,3.19,2.01,3.51,1.92,23.49,2.96,109.3089,6.5220160956855295,46.539847,0.0921718371902784,5344.0,88.5052,177.6,276.8999938964844,20.09000015258789
2001-12-14,278.0,5.24,3.2,2.04,3.51,1.88,24.63,2.91,108.6173,6.32370476250176,46.539847,0.0893692191582111,5344.0,88.5052,177.6,276.8999938964844,20.09000015258789
2001-12-21,278.0,5.12,3.17,1.95,3.41,1.78,22.5,2.87,110.4333,6.446452785182644,46.539847,0.0911039451380282,5344.0,88.5052,177.6,276.8999938964844,20.09000015258789
2001-12-28,276.5,5.15,3.16,1.99,3.43,1.54,21.4,2.87,111.0767,6.5372748847480295,46.539847,0.0923874807275766,5344.0,88.5052,177.6,276.8999938964844,20.09000015258789
2002-01-04,278.8999938964844,5.18,3.19,1.99,3.46,1.61,20.45,2.78,110.4276,6.605690195862676,46.441,0.0932668432167301,5387.5,87.97,177.5,278.8999938964844,21.010000228881836
2002-01-11,287.3999938964844,4.92,2.76,2.16,3.34,1.71,22.6,2.86,110.7993,6.454084369498239,46.441,0.0911262952317321,5387.5,87.97,177.5,278.8999938964844,21.010000228881836
2002-01-18,283.1000061035156,4.94,2.91,2.03,3.32,1.71,22.52,2.86,111.578,6.352563132702465,46.441,0.0896928999324294,5387.5,87.97,177.5,278.8999938964844,21.010000228881836
2002-01-25,278.79998779296875,5.1,3.17,1.93,3.38,1.78,21.01,2.81,112.9221,6.384676221390845,46.441,0.0901463099954353,5387.5,87.97,177.5,278.8999938964844,21.010000228881836
2002-02-01,286.0,5.02,3.08,1.94,3.26,1.77,21.12,2.86,112.6457,6.32581708665093,46.264406,0.0892340142851994,5440.1,87.9324,177.4,286.0,20.399999618530273
2002-02-08,303.5,4.9,2.95,1.95,3.17,1.69,23.26,3.03,112.3568,6.179368493253241,46.264406,0.0871681632344515,5440.1,87.9324,177.4,286.0,20.399999618530273
2002-02-15,298.3999938964844,4.86,2.97,1.89,3.12,1.73,22.37,2.98,111.7309,6.224239310659174,46.264406,0.0878011254441618,5440.1,87.9324,177.4,286.0,20.399999618530273
2002-02-22,293.20001220703125,4.84,2.97,1.87,3.08,1.71,22.86,2.98,111.8767,6.14340454239184,46.264406,0.0866608441544087,5440.1,87.9324,177.4,286.0,20.399999618530273
2002-03-01,298.0,4.98,3.18,1.8,3.21,1.78,19.96,2.97,112.3696,6.369049123786579,46.011866,0.0897645301406157,5459.6,88.5176,177.7,298.0,22.36000061035156
2002-03-08,290.1000061035156,5.33,3.6,1.73,3.52,1.69,19.27,2.79,110.7234,6.55211062798959,46.011866,0.0923445746012946,5459.6,88.5176,177.7,298.0,22.36000061035156
2002-03-15,289.8999938964844,5.35,3.63,1.72,3.49,1.8,18.42,2.81,110.5263,6.562521295327448,46.011866,0.0924913011602943,5459.6,88.5176,177.7,298.0,22.36000061035156
2002-03-22,297.29998779296875,5.4,3.77,1.63,3.56,1.68,17.77,2.78,111.0404,6.464265341428672,46.011866,0.0911064948314654,5459.6,88.5176,177.7,298.0,22.36000061035156
2002-03-29,302.6000061035156,5.42,3.72,1.7,3.63,1.74,17.4,2.81,111.7899,6.45689372340145,46.011866,0.0910026002287188,5459.6,88.5176,177.7,298.0,22.36000061035156
2002-04-05,300.1000061035156,5.22,3.49,1.73,3.46,1.7,19.13,2.85,111.011,6.307471800386236,47.015638,0.0888205056530809,5488.4,88.5278,178.0,303.20001220703125,26.86000061035156
2002-04-12,302.1000061035156,5.18,3.41,1.77,3.47,1.79,19.42,2.86,111.0744,6.241629268346208,47.015638,0.0878933248151235,5488.4,88.5278,178.0,303.20001220703125,26.86000061035156
2002-04-19,302.29998779296875,5.21,3.36,1.85,3.48,1.67,18.3,2.8,109.9217,6.321180022164677,47.015638,0.0890135419802335,5488.4,88.5278,178.0,303.20001220703125,26.86000061035156
2002-04-26,311.6000061035156,5.08,3.22,1.86,3.33,1.79,22.14,2.83,108.8684,6.046741271286868,47.015638,0.0851489525860686,5488.4,88.5278,178.0,303.20001220703125,26.86000061035156
2002-05-03,312.20001220703125,5.08,3.17,1.91,3.32,1.73,20.19,2.89,107.9714,6.013613746279762,48.275317,0.0846064112880513,5499.8,89.1686,178.5,309.1000061035156,26.739999771118164
2002-05-10,311.0,5.15,3.19,1.96,3.38,1.74,22.41,2.93,108.0338,5.910308068539916,48.275317,0.0831529885994632,5499.8,89.1686,178.5,309.1000061035156,26.739999771118164
2002-05-17,310.6000061035156,5.27,3.41,1.86,3.51,1.7,17.7,2.94,106.9372,6.199383562018557,48.275317,0.0872200339945354,5499.8,89.1686,178.5,309.1000061035156,26.739999771118164
2002-05-24,320.3999938964844,5.16,3.28,1.88,3.42,1.75,18.9,2.96,106.4924,6.071820427389706,48.275317,0.0854253295973203,5499.8,89.1686,178.5,309.1000061035156,26.739999771118164
2002-05-31,326.5,5.08,3.22,1.86,3.34,1.79,19.98,2.98,105.6437,5.978375432204132,48.275317,0.0841106382937141,5499.8,89.1686,178.5,309.1000061035156,26.739999771118164
2002-06-07,324.6000061035156,5.1,3.16,1.94,3.36,1.73,23.51,2.96,105.3542,5.730786554918432,49.50746,0.0805488904941682,5501.3,89.604,179.3,326.70001220703125,25.11000061035156
2002-06-14,319.1000061035156,4.83,2.92,1.91,3.12,1.75,25.96,3.02,105.6347,5.617791519973507,49.50746,0.0789606923281848,5501.3,89.604,179.3,326.70001220703125,25.11000061035156
2002-06-21,324.6000061035156,4.79,2.88,1.91,3.07,1.74,27.23,3.05,103.2381,5.516676043772657,49.50746,0.0775394669271484,5501.3,89.604,179.3,326.70001220703125,25.11000061035156
2002-06-28,313.5,4.86,2.9,1.96,3.16,1.73,25.4,3.13,102.202,5.520468529415609,49.50746,0.0775927720900309,5501.3,89.604,179.3,326.70001220703125,25.11000061035156
2002-07-05,310.8999938964844,4.9,2.9,2.0,3.18,1.72,27.11,3.15,102.9318,5.509916597754178,51.486803,0.0773628885832439,5530.1,89.964,179.5,314.0,26.809999465942383
2002-07-12,315.6000061035156,4.63,2.56,2.07,2.92,1.71,32.94,3.24,101.5739,5.133092003612465,51.486803,0.0720720210038882,5530.1,89.964,179.5,314.0,26.809999465942383
2002-07-19,323.8999938964844,4.61,2.48,2.13,2.9,1.72,38.17,3.25,100.4576,4.722841225626741,51.486803,0.0663118276025153,5530.1,89.964,179.5,314.0,26.809999465942383
2002-07-26,303.3999938964844,4.43,2.2,2.23,2.74,1.69,35.51,3.34,103.1594,4.751197921200383,51.486803,0.0667099744421873,5530.1,89.964,179.5,314.0,26.809999465942383
2002-08-02,307.0,4.33,1.99,2.34,2.7,1.72,41.29,3.34,103.178,4.812026671683602,53.343411,0.0674828424334543,5555.3,90.7061,179.6,304.0,26.469999313354492
2002-08-09,314.20001220703125,4.27,2.1,2.17,2.65,1.68,35.33,3.36,104.0439,5.059242843254107,53.343411,0.0709497496414431,5555.3,90.7061,179.6,304.0,26.469999313354492
2002-08-16,313.70001220703125,4.32,2.28,2.04,2.7,1.7,28.81,3.32,102.7336,5.1713252757864705,53.343411,0.0725215699263655,5555.3,90.7061,179.6,304.0,26.469999313354492
2002-08-23,306.70001220703125,4.25,2.19,2.06,2.6,1.72,29.32,3.27,103.5451,5.2386413438282995,53.343411,0.0734655962011237,5555.3,90.7061,179.6,304.0,26.469999313354492
2002-08-30,312.3999938964844,4.14,2.14,2.0,2.45,1.81,32.64,3.32,102.9413,5.100612512941084,53.343411,0.0715299091234008,5555.3,90.7061,179.6,304.0,26.469999313354492
2002-09-06,319.8999938964844,4.05,2.08,1.97,2.39,1.71,36.33,3.42,102.7607,4.9662221272786455,55.279201,0.0695519450252969,5597.6,90.6769,180.0,313.3999938964844,27.790000915527344
2002-09-13,316.6000061035156,3.92,2.07,1.85,2.23,1.72,35.82,3.44,104.1174,4.943388875325521,55.279201,0.0692321653126921,5597.6,90.6769,180.0,313.3999938964844,27.790000915527344
2002-09-20,321.8999938964844,3.79,1.94,1.85,2.14,1.7,38.98,3.59,103.7595,4.69661119249132,55.279201,0.0657760436592372,5597.6,90.6769,180.0,313.3999938964844,27.790000915527344
2002-09-27,319.70001220703125,3.69,1.82,1.87,2.06,1.78,36.97,3.71,104.1048,4.596499972873264,55.279201,0.0643739859451764,5597.6,90.6769,180.0,313.3999938964844,27.790000915527344
2002-10-04,322.1000061035156,3.69,1.78,1.91,2.08,1.72,39.46,3.78,104.1508,4.435346355068386,53.687398,0.0620246973225791,5638.5,90.5762,180.5,320.8999938964844,30.829999923706055
2002-10-11,316.29998779296875,3.83,1.85,1.98,2.25,1.73,35.7,3.88,104.134,4.62781167492642,53.687398,0.0647161676731745,5638.5,90.5762,180.5,320.8999938964844,30.829999923706055
2002-10-18,312.70001220703125,4.14,2.09,2.05,2.47,1.71,33.53,3.76,104.7514,4.899667671182479,53.687398,0.0685178518108387,5638.5,90.5762,180.5,320.8999938964844,30.829999923706055
2002-10-25,313.3999938964844,4.12,1.98,2.14,2.48,1.82,30.0,3.78,104.1136,4.973130329163781,53.687398,0.069545167100567,5638.5,90.5762,180.5,320.8999938964844,30.829999923706055
2002-11-01,318.79998779296875,4.01,1.76,2.25,2.58,1.74,29.3,3.76,102.6738,4.983185962238142,52.187066,0.0696006951605653,5662.9,90.6531,180.8,318.79998779296875,27.1299991607666
2002-11-08,321.29998779296875,3.85,1.87,1.98,2.63,1.18,29.41,3.66,101.5327,4.9487831318272955,52.187066,0.0691201871220874,5662.9,90.6531,180.8,318.79998779296875,27.1299991607666
2002-11-15,320.70001220703125,4.05,1.91,2.14,2.83,1.35,26.65,3.54,102.2847,5.032245669744711,52.187066,0.0702859173803875,5662.9,90.6531,180.8,318.79998779296875,27.1299991607666
2002-11-22,320.70001220703125,4.18,2.1,2.08,2.95,1.25,23.16,3.43,103.1346,5.1468472776159775,52.187066,0.071886570383266,5662.9,90.6531,180.8,318.79998779296875,27.1299991607666
2002-11-29,316.79998779296875,4.22,2.08,2.14,3.0,1.23,27.5,3.38,103.1296,5.178705738709036,52.187066,0.072331540941384,5662.9,90.6531,180.8,318.79998779296875,27.1299991607666
2002-12-06,326.29998779296875,4.09,1.89,2.2,2.88,1.21,28.88,3.42,102.6079,5.034381790666391,50.79881,0.0702484551401001,5707.3,90.4643,181.2,317.6000061035156,27.239999771118164
2002-12-13,333.20001220703125,4.07,1.87,2.2,2.86,1.25,28.18,3.42,101.3383,4.9088299142867005,50.79881,0.0684965368863106,5707.3,90.4643,181.2,317.6000061035156,27.239999771118164
2002-12-20,340.5,3.97,1.76,2.21,2.76,1.26,26.71,3.42,100.9067,4.943487912613825,50.79881,0.0689801455878283,5707.3,90.4643,181.2,317.6000061035156,27.239999771118164
2002-12-27,349.20001220703125,3.83,1.6,2.23,2.67,1.2,29.55,3.49,100.5736,4.831125962550014,50.79881,0.0674122761379694,5707.3,90.4643,181.2,317.6000061035156,27.239999771118164
2003-01-03,351.20001220703125,4.05,1.79,2.26,2.83,1.12,24.68,3.39,100.4474,5.006005657605888,52.243268,0.0698038821948404,5758.0,90.9711,181.5,346.1000061035156,31.850000381469727
2003-01-10,354.5,4.16,1.79,2.37,2.96,1.25,24.32,3.31,99.568,5.110578552750517,52.243268,0.071262049554751,5758.0,90.9711,181.5,346.1000061035156,31.850000381469727
2003-01-17,356.6000061035156,4.05,1.7,2.35,2.87,1.2,25.7,3.29,98.4977,4.968485009900138,52.243268,0.0692806932391214,5758.0,90.9711,181.5,346.1000061035156,31.850000381469727
2003-01-24,368.20001220703125,3.94,1.66,2.28,2.78,1.21,31.51,3.33,97.5672,4.746005644154614,52.243268,0.0661784347720963,5758.0,90.9711,181.5,346.1000061035156,31.850000381469727
2003-01-31,368.29998779296875,4.0,1.72,2.28,2.82,1.33,31.17,3.16,98.3091,4.714600618220558,52.243268,0.0657405222165449,5758.0,90.9711,181.5,346.1000061035156,31.850000381469727
2003-02-07,369.8999938964844,3.96,1.63,2.33,2.79,1.21,34.01,3.11,98.0715,4.56375138856659,53.499175,0.0635848343912708,5779.0,90.4652,181.8,370.7999877929687,32.7599983215332
2003-02-14,351.8999938964844,3.95,1.62,2.33,2.77,1.3,32.62,3.16,98.1211,4.592354315998006,53.499175,0.0639833469851839,5779.0,90.4652,181.8,370.7999877929687,32.7599983215332
2003-02-21,351.79998779296875,3.9,1.63,2.27,2.71,1.21,30.25,3.16,97.7541,4.665401446150474,53.499175,0.0650010820189411,5779.0,90.4652,181.8,370.7999877929687,32.7599983215332
2003-02-28,350.20001220703125,3.71,1.53,2.18,2.51,1.33,29.63,3.21,97.3887,4.626787813058649,53.499175,0.0644630944608239,5779.0,90.4652,181.8,370.7999877929687,32.7599983215332
2003-03-07,350.79998779296875,3.63,1.39,2.24,2.51,1.2,31.08,3.26,95.7182,4.539375764777861,54.825169,0.0631872454238897,5811.1,91.2361,182.6,349.20001220703125,35.880001068115234
2003-03-14,336.5,3.72,1.56,2.16,2.59,1.3,30.98,3.22,97.5359,4.563362648035323,54.825169,0.0635211382668448,5811.1,91.2361,182.6,349.20001220703125,35.880001068115234
2003-03-21,326.0,4.11,1.8,2.31,2.93,1.2,28.67,2.99,98.9228,4.9057501534903825,54.825169,0.0682871070824538,5811.1,91.2361,182.6,349.20001220703125,35.880001068115234
2003-03-28,328.70001220703125,3.92,1.56,2.36,2.78,1.26,27.75,3.01,97.4626,4.728915662650603,54.825169,0.0658256046752723,5811.1,91.2361,182.6,349.20001220703125,35.880001068115234
2003-04-04,325.29998779296875,3.96,1.55,2.41,2.85,1.22,29.13,2.99,97.759,4.786764572908156,57.49962,0.0665628499745867,5846.8,91.3445,183.6,334.29998779296875,29.780000686645508
2003-04-11,327.8999938964844,4.0,1.65,2.35,2.83,1.24,24.44,2.93,97.2011,4.729302765756911,57.49962,0.0657638088706384,5846.8,91.3445,183.6,334.29998779296875,29.780000686645508
2003-04-18,327.20001220703125,3.98,1.71,2.27,2.8,1.24,21.5,2.86,96.5556,4.866993557134226,57.49962,0.0676784824146858,5846.8,91.3445,183.6,334.29998779296875,29.780000686645508
2003-04-25,333.3999938964844,3.91,1.57,2.34,2.77,1.28,20.8,2.82,96.05,4.8954792895348245,57.49962,0.0680745937135219,5846.8,91.3445,183.6,334.29998779296875,29.780000686645508
2003-05-02,341.0,3.94,1.56,2.38,2.82,1.24,20.63,2.73,94.6144,5.057531359923022,60.152938,0.0702303415924912,5866.3,91.1044,183.9,342.1000061035156,26.030000686645508
2003-05-09,348.6000061035156,3.69,1.45,2.24,2.58,1.24,19.69,2.81,92.7226,5.075638788170371,60.152938,0.0704817865723978,5866.3,91.1044,183.9,342.1000061035156,26.030000686645508
2003-05-16,354.70001220703125,3.46,1.38,2.08,2.41,1.26,18.4,2.84,91.7668,5.134855833566986,60.152938,0.0713040915726709,5866.3,91.1044,183.9,342.1000061035156,26.030000686645508
2003-05-23,368.79998779296875,3.34,1.38,1.96,2.26,1.21,19.17,2.81,91.3055,5.074605604693447,60.152938,0.070467439488149,5866.3,91.1044,183.9,342.1000061035156,26.030000686645508
2003-05-30,364.5,3.37,1.33,2.04,2.26,1.28,19.47,2.85,91.6261,5.239750010089552,60.152938,0.0727606824119524,5866.3,91.1044,183.9,342.1000061035156,26.030000686645508
2003-06-06,363.70001220703125,3.37,1.27,2.1,2.32,1.24,21.25,2.83,91.2756,5.391703110074372,62.643974,0.0747400484191549,5904.9,90.5617,183.2,366.0,30.709999084472656
2003-06-13,356.6000061035156,3.13,1.1,2.03,2.27,1.24,20.66,2.88,90.2388,5.396342714801106,62.643974,0.0748043628435292,5904.9,90.5617,183.2,366.0,30.709999084472656
2003-06-20,356.29998779296875,3.4,1.22,2.18,2.57,1.23,19.14,2.86,91.5004,5.434989096295886,62.643974,0.0753400808467605,5904.9,90.5617,183.2,366.0,30.709999084472656
2003-06-27,345.20001220703125,3.58,1.38,2.2,2.71,1.08,19.16,2.8,92.2109,5.328711630475573,62.643974,0.0738668574924491,5904.9,90.5617,183.2,366.0,30.709999084472656
2003-07-04,351.0,3.67,1.32,2.35,2.8,0.96,19.39,2.72,91.3234,5.38928382835993,65.008848,0.0745510047573678,5967.0,90.537,182.9,351.3999938964844,30.399999618530273
2003-07-11,344.79998779296875,3.66,1.29,2.37,2.77,0.98,18.47,2.73,92.9619,5.457299150620216,65.008848,0.0754918738551721,5967.0,90.537,182.9,351.3999938964844,30.399999618530273
2003-07-18,347.20001220703125,4.0,1.51,2.49,3.09,0.99,19.11,2.61,94.2707,5.430945912106171,65.008848,0.07512732441365,5967.0,90.537,182.9,351.3999938964844,30.399999618530273
2003-07-25,362.70001220703125,4.22,1.52,2.7,3.29,1.03,17.75,2.57,92.6115,5.460251463508919,65.008848,0.0755327137699401,5967.0,90.537,182.9,351.3999938964844,30.399999618530273
2003-08-01,346.1000061035156,4.44,1.85,2.59,3.49,1.0,20.75,2.57,94.0377,5.353085878831581,67.186112,0.0738834067138137,6003.9,90.6527,183.1,346.1000061035156,32.310001373291016
2003-08-08,356.29998779296875,4.27,1.72,2.55,3.31,0.96,19.59,2.69,93.5839,5.339104461253243,67.186112,0.0736904348869538,6003.9,90.6527,183.1,346.1000061035156,32.310001373291016
2003-08-15,363.20001220703125,4.55,1.85,2.7,3.6,1.39,18.27,2.55,93.7767,5.410540594812432,67.186112,0.0746763979425227,6003.9,90.6527,183.1,346.1000061035156,32.310001373291016
2003-08-22,363.1000061035156,4.48,1.97,2.51,3.5,0.99,18.55,2.49,95.4054,5.423593651330386,67.186112,0.0748565565100115,6003.9,90.6527,183.1,346.1000061035156,32.310001373291016
2003-08-29,375.70001220703125,4.45,1.95,2.5,3.47,1.01,18.63,2.46,94.3449,5.505243089926952,67.186112,0.0759834838219083,6003.9,90.6527,183.1,346.1000061035156,32.310001373291016
2003-09-05,377.6000061035156,4.35,1.72,2.63,3.39,0.96,18.17,2.52,93.7534,5.560098065587575,69.38437,0.0765551027281749,6050.4,91.1185,183.7,373.2000122070313,29.40999984741211
2003-09-12,375.79998779296875,4.27,1.66,2.61,3.31,1.02,18.68,2.56,92.7429,5.545073515965229,69.38437,0.0763482348049449,6050.4,91.1185,183.7,373.2000122070313,29.40999984741211
2003-09-19,381.79998779296875,4.17,1.7,2.47,3.22,0.99,17.54,2.52,92.823,5.641263194491699,69.38437,0.0776726378341936,6050.4,91.1185,183.7,373.2000122070313,29.40999984741211
2003-09-26,380.79998779296875,4.04,1.6,2.44,3.1,1.03,22.23,2.55,90.799,5.42651048223156,69.38437,0.074715780643134,6050.4,91.1185,183.7,373.2000122070313,29.40999984741211
2003-10-03,369.3999938964844,4.21,1.65,2.56,3.27,0.99,19.5,2.52,90.0308,5.581842686102642,75.55673,0.0766563021310863,6107.0,90.9197,184.5,384.2999877929687,29.38999938964844
2003-10-10,373.6000061035156,4.29,1.65,2.64,3.37,1.0,18.45,2.48,88.5624,5.626341780995935,75.55673,0.0772674150295549,6107.0,90.9197,184.5,384.2999877929687,29.38999938964844
2003-10-17,371.79998779296875,4.41,1.9,2.51,3.48,0.98,17.62,2.38,89.0912,5.633170440591124,75.55673,0.0773611940596201,6107.0,90.9197,184.5,384.2999877929687,29.38999938964844
2003-10-24,388.8999938964844,4.24,1.76,2.48,3.29,1.01,17.71,2.42,88.1533,5.5767481527354335,75.55673,0.0765863381226082,6107.0,90.9197,184.5,384.2999877929687,29.38999938964844
2003-10-31,384.5,4.33,1.85,2.48,3.37,1.03,16.1,2.36,89.1992,5.694904937330623,75.55673,0.0782090033763814,6107.0,90.9197,184.5,384.2999877929687,29.38999938964844
2003-11-07,383.29998779296875,4.48,2.04,2.44,3.52,0.98,16.93,2.32,89.592,5.689951166599136,81.875365,0.0778933420717412,6080.0,91.5059,185.1,377.0,28.899999618530273
2003-11-14,397.79998779296875,4.22,1.84,2.38,3.27,0.98,16.94,2.37,88.2331,5.674500138227647,81.875365,0.077681823167086,6080.0,91.5059,185.1,377.0,28.899999618530273
2003-11-21,396.0,4.15,1.84,2.31,3.21,0.98,18.98,2.39,87.6924,5.59308497729268,81.875365,0.0765672795102336,6080.0,91.5059,185.1,377.0,28.899999618530273
2003-11-28,396.79998779296875,4.34,2.06,2.28,3.41,1.01,16.32,2.33,87.3502,5.71690951470489,81.875365,0.0782623919579717,6080.0,91.5059,185.1,377.0,28.899999618530273
2003-12-05,406.3999938964844,4.23,1.88,2.35,3.31,0.98,17.09,2.33,86.6901,5.740941049215792,88.084724,0.0782965211912647,6070.2,91.6186,184.9,402.7000122070313,29.950000762939453
2003-12-12,409.3999938964844,4.26,1.84,2.42,3.35,0.99,16.41,2.34,86.4347,5.809302404804962,88.084724,0.0792288520200723,6070.2,91.6186,184.9,402.7000122070313,29.950000762939453
2003-12-19,409.20001220703125,4.15,1.82,2.33,3.27,0.98,16.42,2.33,86.6507,5.887831444995606,88.084724,0.0802998525070493,6070.2,91.6186,184.9,402.7000122070313,29.950000762939453
2003-12-26,412.29998779296875,4.17,1.82,2.35,3.3,0.97,17.45,2.33,85.6972,5.926933556779002,88.084724,0.0808331377816455,6070.2,91.6186,184.9,402.7000122070313,29.950000762939453
2004-01-02,415.70001220703125,4.38,1.94,2.44,3.45,1.01,18.22,2.32,84.7871,5.991783678209459,89.610987,0.0813654578309433,6075.5,92.2329,185.0,424.3999938964844,33.779998779296875
2004-01-09,426.3999938964844,4.11,1.68,2.43,3.24,0.99,16.75,2.31,83.3615,6.064108028927365,89.610987,0.082347586730204,6075.5,92.2329,185.0,424.3999938964844,33.779998779296875
2004-01-16,406.70001220703125,4.04,1.7,2.34,3.15,0.98,15.0,2.3,85.4289,6.161243005701014,89.610987,0.083666631655896,6075.5,92.2329,185.0,424.3999938964844,33.779998779296875
2004-01-23,407.8999938964844,4.09,1.71,2.38,3.19,1.0,14.84,2.3,84.9292,6.170540804476351,89.610987,0.0837928911630485,6075.5,92.2329,185.0,424.3999938964844,33.779998779296875
2004-01-30,402.20001220703125,4.16,1.84,2.32,3.24,1.03,16.63,2.19,85.626,6.114216242609797,89.610987,0.0830280314802689,6075.5,92.2329,185.0,424.3999938964844,33.779998779296875
2004-02-06,403.6000061035156,4.12,1.77,2.35,3.19,0.99,16.0,2.16,84.8669,6.16043131949124,91.073549,0.0832867797036426,6073.5,92.2602,185.5,398.7000122070313,34.97999954223633
2004-02-13,410.29998779296875,4.05,1.7,2.35,3.13,1.01,15.58,2.2,84.249,6.176873631233153,91.073549,0.0835090737484662,6073.5,92.2602,185.5,398.7000122070313,34.97999954223633
2004-02-20,397.5,4.1,1.75,2.35,3.16,0.99,16.04,2.18,85.9198,6.167708815911388,91.073549,0.083385168795202,6073.5,92.2602,185.5,398.7000122070313,34.97999954223633
2004-02-27,396.3999938964844,3.99,1.66,2.33,3.03,1.04,14.55,2.21,86.2937,6.172182972540432,91.073549,0.0834456577574511,6073.5,92.2602,185.5,398.7000122070313,34.97999954223633
2004-03-05,401.29998779296875,3.85,1.57,2.28,2.91,1.0,14.48,2.25,86.3746,6.209661757120571,92.421745,0.0835744055661672,6081.3,92.4006,186.3,399.2999877929687,36.86000061035156
2004-03-12,395.29998779296875,3.78,1.54,2.24,2.82,0.99,18.3,2.31,87.5376,6.01486820337661,92.421745,0.0809527240480708,6081.3,92.4006,186.3,399.2999877929687,36.86000061035156
2004-03-19,412.5,3.8,1.56,2.24,2.86,0.99,19.15,2.3,86.3887,5.956951311309044,92.421745,0.0801732339540675,6081.3,92.4006,186.3,399.2999877929687,36.86000061035156
2004-03-26,422.1000061035156,3.85,1.59,2.26,2.9,1.0,17.33,2.31,86.5736,5.947719047738862,92.421745,0.0800489790477478,6081.3,92.4006,186.3,399.2999877929687,36.86000061035156
2004-04-02,421.6000061035156,4.15,1.86,2.29,3.2,1.0,15.64,2.17,86.0861,6.11574750184119,94.577591,0.0819333514553598,6120.7,92.958,186.7,427.7999877929687,34.27000045776367
2004-04-09,419.8999938964844,4.21,1.88,2.33,3.28,1.01,16.26,2.15,86.6505,6.102409996192087,94.577591,0.0817546674044639,6120.7,92.958,186.7,427.7999877929687,34.27000045776367
2004-04-16,401.0,4.37,2.03,2.34,3.43,0.99,14.94,2.11,87.554,6.077182567496318,94.577591,0.0814166927282656,6120.7,92.958,186.7,427.7999877929687,34.27000045776367
2004-04-23,395.1000061035156,4.48,2.29,2.19,3.5,0.99,14.01,2.07,88.9846,6.109266071697577,94.577591,0.081846519012763,6120.7,92.958,186.7,427.7999877929687,34.27000045776367
2004-04-30,387.0,4.53,2.31,2.22,3.55,1.03,17.19,2.05,88.815,5.930905457033343,94.577591,0.0794570019631008,6120.7,92.958,186.7,427.7999877929687,34.27000045776367
2004-05-07,378.70001220703125,4.79,2.64,2.15,3.72,0.99,18.13,1.97,89.6466,5.872260562115847,96.463982,0.0783095098725012,6156.3,92.5861,187.1,387.0,38.209999084472656
2004-05-14,377.0,4.79,2.59,2.2,3.8,1.02,18.47,2.03,90.2985,5.85622635580906,96.463982,0.0780956857712378,6156.3,92.5861,187.1,387.0,38.209999084472656
2004-05-21,384.79998779296875,4.76,2.6,2.16,3.73,0.99,18.49,2.03,88.9735,5.844789196118386,96.463982,0.0779431655687985,6156.3,92.5861,187.1,387.0,38.209999084472656
2004-05-28,394.0,4.66,2.54,2.12,3.58,1.02,15.5,2.03,87.7243,5.989738395034407,96.463982,0.0798761350961989,6156.3,92.5861,187.1,387.0,38.209999084472656
2004-06-04,390.8999938964844,4.78,2.7,2.08,3.57,0.99,16.78,2.06,87.4951,5.989861259338314,98.587723,0.0795116650102266,6198.5,92.93,187.4,394.6000061035156,42.33000183105469
2004-06-11,385.8999938964844,4.81,2.81,2.0,3.51,1.0,15.04,2.03,87.7029,6.064407527764808,98.587723,0.0805012201378432,6198.5,92.93,187.4,394.6000061035156,42.33000183105469
2004-06-18,395.1000061035156,4.72,2.81,1.91,3.43,1.0,14.99,2.03,87.7525,6.056670328341782,98.587723,0.0803985136506634,6198.5,92.93,187.4,394.6000061035156,42.33000183105469
2004-06-25,402.8999938964844,4.66,2.74,1.92,3.35,1.05,15.19,2.07,87.2985,6.053522164946305,98.587723,0.080356723748951,6198.5,92.93,187.4,394.6000061035156,42.33000183105469
2004-07-02,398.29998779296875,4.48,2.54,1.94,3.18,1.25,15.08,2.13,86.4289,5.979702470153096,99.69351,0.0790108199420662,6277.2,93.6013,188.2,396.0,38.7400016784668
2004-07-09,407.5,4.49,2.55,1.94,3.21,1.24,15.78,2.14,85.9238,5.912912107299416,99.69351,0.0781283075830253,6277.2,93.6013,188.2,396.0,38.7400016784668
2004-07-16,406.6000061035156,4.38,2.54,1.84,3.03,1.24,14.34,2.15,85.5677,5.852231746272251,99.69351,0.0773265277113565,6277.2,93.6013,188.2,396.0,38.7400016784668
2004-07-23,390.5,4.45,2.69,1.76,3.07,1.25,16.5,2.13,87.1176,5.771519400488178,99.69351,0.0762600618375647,6277.2,93.6013,188.2,396.0,38.7400016784668
2004-07-30,391.0,4.5,2.68,1.82,3.05,1.29,15.32,2.1,87.8202,5.853984966541579,99.69351,0.0773496933072553,6277.2,93.6013,188.2,396.0,38.7400016784668
2004-08-06,399.79998779296875,4.24,2.4,1.84,2.8,1.32,19.34,2.22,86.3842,5.632450877200238,100.59003,0.0740836663817016,6279.3,92.871,188.9,391.7000122070313,43.81999969482422
2004-08-13,398.8999938964844,4.22,2.47,1.75,2.78,1.48,17.98,2.2,86.2455,5.636845149963605,100.59003,0.0741414642825602,6279.3,92.871,188.9,391.7000122070313,43.81999969482422
2004-08-20,413.20001220703125,4.24,2.46,1.78,2.75,1.5,16.0,2.19,85.9761,5.814451961810151,100.59003,0.0764775279398961,6279.3,92.871,188.9,391.7000122070313,43.81999969482422
2004-08-27,403.29998779296875,4.23,2.48,1.75,2.67,1.52,14.71,2.18,87.2582,5.864319849291953,100.59003,0.0771334406180371,6279.3,92.871,188.9,391.7000122070313,43.81999969482422
2004-09-03,400.5,4.3,2.61,1.69,2.65,1.48,13.91,2.15,87.2184,5.889106318788009,101.325279,0.0771122120700095,6292.3,93.5649,189.1,408.7999877929687,44.0
2004-09-10,401.8999938964844,4.19,2.5,1.69,2.53,1.48,13.76,2.16,86.0454,5.943522178452208,101.325279,0.0778247356828047,6292.3,93.5649,189.1,408.7999877929687,44.0
2004-09-17,405.79998779296875,4.14,2.53,1.61,2.43,1.58,14.03,2.13,86.7196,5.968006604062005,101.325279,0.0781453358074809,6292.3,93.5649,189.1,408.7999877929687,44.0
2004-09-24,408.1000061035156,4.04,2.62,1.42,2.31,1.76,14.28,2.12,86.0108,5.8704917258147145,101.325279,0.0768684717869764,6292.3,93.5649,189.1,408.7999877929687,44.0
2004-10-01,419.5,4.21,2.63,1.58,2.5,1.86,12.75,2.09,85.295,5.980443974630021,101.248139,0.0779645364509947,6317.7,93.6277,189.2,419.5,50.119998931884766
2004-10-08,423.1000061035156,4.15,2.61,1.54,2.44,1.71,15.05,2.1,84.8527,5.930972593279268,101.248139,0.0773195988291453,6317.7,93.6277,189.2,419.5,50.119998931884766
2004-10-15,418.70001220703125,4.07,2.53,1.54,2.31,1.79,15.04,2.12,84.6143,5.857293610845006,101.248139,0.076359076878595,6317.7,93.6277,189.2,419.5,50.119998931884766
2004-10-22,424.6000061035156,4.0,2.55,1.45,2.15,1.72,15.28,2.12,83.5306,5.791437580519953,101.248139,0.075500539469236,6317.7,93.6277,189.2,419.5,50.119998931884766
2004-10-29,428.5,4.05,2.56,1.49,2.14,1.79,16.27,2.09,82.6304,5.973572680612447,101.248139,0.07787495827667,6317.7,93.6277,189.2,419.5,50.119998931884766
2004-11-05,433.6000061035156,4.21,2.8,1.41,2.18,1.76,13.84,2.02,81.5016,6.144204657246114,101.648528,0.0797707022867995,6352.3,93.7467,189.8,427.2999877929687,50.130001068115234
2004-11-12,437.8999938964844,4.2,2.86,1.34,2.12,2.02,13.33,2.02,81.2237,6.23904132742525,101.648528,0.0810019743886832,6352.3,93.7467,189.8,427.2999877929687,50.130001068115234
2004-11-19,446.79998779296875,4.2,2.95,1.25,2.05,1.99,13.5,1.99,80.5588,6.166174740886788,101.648528,0.0800559416463396,6352.3,93.7467,189.8,427.2999877929687,50.130001068115234
2004-11-26,449.29998779296875,4.24,3.03,1.21,2.03,2.01,12.79,1.96,79.5074,6.231032794594639,101.648528,0.080897998964064,6352.3,93.7467,189.8,427.2999877929687,50.130001068115234
2004-12-03,456.0,4.27,2.94,1.33,2.06,1.98,12.96,1.96,79.5722,6.243029580426166,102.477499,0.0807393638165498,6379.9,94.5465,190.8,454.0,45.4900016784668
2004-12-10,433.8999938964844,4.16,2.95,1.21,1.91,2.09,12.76,1.95,81.1834,6.226415094339623,102.477499,0.0805244932926343,6379.9,94.5465,190.8,454.0,45.4900016784668
2004-12-17,441.6000061035156,4.21,3.03,1.18,2.01,2.23,11.95,1.92,80.685,6.258909597336871,102.477499,0.0809447356550537,6379.9,94.5465,190.8,454.0,45.4900016784668
2004-12-24,441.8999938964844,4.23,3.02,1.21,2.04,2.27,11.23,1.91,80.1578,6.342400444878471,102.477499,0.0820244995466343,6379.9,94.5465,190.8,454.0,45.4900016784668
2004-12-31,437.5,4.24,3.08,1.16,2.02,1.97,13.29,1.86,79.4917,6.351782200971239,102.477499,0.0821458311867705,6379.9,94.5465,190.8,454.0,45.4900016784668
2005-01-07,418.8999938964844,4.29,3.2,1.09,1.97,2.24,13.49,1.83,81.794,6.1877409567357855,103.234814,0.0797287955749691,6406.3,94.7813,191.7,428.7000122070313,42.119998931884766
2005-01-14,422.70001220703125,4.23,3.24,0.99,1.86,2.29,12.43,1.79,81.0332,6.1790298358437665,103.234814,0.0796165531295137,6406.3,94.7813,191.7,428.7000122070313,42.119998931884766
2005-01-21,426.70001220703125,4.16,3.16,1.0,1.8,2.26,14.36,1.79,81.2199,6.092175248394302,103.234814,0.0784974352323806,6406.3,94.7813,191.7,428.7000122070313,42.119998931884766
2005-01-28,425.79998779296875,4.16,3.25,0.91,1.7,2.48,13.24,1.75,81.7495,6.110380726925209,103.234814,0.0787320120975538,6406.3,94.7813,191.7,428.7000122070313,42.119998931884766
2005-02-04,414.0,4.09,3.29,0.8,1.62,2.51,11.21,1.69,82.2165,6.275587007286776,103.609438,0.0805667066179925,6424.3,95.5365,191.7,420.7999877929687,47.119998931884766
2005-02-11,420.5,4.1,3.34,0.76,1.55,2.5,11.43,1.65,82.4663,6.287428528054904,103.609438,0.0807187294213619,6424.3,95.5365,191.7,420.7999877929687,47.119998931884766
2005-02-18,427.1000061035156,4.27,3.45,0.82,1.66,2.51,11.18,1.62,81.6316,6.268074939073096,103.609438,0.0804702658236631,6424.3,95.5365,191.7,420.7999877929687,47.119998931884766
2005-02-25,434.8999938964844,4.27,3.54,0.73,1.53,2.54,11.49,1.62,81.4306,6.319092306297275,103.609438,0.0811252326423528,6424.3,95.5365,191.7,420.7999877929687,47.119998931884766
2005-03-04,434.20001220703125,4.32,3.57,0.75,1.56,2.5,11.94,1.57,80.9843,6.378496842991584,103.764621,0.0815980640114207,6429.9,95.8801,191.6,432.8999938964844,51.68000030517578
2005-03-11,446.20001220703125,4.56,3.73,0.83,1.8,2.51,12.8,1.48,79.7956,6.26346532387624,103.764621,0.0801265026873106,6429.9,95.8801,191.6,432.8999938964844,51.68000030517578
2005-03-18,439.29998779296875,4.51,3.72,0.79,1.7,2.7,13.14,1.59,80.2693,6.2090293549794495,103.764621,0.0794301207992417,6429.9,95.8801,191.6,432.8999938964844,51.68000030517578
2005-03-25,424.70001220703125,4.6,3.88,0.72,1.76,2.8,13.42,1.58,81.9267,6.113883319130023,103.764621,0.0782129480836661,6429.9,95.8801,191.6,432.8999938964844,51.68000030517578
2005-04-01,425.8999938964844,4.46,3.75,0.71,1.66,2.83,14.09,1.65,82.1452,6.096258024663786,104.805837,0.0777210466801824,6437.7,96.5761,192.4,425.8999938964844,57.27000045776367
2005-04-08,426.8999938964844,4.5,3.77,0.73,1.71,2.75,12.62,1.64,82.4016,6.139292885508706,104.805837,0.0782696970842617,6437.7,96.5761,192.4,425.8999938964844,57.27000045776367
2005-04-15,424.8999938964844,4.27,3.54,0.73,1.48,2.82,17.74,1.78,82.609,5.9387733633949455,104.805837,0.075713278527921,6437.7,96.5761,192.4,425.8999938964844,57.27000045776367
2005-04-22,434.29998779296875,4.26,3.62,0.64,1.33,2.74,15.38,1.74,81.7214,5.988149662771245,104.805837,0.0763427757790534,6437.7,96.5761,192.4,425.8999938964844,57.27000045776367
2005-04-29,435.0,4.21,3.66,0.55,1.31,2.97,15.31,1.76,82.3876,6.01273376084167,104.805837,0.0766561978530522,6437.7,96.5761,192.4,425.8999938964844,57.27000045776367
2005-05-06,426.1000061035156,4.28,3.73,0.55,1.41,2.98,14.05,1.82,82.4562,6.066027838352861,106.649849,0.0770731325143844,6446.6,96.4456,193.1,429.5,50.91999816894531
2005-05-13,420.20001220703125,4.12,3.61,0.51,1.29,3.01,16.32,1.88,83.8571,5.976437332098007,106.649849,0.0759348223805348,6446.6,96.4456,193.1,429.5,50.91999816894531
2005-05-20,417.3999938964844,4.13,3.69,0.44,1.23,3.01,13.14,1.89,84.3726,6.158881560315251,106.649849,0.0782529040894526,6446.6,96.4456,193.1,429.5,50.91999816894531
2005-05-27,419.79998779296875,4.08,3.64,0.44,1.11,3.01,12.15,1.91,84.1958,6.208078867410021,106.649849,0.0788779903353634,6446.6,96.4456,193.1,429.5,50.91999816894531
2005-06-03,423.70001220703125,3.98,3.57,0.41,0.97,2.99,12.15,1.84,84.9011,6.174599997580021,108.330311,0.0781821365472989,6461.4,96.6532,193.7,415.2999877929687,54.599998474121094
2005-06-10,427.3999938964844,4.05,3.71,0.34,1.04,3.01,11.96,1.84,85.2809,6.1853897023828734,108.330311,0.0783187546560885,6461.4,96.6532,193.7,415.2999877929687,54.599998474121094
2005-06-17,438.29998779296875,4.09,3.72,0.37,1.1,2.99,11.48,1.85,84.6356,6.282705012583893,108.330311,0.0795509508911905,6461.4,96.6532,193.7,415.2999877929687,54.599998474121094
2005-06-24,440.5,3.92,3.59,0.33,0.83,3.07,12.18,1.89,85.125,6.15162594883357,108.330311,0.077891241555422,6461.4,96.6532,193.7,415.2999877929687,54.599998474121094
2005-07-01,427.79998779296875,4.06,3.76,0.3,0.89,3.36,11.4,1.83,86.3208,6.169627796519887,109.655242,0.0778470284392198,6480.6,96.7402,193.6,427.7999877929687,58.75
2005-07-08,422.8999938964844,4.11,3.78,0.33,0.94,3.22,11.45,1.83,86.1602,6.259607362353112,109.655242,0.078982371129474,6480.6,96.7402,193.6,427.7999877929687,58.75
2005-07-15,420.70001220703125,4.18,3.86,0.32,0.92,3.32,10.33,1.77,85.7985,6.342562210461325,109.655242,0.0800290774516113,6480.6,96.7402,193.6,427.7999877929687,58.75
2005-07-22,424.70001220703125,4.23,3.92,0.31,0.85,3.25,10.52,1.75,85.4554,6.372314327019305,109.655242,0.0804044832200309,6480.6,96.7402,193.6,427.7999877929687,58.75
2005-07-29,429.8999938964844,4.28,4.02,0.26,0.86,3.31,11.57,1.67,85.6004,6.374896971647405,109.655242,0.0804370704710683,6480.6,96.7402,193.6,427.7999877929687,58.75
2005-08-05,437.20001220703125,4.4,4.11,0.29,0.88,3.49,12.48,1.67,84.7832,6.331543851034138,110.911524,0.0796061989782366,6513.2,97.1753,193.7,431.8999938964844,61.56999969482422
2005-08-12,445.8999938964844,4.24,4.05,0.19,0.72,3.55,12.74,1.71,83.4383,6.352039311556209,110.911524,0.0798638874262451,6513.2,97.1753,193.7,431.8999938964844,61.56999969482422
2005-08-19,437.20001220703125,4.21,4.03,0.18,0.69,3.54,13.42,1.72,84.9532,6.296902224767682,110.911524,0.0791706514627524,6513.2,97.1753,193.7,431.8999938964844,61.56999969482422
2005-08-26,437.3999938964844,4.2,4.06,0.14,0.65,3.54,13.72,1.69,83.8239,6.2214763840265235,110.911524,0.0782223259630939,6513.2,97.1753,193.7,431.8999938964844,61.56999969482422
2005-09-02,444.20001220703125,4.03,3.75,0.28,0.57,3.49,13.57,1.84,82.9177,6.249461362397383,111.365252,0.0782885577874611,6545.1,96.8676,194.9,442.2999877929687,69.47000122070312
2005-09-09,449.0,4.14,3.88,0.26,0.65,3.49,11.98,1.82,82.8932,6.369830582189584,111.365252,0.0797964529600329,6545.1,96.8676,194.9,442.2999877929687,69.47000122070312
2005-09-16,459.5,4.26,3.97,0.29,0.76,3.62,11.22,1.85,84.0558,6.351513772086647,111.365252,0.0795669937213769,6545.1,96.8676,194.9,442.2999877929687,69.47000122070312
2005-09-23,463.5,4.25,4.02,0.23,0.77,3.76,12.96,1.83,84.4116,6.235454279438173,111.365252,0.0781130875732944,6545.1,96.8676,194.9,442.2999877929687,69.47000122070312
2005-09-30,469.0,4.34,4.18,0.16,0.79,3.93,11.92,1.81,84.3793,6.304823286781683,111.365252,0.078982090392121,6545.1,96.8676,194.9,442.2999877929687,69.47000122070312
2005-10-07,474.70001220703125,4.35,4.18,0.17,0.72,3.73,14.59,1.82,84.6745,6.0984192983888965,113.014331,0.0761192473002347,6576.7,97.1833,196.1,466.1000061035156,65.47000122070312
2005-10-14,469.20001220703125,4.48,4.27,0.21,0.7,3.77,14.87,1.87,85.0608,6.050841133549529,113.014331,0.0755253861833948,6576.7,97.1833,196.1,466.1000061035156,65.47000122070312
2005-10-21,467.0,4.39,4.22,0.17,0.52,3.76,16.13,1.85,85.6299,6.015247148497259,113.014331,0.0750811091965188,6576.7,97.1833,196.1,466.1000061035156,65.47000122070312
2005-10-28,473.0,4.58,4.4,0.18,0.65,3.9,14.25,1.83,84.999,6.11121894023298,113.014331,0.0762790098641407,6576.7,97.1833,196.1,466.1000061035156,65.47000122070312
2005-11-04,456.29998779296875,4.66,4.47,0.19,0.68,4.0,13.17,1.82,86.3705,6.137525224589726,115.817294,0.0763084478554391,6610.2,95.3005,198.8,458.7999877929687,59.849998474121094
2005-11-11,468.29998779296875,4.55,4.44,0.11,0.58,3.98,11.63,1.84,86.7609,6.210865043778295,115.817294,0.0772202889580803,6610.2,95.3005,198.8,458.7999877929687,59.849998474121094
2005-11-18,485.6000061035156,4.5,4.4,0.1,0.49,4.0,11.12,1.86,87.1329,6.2790242431149395,115.817294,0.0780677189104023,6610.2,95.3005,198.8,458.7999877929687,59.849998474121094
2005-11-25,492.1000061035156,4.43,4.33,0.1,0.48,4.03,10.88,1.91,86.6913,6.379527162977867,115.817294,0.0793172814847365,6610.2,95.3005,198.8,458.7999877929687,59.849998474121094
2005-12-02,503.29998779296875,4.52,4.43,0.09,0.53,4.0,11.01,1.87,86.6507,6.3539927476378075,118.183638,0.0786632475356045,6644.0,96.4572,199.1,502.5,58.470001220703125
2005-12-09,527.0,4.54,4.43,0.11,0.6,4.16,11.69,1.88,86.0268,6.325313888082308,118.183638,0.0783081995653196,6644.0,96.4572,199.1,502.5,58.470001220703125
2005-12-16,503.3999938964844,4.45,4.37,0.08,0.52,4.25,10.68,1.85,84.7997,6.365243326414176,118.183638,0.078802531148028,6644.0,96.4572,199.1,502.5,58.470001220703125
2005-12-23,503.0,4.38,4.37,0.01,0.39,4.21,10.27,1.83,85.75,6.371974054142077,118.183638,0.0788858584230791,6644.0,96.4572,199.1,502.5,58.470001220703125
2005-12-30,517.0999755859375,4.39,4.41,-0.02,0.31,4.09,12.07,1.82,86.0274,6.269663681880965,118.183638,0.0776192428542105,6644.0,96.4572,199.1,502.5,58.470001220703125
2006-01-06,539.7000122070312,4.38,4.36,0.02,0.16,4.22,11.0,1.84,84.3844,6.488894251246214,118.879727,0.0799662647856226,6660.6,97.5414,198.1,530.7000122070312,63.13999938964844
2006-01-13,556.0999755859375,4.36,4.34,0.02,0.03,4.3,11.23,1.82,84.4212,6.499798007832219,118.879727,0.0801006378625374,6660.6,97.5414,198.1,530.7000122070312,63.13999938964844
2006-01-20,553.5,4.37,4.37,0.0,0.02,4.24,14.56,1.81,84.42,6.3679454327833165,118.879727,0.0784757450039426,6660.6,97.5414,198.1,530.7000122070312,63.13999938964844
2006-01-27,558.7000122070312,4.52,4.51,0.01,0.07,4.42,11.97,1.78,84.3792,6.480161386689172,118.879727,0.0798586448225802,6660.6,97.5414,198.1,530.7000122070312,63.13999938964844
2006-02-03,567.4000244140625,4.54,4.59,-0.05,0.06,4.51,12.96,1.72,84.9823,6.3807674371371785,120.227275,0.0782675303613901,6687.4,98.0452,198.1,569.4000244140625,66.55999755859375
2006-02-10,550.2000122070312,4.59,4.69,-0.1,0.06,4.51,12.87,1.71,85.3636,6.395709188462266,120.227275,0.0784508083114188,6687.4,98.0452,198.1,569.4000244140625,66.55999755859375
2006-02-17,551.7999877929688,4.54,4.66,-0.12,0.0,4.48,12.01,1.7,85.5073,6.497930288916582,120.227275,0.0797046689421665,6687.4,98.0452,198.1,569.4000244140625,66.55999755859375
2006-02-24,558.7999877929688,4.58,4.74,-0.16,-0.02,4.48,11.46,1.64,85.3479,6.50898563205925,120.227275,0.0798402755778258,6687.4,98.0452,198.1,569.4000244140625,66.55999755859375
2006-03-03,566.0,4.68,4.76,-0.08,0.06,4.51,11.96,1.67,84.4586,6.4587555467574,121.143491,0.0788446293155063,6728.4,98.1999,199.3,563.5,61.970001220703125
2006-03-10,539.9000244140625,4.76,4.74,0.02,0.14,4.51,11.85,1.67,85.9371,6.429603833142561,121.143491,0.0784887626106536,6728.4,98.1999,199.3,563.5,61.970001220703125
2006-03-17,554.0999755859375,4.68,4.65,0.03,0.04,4.6,12.12,1.7,84.4745,6.559207225288509,121.143491,0.080070883398134,6728.4,98.1999,199.3,563.5,61.970001220703125
2006-03-24,560.0,4.67,4.72,-0.05,0.02,4.69,11.19,1.7,85.4613,6.537631465990341,121.143491,0.079807499417776,6728.4,98.1999,199.3,563.5,61.970001220703125
2006-03-31,581.7999877929688,4.86,4.82,0.04,0.23,5.0,11.39,1.69,85.1759,6.497089789850413,121.143491,0.0793125908546726,6728.4,98.1999,199.3,563.5,61.970001220703125
2006-04-07,588.4000244140625,4.97,4.89,0.08,0.28,4.76,12.26,1.7,84.8394,6.4969909729187565,121.124239,0.0789233944495602,6753.1,98.2413,199.4,589.4000244140625,66.73999786376953
2006-04-14,596.5,5.05,4.96,0.09,0.35,4.8,12.38,1.69,84.9454,6.464994960467339,121.124239,0.0785347169953291,6753.1,98.2413,199.4,589.4000244140625,66.73999786376953
2006-04-21,632.2000122070312,5.01,4.9,0.11,0.26,4.74,11.59,1.7,83.5916,6.576128532080617,121.124239,0.0798847325249155,6753.1,98.2413,199.4,589.4000244140625,66.73999786376953
2006-04-28,651.7999877929688,5.07,4.87,0.2,0.3,4.86,11.59,1.67,81.8354,6.5727682314521685,121.124239,0.0798439126541364,6753.1,98.2413,199.4,589.4000244140625,66.73999786376953
2006-05-05,682.2000122070312,5.12,4.94,0.18,0.29,4.83,11.62,1.6,80.9057,6.638758186107286,121.523945,0.0802558347743948,6766.9,98.4628,199.7,657.5,73.69999694824219
2006-05-12,710.2999877929688,5.19,5.01,0.18,0.34,5.01,14.19,1.63,80.156,6.465898799370931,121.523945,0.0781661405887943,6766.9,98.4628,199.7,657.5,73.69999694824219
2006-05-19,656.7000122070312,5.05,4.96,0.09,0.23,5.0,17.18,1.65,81.098,6.344667147205183,121.523945,0.0767005732081354,6766.9,98.4628,199.7,657.5,73.69999694824219
2006-05-26,650.9000244140625,5.06,4.96,0.1,0.22,4.99,14.26,1.67,80.9503,6.410415794590324,121.523945,0.0774954074878692,6766.9,98.4628,199.7,657.5,73.69999694824219
2006-06-02,635.5,5.0,4.92,0.08,0.19,4.97,14.32,1.67,80.146,6.418634632302567,122.280254,0.0772222007323562,6806.3,98.7618,200.7,627.5999755859375,70.33999633789062
2006-06-09,608.2000122070312,4.98,5.01,-0.03,0.1,5.0,18.12,1.66,81.433,6.23966142913864,122.280254,0.0750689850701212,6806.3,98.7618,200.7,627.5999755859375,70.33999633789062
2006-06-16,578.0,5.13,5.16,-0.03,0.25,4.94,17.25,1.67,81.988,6.235874634093174,122.280254,0.075023426370509,6806.3,98.7618,200.7,627.5999755859375,70.33999633789062
2006-06-23,584.7999877929688,5.23,5.27,-0.04,0.25,4.98,15.89,1.69,82.5697,6.20079720976582,122.280254,0.0746014120235716,6806.3,98.7618,200.7,627.5999755859375,70.33999633789062
2006-06-30,613.5,5.15,5.16,-0.01,0.14,5.05,13.08,1.67,81.3415,6.328848785111485,122.280254,0.0761419926956156,6806.3,98.7618,200.7,627.5999755859375,70.33999633789062
2006-07-07,632.7999877929688,5.14,5.17,-0.03,0.12,5.22,13.97,1.66,81.0838,6.286537409184053,124.14567,0.0752701371292428,6815.7,98.7869,201.3,627.2999877929688,75.19000244140625
2006-07-14,666.5999755859375,5.07,5.08,-0.01,0.01,5.26,18.05,1.69,82.2185,6.141082718191132,124.14567,0.0735285751493309,6815.7,98.7869,201.3,627.2999877929688,75.19000244140625
2006-07-21,619.5999755859375,5.05,5.08,-0.03,-0.05,5.23,17.4,1.69,82.2691,6.1614010882389465,124.14567,0.0737718515987015,6815.7,98.7869,201.3,627.2999877929688,75.19000244140625
2006-07-28,634.7999877929688,5.0,4.98,0.02,-0.07,5.26,14.33,1.67,81.6722,6.351465716980253,124.14567,0.0760475384733039,6815.7,98.7869,201.3,627.2999877929688,75.19000244140625
2006-08-04,644.0,4.91,4.91,0.0,-0.18,5.25,14.34,1.69,81.0012,6.339742246538962,126.123709,0.0755355084285322,6854.0,99.0997,201.8,646.2999877929688,74.91000366210938
2006-08-11,633.5,4.97,4.96,0.01,-0.1,5.24,14.3,1.72,81.5179,6.277205105224851,126.123709,0.0747904032521495,6854.0,99.0997,201.8,646.2999877929688,74.91000366210938
2006-08-18,612.0999755859375,4.84,4.87,-0.03,-0.26,5.25,11.64,1.71,81.4789,6.453419468920342,126.123709,0.0768899273394916,6854.0,99.0997,201.8,646.2999877929688,74.91000366210938
2006-08-25,622.0,4.79,4.86,-0.07,-0.32,5.25,12.31,1.74,81.4085,6.417690613579348,126.123709,0.0764642322325297,6854.0,99.0997,201.8,646.2999877929688,74.91000366210938
2006-09-01,624.4000244140625,4.73,4.77,-0.04,-0.29,5.25,11.96,1.73,81.1068,6.461360324128265,128.977844,0.0765992084578897,6896.1,99.0489,202.9,624.4000244140625,69.19000244140625
2006-09-08,609.5999755859375,4.78,4.8,-0.02,-0.15,5.23,13.16,1.72,81.9573,6.4017744896269715,128.977844,0.0758928204019477,6896.1,99.0489,202.9,624.4000244140625,69.19000244140625
2006-09-15,576.4000244140625,4.8,4.87,-0.07,-0.16,5.25,11.76,1.69,82.0823,6.503992282797868,128.977844,0.0771046088883388,6896.1,99.0489,202.9,624.4000244140625,69.19000244140625
2006-09-22,589.4000244140625,4.6,4.67,-0.07,-0.33,5.27,12.59,1.72,81.4049,6.479941001956012,128.977844,0.0768194817661127,6896.1,99.0489,202.9,624.4000244140625,69.19000244140625
2006-09-29,598.5999755859375,4.64,4.71,-0.07,-0.25,5.34,11.98,1.72,81.9707,6.58378499549501,128.977844,0.0780505488029547,6896.1,99.0489,202.9,624.4000244140625,69.19000244140625
2006-10-06,572.4000244140625,4.7,4.74,-0.04,-0.25,5.22,11.56,1.73,82.5683,6.6221293710515825,131.298398,0.078096278961727,6926.4,99.4836,203.8,597.7000122070312,61.029998779296875
2006-10-13,588.7999877929688,4.81,4.87,-0.06,-0.24,5.21,10.75,1.72,83.2364,6.700785059456268,131.298398,0.079023883398214,6926.4,99.4836,203.8,597.7000122070312,61.029998779296875
2006-10-20,593.0,4.79,4.87,-0.08,-0.3,5.25,10.63,1.69,82.3955,6.715407142227368,131.298398,0.0791963249485234,6926.4,99.4836,203.8,597.7000122070312,61.029998779296875
2006-10-27,598.2000122070312,4.68,4.76,-0.08,-0.43,5.23,10.8,1.65,81.7421,6.758292275860218,131.298398,0.0797020790907096,6926.4,99.4836,203.8,597.7000122070312,61.029998779296875
2006-11-03,626.9000244140625,4.72,4.82,-0.1,-0.37,5.25,11.16,1.59,82.0636,6.727317795010478,133.113792,0.0789207743755463,6952.8,99.3183,202.8,616.5999755859375,58.709999084472656
2006-11-10,628.4000244140625,4.59,4.73,-0.14,-0.51,5.23,10.79,1.61,81.582,6.809171718018059,133.113792,0.0798810344949993,6952.8,99.3183,202.8,616.5999755859375,58.709999084472656
2006-11-17,621.5,4.61,4.76,-0.15,-0.48,5.2,10.05,1.6,82.118,6.909269976192677,133.113792,0.0810553259867203,6952.8,99.3183,202.8,616.5999755859375,58.709999084472656
2006-11-24,628.7000122070312,4.55,4.73,-0.18,-0.49,5.24,10.73,1.6,80.812,6.90803723457532,133.113792,0.0810408642166641,6952.8,99.3183,202.8,616.5999755859375,58.709999084472656
2006-12-01,644.7000122070312,4.43,4.52,-0.09,-0.6,5.27,11.66,1.65,80.185,6.917830415737989,134.533406,0.0807320173052166,7002.1,99.2044,201.9,644.7000122070312,63.43000030517578
2006-12-08,626.0999755859375,4.56,4.68,-0.12,-0.41,5.25,12.07,1.63,80.7632,6.982862634077823,134.533406,0.0814909520955902,7002.1,99.2044,201.9,644.7000122070312,63.43000030517578
2006-12-15,615.0,4.6,4.73,-0.13,-0.31,5.27,10.05,1.66,81.4498,7.06830096988763,134.533406,0.0824880290388807,7002.1,99.2044,201.9,644.7000122070312,63.43000030517578
2006-12-22,619.0999755859375,4.63,4.71,-0.08,-0.36,5.24,11.36,1.67,81.4817,6.987419562979817,134.533406,0.0815441320726734,7002.1,99.2044,201.9,644.7000122070312,63.43000030517578
2006-12-29,635.2000122070312,4.71,4.82,-0.11,-0.31,5.17,11.56,1.64,81.5007,7.0247649768604505,134.533406,0.0819799581074983,7002.1,99.2044,201.9,644.7000122070312,63.43000030517578
2007-01-05,604.9000244140625,4.65,4.76,-0.11,-0.4,5.21,12.14,1.6,82.3059,6.978762182858911,135.023524,0.0810239246014676,7037.3,99.1627,202.0,635.2000122070312,61.04999923706055
2007-01-12,625.5,4.77,4.88,-0.11,-0.32,5.22,10.15,1.59,82.5075,7.082821685488861,135.023524,0.0822320628177066,7037.3,99.1627,202.0,635.2000122070312,61.04999923706055
2007-01-19,635.5,4.78,4.93,-0.15,-0.36,5.25,10.4,1.57,82.4646,7.0816831683168315,135.023524,0.0822188445524775,7037.3,99.1627,202.0,635.2000122070312,61.04999923706055
2007-01-26,644.5,4.88,4.99,-0.11,-0.25,5.26,11.13,1.56,82.917,7.040495315400681,135.023524,0.0817406506548016,7037.3,99.1627,202.0,635.2000122070312,61.04999923706055
2007-02-02,646.2000122070312,4.83,4.94,-0.11,-0.31,5.24,10.08,1.56,82.7722,7.131413169120815,135.199691,0.0823746952891352,7079.3,100.1735,203.1,657.4000244140625,57.29999923706055
2007-02-09,667.5,4.79,4.92,-0.13,-0.36,5.25,11.1,1.54,82.5713,7.0805517409835055,135.199691,0.0817871967744056,7079.3,100.1735,203.1,657.4000244140625,57.29999923706055
2007-02-16,668.7999877929688,4.69,4.83,-0.14,-0.48,5.24,10.02,1.55,81.7402,7.166617622168882,135.199691,0.0827813406515455,7079.3,100.1735,203.1,657.4000244140625,57.29999923706055
2007-02-23,683.0999755859375,4.68,4.82,-0.14,-0.5,5.24,10.58,1.53,81.7322,7.145199120661005,135.199691,0.0825339363161887,7079.3,100.1735,203.1,657.4000244140625,57.29999923706055
2007-03-02,641.5,4.52,4.56,-0.04,-0.6,5.23,18.61,1.64,81.5823,6.818671352533277,134.866387,0.0783679120652752,7115.6,99.8346,203.437,662.2999877929688,62.0
2007-03-09,650.0,4.59,4.66,-0.07,-0.51,5.24,14.09,1.65,81.9026,6.89569727149099,134.866387,0.0792531813694458,7115.6,99.8346,203.437,662.2999877929688,62.0
2007-03-16,652.5999755859375,4.55,4.58,-0.03,-0.49,5.25,16.79,1.7,81.2208,6.817589480634668,134.866387,0.0783554779652237,7115.6,99.8346,203.437,662.2999877929688,62.0
2007-03-23,656.7000122070312,4.62,4.6,0.02,-0.46,5.24,12.95,1.75,80.9855,7.05923693994486,134.866387,0.0811327648973739,7115.6,99.8346,203.437,662.2999877929688,62.0
2007-03-30,663.0,4.65,4.58,0.07,-0.39,5.3,14.64,1.75,80.6091,6.984275158164751,134.866387,0.0802712190009557,7115.6,99.8346,203.437,662.2999877929688,62.0
2007-04-06,674.2000122070312,4.76,4.75,0.01,-0.29,5.3,13.23,1.71,80.767,7.0694231379237955,134.946711,0.0808541337114414,7131.9,100.7753,204.226,665.7000122070312,65.94000244140625
2007-04-13,685.4000244140625,4.76,4.76,0.0,-0.26,5.25,12.2,1.7,80.0581,7.113932484531536,134.946711,0.0813631942941537,7131.9,100.7753,204.226,665.7000122070312,65.94000244140625
2007-04-20,692.0,4.68,4.64,0.04,-0.31,5.25,12.07,1.68,79.3758,7.268173374525954,134.946711,0.0831272722535674,7131.9,100.7753,204.226,665.7000122070312,65.94000244140625
2007-04-27,678.7000122070312,4.71,4.67,0.04,-0.24,5.24,12.45,1.68,79.2762,7.315767562842452,134.946711,0.0836716146689175,7131.9,100.7753,204.226,665.7000122070312,65.94000244140625
2007-05-04,687.2000122070312,4.65,4.68,-0.03,-0.25,5.24,12.91,1.64,79.298,7.334184146745973,135.072106,0.083475943636789,7164.7,100.9547,205.288,674.4000244140625,64.4000015258789
2007-05-11,670.5999755859375,4.67,4.71,-0.04,-0.2,5.27,12.95,1.66,79.6329,7.335304428831385,135.072106,0.0834886944216545,7164.7,100.9547,205.288,674.4000244140625,64.4000015258789
2007-05-18,661.0,4.81,4.82,-0.01,-0.03,5.24,12.76,1.63,79.2469,7.417627917851993,135.072106,0.0844256808392259,7164.7,100.9547,205.288,674.4000244140625,64.4000015258789
2007-05-25,655.0999755859375,4.86,4.85,0.01,-0.02,5.29,13.34,1.62,79.2328,7.383431961287313,135.072106,0.0840364705759322,7164.7,100.9547,205.288,674.4000244140625,64.4000015258789
2007-06-01,671.2000122070312,4.95,4.97,-0.02,0.16,5.23,12.78,1.6,78.8761,7.461438174199202,135.754026,0.0845160859385971,7239.9,101.6334,205.904,671.2000122070312,65.08000183105469
2007-06-08,645.5,5.12,5.01,0.11,0.35,5.26,14.84,1.62,79.086,7.322198907963481,135.754026,0.0829389157582025,7239.9,101.6334,205.904,671.2000122070312,65.08000183105469
2007-06-15,654.5,5.16,5.05,0.11,0.6,5.26,13.94,1.6,79.4155,7.444780257691388,135.754026,0.0843274008794619,7239.9,101.6334,205.904,671.2000122070312,65.08000183105469
2007-06-22,653.5,5.14,4.92,0.22,0.41,5.24,15.75,1.6,79.1696,7.297381588476911,135.754026,0.0826578087306397,7239.9,101.6334,205.904,671.2000122070312,65.08000183105469
2007-06-29,648.0999755859375,5.03,4.87,0.16,0.21,5.31,16.23,1.59,78.7698,7.30121792478989,135.754026,0.0827012631052451,7239.9,101.6334,205.904,671.2000122070312,65.08000183105469
2007-07-06,652.7000122070312,5.19,4.99,0.2,0.24,5.22,14.72,1.59,78.1078,7.402190715611472,132.419971,0.0834393815982986,7257.1,101.7306,206.755,656.5,71.08999633789062
2007-07-13,665.7999877929688,5.11,4.94,0.17,0.14,5.25,15.15,1.59,77.4782,7.5088873304152255,132.419971,0.0846420930522309,7257.1,101.7306,206.755,656.5,71.08999633789062
2007-07-20,683.9000244140625,4.96,4.79,0.17,-0.01,5.25,16.95,1.61,77.1154,7.419892992120808,132.419971,0.0836389261738938,7257.1,101.7306,206.755,656.5,71.08999633789062
2007-07-27,660.0,4.8,4.56,0.24,-0.05,5.25,24.17,1.87,77.7109,7.056419197464995,132.419971,0.079541756860314,7257.1,101.7306,206.755,656.5,71.08999633789062
2007-08-03,672.5,4.71,4.46,0.25,-0.14,5.24,25.16,1.86,77.1901,6.91517829407216,129.288476,0.0775982592313931,7290.6,101.7893,207.234,663.5999755859375,76.52999877929688
2007-08-10,670.2999877929688,4.81,4.47,0.34,0.24,4.68,28.3,1.88,77.4845,7.014486110621025,129.288476,0.0787126359494697,7290.6,101.7893,207.234,663.5999755859375,76.52999877929688
2007-08-17,656.9000244140625,4.68,4.18,0.5,0.92,4.91,29.99,2.07,77.9094,6.97732969206911,129.288476,0.0782956874231572,7290.6,101.7893,207.234,663.5999755859375,76.52999877929688
2007-08-24,668.0,4.63,4.3,0.33,0.39,5.11,20.72,2.01,77.4357,7.138645179445398,129.288476,0.0801058795071696,7290.6,101.7893,207.234,663.5999755859375,76.52999877929688
2007-08-31,673.0,4.54,4.15,0.39,0.53,4.96,23.38,2.05,77.5001,7.112684164926484,129.288476,0.0798145595369707,7290.6,101.7893,207.234,663.5999755859375,76.52999877929688
2007-09-07,700.7999877929688,4.38,3.9,0.48,0.31,4.86,26.23,2.1,76.8179,7.001584990718462,125.567638,0.0782373916893821,7321.8,101.6672,207.603,682.5,75.08000183105469
2007-09-14,709.5999755859375,4.47,4.05,0.42,0.46,5.25,24.92,2.12,76.3203,7.149463158046848,125.567638,0.0798898178350214,7321.8,101.6672,207.603,682.5,75.08000183105469
2007-09-21,731.4000244140625,4.64,4.06,0.58,0.9,4.76,19.0,2.03,75.0938,7.349363930193687,125.567638,0.0821235570569539,7321.8,101.6672,207.603,682.5,75.08000183105469
2007-09-28,742.7999877929688,4.59,3.97,0.62,0.77,4.58,18.0,2.0,74.5149,7.354180816269514,125.567638,0.0821773820984463,7321.8,101.6672,207.603,682.5,75.08000183105469
2007-10-05,741.2999877929688,4.65,4.08,0.57,0.65,4.77,16.91,1.94,74.4861,7.500421183049365,118.699848,0.0834881215871225,7397.0,101.863,207.667,747.2000122070312,80.23999786376953
2007-10-12,748.7000122070312,4.7,4.23,0.47,0.5,4.75,17.73,1.87,74.3795,7.520694423418862,118.699848,0.0837137855486022,7397.0,101.863,207.667,747.2000122070312,80.23999786376953
2007-10-19,764.0,4.41,3.8,0.61,0.55,4.77,22.96,1.97,73.6572,7.226136097130563,118.699848,0.0804350201620351,7397.0,101.863,207.667,747.2000122070312,80.23999786376953
2007-10-26,783.9000244140625,4.41,3.77,0.64,0.45,4.8,19.56,1.98,73.1722,7.39298987945545,118.699848,0.0822922903774056,7397.0,101.863,207.667,747.2000122070312,80.23999786376953
2007-11-02,805.7000122070312,4.31,3.66,0.65,0.7,4.28,23.01,2.04,72.3739,7.238895905546771,111.438198,0.0803120754308143,7413.8,102.0894,208.547,790.7000122070312,93.48999786376952
2007-11-09,832.5,4.23,3.42,0.81,0.96,4.49,28.5,2.18,71.5816,6.97061070728361,111.438198,0.077335579931912,7413.8,102.0894,208.547,790.7000122070312,93.48999786376952
2007-11-16,785.7000122070312,4.15,3.33,0.82,0.75,4.51,25.49,2.26,72.5773,6.994778108696721,111.438198,0.077603705650334,7413.8,102.0894,208.547,790.7000122070312,93.48999786376952
2007-11-23,824.0,4.01,3.07,0.94,0.78,4.56,25.61,2.37,72.2685,6.908274639155082,111.438198,0.0766439911770906,7413.8,102.0894,208.547,790.7000122070312,93.48999786376952
2007-11-30,782.2000122070312,3.97,3.04,0.93,0.82,4.66,22.87,2.47,73.1659,7.102188066231773,111.438198,0.0787953675728332,7413.8,102.0894,208.547,790.7000122070312,93.48999786376952
2007-12-07,794.4000244140625,4.12,3.12,1.0,1.0,4.41,20.85,2.61,73.4888,7.1927914058018425,104.947822,0.0795880006018438,7429.0,101.8015,209.19,788.2999877929688,89.30999755859375
2007-12-14,793.2999877929688,4.24,3.31,0.93,1.36,4.24,23.27,2.55,74.4235,7.017304609072494,104.947822,0.0776462449612666,7429.0,101.8015,209.19,788.2999877929688,89.30999755859375
2007-12-21,811.5999755859375,4.18,3.19,0.99,1.18,4.28,18.47,2.5,74.3217,7.096228122460443,104.947822,0.0785195310440457,7429.0,101.8015,209.19,788.2999877929688,89.30999755859375
2007-12-28,839.5999755859375,4.11,3.12,0.99,0.93,4.01,20.74,2.51,73.0506,7.067689613434557,104.947822,0.0782037533792442,7429.0,101.8015,209.19,788.2999877929688,89.30999755859375
2008-01-04,863.0999755859375,3.88,2.74,1.14,0.68,4.18,23.94,2.59,72.8511,6.69545711262326,101.383307,0.0739287133328686,7454.0,102.3446,210.834,857.0,99.62000274658205
2008-01-11,896.0999755859375,3.82,2.59,1.23,0.73,4.23,23.68,2.77,73.4005,6.645133230556978,101.383307,0.0733730559985753,7454.0,102.3446,210.834,857.0,99.62000274658205
2008-01-18,880.7999877929688,3.66,2.36,1.3,0.8,4.17,27.18,2.87,73.7317,6.28546601310154,101.383307,0.0694017461735354,7454.0,102.3446,210.834,857.0,99.62000274658205
2008-01-25,910.5,3.61,2.23,1.38,1.31,3.6,29.08,2.95,73.0399,6.311173650130256,101.383307,0.0696856002101446,7454.0,102.3446,210.834,857.0,99.62000274658205
2008-02-01,908.7000122070312,3.62,2.09,1.53,1.52,3.12,24.02,2.98,72.3029,6.599446872450579,98.053106,0.0727371552811847,7482.7,102.3803,211.445,908.7000122070312,88.95999908447266
2008-02-08,918.4000244140625,3.64,1.93,1.71,1.41,3.05,28.01,3.09,73.3367,6.296152848553998,98.053106,0.0693943380817443,7482.7,102.3803,211.445,908.7000122070312,88.95999908447266
2008-02-15,902.7999877929688,3.76,1.91,1.85,1.55,2.97,25.02,3.14,72.9759,6.384591691618979,98.053106,0.0703690849029907,7482.7,102.3803,211.445,908.7000122070312,88.95999908447266
2008-02-22,944.7000122070312,3.79,1.98,1.81,1.59,2.97,24.06,3.12,72.8616,6.399347278732354,98.053106,0.0705317166283268,7482.7,102.3803,211.445,908.7000122070312,88.95999908447266
2008-02-29,972.0999755859375,3.53,1.65,1.88,1.68,3.01,26.54,3.22,70.9133,6.293031307823843,98.053106,0.0693599333812907,7482.7,102.3803,211.445,908.7000122070312,88.95999908447266
2008-03-07,972.2000122070312,3.56,1.53,2.03,2.11,2.96,27.49,3.39,70.6389,6.0957987082167815,94.199935,0.0670839084708516,7513.6,102.2448,212.174,981.5,102.4499969482422
2008-03-14,998.2000122070312,3.44,1.47,1.97,2.26,2.99,31.16,3.42,69.6671,6.071149220208119,94.199935,0.066812642296134,7513.6,102.2448,212.174,981.5,102.4499969482422
2008-03-21,919.5999755859375,3.34,1.59,1.75,2.71,2.08,26.62,3.42,70.8359,6.266130674661481,94.199935,0.0689584018052909,7513.6,102.2448,212.174,981.5,102.4499969482422
2008-03-28,930.5999755859375,3.47,1.67,1.8,2.14,2.09,25.71,3.47,70.1241,6.198780108322061,94.199935,0.0682172127595169,7513.6,102.2448,212.174,981.5,102.4499969482422
2008-04-04,909.0,3.5,1.83,1.67,2.15,2.26,22.45,3.4,70.2081,6.443271212693124,88.970371,0.0708233521476898,7600.3,101.8438,212.687,882.9000244140625,100.9800033569336
2008-04-11,923.5999755859375,3.49,1.76,1.73,2.3,2.37,23.46,3.38,70.3466,6.266626338491245,88.970371,0.0688817014367841,7600.3,101.8438,212.687,882.9000244140625,100.9800033569336
2008-04-18,912.2000122070312,3.77,2.19,1.58,2.42,2.32,20.13,3.26,70.5427,6.536976665497597,88.970371,0.0718533467052767,7600.3,101.8438,212.687,882.9000244140625,100.9800033569336
2008-04-25,887.2000122070312,3.91,2.44,1.47,2.57,2.28,19.59,3.14,70.8926,6.572286814992512,88.970371,0.0722414699224306,7600.3,101.8438,212.687,882.9000244140625,100.9800033569336
2008-05-02,856.0999755859375,3.89,2.47,1.42,2.39,1.88,18.18,2.97,71.4946,6.62409591288774,83.60464,0.0727555297568403,7664.9,101.5336,213.448,848.9000244140625,112.5199966430664
2008-05-09,884.5,3.77,2.25,1.52,2.08,1.97,19.41,3.07,70.9725,6.504066701477058,83.60464,0.0714371930392983,7664.9,101.5336,213.448,848.9000244140625,112.5199966430664
2008-05-16,899.0,3.85,2.47,1.38,2.01,1.91,16.47,3.06,70.5699,6.67773872599386,83.60464,0.0733447137506273,7664.9,101.5336,213.448,848.9000244140625,112.5199966430664
2008-05-23,925.5999755859375,3.85,2.46,1.39,1.99,1.99,19.55,3.06,69.8545,6.446207290351455,83.60464,0.0708016961861093,7664.9,101.5336,213.448,848.9000244140625,112.5199966430664
2008-05-30,887.2999877929688,4.06,2.66,1.4,2.17,1.98,17.83,3.0,70.6806,6.560754867147092,83.60464,0.0720598255582874,7664.9,101.5336,213.448,848.9000244140625,112.5199966430664
2008-06-06,895.4000244140625,3.94,2.4,1.54,2.09,2.01,23.56,3.04,70.871,6.36004175763028,78.193901,0.0698330136377129,7711.4,100.8785,213.942,892.9000244140625,127.76000213623048
2008-06-13,870.2999877929688,4.27,3.05,1.22,2.28,2.02,21.22,2.9,72.1769,6.357003436898201,78.193901,0.0697996529930498,7711.4,100.8785,213.942,892.9000244140625,127.76000213623048
2008-06-20,901.2999877929688,4.16,2.88,1.28,2.29,1.99,22.87,2.95,71.2992,6.16022124552887,78.193901,0.0676389921079122,7711.4,100.8785,213.942,892.9000244140625,127.76000213623048
2008-06-27,929.2999877929688,3.99,2.65,1.34,2.31,1.99,23.44,3.04,70.741,5.975357830079239,78.193901,0.065609198923501,7711.4,100.8785,213.942,892.9000244140625,127.76000213623048
2008-07-04,931.7999877929688,3.99,2.54,1.45,2.15,1.92,24.79,3.08,71.0945,5.868276385701566,75.049759,0.0644419216581288,7728.3,100.2674,215.208,942.5,140.97000122070312
2008-07-11,959.5,3.96,2.59,1.37,2.34,1.97,27.49,3.15,70.414,5.759497742808701,75.049759,0.063247379287824,7728.3,100.2674,215.208,942.5,140.97000122070312
2008-07-18,957.2999877929688,4.11,2.66,1.45,2.63,1.96,24.05,3.17,70.4381,5.857960920183904,75.049759,0.0643286433499742,7728.3,100.2674,215.208,942.5,140.97000122070312
2008-07-25,926.5999755859375,4.13,2.7,1.43,2.38,2.13,22.91,3.17,71.204,5.8443924471470625,75.049759,0.0641796424476665,7728.3,100.2674,215.208,942.5,140.97000122070312
2008-08-01,909.0,3.97,2.51,1.46,2.31,2.04,22.57,3.21,71.6681,5.795514908714356,72.603873,0.0636655347243129,7747.3,100.0335,217.463,909.0,125.0999984741211
2008-08-08,857.7999877929688,3.94,2.51,1.43,2.24,2.01,20.66,3.23,74.1199,5.961105780243363,72.603873,0.0654846019767338,7747.3,100.0335,217.463,909.0,125.0999984741211
2008-08-15,786.0,3.84,2.4,1.44,1.99,2.08,19.58,3.27,74.9655,5.9697509515268115,72.603873,0.0655795718734924,7747.3,100.0335,217.463,909.0,125.0999984741211
2008-08-22,827.4000244140625,3.87,2.42,1.45,2.17,2.02,18.81,3.27,74.4,5.9421600510058035,72.603873,0.0652764772455149,7747.3,100.0335,217.463,909.0,125.0999984741211
2008-08-29,829.2999877929688,3.83,2.36,1.47,2.11,1.94,20.65,3.29,75.0663,5.8990722838123615,72.603873,0.0648031447148156,7747.3,100.0335,217.463,909.0,125.0999984741211
2008-09-05,797.5999755859375,3.66,2.23,1.43,1.98,1.97,23.06,3.37,75.9795,5.672234259568936,69.953967,0.062343427918831,7794.9,99.676,219.016,805.0,109.70999908447266
2008-09-12,760.2999877929688,3.74,2.23,1.51,2.25,2.1,25.66,3.43,76.1543,5.715107349106344,69.953967,0.0628146452989532,7794.9,99.676,219.016,805.0,109.70999908447266
2008-09-19,860.5999755859375,3.78,2.16,1.62,2.79,1.48,32.07,3.77,75.172,5.730540033854547,69.953967,0.0629842656681349,7794.9,99.676,219.016,805.0,109.70999908447266
2008-09-26,882.9000244140625,3.85,2.11,1.74,2.98,1.08,34.74,3.88,74.3001,5.539641028652016,69.953967,0.0608860980280127,7794.9,99.676,219.016,805.0,109.70999908447266
2008-10-03,828.9000244140625,3.63,1.6,2.03,3.12,1.1,45.14,4.35,77.3295,5.026430017233299,54.739995,0.0552838564916207,7808.8,98.1111,218.69,880.7000122070312,98.52999877929688
2008-10-10,855.4000244140625,3.89,1.62,2.27,3.64,0.79,69.95,4.86,80.1307,4.111847687151333,54.739995,0.0452247015620442,7808.8,98.1111,218.69,880.7000122070312,98.52999877929688
2008-10-17,785.0999755859375,3.98,1.64,2.34,3.15,0.6,70.33,5.45,80.1062,4.300836745132236,54.739995,0.0473033227552333,7808.8,98.1111,218.69,880.7000122070312,98.52999877929688
2008-10-24,729.0999755859375,3.76,1.57,2.19,2.87,0.95,79.13,5.54,83.6611,4.00919118172413,54.739995,0.0440956203862374,7808.8,98.1111,218.69,880.7000122070312,98.52999877929688
2008-10-31,716.7999877929688,4.01,1.56,2.45,3.55,0.22,59.89,5.53,82.875,4.429786455713567,54.739995,0.0487215932314904,7808.8,98.1111,218.69,880.7000122070312,98.52999877929688
2008-11-07,733.2000122070312,3.83,1.33,2.5,3.52,0.27,56.1,5.45,82.1033,4.25348478933088,39.570066,0.0468785917110649,7873.6,93.7895,218.877,725.4000244140625,63.90999984741211
2008-11-14,742.4000244140625,3.72,1.22,2.5,3.57,0.34,66.31,5.56,83.3267,3.9898663542873103,39.570066,0.0439731949373617,7873.6,93.7895,218.877,725.4000244140625,63.90999984741211
2008-11-21,791.7000122070312,3.2,1.09,2.11,3.18,0.57,72.67,5.88,85.2076,3.655158053595741,39.570066,0.0402843011132245,7873.6,93.7895,218.877,725.4000244140625,63.90999984741211
2008-11-28,816.2000122070312,2.93,1.0,1.93,2.92,0.52,55.84,6.1,83.3983,4.094719820878279,39.570066,0.045128808062425,7873.6,93.7895,218.877,725.4000244140625,63.90999984741211
2008-12-05,750.5,2.67,0.93,1.74,2.65,0.12,59.93,6.07,84.7245,4.037281998775173,23.575059,0.04464862366666,7976.3,94.7219,216.995,774.5999755859375,49.279998779296875
2008-12-12,818.9000244140625,2.6,0.78,1.82,2.58,0.15,54.28,6.08,81.5502,4.054148623096154,23.575059,0.0448351530104271,7976.3,94.7219,216.995,774.5999755859375,49.279998779296875
2008-12-19,836.4000244140625,2.13,0.74,1.39,2.11,0.11,44.93,5.94,79.5249,4.091707204695097,23.575059,0.0452505163602683,7976.3,94.7219,216.995,774.5999755859375,49.279998779296875
2008-12-26,870.4000244140625,2.16,0.89,1.27,2.13,0.09,43.38,5.9,79.1897,4.022212437120527,23.575059,0.0444819681822663,7976.3,94.7219,216.995,774.5999755859375,49.279998779296875
2009-01-02,878.7999877929688,2.46,0.88,1.58,2.38,0.08,39.19,5.72,79.257,4.3715077329100165,19.255766,0.0485824104928818,8027.8,93.4715,213.153,878.7999877929688,46.34000015258789
2009-01-09,854.2999877929688,2.43,0.75,1.68,2.36,0.09,42.82,5.72,79.5873,4.177046420111083,19.255766,0.0464212798485826,8027.8,93.4715,213.153,878.7999877929688,46.34000015258789
2009-01-16,839.2999877929688,2.36,0.73,1.63,2.24,0.19,46.11,5.55,81.784,3.988308844431875,19.255766,0.0443237595106797,8027.8,93.4715,213.153,878.7999877929688,46.34000015258789
2009-01-23,895.2999877929688,2.65,0.83,1.82,2.54,0.18,47.27,5.63,83.125,3.9030649918463793,19.255766,0.043376408598516,8027.8,93.4715,213.153,878.7999877929688,46.34000015258789
2009-01-30,927.2999877929688,2.87,0.94,1.93,2.63,0.23,44.84,5.38,82.8557,3.874587760354358,19.255766,0.0430599291057243,8027.8,93.4715,213.153,878.7999877929688,46.34000015258789
2009-02-06,913.9000244140625,3.05,0.99,2.06,2.77,0.23,43.37,5.13,82.7215,4.108837243426795,14.964222,0.0459083244508375,8203.0,90.8357,211.398,906.7000122070312,40.08000183105469
2009-02-13,941.5,2.89,0.97,1.92,2.6,0.22,42.93,5.24,83.0067,3.911295408922832,14.964222,0.0437011757871786,8203.0,90.8357,211.398,906.7000122070312,40.08000183105469
2009-02-20,1001.7999877929688,2.78,0.96,1.82,2.51,0.2,49.3,5.25,84.1959,3.642655028869567,14.964222,0.0406996381264179,8203.0,90.8357,211.398,906.7000122070312,40.08000183105469
2009-02-27,941.5,3.02,1.0,2.02,2.76,0.22,46.35,5.22,85.2042,3.477279949930788,14.964222,0.0388518908611423,8203.0,90.8357,211.398,906.7000122070312,40.08000183105469
2009-03-06,942.0999755859375,2.83,0.91,1.92,2.62,0.2,49.33,5.35,85.5713,3.224509655800713,10.741839,0.0362378554659874,8284.2,88.57,211.933,939.0,40.150001525878906
2009-03-13,929.7999877929688,2.89,0.98,1.91,2.69,0.15,42.36,5.56,84.8427,3.56976019682149,10.741839,0.0401178684107643,8284.2,88.57,211.933,939.0,40.150001525878906
2009-03-20,955.7999877929688,2.65,0.89,1.76,2.43,0.18,45.89,5.86,81.6374,3.626334634187898,10.741839,0.0407536662539078,8284.2,88.57,211.933,939.0,40.150001525878906
2009-03-27,923.0,2.78,0.9,1.88,2.64,0.15,41.04,5.72,82.616,3.849990338651396,10.741839,0.0432671656561849,8284.2,88.57,211.933,939.0,40.150001525878906
2009-04-03,895.5999755859375,2.91,0.96,1.95,2.7,0.13,39.7,5.68,82.0851,3.960884793493336,11.053517,0.0447933681619795,8314.7,88.031,212.705,926.0999755859376,48.38999938964844
2009-04-10,882.2000122070312,2.96,0.96,2.0,2.78,0.15,36.53,5.61,82.906,4.026985719934151,11.053517,0.0455408989002568,8314.7,88.031,212.705,926.0999755859376,48.38999938964844
2009-04-17,867.4000244140625,2.98,0.99,1.99,2.84,0.13,33.94,5.43,82.7691,4.08829118067717,11.053517,0.0462341980534947,8314.7,88.031,212.705,926.0999755859376,48.38999938964844
2009-04-24,913.5999755859375,3.03,0.99,2.04,2.93,0.16,36.82,5.25,81.681,4.072447664458992,11.053517,0.0460550248404522,8314.7,88.031,212.705,926.0999755859376,48.38999938964844
2009-05-01,887.5999755859375,3.21,0.92,2.29,3.05,0.22,35.3,5.01,81.4301,4.129603141397444,11.359129,0.0470009365383908,8380.5,86.6528,212.495,887.5999755859375,53.20000076293945
2009-05-08,914.4000244140625,3.29,1.0,2.29,3.1,0.17,32.05,4.85,80.0147,4.372949859849643,11.359129,0.0497705788694277,8380.5,86.6528,212.495,887.5999755859375,53.20000076293945
2009-05-15,930.9000244140625,3.14,0.88,2.26,2.97,0.17,33.12,4.85,79.6772,4.154827195382539,11.359129,0.0472880232438201,8380.5,86.6528,212.495,887.5999755859375,53.20000076293945
2009-05-22,958.5,3.45,0.92,2.53,3.27,0.17,32.63,4.66,77.0482,4.17421586390268,11.359129,0.0475086947096914,8380.5,86.6528,212.495,887.5999755859375,53.20000076293945
2009-05-29,978.7999877929688,3.47,0.92,2.55,3.33,0.19,28.92,4.29,76.2305,4.325466550499717,11.359129,0.0492301492123945,8380.5,86.6528,212.495,887.5999755859375,53.20000076293945
2009-06-05,961.7000122070312,3.84,1.32,2.52,3.64,0.21,29.62,3.95,77.3449,4.419606254815117,11.596964,0.0506333603215432,8390.2,85.9344,212.709,978.5999755859376,68.58000183105469
2009-06-12,940.0999755859375,3.81,1.3,2.51,3.62,0.17,28.15,3.79,76.9937,4.448377934044428,11.596964,0.0509629839842589,8390.2,85.9344,212.709,978.5999755859376,68.58000183105469
2009-06-19,935.5999755859375,3.79,1.25,2.54,3.6,0.25,27.99,3.54,77.0952,4.330940300921681,11.596964,0.0496175559867456,8390.2,85.9344,212.709,978.5999755859376,68.58000183105469
2009-06-26,940.7000122070312,3.52,1.1,2.42,3.32,0.18,25.93,3.65,77.3562,4.319986575152262,11.596964,0.0494920642773558,8390.2,85.9344,212.709,978.5999755859376,68.58000183105469
2009-07-03,930.7000122070312,3.51,0.98,2.53,3.34,0.16,27.95,3.63,77.7282,4.208109880247845,14.208606,0.0485375442251163,8452.9,85.0665,213.022,941.0,69.30999755859375
2009-07-10,912.2000122070312,3.32,0.91,2.41,3.14,0.15,29.02,3.71,77.7299,4.126944657748085,14.208606,0.0476013613095714,8452.9,85.0665,213.022,941.0,69.30999755859375
2009-07-17,937.2000122070312,3.67,1.02,2.65,3.5,0.15,24.34,3.56,76.4494,4.414473645364388,14.208606,0.0509178029780592,8452.9,85.0665,213.022,941.0,69.30999755859375
2009-07-24,952.7999877929688,3.7,1.05,2.65,3.52,0.15,23.09,3.41,75.5523,4.596990028098624,14.208606,0.0530229991946203,8452.9,85.0665,213.022,941.0,69.30999755859375
2009-07-31,953.7000122070312,3.52,1.13,2.39,3.34,0.18,25.92,3.11,75.0601,4.635577454294627,14.208606,0.0534680776167198,8452.9,85.0665,213.022,941.0,69.30999755859375
2009-08-07,957.2999877929688,3.89,1.32,2.57,3.7,0.17,24.76,2.85,75.7896,4.704501980859211,16.764232,0.054629108722084,8462.9,84.7459,214.79,956.5999755859376,71.58000183105469
2009-08-14,947.0,3.55,1.07,2.48,3.37,0.15,24.27,3.02,75.6458,4.674752208461608,16.764232,0.054283651634941,8462.9,84.7459,214.79,956.5999755859376,71.58000183105469
2009-08-21,953.2000122070312,3.56,1.13,2.43,3.39,0.16,25.01,3.06,75.0616,4.777363959601529,16.764232,0.0554751887056008,8462.9,84.7459,214.79,956.5999755859376,71.58000183105469
2009-08-28,957.0,3.46,1.01,2.45,3.31,0.14,24.76,2.95,75.0157,4.790400175571198,16.764232,0.0556265664417414,8462.9,84.7459,214.79,956.5999755859376,71.58000183105469
2009-09-04,994.9000244140625,3.45,0.94,2.51,3.31,0.15,25.26,3.0,75.1119,4.733474401861267,19.339557,0.0553345007032999,8467.3,85.7027,214.726,954.7000122070312,68.05000305175781
2009-09-11,1004.9000244140625,3.34,0.9,2.44,3.2,0.15,24.15,2.97,73.6224,4.856095584459963,19.339557,0.0567679471189135,8467.3,85.7027,214.726,954.7000122070312,68.05000305175781
2009-09-18,1009.2000122070312,3.49,1.03,2.46,3.41,0.16,23.92,2.85,73.607,4.97517789568159,19.339557,0.058160023989859,8467.3,85.7027,214.726,954.7000122070312,68.05000305175781
2009-09-25,990.2000122070312,3.34,0.98,2.36,3.24,0.13,25.61,2.83,73.9733,4.863779909665399,19.339557,0.0568577771808058,8467.3,85.7027,214.726,954.7000122070312,68.05000305175781
2009-10-02,1003.2000122070312,3.24,0.88,2.36,3.14,0.13,28.68,2.93,74.0516,4.758569291176403,39.0579,0.0559980842264851,8466.2,86.6426,215.445,999.5,70.81999969482422
2009-10-09,1047.800048828125,3.4,0.98,2.42,3.33,0.12,23.12,2.96,72.8897,4.973380631875305,39.0579,0.0585259498123801,8466.2,86.6426,215.445,999.5,70.81999969482422
2009-10-16,1050.699951171875,3.43,0.97,2.46,3.36,0.12,21.43,2.93,72.3752,5.048527715709056,39.0579,0.059410268705813,8466.2,86.6426,215.445,999.5,70.81999969482422
2009-10-23,1055.5999755859375,3.51,1.04,2.47,3.44,0.11,22.27,2.8,72.4086,5.011023581823378,39.0579,0.0589689260417342,8466.2,86.6426,215.445,999.5,70.81999969482422
2009-10-30,1039.699951171875,3.41,0.9,2.51,3.36,0.11,30.69,2.86,73.343,4.809533483748753,39.0579,0.0565978227137429,8466.2,86.6426,215.445,999.5,70.81999969482422
2009-11-06,1095.0999755859375,3.54,0.86,2.68,3.48,0.12,24.19,2.86,72.9171,4.953650955143009,58.753267,0.0585854688659117,8462.7,87.4063,215.861,1053.4000244140625,78.12999725341797
2009-11-13,1116.0999755859375,3.43,0.82,2.61,3.37,0.12,23.36,2.93,72.2546,5.065667167615966,58.753267,0.0599102538351672,8462.7,87.4063,215.861,1053.4000244140625,78.12999725341797
2009-11-20,1146.4000244140625,3.36,0.75,2.61,3.34,0.11,22.19,2.93,72.6985,5.0559387980358315,58.753267,0.0597951990809437,8462.7,87.4063,215.861,1053.4000244140625,78.12999725341797
2009-11-27,1174.199951171875,3.21,0.68,2.53,3.18,0.12,24.85,2.99,72.1116,5.0564483173633725,58.753267,0.0598012250260437,8462.7,87.4063,215.861,1053.4000244140625,78.12999725341797
2009-12-04,1168.800048828125,3.48,0.84,2.64,3.42,0.12,21.25,2.91,72.4428,5.108240213888338,78.614715,0.060615679104987,8489.2,87.6419,216.509,1199.0999755859375,78.37000274658203
2009-12-11,1119.4000244140625,3.55,0.83,2.72,3.52,0.12,21.59,2.86,73.2361,5.110226522591152,78.614715,0.0606392491498345,8489.2,87.6419,216.509,1199.0999755859375,78.37000274658203
2009-12-18,1110.800048828125,3.55,0.82,2.73,3.5,0.12,21.68,2.73,74.3857,5.092028371583283,78.614715,0.0604233052561237,8489.2,87.6419,216.509,1199.0999755859375,78.37000274658203
2009-12-25,1104.0999755859375,3.82,1.0,2.82,3.77,0.11,19.47,2.65,74.0336,5.2029244995300425,78.614715,0.0617392269481636,8489.2,87.6419,216.509,1199.0999755859375,78.37000274658203
2010-01-01,1095.199951171875,3.85,1.14,2.71,3.79,0.05,21.68,2.54,74.0746,5.133174252584483,83.450202,0.0610124035923636,8517.9,88.0221,217.234,1117.699951171875,81.51000213623047
2010-01-08,1138.199951171875,3.83,0.96,2.87,3.78,0.11,18.13,2.49,73.7168,5.270721804453952,83.450202,0.0626472802466241,8517.9,88.0221,217.234,1117.699951171875,81.51000213623047
2010-01-15,1130.0999755859375,3.7,0.89,2.81,3.64,0.12,17.91,2.48,73.1811,5.229522217041876,83.450202,0.062157586008452,8517.9,88.0221,217.234,1117.699951171875,81.51000213623047
2010-01-22,1089.199951171875,3.62,0.84,2.78,3.56,0.11,27.31,2.53,74.2269,5.025732665078325,83.450202,0.0597353634653448,8517.9,88.0221,217.234,1117.699951171875,81.51000213623047
2010-01-29,1083.0,3.63,0.82,2.81,3.55,0.12,24.62,2.57,75.1727,4.94337900658823,83.450202,0.0587565159916641,8517.9,88.0221,217.234,1117.699951171875,81.51000213623047
2010-02-05,1052.199951171875,3.59,0.77,2.82,3.49,0.13,26.11,2.62,75.986,4.905473465961113,88.531375,0.0583836172622611,8510.6,88.3793,217.347,1104.300048828125,74.43000030517578
2010-02-12,1089.5,3.69,0.84,2.85,3.59,0.12,22.73,2.72,75.5219,4.9483545195729635,88.531375,0.0588939759542913,8510.6,88.3793,217.347,1104.300048828125,74.43000030517578
2010-02-19,1121.300048828125,3.78,0.95,2.83,3.67,0.13,20.02,2.65,75.8191,5.103222238840713,88.531375,0.060737169625758,8510.6,88.3793,217.347,1104.300048828125,74.43000030517578
2010-02-26,1118.300048828125,3.61,0.81,2.8,3.48,0.13,19.5,2.62,75.3583,5.081689603419302,88.531375,0.0604808940279355,8510.6,88.3793,217.347,1104.300048828125,74.43000030517578
2010-03-05,1134.800048828125,3.69,0.91,2.78,3.54,0.17,17.42,2.61,75.2128,5.235690940060486,93.250427,0.06237311894288,8473.1,89.3426,217.488,1117.800048828125,78.69999694824219
2010-03-12,1101.5,3.71,0.97,2.74,3.56,0.17,17.58,2.55,74.6303,5.287602029695316,93.250427,0.0629915390531033,8473.1,89.3426,217.488,1117.800048828125,78.69999694824219
2010-03-19,1107.4000244140625,3.7,1.02,2.68,3.54,0.18,16.97,2.49,75.1009,5.333167919214221,93.250427,0.0635343683910528,8473.1,89.3426,217.488,1117.800048828125,78.69999694824219
2010-03-26,1104.199951171875,3.86,1.04,2.82,3.72,0.17,17.77,2.49,76.0539,5.363927967613443,93.250427,0.0639008148027027,8473.1,89.3426,217.488,1117.800048828125,78.69999694824219
2010-04-02,1125.0999755859375,3.96,1.11,2.85,3.8,0.2,17.47,2.44,75.5882,5.422011016084874,96.230914,0.0646304527868104,8523.4,89.6779,217.281,1125.0999755859375,84.87000274658203
2010-04-09,1161.0999755859375,3.9,1.08,2.82,3.74,0.19,16.14,2.43,75.2469,5.4968911000832446,96.230914,0.0655230245132736,8523.4,89.6779,217.281,1125.0999755859375,84.87000274658203
2010-04-16,1136.300048828125,3.79,0.98,2.81,3.63,0.21,18.36,2.43,75.2225,5.486581914124164,96.230914,0.065400138861728,8523.4,89.6779,217.281,1125.0999755859375,84.87000274658203
2010-04-23,1153.0999755859375,3.84,1.1,2.74,3.68,0.2,16.62,2.37,75.5681,5.602330757391925,96.230914,0.066779866812806,8523.4,89.6779,217.281,1125.0999755859375,84.87000274658203
2010-04-30,1180.0999755859375,3.69,0.97,2.72,3.53,0.2,22.05,2.38,75.909,5.4615449183603255,96.230914,0.065101697495999,8523.4,89.6779,217.281,1125.0999755859375,84.87000274658203
2010-05-07,1210.0,3.45,0.83,2.62,3.32,0.2,40.95,2.55,78.0003,5.110948571599253,99.296111,0.0609435560631081,8519.0,90.2928,217.353,1182.699951171875,86.19000244140625
2010-05-14,1227.4000244140625,3.44,0.79,2.65,3.28,0.2,31.24,2.59,78.7662,5.225048900686613,99.296111,0.0623041019001754,8519.0,90.2928,217.353,1182.699951171875,86.19000244140625
2010-05-21,1175.699951171875,3.2,0.76,2.44,3.03,0.2,40.1,2.76,78.8273,5.0042554802843755,99.296111,0.0596713350064873,8519.0,90.2928,217.353,1182.699951171875,86.19000244140625
2010-05-28,1212.199951171875,3.31,0.76,2.55,3.15,0.19,32.07,2.89,79.1945,5.0121693014574795,99.296111,0.0597657003473981,8519.0,90.2928,217.353,1182.699951171875,86.19000244140625
2010-06-04,1216.199951171875,3.2,0.72,2.48,3.06,0.19,35.48,2.95,80.3981,4.89818450013483,102.535951,0.0584118183378132,8554.3,90.5991,217.403,1224.800048828125,72.58000183105469
2010-06-11,1228.9000244140625,3.24,0.75,2.49,3.16,0.18,28.79,3.04,79.6463,5.021089753066597,102.535951,0.0598774877724406,8554.3,90.5991,217.403,1224.800048828125,72.58000183105469
2010-06-18,1257.199951171875,3.24,0.74,2.5,3.13,0.18,23.95,3.04,78.3196,5.14026949842286,102.535951,0.0612987297928474,8554.3,90.5991,217.403,1224.800048828125,72.58000183105469
2010-06-25,1255.800048828125,3.12,0.65,2.47,2.99,0.16,28.53,3.09,78.3432,4.952829582690327,102.535951,0.0590634717484184,8554.3,90.5991,217.403,1224.800048828125,72.58000183105469
2010-07-02,1207.4000244140625,3.0,0.63,2.37,2.83,0.18,30.12,3.04,78.0191,4.70606110308732,104.938401,0.0561082872573662,8612.0,91.823,217.29,1206.300048828125,72.94999694824219
2010-07-09,1209.5999755859375,3.07,0.63,2.44,2.91,0.18,24.98,3.07,77.209,4.960927612579963,104.938401,0.0591469480426064,8612.0,91.823,217.29,1206.300048828125,72.94999694824219
2010-07-16,1188.0,2.96,0.61,2.35,2.81,0.19,26.25,3.04,76.6215,4.900731763462711,104.938401,0.0584292595298592,8612.0,91.823,217.29,1206.300048828125,72.94999694824219
2010-07-23,1187.699951171875,3.02,0.6,2.42,2.86,0.19,23.47,2.95,76.3971,5.074600921255868,104.938401,0.0605022246777735,8612.0,91.823,217.29,1206.300048828125,72.94999694824219
2010-07-30,1181.699951171875,2.94,0.55,2.39,2.79,0.18,23.5,2.91,75.4647,5.069722378323611,104.938401,0.0604440599658744,8612.0,91.823,217.29,1206.300048828125,72.94999694824219
2010-08-06,1203.4000244140625,2.86,0.5,2.36,2.71,0.18,21.74,2.94,74.6328,5.164112241071264,107.214458,0.0615466916132846,8631.0,91.9928,217.199,1183.4000244140625,81.33999633789062
2010-08-13,1214.9000244140625,2.68,0.54,2.14,2.53,0.19,26.24,3.05,76.4662,4.968945529215143,107.214458,0.0592206644343525,8631.0,91.9928,217.199,1183.4000244140625,81.33999633789062
2010-08-20,1227.199951171875,2.62,0.49,2.13,2.47,0.2,25.49,2.9,76.7706,4.934138469358745,107.214458,0.0588058284898684,8631.0,91.9928,217.199,1183.4000244140625,81.33999633789062
2010-08-27,1236.0,2.66,0.56,2.1,2.51,0.19,24.45,2.96,76.5441,4.901449665147227,107.214458,0.0584162382450994,8631.0,91.9928,217.199,1183.4000244140625,81.33999633789062
2010-09-03,1249.199951171875,2.72,0.52,2.2,2.58,0.19,21.31,2.97,75.8293,5.075756576207463,109.571458,0.0604645247067855,8642.3,92.3421,217.605,1246.300048828125,73.91000366210938
2010-09-10,1244.5,2.81,0.58,2.23,2.67,0.18,21.99,2.94,75.9987,5.098917988226948,109.571458,0.0607404330858162,8642.3,92.3421,217.605,1246.300048828125,73.91000366210938
2010-09-17,1275.5999755859375,2.75,0.48,2.27,2.59,0.21,22.01,3.03,75.3334,5.172629148320638,109.571458,0.0616185111011297,8642.3,92.3421,217.605,1246.300048828125,73.91000366210938
2010-09-24,1296.0,2.62,0.45,2.17,2.47,0.21,21.71,3.05,73.8244,5.278693246686944,109.571458,0.0628819907814268,8642.3,92.3421,217.605,1246.300048828125,73.91000366210938
2010-10-01,1316.0999755859375,2.54,0.42,2.12,2.38,0.2,22.5,3.07,72.9636,5.25983943977632,112.222086,0.0626163700178868,8690.5,92.6805,217.923,1316.0999755859375,81.58000183105469
2010-10-08,1344.199951171875,2.41,0.35,2.06,2.29,0.18,20.71,3.21,72.1319,5.34661336533575,112.222086,0.0636493803013651,8690.5,92.6805,217.923,1316.0999755859375,81.58000183105469
2010-10-15,1371.0999755859375,2.59,0.37,2.22,2.45,0.2,19.03,3.26,71.7903,5.39727307996976,112.222086,0.064252464762943,8690.5,92.6805,217.923,1316.0999755859375,81.58000183105469
2010-10-22,1324.4000244140625,2.59,0.35,2.24,2.46,0.19,18.78,3.18,72.5335,5.428889819131929,112.222086,0.0646288499094489,8690.5,92.6805,217.923,1316.0999755859375,81.58000183105469
2010-10-29,1357.0999755859375,2.63,0.34,2.29,2.51,0.2,21.2,3.15,72.1409,5.429716045417992,112.222086,0.0646386858163124,8690.5,92.6805,217.923,1316.0999755859375,81.58000183105469
2010-11-05,1397.300048828125,2.58,0.38,2.2,2.45,0.18,18.26,3.27,71.4082,5.616080520379968,114.960625,0.06677917926806,8719.6,92.9537,218.275,1350.199951171875,82.94999694824219
2010-11-12,1365.4000244140625,2.76,0.51,2.25,2.63,0.19,20.61,3.24,72.5084,5.494032577883404,114.960625,0.0653279426980536,8719.6,92.9537,218.275,1350.199951171875,82.94999694824219
2010-11-19,1352.199951171875,2.88,0.52,2.36,2.74,0.21,18.04,3.11,73.1836,5.496414983249341,114.960625,0.0653562711870138,8719.6,92.9537,218.275,1350.199951171875,82.94999694824219
2010-11-26,1362.300048828125,2.87,0.51,2.36,2.71,0.2,22.22,3.07,74.2716,5.449089563230157,114.960625,0.0647935383885917,8719.6,92.9537,218.275,1350.199951171875,82.94999694824219
2010-12-03,1405.4000244140625,3.03,0.49,2.54,2.89,0.18,18.01,3.02,73.3383,5.591389325621476,117.544357,0.0663741353883979,8769.8,92.6903,219.035,1387.300048828125,86.75
2010-12-10,1384.300048828125,3.32,0.64,2.68,3.19,0.16,17.61,2.79,73.8277,5.663022002940455,117.544357,0.067224470921432,8769.8,92.6903,219.035,1387.300048828125,86.75
2010-12-17,1378.5999755859375,3.33,0.61,2.72,3.22,0.2,16.11,2.73,74.2145,5.679046883738615,117.544357,0.0674146987066456,8769.8,92.6903,219.035,1387.300048828125,86.75
2010-12-24,1380.0,3.41,0.67,2.74,3.27,0.19,16.47,2.7,74.0457,5.737758894839866,117.544357,0.0681116558932794,8769.8,92.6903,219.035,1387.300048828125,86.75
2010-12-31,1421.0999755859375,3.3,0.61,2.69,3.18,0.13,17.75,2.68,73.212,5.741730840497809,117.544357,0.0681588059741453,8769.8,92.6903,219.035,1387.300048828125,86.75
2011-01-07,1368.5,3.34,0.6,2.74,3.2,0.17,17.14,2.73,74.0203,5.790336536272143,118.983539,0.068587653053952,8790.3,92.7709,219.59,1422.5999755859375,91.5500030517578
2011-01-14,1360.4000244140625,3.35,0.59,2.76,3.2,0.16,15.46,2.74,72.9959,5.889339178625507,118.983539,0.0697603584472604,8790.3,92.7709,219.59,1422.5999755859375,91.5500030517578
2011-01-21,1341.0,3.44,0.63,2.81,3.28,0.17,18.47,2.68,72.4317,5.844300631112243,118.983539,0.0692268681653842,8790.3,92.7709,219.59,1422.5999755859375,91.5500030517578
2011-01-28,1340.699951171875,3.36,0.54,2.82,3.21,0.17,20.04,2.7,72.3801,5.812377457171603,118.983539,0.068848732013037,8790.3,92.7709,219.59,1422.5999755859375,91.5500030517578
2011-02-04,1348.300048828125,3.68,0.77,2.91,3.53,0.17,15.93,2.57,72.1176,5.945743655054553,120.386289,0.0702429008050097,8822.0,93.6787,220.472,1339.5999755859375,90.7699966430664
2011-02-11,1359.9000244140625,3.64,0.85,2.79,3.52,0.15,15.69,2.56,72.5923,6.028656810905977,120.386289,0.0712224352282523,8822.0,93.6787,220.472,1339.5999755859375,90.7699966430664
2011-02-18,1388.199951171875,3.59,0.78,2.81,3.49,0.15,16.43,2.58,71.8652,6.091521870194968,120.386289,0.071965121825577,8822.0,93.6787,220.472,1339.5999755859375,90.7699966430664
2011-02-25,1408.699951171875,3.42,0.72,2.7,3.29,0.15,19.22,2.6,71.4589,5.986610566796747,120.386289,0.0707257017117178,8822.0,93.6787,220.472,1339.5999755859375,90.7699966430664
2011-03-04,1428.199951171875,3.49,0.68,2.81,3.37,0.15,19.06,2.6,70.8336,5.973000331909481,121.191167,0.0703473376909821,8844.5,93.4814,221.187,1430.699951171875,99.62999725341795
2011-03-11,1421.5,3.4,0.64,2.76,3.32,0.13,20.08,2.63,71.1028,5.896730048768124,121.191167,0.069449060264934,8844.5,93.4814,221.187,1430.699951171875,99.62999725341795
2011-03-18,1415.9000244140625,3.28,0.61,2.67,3.21,0.15,24.44,2.69,70.6199,5.783386731306541,121.191167,0.068114153152023,8844.5,93.4814,221.187,1430.699951171875,99.62999725341795
2011-03-25,1426.0999755859375,3.46,0.79,2.67,3.37,0.13,17.91,2.58,70.4768,5.939770641258867,121.191167,0.0699559731941349,8844.5,93.4814,221.187,1430.699951171875,99.62999725341795
2011-04-01,1428.0999755859375,3.46,0.8,2.66,3.39,0.11,17.4,2.58,70.4113,6.004605873778437,121.6795,0.0704754402645743,8909.9,93.1102,221.898,1428.0999755859375,107.94000244140624
2011-04-08,1473.4000244140625,3.59,0.83,2.76,3.55,0.09,17.87,2.56,69.8312,5.985498039393382,121.6795,0.0702511735817817,8909.9,93.1102,221.898,1428.0999755859375,107.94000244140624
2011-04-15,1485.300048828125,3.43,0.71,2.72,3.36,0.12,15.32,2.56,69.6226,5.947237260862818,121.6795,0.0698021107675873,8909.9,93.1102,221.898,1428.0999755859375,107.94000244140624
2011-04-22,1503.199951171875,3.42,0.68,2.74,3.36,0.1,14.69,2.57,68.9655,6.027003419962382,121.6795,0.0707383179556901,8909.9,93.1102,221.898,1428.0999755859375,107.94000244140624
2011-04-29,1556.0,3.32,0.61,2.71,3.28,0.09,14.75,2.58,68.1169,6.145210796634321,121.6795,0.0721257057524238,8909.9,93.1102,221.898,1428.0999755859375,107.94000244140624
2011-05-06,1491.199951171875,3.19,0.57,2.62,3.17,0.09,18.4,2.6,69.0411,6.008625804416466,122.3676,0.0702371722318609,8967.7,94.0788,223.046,1556.699951171875,113.5199966430664
2011-05-13,1493.4000244140625,3.18,0.57,2.61,3.15,0.09,17.07,2.64,70.1238,5.997731497230392,122.3676,0.070109824423047,8967.7,94.0788,223.046,1556.699951171875,113.5199966430664
2011-05-20,1508.800048828125,3.15,0.55,2.6,3.1,0.1,17.43,2.63,70.163,5.977556286735696,122.3676,0.0698739885130644,8967.7,94.0788,223.046,1556.699951171875,113.5199966430664
2011-05-27,1536.300048828125,3.07,0.48,2.59,3.02,0.1,15.98,2.65,69.6972,5.967827154873603,122.3676,0.0697602608933876,8967.7,94.0788,223.046,1556.699951171875,113.5199966430664
2011-06-03,1541.699951171875,2.99,0.42,2.57,2.95,0.11,17.95,2.73,69.0276,5.801877051847615,123.757965,0.0675047312218277,9033.6,93.7749,224.093,1542.4000244140625,100.29000091552734
2011-06-10,1528.5999755859375,2.99,0.41,2.58,2.94,0.09,18.86,2.71,69.5822,5.671663017000754,123.757965,0.0659896933564789,9033.6,93.7749,224.093,1542.4000244140625,100.29000091552734
2011-06-17,1538.5999755859375,2.94,0.38,2.56,2.9,0.1,21.85,2.79,69.7296,5.673983569321666,123.757965,0.0660166929394259,9033.6,93.7749,224.093,1542.4000244140625,100.29000091552734
2011-06-24,1500.5,2.88,0.35,2.53,2.86,0.08,21.1,2.83,70.1976,5.6603729307558694,123.757965,0.0658583334137188,9033.6,93.7749,224.093,1542.4000244140625,100.29000091552734
2011-07-01,1482.300048828125,3.22,0.5,2.72,3.2,0.08,15.87,2.69,69.0975,5.95922726237428,125.176751,0.0689682711630362,9109.4,93.888,224.806,1482.300048828125,94.94000244140624
2011-07-08,1541.199951171875,3.03,0.4,2.63,3.0,0.07,15.95,2.73,69.5929,5.977598679875648,125.176751,0.0691808901567576,9109.4,93.888,224.806,1482.300048828125,94.94000244140624
2011-07-15,1589.800048828125,2.94,0.37,2.57,2.92,0.06,19.53,2.8,69.286,5.8545591071788,125.176751,0.0677569091203037,9109.4,93.888,224.806,1482.300048828125,94.94000244140624
2011-07-22,1601.300048828125,2.99,0.4,2.59,2.94,0.06,17.52,2.75,68.6043,5.983025450972171,125.176751,0.0692436961220357,9109.4,93.888,224.806,1482.300048828125,94.94000244140624
2011-07-29,1628.300048828125,2.82,0.36,2.46,2.72,0.11,25.25,2.77,68.2882,5.748423215113809,125.176751,0.06652856043317,9109.4,93.888,224.806,1482.300048828125,94.94000244140624
2011-08-05,1648.800048828125,2.58,0.28,2.3,2.57,0.08,32.0,2.77,69.6388,5.335177908431325,126.356655,0.061382168267556,9184.2,94.172,224.806,1619.0,94.88999938964844
2011-08-12,1740.199951171875,2.24,0.2,2.04,2.22,0.1,36.36,3.14,69.3817,5.243677030834363,126.356655,0.0603294344390533,9184.2,94.172,224.806,1619.0,94.88999938964844
2011-08-19,1848.9000244140625,2.07,0.2,1.87,2.05,0.09,43.05,3.12,68.8763,4.997775990395607,126.356655,0.0575002993473209,9184.2,94.172,224.806,1619.0,94.88999938964844
2011-08-26,1794.0999755859375,2.19,0.2,1.99,2.18,0.09,35.59,3.25,68.9106,5.234735944895265,126.356655,0.0602265656592248,9184.2,94.172,224.806,1619.0,94.88999938964844
2011-09-02,1873.699951171875,2.02,0.2,1.82,2.0,0.08,33.92,3.18,69.3116,5.208500502243284,127.686908,0.0595369674666278,9346.9,94.636,225.395,1826.0,88.93000030517578
2011-09-09,1856.4000244140625,1.93,0.17,1.76,1.92,0.09,38.52,3.28,71.2197,5.120920963059295,127.686908,0.0585358693246782,9346.9,94.636,225.395,1826.0,88.93000030517578
2011-09-16,1812.0999755859375,2.08,0.18,1.9,2.07,0.09,30.98,3.31,70.6435,5.39501767903292,127.686908,0.0616689951167565,9346.9,94.636,225.395,1826.0,88.93000030517578
2011-09-23,1637.5,1.84,0.23,1.61,1.83,0.08,41.25,3.31,72.4312,5.041948817457962,127.686908,0.0576331599822463,9346.9,94.636,225.395,1826.0,88.93000030517578
2011-09-30,1620.4000244140625,1.92,0.25,1.67,1.9,0.06,42.96,3.3,72.8553,5.0197211293298984,127.686908,0.0573790812614381,9346.9,94.636,225.395,1826.0,88.93000030517578
2011-10-07,1634.5,2.1,0.3,1.8,2.09,0.07,36.2,3.32,72.5477,5.11025784781253,127.936119,0.0580007044830987,9532.5,95.2749,226.106,1656.0,77.61000061035156
2011-10-14,1681.800048828125,2.26,0.28,1.98,2.24,0.07,28.24,3.26,71.3184,5.415955154019299,127.936119,0.0614703257129096,9532.5,95.2749,226.106,1656.0,77.61000061035156
2011-10-21,1635.0999755859375,2.23,0.3,1.93,2.21,0.07,31.32,3.18,70.8981,5.476413717459953,127.936119,0.062156521865046,9532.5,95.2749,226.106,1656.0,77.61000061035156
2011-10-28,1746.199951171875,2.34,0.28,2.06,2.33,0.07,24.53,2.99,69.7627,5.683573040168383,127.936119,0.0645077509057634,9532.5,95.2749,226.106,1656.0,77.61000061035156
2011-11-04,1755.300048828125,2.06,0.22,1.84,2.05,0.08,30.16,3.06,71.5894,5.530655659469233,128.029409,0.062317518490765,9553.3,95.1961,226.597,1711.0,92.19000244140624
2011-11-11,1787.5,2.04,0.24,1.8,2.03,0.08,30.04,3.14,71.9898,5.577522983913898,128.029409,0.0628456033214835,9553.3,95.1961,226.597,1711.0,92.19000244140624
2011-11-18,1724.699951171875,2.01,0.29,1.72,2.0,0.08,32.0,3.14,72.3249,5.364810762781778,128.029409,0.0604488354534791,9553.3,95.1961,226.597,1711.0,92.19000244140624
2011-11-25,1685.5,1.97,0.28,1.69,1.95,0.07,34.47,3.18,73.745,5.113351209174493,128.029409,0.0576154760208101,9553.3,95.1961,226.597,1711.0,92.19000244140624
2011-12-02,1747.0,2.05,0.25,1.8,2.03,0.08,27.52,3.24,72.5923,5.487453271430541,128.331218,0.0613731196261928,9586.2,95.8568,226.75,1735.300048828125,100.1999969482422
2011-12-09,1712.800048828125,2.07,0.22,1.85,2.06,0.07,26.38,3.28,72.6503,5.535567547546858,128.331218,0.0619112423359001,9586.2,95.8568,226.75,1735.300048828125,100.1999969482422
2011-12-16,1595.5999755859375,1.86,0.24,1.62,1.86,0.07,24.29,3.26,73.9433,5.378875564188258,128.331218,0.0601587580114867,9586.2,95.8568,226.75,1735.300048828125,100.1999969482422
2011-12-23,1604.699951171875,2.03,0.28,1.75,2.02,0.08,20.73,3.32,73.5225,5.580286465511301,128.331218,0.0624113904676527,9586.2,95.8568,226.75,1735.300048828125,100.1999969482422
2011-12-30,1565.800048828125,1.89,0.25,1.64,1.87,0.04,23.4,3.27,73.4051,5.546196143708655,128.331218,0.0620301153488317,9586.2,95.8568,226.75,1735.300048828125,100.1999969482422
2012-01-06,1616.0999755859375,1.98,0.25,1.73,1.96,0.07,20.63,3.27,74.1985,5.624931476538392,128.54782,0.0624347645884001,9639.5,95.8485,227.169,1599.699951171875,102.95999908447266
2012-01-13,1630.4000244140625,1.89,0.24,1.65,1.86,0.09,20.91,3.24,74.3374,5.6745857305367915,128.54782,0.0629859093751648,9639.5,95.8485,227.169,1599.699951171875,102.95999908447266
2012-01-20,1663.699951171875,2.05,0.26,1.79,2.0,0.09,18.28,3.24,73.3198,5.790314721123095,128.54782,0.064270460540534,9639.5,95.8485,227.169,1599.699951171875,102.95999908447266
2012-01-27,1731.800048828125,1.93,0.22,1.71,1.87,0.09,18.53,3.28,72.3313,5.794496414804342,128.54782,0.0643168758722866,9639.5,95.8485,227.169,1599.699951171875,102.95999908447266
2012-02-03,1737.9000244140625,1.97,0.23,1.74,1.89,0.11,17.1,3.26,72.3079,5.918855152929336,128.759705,0.065202028643552,9683.5,96.3571,227.223,1747.0999755859375,97.61000061035156
2012-02-10,1723.300048828125,1.96,0.27,1.69,1.87,0.12,20.79,3.17,72.4666,5.908908933727824,128.759705,0.0650924612267939,9683.5,96.3571,227.223,1747.0999755859375,97.61000061035156
2012-02-17,1724.5,2.01,0.29,1.72,1.92,0.09,17.78,3.17,72.7083,5.9907226841857995,128.759705,0.0659937203998887,9683.5,96.3571,227.223,1747.0999755859375,97.61000061035156
2012-02-24,1775.0999755859375,1.98,0.31,1.67,1.88,0.09,17.31,3.12,72.2163,6.010571069981362,128.759705,0.0662123699504745,9683.5,96.3571,227.223,1747.0999755859375,97.61000061035156
2012-03-02,1708.800048828125,1.99,0.28,1.71,1.92,0.11,17.29,3.09,72.7203,6.0113148799730185,128.558755,0.0657228407537306,9753.3,96.9318,227.842,1721.0999755859375,108.83999633789062
2012-03-09,1710.9000244140625,2.04,0.33,1.71,1.95,0.12,17.11,3.11,73.2267,6.0167572050683695,128.558755,0.0657823427217215,9753.3,96.9318,227.842,1721.0999755859375,108.83999633789062
2012-03-16,1655.5,2.31,0.37,1.94,2.22,0.15,14.47,3.04,73.1649,6.162911333052345,128.558755,0.0673802734025769,9753.3,96.9318,227.842,1721.0999755859375,108.83999633789062
2012-03-23,1662.300048828125,2.25,0.37,1.88,2.17,0.14,14.82,3.01,72.971,6.131924690581905,128.558755,0.0670414905889595,9753.3,96.9318,227.842,1721.0999755859375,108.83999633789062
2012-03-30,1669.300048828125,2.23,0.33,1.9,2.16,0.09,15.5,3.07,72.7835,6.181783739183842,128.558755,0.0675866089826598,9753.3,96.9318,227.842,1721.0999755859375,108.83999633789062
2012-04-06,1628.5,2.07,0.32,1.75,2.0,0.12,16.7,3.13,73.2468,6.123094114434379,127.872371,0.0664452205912783,9806.3,97.2435,228.329,1677.5,105.2300033569336
2012-04-13,1659.0999755859375,2.02,0.27,1.75,1.93,0.15,19.55,3.15,73.1952,6.001252621286061,127.872371,0.0651230483793036,9806.3,97.2435,228.329,1677.5,105.2300033569336
2012-04-20,1642.0999755859375,1.99,0.29,1.7,1.91,0.12,17.44,3.17,72.7334,6.037472372308708,127.872371,0.0655160897569933,9806.3,97.2435,228.329,1677.5,105.2300033569336
2012-04-27,1664.0,1.96,0.26,1.7,1.87,0.13,16.32,3.19,72.2054,6.146218769195164,127.872371,0.0666961595378242,9806.3,97.2435,228.329,1677.5,105.2300033569336
2012-05-04,1644.699951171875,1.91,0.27,1.64,1.84,0.16,19.16,3.19,72.8858,5.9836454985465375,127.723079,0.064460654628013,9849.3,96.74,228.807,1661.699951171875,106.16000366210938
2012-05-11,1583.5999755859375,1.84,0.27,1.57,1.74,0.15,19.89,3.22,73.3485,5.914985182483218,127.723079,0.0637209903344845,9849.3,96.74,228.807,1661.699951171875,106.16000366210938
2012-05-18,1591.5999755859375,1.71,0.32,1.39,1.63,0.16,25.1,3.27,74.4719,5.660753257999646,127.723079,0.0609821990268224,9849.3,96.74,228.807,1661.699951171875,106.16000366210938
2012-05-25,1568.800048828125,1.75,0.3,1.45,1.66,0.15,21.76,3.37,75.2663,5.759526353166916,127.723079,0.0620462624603369,9849.3,96.74,228.807,1661.699951171875,106.16000366210938
2012-06-01,1620.5,1.47,0.25,1.22,1.4,0.16,26.66,3.41,75.6133,5.576407209233071,127.610682,0.0596481282926738,9905.0,97.4359,229.187,1620.5,83.2300033569336
2012-06-08,1590.0999755859375,1.65,0.28,1.37,1.56,0.17,21.23,3.44,75.4847,5.784185115995617,127.610682,0.0618706279728326,9905.0,97.4359,229.187,1620.5,83.2300033569336
2012-06-15,1627.0,1.6,0.29,1.31,1.51,0.18,21.11,3.42,74.6365,5.8591454394023765,127.610682,0.0626724422628693,9905.0,97.4359,229.187,1620.5,83.2300033569336
2012-06-22,1566.0,1.69,0.31,1.38,1.6,0.17,18.11,3.36,75.2135,5.825025064821521,127.610682,0.0623074731341759,9905.0,97.4359,229.187,1620.5,83.2300033569336
2012-06-29,1603.5,1.67,0.33,1.34,1.58,0.09,17.08,3.39,74.5564,5.943443712687401,127.610682,0.0635741400821086,9905.0,97.4359,229.187,1620.5,83.2300033569336
2012-07-06,1578.4000244140625,1.57,0.27,1.3,1.49,0.17,17.1,3.41,75.6126,5.92305664177785,127.130863,0.0629180374626467,9951.9,97.6609,228.713,1597.199951171875,83.75
2012-07-13,1591.5999755859375,1.52,0.25,1.27,1.42,0.19,16.74,3.37,75.5444,5.932238348047006,127.130863,0.0630155707083933,9951.9,97.6609,228.713,1597.199951171875,83.75
2012-07-20,1582.5,1.49,0.22,1.27,1.4,0.13,16.27,3.31,75.4024,5.957947445836868,127.130863,0.0632886671982131,9951.9,97.6609,228.713,1597.199951171875,83.75
2012-07-27,1617.9000244140625,1.58,0.25,1.33,1.47,0.14,16.7,3.29,74.7399,6.059865292760469,127.130863,0.0643712958642335,9951.9,97.6609,228.713,1597.199951171875,83.75
2012-08-03,1606.0,1.6,0.24,1.36,1.51,0.14,15.64,3.26,74.5179,6.086844227452587,125.742947,0.064227804081363,10023.7,97.6663,228.524,1603.699951171875,88.91000366210938
2012-08-10,1619.699951171875,1.65,0.27,1.38,1.55,0.13,14.74,3.23,74.5184,6.151957759872869,125.742947,0.0649148759115363,10023.7,97.6663,228.524,1603.699951171875,88.91000366210938
2012-08-17,1616.300048828125,1.81,0.29,1.52,1.72,0.13,13.45,3.25,74.6374,6.205737840137961,125.742947,0.0654823582274411,10023.7,97.6663,228.524,1603.699951171875,88.91000366210938
2012-08-24,1669.800048828125,1.68,0.28,1.4,1.58,0.13,15.18,3.21,73.9778,6.1749750786911335,125.742947,0.0651577524807887,10023.7,97.6663,228.524,1603.699951171875,88.91000366210938
2012-08-31,1684.5999755859375,1.57,0.22,1.35,1.48,0.13,17.47,3.21,73.6939,6.155064483619609,125.742947,0.0649476577664161,10023.7,97.6663,228.524,1603.699951171875,88.91000366210938
2012-09-07,1737.5,1.67,0.25,1.42,1.56,0.15,14.38,3.2,72.9164,6.290389098146518,124.503059,0.0659556986212134,10076.0,97.8713,228.59,1692.9000244140625,95.3000030517578
2012-09-14,1769.800048828125,1.88,0.27,1.61,1.77,0.16,14.51,3.15,71.868,6.4122228423432786,124.503059,0.0672331441955266,10076.0,97.8713,228.59,1692.9000244140625,95.3000030517578
2012-09-21,1775.5,1.77,0.27,1.5,1.66,0.15,13.98,3.06,72.3195,6.38763736127592,124.503059,0.0669753616395614,10076.0,97.8713,228.59,1692.9000244140625,95.3000030517578
2012-09-28,1771.0999755859375,1.65,0.23,1.42,1.55,0.09,15.73,3.07,72.8154,6.302419370686874,124.503059,0.0660818378818573,10076.0,97.8713,228.59,1692.9000244140625,95.3000030517578
2012-10-05,1778.5999755859375,1.75,0.27,1.48,1.64,0.15,14.33,2.98,72.3307,6.3541351860704145,124.5563,0.0662235335518787,10147.8,97.4525,229.918,1780.5,92.4800033569336
2012-10-12,1758.0,1.69,0.27,1.42,1.58,0.16,16.14,2.85,72.6618,6.213475960213261,124.5563,0.0647575667931996,10147.8,97.4525,229.918,1780.5,92.4800033569336
2012-10-19,1722.800048828125,1.79,0.3,1.49,1.69,0.16,17.06,2.71,72.8973,6.233482987005149,124.5563,0.0649660823458637,10147.8,97.4525,229.918,1780.5,92.4800033569336
2012-10-26,1710.9000244140625,1.78,0.3,1.48,1.66,0.16,17.81,2.76,73.2628,6.141058731400977,124.5563,0.0640028260391002,10147.8,97.4525,229.918,1780.5,92.4800033569336
2012-11-02,1674.0999755859375,1.75,0.28,1.47,1.66,0.16,17.59,2.77,73.5695,6.121680198999524,125.15409,0.0634105654342218,10228.4,97.381,231.015,1714.0999755859375,87.08999633789062
2012-11-09,1730.300048828125,1.61,0.27,1.34,1.52,0.16,18.61,2.82,73.859,5.972988661281465,125.15409,0.0618703650030515,10228.4,97.381,231.015,1714.0999755859375,87.08999633789062
2012-11-16,1714.300048828125,1.58,0.24,1.34,1.52,0.16,16.41,2.9,74.2345,5.886544184935232,125.15409,0.0609749420234787,10228.4,97.381,231.015,1714.0999755859375,87.08999633789062
2012-11-23,1751.300048828125,1.7,0.29,1.41,1.6,0.16,15.14,2.89,73.4759,6.0998204636671325,125.15409,0.0631841344328284,10228.4,97.381,231.015,1714.0999755859375,87.08999633789062
2012-11-30,1710.9000244140625,1.62,0.25,1.37,1.54,0.16,15.87,2.95,73.4087,6.130251514884045,125.15409,0.0634993502072065,10228.4,97.381,231.015,1714.0999755859375,87.08999633789062
2012-12-07,1704.0,1.64,0.25,1.39,1.55,0.16,15.9,2.96,73.449,6.121922768669486,125.496884,0.0630161711559041,10294.4,97.7193,231.638,1719.5999755859375,89.08999633789062
2012-12-14,1695.800048828125,1.72,0.24,1.48,1.68,0.17,17.0,2.9,73.057,6.102539117306692,125.496884,0.062816645036732,10294.4,97.7193,231.638,1719.5999755859375,89.08999633789062
2012-12-21,1659.0999755859375,1.77,0.26,1.51,1.71,0.17,17.84,2.86,73.2351,6.174073443968876,125.496884,0.0635529854877315,10294.4,97.7193,231.638,1719.5999755859375,89.08999633789062
2012-12-28,1654.9000244140625,1.73,0.27,1.46,1.72,0.17,22.72,2.85,73.4337,6.054404086164349,125.496884,0.06232116584242,10294.4,97.7193,231.638,1719.5999755859375,89.08999633789062
2013-01-04,1648.0999755859375,1.93,0.27,1.66,1.86,0.16,13.83,2.81,73.9555,6.34151918798838,125.700579,0.0648609914532112,10365.6,98.0777,231.249,1687.9000244140625,93.12000274658205
2013-01-11,1660.0,1.89,0.26,1.63,1.82,0.14,13.36,2.8,73.2962,6.365649359902638,125.700579,0.0651077945973631,10365.6,98.0777,231.249,1687.9000244140625,93.12000274658205
2013-01-18,1686.5999755859375,1.87,0.26,1.61,1.79,0.14,12.46,2.82,73.8888,6.425887162620163,125.700579,0.0657239062090132,10365.6,98.0777,231.249,1687.9000244140625,93.12000274658205
2013-01-25,1656.4000244140625,1.98,0.28,1.7,1.9,0.14,12.89,2.82,74.0123,6.499314422711017,125.700579,0.06647491945174,10365.6,98.0777,231.249,1687.9000244140625,93.12000274658205
2013-02-01,1669.4000244140625,2.04,0.27,1.77,1.98,0.14,12.9,2.84,73.4267,6.544258713288639,125.248523,0.0665181389979159,10485.4,98.3101,231.221,1669.4000244140625,97.7699966430664
2013-02-08,1666.0,1.99,0.25,1.74,1.92,0.14,13.02,2.86,74.2812,6.564845120948951,125.248523,0.0667273864598837,10485.4,98.3101,231.221,1669.4000244140625,97.7699966430664
2013-02-15,1608.800048828125,2.01,0.29,1.72,1.91,0.16,12.46,2.85,74.6156,6.572889309632343,125.248523,0.0668091504127483,10485.4,98.3101,231.221,1669.4000244140625,97.7699966430664
2013-02-22,1572.4000244140625,1.97,0.27,1.7,1.84,0.16,14.17,2.87,75.4853,6.5547678436903976,125.248523,0.066624957482245,10485.4,98.3101,231.221,1669.4000244140625,97.7699966430664
2013-03-01,1571.9000244140625,1.86,0.25,1.61,1.75,0.14,15.36,2.9,76.1824,6.5530322177317535,125.489502,0.0662049639920237,10502.3,98.3342,231.679,1571.9000244140625,90.68000030517578
2013-03-08,1576.5999755859375,2.06,0.27,1.79,1.96,0.15,12.59,2.88,76.5413,6.695384794094145,125.489502,0.0676431451086589,10502.3,98.3342,231.679,1571.9000244140625,90.68000030517578
2013-03-15,1592.5,2.01,0.25,1.76,1.92,0.16,11.3,2.89,75.9397,6.736475689086516,125.489502,0.0680582844110431,10502.3,98.3342,231.679,1571.9000244140625,90.68000030517578
2013-03-22,1606.199951171875,1.93,0.26,1.67,1.86,0.15,13.57,2.9,76.0305,6.720030795404147,125.489502,0.0678921424544771,10502.3,98.3342,231.679,1571.9000244140625,90.68000030517578
2013-03-29,1594.800048828125,1.87,0.25,1.62,1.8,0.09,12.7,2.96,76.3538,6.773121178036205,125.489502,0.0684285119935994,10502.3,98.3342,231.679,1571.9000244140625,90.68000030517578
2013-04-05,1575.4000244140625,1.72,0.24,1.48,1.65,0.15,13.92,2.82,76.1242,6.668240894734949,127.171851,0.0669704820015123,10523.0,98.7941,232.937,1600.0,97.06999969482422
2013-04-12,1501.0,1.75,0.22,1.53,1.69,0.15,12.06,2.82,76.0456,6.820942896946116,127.171851,0.068504098865707,10523.0,98.7941,232.937,1600.0,97.06999969482422
2013-04-19,1395.300048828125,1.73,0.24,1.49,1.68,0.15,14.97,2.81,76.5611,6.676697991302369,127.171851,0.0670554183201598,10523.0,98.7941,232.937,1600.0,97.06999969482422
2013-04-26,1453.5999755859375,1.7,0.22,1.48,1.65,0.13,13.61,2.81,76.2324,6.79256618843024,127.171851,0.0682191058852606,10523.0,98.7941,232.937,1600.0,97.06999969482422
2013-05-03,1464.300048828125,1.78,0.22,1.56,1.73,0.14,12.85,2.82,75.9042,6.950258926414067,128.494828,0.0693981797213919,10578.7,99.1921,232.282,1446.300048828125,91.02999877929688
2013-05-10,1436.800048828125,1.9,0.26,1.64,1.86,0.12,12.59,2.82,76.9488,7.033261084250501,128.494828,0.0702269544084621,10578.7,99.1921,232.282,1446.300048828125,91.02999877929688
2013-05-17,1364.9000244140625,1.95,0.26,1.69,1.91,0.1,12.45,2.81,77.9178,7.178644796855223,128.494828,0.0716786075227888,10578.7,99.1921,232.282,1446.300048828125,91.02999877929688
2013-05-24,1386.800048828125,2.01,0.26,1.75,1.97,0.09,13.99,2.75,77.5448,7.101712468404514,128.494828,0.0709104399461943,10578.7,99.1921,232.282,1446.300048828125,91.02999877929688
2013-05-31,1392.5999755859375,2.16,0.3,1.86,2.12,0.09,16.3,2.79,77.3766,7.0205181212249546,128.494828,0.070099716208045,10578.7,99.1921,232.282,1446.300048828125,91.02999877929688
2013-06-07,1383.0,2.17,0.32,1.85,2.13,0.09,15.14,2.89,75.8662,7.089738024576731,129.732499,0.0703905909198744,10608.9,99.1065,231.797,1411.699951171875,93.4499969482422
2013-06-14,1387.300048828125,2.14,0.29,1.85,2.09,0.1,17.15,2.93,75.1127,7.017907826541111,129.732499,0.0696774235125469,10608.9,99.1065,231.797,1411.699951171875,93.4499969482422
2013-06-21,1291.5999755859375,2.52,0.38,2.14,2.47,0.1,18.9,2.87,76.9177,6.869933837413502,129.732499,0.0682082611119961,10608.9,99.1065,231.797,1411.699951171875,93.4499969482422
2013-06-28,1223.800048828125,2.52,0.36,2.16,2.48,0.07,16.86,2.83,77.5759,6.929684289688283,129.732499,0.0688014945472474,10608.9,99.1065,231.797,1411.699951171875,93.4499969482422
2013-07-05,1212.9000244140625,2.73,0.4,2.33,2.69,0.1,14.89,2.77,78.5419,7.037254314051901,131.306879,0.0694838183758745,10646.5,99.1839,231.893,1255.9000244140625,97.98999786376952
2013-07-12,1277.800048828125,2.61,0.37,2.24,2.57,0.09,13.84,2.77,77.3177,7.245539716189148,131.306879,0.0715403683322335,10646.5,99.1839,231.893,1255.9000244140625,97.98999786376952
2013-07-19,1293.300048828125,2.5,0.32,2.18,2.47,0.09,12.54,2.74,77.0027,7.296856592567747,131.306879,0.0720470563612263,10646.5,99.1839,231.893,1255.9000244140625,97.98999786376952
2013-07-26,1321.699951171875,2.58,0.31,2.27,2.55,0.09,12.72,2.67,76.2126,7.294959418413072,131.306879,0.0720283242110853,10646.5,99.1839,231.893,1255.9000244140625,97.98999786376952
2013-08-02,1310.5999755859375,2.63,0.3,2.33,2.59,0.09,11.98,2.68,76.6438,7.355159474048968,132.772636,0.0722287102231284,10705.6,99.3897,232.445,1311.0,107.88999938964844
2013-08-09,1312.9000244140625,2.57,0.32,2.25,2.52,0.08,13.41,2.74,75.7771,7.276646277378789,132.772636,0.0714576994855651,10705.6,99.3897,232.445,1311.0,107.88999938964844
2013-08-16,1371.699951171875,2.84,0.36,2.48,2.79,0.09,14.37,2.7,76.0466,7.1235344105258775,132.772636,0.0699541192162779,10705.6,99.3897,232.445,1311.0,107.88999938964844
2013-08-23,1395.699951171875,2.82,0.4,2.42,2.79,0.08,13.98,2.67,76.3939,7.156531652649014,132.772636,0.0702781568184378,10705.6,99.3897,232.445,1311.0,107.88999938964844
2013-08-30,1396.0999755859375,2.78,0.39,2.39,2.75,0.07,17.01,2.56,77.0156,7.025188628291101,132.772636,0.0689883496729029,10705.6,99.3897,232.445,1311.0,107.88999938964844
2013-09-06,1386.699951171875,2.94,0.46,2.48,2.92,0.08,15.85,2.59,76.7215,7.106784216167078,134.240034,0.0694170516528552,10743.0,99.0814,232.9,1412.0,108.54000091552734
2013-09-13,1308.4000244140625,2.9,0.45,2.45,2.89,0.08,14.16,2.64,76.2802,7.247702834840597,134.240034,0.0707935047339907,10743.0,99.0814,232.9,1412.0,108.54000091552734
2013-09-20,1332.5,2.75,0.34,2.41,2.74,0.08,13.12,2.68,75.4186,7.341820670586893,134.240034,0.0717128210473513,10743.0,99.0814,232.9,1412.0,108.54000091552734
2013-09-27,1338.4000244140625,2.64,0.34,2.3,2.62,0.08,15.46,2.73,75.2496,7.263847144697295,134.240034,0.0709511977716761,10743.0,99.0814,232.9,1412.0,108.54000091552734
2013-10-04,1309.699951171875,2.66,0.33,2.33,2.63,0.08,16.74,2.76,75.0307,7.241193201288466,137.358135,0.0703584919675189,10803.6,99.6543,233.456,1286.0,102.04000091552734
2013-10-11,1268.0,2.7,0.35,2.35,2.62,0.1,15.72,2.68,75.4592,7.295592964720869,137.358135,0.0708870630485684,10803.6,99.6543,233.456,1286.0,102.04000091552734
2013-10-18,1314.4000244140625,2.6,0.33,2.27,2.56,0.1,13.04,2.66,74.718,7.472500171338496,137.358135,0.0726059681971823,10803.6,99.6543,233.456,1286.0,102.04000091552734
2013-10-25,1352.4000244140625,2.53,0.32,2.21,2.49,0.08,13.09,2.66,74.7973,7.537908725975131,137.358135,0.0732415053439042,10803.6,99.6543,233.456,1286.0,102.04000091552734
2013-11-01,1313.0999755859375,2.65,0.33,2.32,2.61,0.08,13.28,2.64,75.8159,7.5430754575088095,140.416428,0.0729267760567259,10865.8,100.161,233.544,1313.0999755859375,94.61000061035156
2013-11-08,1284.5,2.77,0.32,2.45,2.71,0.08,12.9,2.69,76.2562,7.5814835121071935,140.416428,0.0732981067708689,10865.8,100.161,233.544,1313.0999755859375,94.61000061035156
2013-11-15,1287.300048828125,2.71,0.31,2.4,2.63,0.09,12.19,2.7,76.0107,7.699534364877443,140.416428,0.074439427463175,10865.8,100.161,233.544,1313.0999755859375,94.61000061035156
2013-11-22,1244.0,2.75,0.31,2.44,2.68,0.09,12.26,2.65,76.131,7.727708739105371,140.416428,0.0747118185179156,10865.8,100.161,233.544,1313.0999755859375,94.61000061035156
2013-11-29,1250.5999755859375,2.75,0.28,2.47,2.69,0.07,13.7,2.61,76.206,7.732204888987728,140.416428,0.0747552874872286,10865.8,100.161,233.544,1313.0999755859375,94.61000061035156
2013-12-06,1230.300048828125,2.88,0.3,2.58,2.82,0.09,13.79,2.58,76.1912,7.724986908063596,143.205891,0.0743349041008046,10989.2,100.082,233.669,1222.300048828125,93.81999969482422
2013-12-13,1235.699951171875,2.88,0.34,2.54,2.81,0.08,15.76,2.5,76.0636,7.59758438769825,143.205891,0.0731089532679723,10989.2,100.082,233.669,1222.300048828125,93.81999969482422
2013-12-20,1205.0999755859375,2.89,0.37,2.52,2.82,0.09,13.79,2.38,76.4481,7.781605374649878,143.205891,0.0748797242194811,10989.2,100.082,233.669,1222.300048828125,93.81999969482422
2013-12-27,1216.0999755859375,3.02,0.4,2.62,2.95,0.08,12.46,2.37,76.324,7.880377903847162,143.205891,0.0758301784497672,10989.2,100.082,233.669,1222.300048828125,93.81999969482422
2014-01-03,1238.4000244140625,3.01,0.41,2.6,2.94,0.08,13.76,2.34,76.4948,7.823024327711181,142.983617,0.0749470118860187,10999.8,100.3158,234.1,1225.0,95.44000244140624
2014-01-10,1246.699951171875,2.88,0.39,2.49,2.83,0.07,12.14,2.32,76.9301,7.8700127941785025,142.983617,0.0753971760434223,10999.8,100.3158,234.1,1225.0,95.44000244140624
2014-01-17,1251.699951171875,2.84,0.4,2.44,2.79,0.07,12.44,2.33,77.378,7.854335545373238,142.983617,0.0752469831124882,10999.8,100.3158,234.1,1225.0,95.44000244140624
2014-01-24,1264.5,2.75,0.37,2.38,2.71,0.07,18.14,2.35,77.0342,7.647543951569842,142.983617,0.0732658551766063,10999.8,100.3158,234.1,1225.0,95.44000244140624
2014-01-31,1240.0999755859375,2.67,0.34,2.33,2.65,0.07,18.41,2.4,77.5941,7.614651712175619,142.983617,0.0729507372690595,10999.8,100.3158,234.1,1225.0,95.44000244140624
2014-02-07,1263.300048828125,2.71,0.3,2.41,2.63,0.06,15.29,2.42,77.071,7.656048379258816,142.7642,0.0730361200443189,11062.4,100.5175,234.719,1260.4000244140625,96.43000030517578
2014-02-14,1319.0,2.75,0.32,2.43,2.73,0.06,13.57,2.38,76.6076,7.833324123240184,142.7642,0.074727270867431,11062.4,100.5175,234.719,1260.4000244140625,96.43000030517578
2014-02-21,1323.9000244140625,2.73,0.33,2.4,2.68,0.07,14.68,2.38,76.9714,7.823184318269932,142.7642,0.0746305405469905,11062.4,100.5175,234.719,1260.4000244140625,96.43000030517578
2014-02-28,1321.4000244140625,2.66,0.33,2.33,2.61,0.06,14.0,2.35,76.5391,7.922025703806999,142.7642,0.0755734540373218,11062.4,100.5175,234.719,1260.4000244140625,96.43000030517578
2014-03-07,1338.0999755859375,2.8,0.38,2.42,2.74,0.08,14.11,2.34,76.537,7.98187769483569,142.156085,0.0758328041785967,11127.5,100.1599,235.288,1350.0999755859375,104.91999816894533
2014-03-14,1379.0,2.65,0.36,2.29,2.6,0.08,17.82,2.4,76.2135,7.825005970907196,142.156085,0.0743424252005368,11127.5,100.1599,235.288,1350.0999755859375,104.91999816894533
2014-03-21,1336.0,2.75,0.45,2.3,2.69,0.08,15.0,2.32,76.9266,7.932916338832622,142.156085,0.0753676408343248,11127.5,100.1599,235.288,1350.0999755859375,104.91999816894533
2014-03-28,1293.800048828125,2.73,0.45,2.28,2.69,0.08,14.41,2.25,76.7372,7.8950902515945875,142.156085,0.0750082694713408,11127.5,100.1599,235.288,1350.0999755859375,104.91999816894533
2014-04-04,1303.199951171875,2.74,0.43,2.31,2.71,0.08,13.96,2.25,76.7472,7.918122352737723,142.752048,0.0749320386409549,11191.9,100.9168,235.547,1279.5999755859375,99.73999786376952
2014-04-11,1318.699951171875,2.63,0.37,2.26,2.59,0.09,17.03,2.23,75.9416,7.708397650601579,142.752048,0.0729473383819352,11191.9,100.9168,235.547,1279.5999755859375,99.73999786376952
2014-04-18,1293.4000244140625,2.73,0.43,2.3,2.7,0.1,13.36,2.16,76.3858,7.917103489265147,142.752048,0.0749223967696,11191.9,100.9168,235.547,1279.5999755859375,99.73999786376952
2014-04-25,1300.699951171875,2.68,0.43,2.25,2.65,0.09,14.06,2.13,76.3353,7.910947812598176,142.752048,0.0748641433881388,11191.9,100.9168,235.547,1279.5999755859375,99.73999786376952
2014-05-02,1302.5999755859375,2.6,0.42,2.18,2.58,0.09,12.91,2.14,76.1282,7.969986673820214,143.314583,0.0751373956220472,11228.8,101.8942,236.028,1283.0999755859375,99.41999816894533
2014-05-09,1287.300048828125,2.62,0.4,2.22,2.59,0.08,12.92,2.21,76.1464,7.958716679668302,143.314583,0.0750311472625572,11228.8,101.8942,236.028,1283.0999755859375,99.41999816894533
2014-05-16,1293.300048828125,2.52,0.38,2.14,2.49,0.09,12.44,2.2,76.2315,7.95608989336673,143.314583,0.0750063831205789,11228.8,101.8942,236.028,1283.0999755859375,99.41999816894533
2014-05-23,1291.5999755859375,2.54,0.37,2.17,2.5,0.09,11.36,2.24,76.4879,8.052138006070784,143.314583,0.075911880875889,11228.8,101.8942,236.028,1283.0999755859375,99.41999816894533
2014-05-30,1245.5999755859375,2.48,0.37,2.11,2.44,0.08,11.4,2.22,76.4505,8.149753191524152,143.314583,0.0768321522776244,11228.8,101.8942,236.028,1283.0999755859375,99.41999816894533
2014-06-06,1252.0999755859375,2.6,0.41,2.19,2.56,0.09,10.73,2.23,76.6459,8.243990482459573,144.105617,0.0774355615129448,11276.0,101.9928,236.468,1243.699951171875,102.47000122070312
2014-06-13,1273.699951171875,2.6,0.45,2.15,2.56,0.1,12.18,2.19,76.6742,8.187831056124667,144.105617,0.0769080576637178,11276.0,101.9928,236.468,1243.699951171875,102.47000122070312
2014-06-20,1316.199951171875,2.63,0.5,2.13,2.61,0.1,10.85,2.2,76.3054,8.300784863563727,144.105617,0.0779690294737506,11276.0,101.9928,236.468,1243.699951171875,102.47000122070312
2014-06-27,1319.0,2.54,0.45,2.09,2.51,0.1,11.26,2.2,75.9147,8.292707516186123,144.105617,0.0778931591860482,11276.0,101.9928,236.468,1243.699951171875,102.47000122070312
2014-07-04,1320.4000244140625,2.65,0.52,2.13,2.64,0.09,10.32,2.21,75.9433,8.38028322629032,145.485309,0.078436293369225,11343.1,102.3836,236.918,1326.4000244140625,105.33999633789062
2014-07-11,1337.0,2.53,0.48,2.05,2.51,0.09,12.08,2.2,76.0593,8.304856305933118,145.485309,0.0777303258149883,11343.1,102.3836,236.918,1326.4000244140625,105.33999633789062
2014-07-18,1309.199951171875,2.5,0.51,1.99,2.48,0.09,12.06,2.2,76.3269,8.349808670945748,145.485309,0.0781510630137873,11343.1,102.3836,236.918,1326.4000244140625,105.33999633789062
2014-07-25,1303.0999755859375,2.48,0.53,1.95,2.45,0.09,12.69,2.19,76.7712,8.350315154696192,145.485309,0.0781558035108521,11343.1,102.3836,236.918,1326.4000244140625,105.33999633789062
2014-08-01,1293.5999755859375,2.52,0.47,2.05,2.49,0.09,17.03,2.23,77.1301,8.115086242582388,147.054407,0.0756838345494064,11398.4,102.735,237.231,1293.5999755859375,97.87999725341795
2014-08-08,1308.9000244140625,2.44,0.45,1.99,2.41,0.09,15.77,2.27,77.2866,8.142232532090294,147.054407,0.075937009342912,11398.4,102.735,237.231,1293.5999755859375,97.87999725341795
2014-08-15,1304.5,2.34,0.42,1.92,2.31,0.09,13.15,2.29,77.2219,8.241166030551446,147.054407,0.0768596941185387,11398.4,102.735,237.231,1293.5999755859375,97.87999725341795
2014-08-22,1278.5999755859375,2.4,0.53,1.87,2.37,0.09,11.47,2.26,77.9544,8.381704011760952,147.054407,0.078170395323654,11398.4,102.735,237.231,1293.5999755859375,97.87999725341795
2014-08-29,1285.800048828125,2.35,0.48,1.87,2.32,0.07,11.98,2.23,77.9776,8.44480693972199,147.054407,0.0787589129828165,11398.4,102.735,237.231,1293.5999755859375,97.87999725341795
2014-09-05,1265.800048828125,2.46,0.52,1.94,2.43,0.09,12.09,2.29,78.7697,8.453586813099479,148.26848,0.0785571147509856,11452.5,102.9632,237.498,1263.699951171875,92.87999725341795
2014-09-12,1229.9000244140625,2.62,0.58,2.04,2.6,0.09,13.31,2.27,79.5433,8.360238987538843,148.26848,0.0776896562382324,11452.5,102.9632,237.498,1263.699951171875,92.87999725341795
2014-09-19,1215.300048828125,2.59,0.59,2.0,2.57,0.09,12.11,2.26,79.8223,8.464913491541244,148.26848,0.0786623708035666,11452.5,102.9632,237.498,1263.699951171875,92.87999725341795
2014-09-26,1214.0999755859375,2.54,0.59,1.95,2.53,0.09,14.85,2.27,80.7703,8.348912309097077,148.26848,0.0775844001856514,11452.5,102.9632,237.498,1263.699951171875,92.87999725341795
2014-10-03,1192.199951171875,2.45,0.57,1.88,2.44,0.09,14.55,2.29,81.6336,8.287290593843437,146.935156,0.0767328194186572,11477.8,102.7688,237.46,1214.5999755859375,90.7300033569336
2014-10-10,1221.0,2.31,0.45,1.86,2.3,0.09,21.24,2.36,80.8601,8.027162490031216,146.935156,0.074324268325931,11477.8,102.7688,237.46,1214.5999755859375,90.7300033569336
2014-10-17,1238.300048828125,2.22,0.39,1.83,2.2,0.09,21.99,2.44,80.5278,7.945590877476732,146.935156,0.0735689889321468,11477.8,102.7688,237.46,1214.5999755859375,90.7300033569336
2014-10-24,1231.199951171875,2.29,0.41,1.88,2.28,0.09,16.11,2.43,80.8109,8.273309003851963,146.935156,0.0766033625343048,11477.8,102.7688,237.46,1214.5999755859375,90.7300033569336
2014-10-31,1171.0999755859375,2.35,0.5,1.85,2.34,0.07,14.03,2.39,81.8583,8.49848416081919,146.935156,0.0786882809357387,11477.8,102.7688,237.46,1214.5999755859375,90.7300033569336
2014-11-07,1169.5999755859375,2.32,0.51,1.81,2.29,0.09,13.12,2.43,82.7461,8.556281424918255,146.016807,0.0789451367322943,11520.7,103.0641,237.477,1169.4000244140625,78.77999877929688
2014-11-14,1185.0,2.32,0.54,1.78,2.3,0.09,13.31,2.48,82.6243,8.589547393175181,146.016807,0.079252067545127,11520.7,103.0641,237.477,1169.4000244140625,78.77999877929688
2014-11-21,1197.5,2.31,0.53,1.78,2.3,0.1,12.9,2.49,82.9417,8.68926253910905,146.016807,0.0801720964033533,11520.7,103.0641,237.477,1169.4000244140625,78.77999877929688
2014-11-28,1175.199951171875,2.18,0.47,1.71,2.16,0.08,13.33,2.52,83.3705,8.706359178336218,146.016807,0.0803298397563852,11520.7,103.0641,237.477,1169.4000244140625,78.77999877929688
2014-12-05,1190.0999755859375,2.31,0.65,1.66,2.29,0.12,11.82,2.48,84.1257,8.740976781314492,145.123654,0.0803750496975502,11596.5,103.0764,237.43,1218.0,69.0
2014-12-12,1222.0,2.1,0.56,1.54,2.08,0.12,21.08,2.58,83.4711,8.433348591394042,145.123654,0.0775463462617878,11596.5,103.0764,237.43,1218.0,69.0
2014-12-19,1195.9000244140625,2.17,0.67,1.5,2.13,0.13,16.49,2.56,84.6676,8.721096332998146,145.123654,0.0801922449537084,11596.5,103.0764,237.43,1218.0,69.0
2014-12-26,1195.300048828125,2.25,0.73,1.52,2.24,0.13,14.5,2.5,84.9349,8.797414056906247,145.123654,0.0808940018631913,11596.5,103.0764,237.43,1218.0,69.0
2015-01-02,1186.0,2.12,0.66,1.46,2.1,0.12,17.79,2.51,85.7577,8.685010955097518,144.356139,0.0796003122002722,11638.9,103.7126,236.983,1186.0,52.689998626708984
2015-01-09,1216.0,1.98,0.59,1.39,1.96,0.12,17.55,2.55,86.5625,8.628509465209529,144.356139,0.0790824618189523,11638.9,103.7126,236.983,1186.0,52.689998626708984
2015-01-16,1276.9000244140625,1.83,0.49,1.34,1.8,0.13,20.95,2.62,86.9265,8.521370916670447,144.356139,0.0781005100452024,11638.9,103.7126,236.983,1186.0,52.689998626708984
2015-01-23,1292.5999755859375,1.81,0.52,1.29,1.79,0.12,16.66,2.6,88.8135,8.65808968727451,144.356139,0.0793535720021748,11638.9,103.7126,236.983,1186.0,52.689998626708984
2015-01-30,1278.5,1.68,0.47,1.21,1.66,0.06,20.97,2.61,89.6269,8.418283126782828,144.356139,0.0771556844944328,11638.9,103.7126,236.983,1186.0,52.689998626708984
2015-02-06,1233.9000244140625,1.95,0.65,1.3,1.93,0.11,17.29,2.55,89.2113,8.70032833882094,142.284511,0.0794910423278933,11721.2,103.7044,236.252,1276.199951171875,49.56999969482422
2015-02-13,1226.5,2.02,0.66,1.36,2.01,0.12,14.69,2.55,88.7433,8.876072965453732,142.284511,0.0810967430567074,11721.2,103.7044,236.252,1276.199951171875,49.56999969482422
2015-02-20,1204.4000244140625,2.13,0.67,1.46,2.11,0.12,14.3,2.5,88.991,8.932411360869432,142.284511,0.0816114819953165,11721.2,103.7044,236.252,1276.199951171875,49.56999969482422
2015-02-27,1212.5999755859375,2.0,0.63,1.37,1.98,0.06,13.34,2.46,89.6803,8.90786109747219,142.284511,0.0813871771241815,11721.2,103.7044,236.252,1276.199951171875,49.56999969482422
2015-03-06,1164.0999755859375,2.24,0.73,1.51,2.23,0.12,15.2,2.45,91.5446,8.823371586284916,140.003853,0.0803785456463977,11806.2,102.8905,234.747,1207.699951171875,49.59000015258789
2015-03-13,1152.5999755859375,2.13,0.68,1.45,2.1,0.11,16.0,2.47,93.4008,8.747289219217924,140.003853,0.0796854557142354,11806.2,102.8905,234.747,1207.699951171875,49.59000015258789
2015-03-20,1184.800048828125,1.93,0.6,1.33,1.92,0.12,13.02,2.51,91.6875,8.980306873596893,140.003853,0.0818081839690479,11806.2,102.8905,234.747,1207.699951171875,49.59000015258789
2015-03-27,1199.800048828125,1.95,0.58,1.37,1.91,0.12,15.07,2.53,91.1357,8.779750197153744,140.003853,0.0799811665058785,11806.2,102.8905,234.747,1207.699951171875,49.59000015258789
2015-04-03,1200.9000244140625,1.85,0.49,1.36,1.83,0.12,14.67,2.58,90.5271,8.78279253570336,137.683266,0.0797893766984519,11920.7,102.2335,235.342,1208.0999755859375,50.09000015258789
2015-04-10,1204.5999755859375,1.96,0.57,1.39,1.94,0.12,12.58,2.53,92.5812,8.931937599721893,137.683266,0.0811443206581678,11920.7,102.2335,235.342,1208.0999755859375,50.09000015258789
2015-04-17,1202.9000244140625,1.87,0.51,1.36,1.86,0.13,13.89,2.53,90.7097,8.843215115196713,137.683266,0.0803383000547408,11920.7,102.2335,235.342,1208.0999755859375,50.09000015258789
2015-04-24,1175.199951171875,1.93,0.54,1.39,1.9,0.13,12.29,2.56,90.1308,8.998351086530453,137.683266,0.0817476698429839,11920.7,102.2335,235.342,1208.0999755859375,50.09000015258789
2015-05-01,1174.5,2.12,0.6,1.52,2.11,0.13,12.7,2.61,89.1848,8.934340945954249,134.958795,0.0809646294348023,11919.1,101.8914,235.976,1174.5,59.150001525878906
2015-05-08,1189.0999755859375,2.16,0.59,1.57,2.15,0.13,12.86,2.65,88.5252,8.967437780351604,134.958795,0.0812645589929708,11919.1,101.8914,235.976,1174.5,59.150001525878906
2015-05-15,1225.5,2.14,0.55,1.59,2.12,0.13,12.38,2.72,87.5059,8.995533361311107,134.958795,0.0815191662790484,11919.1,101.8914,235.976,1174.5,59.150001525878906
2015-05-22,1204.300048828125,2.21,0.64,1.57,2.19,0.13,12.13,2.74,89.8915,9.009645296952868,134.958795,0.0816470512172609,11919.1,101.8914,235.976,1174.5,59.150001525878906
2015-05-29,1189.4000244140625,2.12,0.61,1.51,2.11,0.08,13.84,2.72,90.8242,8.930526378013548,134.958795,0.0809300611234247,11919.1,101.8914,235.976,1174.5,59.150001525878906
2015-06-05,1167.800048828125,2.41,0.73,1.68,2.38,0.13,14.21,2.69,90.6846,8.859590038713582,132.468549,0.0801159481946437,11953.4,101.3355,236.222,1188.300048828125,60.20000076293945
2015-06-12,1178.800048828125,2.39,0.74,1.65,2.37,0.13,13.78,2.7,89.2021,8.865008794362401,132.468549,0.0801649491918618,11953.4,101.3355,236.222,1188.300048828125,60.20000076293945
2015-06-19,1201.5,2.26,0.65,1.61,2.25,0.13,13.96,2.82,88.7238,8.93223319688418,132.468549,0.0807728494136911,11953.4,101.3355,236.222,1188.300048828125,60.20000076293945
2015-06-26,1172.9000244140625,2.49,0.72,1.77,2.48,0.13,14.02,2.81,89.7886,8.896250096241564,132.468549,0.0804474596141214,11953.4,101.3355,236.222,1188.300048828125,60.20000076293945
2015-07-03,1163.0,2.4,0.64,1.76,2.39,0.13,16.79,2.86,90.4697,8.762747960122004,130.482519,0.0790963443676973,11981.9,100.8883,237.001,1169.0,56.959999084472656
2015-07-10,1157.699951171875,2.42,0.65,1.77,2.41,0.13,16.83,2.9,90.6362,8.76207322833026,130.482519,0.0790902539473864,11981.9,100.8883,237.001,1169.0,56.959999084472656
2015-07-17,1131.800048828125,2.34,0.68,1.66,2.31,0.13,11.95,2.87,92.4188,8.973126242413006,130.482519,0.0809953095255793,11981.9,100.8883,237.001,1169.0,56.959999084472656
2015-07-24,1085.5999755859375,2.27,0.7,1.57,2.23,0.13,13.74,2.87,92.1666,8.774857078002835,130.482519,0.0792056464909867,11981.9,100.8883,237.001,1169.0,56.959999084472656
2015-07-31,1094.9000244140625,2.2,0.67,1.53,2.12,0.08,12.12,2.94,91.9203,8.876924940783477,130.482519,0.0801269550645201,11981.9,100.8883,237.001,1169.0,56.959999084472656
2015-08-07,1094.0999755859375,2.18,0.73,1.45,2.12,0.14,13.39,2.91,92.5141,8.741884599903958,128.687628,0.0787845958544007,12020.9,100.571,237.657,1089.4000244140625,45.16999816894531
2015-08-14,1112.9000244140625,2.2,0.73,1.47,2.11,0.14,12.83,2.97,91.7807,8.800666671137396,128.687628,0.0793143582497613,12020.9,100.571,237.657,1089.4000244140625,45.16999816894531
2015-08-21,1159.5999755859375,2.05,0.64,1.41,2.02,0.15,28.03,3.1,90.7105,8.293002161301528,128.687628,0.0747391270418956,12020.9,100.571,237.657,1089.4000244140625,45.16999816894531
2015-08-28,1133.0999755859375,2.19,0.72,1.47,2.13,0.14,26.05,3.13,91.7719,8.368657330174106,128.687628,0.0754209550660253,12020.9,100.571,237.657,1089.4000244140625,45.16999816894531
2015-09-04,1120.5999755859375,2.13,0.71,1.42,2.11,0.14,27.8,3.15,91.9256,8.071199789538994,126.905235,0.0726431944481177,12063.5,101.2228,238.034,1138.699951171875,45.40999984741211
2015-09-11,1103.5,2.2,0.71,1.49,2.16,0.14,23.2,3.11,91.1705,8.238529154776733,126.905235,0.0741492084154091,12063.5,101.2228,238.034,1138.699951171875,45.40999984741211
2015-09-18,1138.0999755859375,2.13,0.69,1.44,2.13,0.14,22.28,3.15,90.5877,8.225841809560293,126.905235,0.0740350185415836,12063.5,101.2228,238.034,1138.699951171875,45.40999984741211
2015-09-25,1146.0,2.17,0.7,1.47,2.17,0.13,23.62,3.19,91.9362,8.113714703867148,126.905235,0.0730258412997652,12063.5,101.2228,238.034,1138.699951171875,45.40999984741211
2015-10-02,1137.0999755859375,1.99,0.58,1.41,1.99,0.13,20.94,3.34,91.23,8.197854857736376,125.034413,0.0736972311974619,12110.1,101.0367,238.033,1114.199951171875,44.7400016784668
2015-10-09,1156.300048828125,2.12,0.65,1.47,2.11,0.13,17.08,3.26,90.3207,8.4647507473688,125.034413,0.0760965769318318,12110.1,101.0367,238.033,1114.199951171875,44.7400016784668
2015-10-16,1183.5999755859375,2.04,0.61,1.43,2.03,0.13,15.05,3.28,90.1586,8.541294632893601,125.034413,0.0767846926067452,12110.1,101.0367,238.033,1114.199951171875,44.7400016784668
2015-10-23,1163.300048828125,2.09,0.66,1.43,2.08,0.12,14.46,3.23,92.1375,8.717908451112871,125.034413,0.0783724188619482,12110.1,101.0367,238.033,1114.199951171875,44.7400016784668
2015-10-30,1141.5,2.16,0.75,1.41,2.08,0.07,15.07,3.19,91.8307,8.735595935949533,125.034413,0.0785314261488459,12110.1,101.0367,238.033,1114.199951171875,44.7400016784668
2015-11-06,1087.5999755859375,2.34,0.9,1.44,2.26,0.12,14.33,3.17,93.9096,8.838811068606368,123.366885,0.0793878243225717,12172.7,100.7547,237.498,1135.800048828125,46.13999938964844
2015-11-13,1080.800048828125,2.28,0.86,1.42,2.14,0.12,20.08,3.2,93.9256,8.518135054032035,123.366885,0.0765075985872451,12172.7,100.7547,237.498,1135.800048828125,46.13999938964844
2015-11-20,1076.4000244140625,2.26,0.93,1.33,2.14,0.12,15.47,3.2,94.139,8.796579010665353,123.366885,0.0790085073340561,12172.7,100.7547,237.498,1135.800048828125,46.13999938964844
2015-11-27,1056.199951171875,2.22,0.92,1.3,2.04,0.12,15.12,3.22,94.5733,8.800537719988695,123.366885,0.0790440633967286,12172.7,100.7547,237.498,1135.800048828125,46.13999938964844
2015-12-04,1084.5,2.28,0.96,1.32,2.05,0.13,14.81,3.15,93.3429,8.79848376710953,121.85127,0.0789809851266808,12228.4,100.2675,237.733,1063.800048828125,41.849998474121094
2015-12-11,1076.9000244140625,2.13,0.88,1.25,1.9,0.14,24.39,3.24,93.2573,8.464832375468225,121.85127,0.0759859104867494,12228.4,100.2675,237.733,1063.800048828125,41.849998474121094
2015-12-18,1066.199951171875,2.19,0.97,1.22,2.0,0.37,20.7,3.25,94.391,8.436144956014205,121.85127,0.0757283933157011,12228.4,100.2675,237.733,1063.800048828125,41.849998474121094
2015-12-25,1077.199951171875,2.25,1.03,1.22,2.05,0.36,15.74,3.22,93.7658,8.669347504277383,121.85127,0.0778217729801303,12228.4,100.2675,237.733,1063.800048828125,41.849998474121094
2016-01-01,1060.300048828125,2.27,1.06,1.21,2.11,0.2,18.21,3.23,94.2472,8.587369563544831,121.607993,0.0770647410355551,12322.7,99.5298,238.017,1075.0999755859375,36.7599983215332
2016-01-08,1097.800048828125,2.13,0.94,1.19,1.93,0.36,27.01,3.31,94.6521,8.07517962707233,121.607993,0.0724682479507767,12322.7,99.5298,238.017,1075.0999755859375,36.7599983215332
2016-01-15,1091.5,2.03,0.85,1.18,1.79,0.36,27.02,3.38,95.1338,7.899981749432551,121.607993,0.0708959877877105,12322.7,99.5298,238.017,1075.0999755859375,36.7599983215332
2016-01-22,1097.199951171875,2.07,0.88,1.19,1.76,0.38,22.34,3.42,95.2326,8.011612718478355,121.607993,0.0718977860284179,12322.7,99.5298,238.017,1075.0999755859375,36.7599983215332
2016-01-29,1116.4000244140625,1.94,0.76,1.18,1.61,0.29,20.2,3.48,95.3746,8.151686603202187,121.607993,0.0731548365806513,12322.7,99.5298,238.017,1075.0999755859375,36.7599983215332
2016-02-05,1157.800048828125,1.86,0.74,1.12,1.56,0.38,23.38,3.52,93.1859,7.907310487540535,121.465842,0.0709472829769872,12393.6,99.0417,237.761,1127.9000244140625,31.6200008392334
2016-02-12,1239.0999755859375,1.74,0.71,1.03,1.44,0.38,25.4,3.6,92.1875,7.843086247521145,121.465842,0.0703710395959011,12393.6,99.0417,237.761,1127.9000244140625,31.6200008392334
2016-02-19,1230.4000244140625,1.76,0.76,1.0,1.45,0.38,20.53,3.56,92.5236,8.06599917268549,121.465842,0.0723710959242548,12393.6,99.0417,237.761,1127.9000244140625,31.6200008392334
2016-02-26,1219.800048828125,1.76,0.8,0.96,1.43,0.37,19.81,3.56,93.1882,8.193311976430639,121.465842,0.0735133929831768,12393.6,99.0417,237.761,1127.9000244140625,31.6200008392334
2016-03-04,1269.9000244140625,1.88,0.88,1.0,1.59,0.36,16.86,3.43,92.2166,8.415624485526632,120.903091,0.0755010706390771,12522.2,99.5607,237.652,1230.300048828125,34.400001525878906
2016-03-11,1258.699951171875,1.98,0.97,1.01,1.65,0.36,16.5,3.26,91.1559,8.509038179380987,120.903091,0.0763391348742963,12522.2,99.5607,237.652,1230.300048828125,34.400001525878906
2016-03-18,1253.800048828125,1.88,0.84,1.04,1.58,0.37,14.02,3.17,89.9368,8.62429130882551,120.903091,0.0773731323729408,12522.2,99.5607,237.652,1230.300048828125,34.400001525878906
2016-03-25,1221.4000244140625,1.91,0.89,1.02,1.61,0.37,14.74,3.06,91.3881,8.566895887290029,120.903091,0.0768582073328368,12522.2,99.5607,237.652,1230.300048828125,34.400001525878906
2016-04-01,1222.199951171875,1.79,0.76,1.03,1.56,0.37,13.1,3.1,89.9376,8.7335255894465,120.555321,0.0783545400225711,12604.4,99.0445,237.336,1222.199951171875,36.790000915527344
2016-04-08,1242.5,1.72,0.7,1.02,1.49,0.37,15.36,3.07,89.3861,8.627431049591875,120.555321,0.0774026920221186,12604.4,99.0445,237.336,1222.199951171875,36.790000915527344
2016-04-15,1233.0999755859375,1.76,0.74,1.02,1.54,0.37,13.62,2.99,89.4733,8.767022198354864,120.555321,0.0786550614278673,12604.4,99.0445,237.336,1222.199951171875,36.790000915527344
2016-04-22,1228.699951171875,1.89,0.84,1.05,1.66,0.37,13.22,2.89,89.5893,8.812738388297603,120.555321,0.0790652132042446,12604.4,99.0445,237.336,1222.199951171875,36.790000915527344
2016-04-29,1289.199951171875,1.83,0.77,1.06,1.61,0.3,15.7,2.86,87.9695,8.70200917192556,120.555321,0.0780717842932015,12604.4,99.0445,237.336,1222.199951171875,36.790000915527344
2016-05-06,1292.9000244140625,1.79,0.74,1.05,1.6,0.37,14.72,2.87,88.9463,8.640540543422903,120.291383,0.0775236027363156,12662.2,98.3096,238.08,1294.699951171875,44.779998779296875
2016-05-13,1271.9000244140625,1.71,0.76,0.95,1.42,0.37,15.04,2.9,89.8038,8.596312102451119,120.291383,0.0771267817191221,12662.2,98.3096,238.08,1294.699951171875,44.779998779296875
2016-05-20,1252.4000244140625,1.85,0.89,0.96,1.52,0.37,15.2,2.86,90.6609,8.620295986052481,120.291383,0.0773419669908122,12662.2,98.3096,238.08,1294.699951171875,44.779998779296875
2016-05-27,1213.800048828125,1.85,0.9,0.95,1.53,0.37,13.12,2.85,90.47,8.81661650955036,120.291383,0.0791033700183369,12662.2,98.3096,238.08,1294.699951171875,44.779998779296875
2016-06-03,1240.0999755859375,1.71,0.78,0.93,1.41,0.37,13.47,2.86,89.3204,8.783264221448835,120.118706,0.0788113935591191,12741.9,98.6421,238.992,1211.9000244140625,49.0099983215332
2016-06-10,1273.4000244140625,1.64,0.73,0.91,1.38,0.37,17.03,2.86,89.1121,8.770461221962973,120.118706,0.0786965134637722,12741.9,98.6421,238.992,1211.9000244140625,49.0099983215332
2016-06-17,1292.5,1.62,0.7,0.92,1.35,0.38,19.41,2.89,89.1302,8.666482437500523,120.118706,0.0777635217311476,12741.9,98.6421,238.992,1211.9000244140625,49.0099983215332
2016-06-24,1320.0,1.57,0.64,0.93,1.3,0.4,25.76,2.98,89.8117,8.525013532585557,120.118706,0.0764941347173306,12741.9,98.6421,238.992,1211.9000244140625,49.0099983215332
2016-07-01,1336.699951171875,1.46,0.59,0.87,1.18,0.41,14.77,2.86,89.892,8.77849510209209,121.314617,0.0787813330081787,12800.7,98.4184,239.557,1336.699951171875,48.9900016784668
2016-07-08,1356.5999755859375,1.37,0.61,0.76,1.09,0.4,13.2,2.78,90.5724,8.890994219929913,121.314617,0.0797909400492985,12800.7,98.4184,239.557,1336.699951171875,48.9900016784668
2016-07-15,1326.5,1.6,0.71,0.89,1.28,0.4,12.67,2.66,90.8164,9.023906586884854,121.314617,0.0809837428384106,12800.7,98.4184,239.557,1336.699951171875,48.9900016784668
2016-07-22,1323.0999755859375,1.57,0.71,0.86,1.24,0.4,12.02,2.66,91.7229,9.079384151984184,121.314617,0.0814816182122354,12800.7,98.4184,239.557,1336.699951171875,48.9900016784668
2016-07-29,1349.0,1.46,0.67,0.79,1.18,0.3,11.87,2.71,90.0326,9.07341508557984,121.314617,0.0814280496902189,12800.7,98.4184,239.557,1336.699951171875,48.9900016784668
2016-08-05,1336.4000244140625,1.59,0.72,0.87,1.31,0.4,11.39,2.73,90.6646,9.086886784672094,122.203609,0.0815662185057837,12849.3,98.8833,240.222,1351.4000244140625,40.060001373291016
2016-08-12,1335.800048828125,1.51,0.71,0.8,1.22,0.4,11.55,2.71,89.8341,9.091798623057526,122.203609,0.0816103084226611,12849.3,98.8833,240.222,1351.4000244140625,40.060001373291016
2016-08-19,1340.4000244140625,1.58,0.76,0.82,1.28,0.4,11.34,2.67,88.9845,9.091049600733903,122.203609,0.0816035850068244,12849.3,98.8833,240.222,1351.4000244140625,40.060001373291016
2016-08-26,1321.5,1.62,0.84,0.78,1.28,0.4,13.65,2.63,89.5294,9.029314713317264,122.203609,0.0810494368771317,12849.3,98.8833,240.222,1351.4000244140625,40.060001373291016
2016-09-02,1322.0999755859375,1.6,0.8,0.8,1.27,0.4,11.98,2.63,90.2863,9.079428992252218,122.908446,0.0815231808822655,12907.3,98.9992,240.101,1312.199951171875,43.15999984741211
2016-09-09,1330.0999755859375,1.67,0.79,0.88,1.32,0.4,17.5,2.67,89.9972,8.862145757800883,122.908446,0.0795722189396174,12907.3,98.9992,240.101,1312.199951171875,43.15999984741211
2016-09-16,1305.800048828125,1.7,0.77,0.93,1.4,0.4,15.37,2.71,90.5795,8.909416920834877,122.908446,0.0799966614434163,12907.3,98.9992,240.101,1312.199951171875,43.15999984741211
2016-09-23,1337.199951171875,1.62,0.77,0.85,1.44,0.4,12.29,2.68,90.0937,9.01574729553917,122.908446,0.0809513900257637,12907.3,98.9992,240.101,1312.199951171875,43.15999984741211
2016-09-30,1313.300048828125,1.6,0.77,0.83,1.31,0.29,13.29,2.69,89.9324,9.030658012799822,122.908446,0.081085271694023,12907.3,98.9992,240.101,1312.199951171875,43.15999984741211
2016-10-07,1248.9000244140625,1.73,0.83,0.9,1.4,0.4,13.48,2.63,91.299,8.953584527778068,125.263144,0.0804297643767704,12986.7,98.85,240.545,1309.0,48.810001373291016
2016-10-14,1253.0999755859375,1.8,0.84,0.96,1.48,0.41,16.12,2.63,91.9004,8.867280469220937,125.263144,0.0796544977700864,12986.7,98.85,240.545,1309.0,48.810001373291016
2016-10-21,1265.9000244140625,1.74,0.84,0.9,1.4,0.41,13.34,2.6,92.6081,8.901286296158204,125.263144,0.0799599710293734,12986.7,98.85,240.545,1309.0,48.810001373291016
2016-10-28,1275.5,1.86,0.86,1.0,1.56,0.41,16.19,2.6,92.7324,8.839967208253654,125.263144,0.0794091436175518,12986.7,98.85,240.545,1309.0,48.810001373291016
2016-11-04,1303.300048828125,1.79,0.8,0.99,1.41,0.41,22.51,2.67,91.4468,8.645884879260892,127.96994,0.0777008141176132,13052.7,98.7457,241.176,1286.4000244140625,46.66999816894531
2016-11-11,1223.5,2.15,0.92,1.23,1.67,0.41,14.17,2.6,92.9838,8.974566089378193,127.96994,0.0806546815317558,13052.7,98.7457,241.176,1286.4000244140625,46.66999816894531
2016-11-18,1208.5,2.34,1.07,1.27,1.9,0.41,12.85,2.52,94.8995,9.04691968663445,127.96994,0.0813049253748856,13052.7,98.7457,241.176,1286.4000244140625,46.66999816894531
2016-11-25,1178.199951171875,2.36,1.12,1.24,1.87,0.41,12.34,2.48,95.15,9.177323189937017,127.96994,0.0824768653800901,13052.7,98.7457,241.176,1286.4000244140625,46.66999816894531
2016-12-02,1175.0999755859375,2.4,1.11,1.29,1.91,0.41,14.12,2.42,94.3916,9.067348737582268,130.438894,0.0815199239204473,13124.5,98.7611,241.741,1166.9000244140625,51.060001373291016
2016-12-09,1159.4000244140625,2.47,1.15,1.32,1.93,0.41,11.75,2.43,94.8394,9.346904452686449,130.438894,0.0840332672676996,13124.5,98.7611,241.741,1166.9000244140625,51.060001373291016
2016-12-16,1135.300048828125,2.6,1.28,1.32,2.09,0.66,12.2,2.28,95.9966,9.340865092637884,130.438894,0.0839789704510738,13124.5,98.7611,241.741,1166.9000244140625,51.060001373291016
2016-12-23,1131.9000244140625,2.55,1.22,1.33,2.03,0.66,11.44,2.25,96.5085,9.364526658955246,130.438894,0.0841916995675833,13124.5,98.7611,241.741,1166.9000244140625,51.060001373291016
2016-12-30,1150.0,2.45,1.2,1.25,1.94,0.55,14.04,2.28,95.7228,9.261275820506244,130.438894,0.0832634237574562,13124.5,98.7611,241.741,1166.9000244140625,51.060001373291016
2017-01-06,1171.9000244140625,2.42,1.22,1.2,1.89,0.66,11.32,2.24,95.2662,9.407997407174228,132.307431,0.0846084792529317,13214.2,98.3491,242.026,1160.4000244140625,52.33000183105469
2017-01-13,1195.300048828125,2.4,1.21,1.19,1.87,0.66,11.23,2.23,94.616,9.398328661293103,132.307431,0.0845215257972833,13214.2,98.3491,242.026,1160.4000244140625,52.33000183105469
2017-01-20,1204.300048828125,2.48,1.2,1.28,1.98,0.66,11.54,2.21,94.9218,9.384570494879682,132.307431,0.0843977951575766,13214.2,98.3491,242.026,1160.4000244140625,52.33000183105469
2017-01-27,1188.0999755859375,2.49,1.22,1.27,1.97,0.66,10.58,2.19,94.0567,9.481171202293348,132.307431,0.0852665495369938,13214.2,98.3491,242.026,1160.4000244140625,52.33000183105469
2017-02-03,1218.5,2.49,1.21,1.28,1.98,0.66,10.97,2.24,93.0757,9.468547343871707,134.508546,0.0851703574237775,13240.6,99.0214,242.637,1205.5999755859375,53.880001068115234
2017-02-10,1234.4000244140625,2.41,1.2,1.21,1.86,0.66,10.85,2.23,93.8859,9.54553550223688,134.508546,0.085862872202151,13240.6,99.0214,242.637,1205.5999755859375,53.880001068115234
2017-02-17,1237.5999755859375,2.42,1.21,1.21,1.89,0.66,11.49,2.21,94.1042,9.69003042449987,134.508546,0.0871626158405482,13240.6,99.0214,242.637,1205.5999755859375,53.880001068115234
2017-02-24,1256.9000244140625,2.31,1.12,1.19,1.79,0.66,11.47,2.23,94.1098,9.756715125436866,134.508546,0.0877624501770346,13240.6,99.0214,242.637,1205.5999755859375,53.880001068115234
2017-03-03,1225.5,2.49,1.32,1.17,1.78,0.66,10.96,2.16,95.3553,9.782200482671644,137.013246,0.0879962512621529,13318.9,98.7611,243.618,1248.9000244140625,53.83000183105469
2017-03-10,1200.699951171875,2.58,1.36,1.22,1.83,0.66,11.66,2.18,95.1503,9.739018043232644,137.013246,0.0876078015674531,13318.9,98.7611,243.618,1248.9000244140625,53.83000183105469
2017-03-17,1229.800048828125,2.5,1.33,1.17,1.77,0.91,11.28,2.22,94.111,9.762209688939242,137.013246,0.0878164231231445,13318.9,98.7611,243.618,1248.9000244140625,53.83000183105469
2017-03-24,1248.199951171875,2.4,1.26,1.14,1.62,0.91,12.96,2.22,93.6096,9.621538558188435,137.013246,0.0865510092534526,13318.9,98.7611,243.618,1248.9000244140625,53.83000183105469
2017-03-31,1247.300048828125,2.4,1.27,1.13,1.64,0.82,12.37,2.24,93.9602,9.698462226531394,137.013246,0.0872429797829367,13318.9,98.7611,243.618,1248.9000244140625,53.83000183105469
2017-04-07,1254.300048828125,2.38,1.29,1.09,1.56,0.91,12.87,2.24,94.4898,9.653615235127416,138.301713,0.0868255826230888,13395.2,98.3646,244.006,1250.800048828125,50.2400016784668
2017-04-14,1285.9000244140625,2.24,1.21,1.03,1.43,0.91,15.96,2.28,93.9068,9.544642144750028,138.301713,0.0858454677301908,13395.2,98.3646,244.006,1250.800048828125,50.2400016784668
2017-04-21,1287.4000244140625,2.24,1.2,1.04,1.45,0.91,14.63,2.29,93.9117,9.625541754736563,138.301713,0.0865730869277638,13395.2,98.3646,244.006,1250.800048828125,50.2400016784668
2017-04-28,1266.0999755859375,2.29,1.28,1.01,1.49,0.83,10.82,2.28,93.7181,9.77107100305679,138.301713,0.0878819915677711,13395.2,98.3646,244.006,1250.800048828125,50.2400016784668
2017-05-05,1224.800048828125,2.36,1.32,1.04,1.46,0.91,10.57,2.24,93.5496,9.83751020559305,139.875741,0.0884573088475683,13464.6,99.0137,243.892,1253.300048828125,48.84000015258789
2017-05-12,1226.199951171875,2.33,1.29,1.04,1.45,0.91,10.4,2.25,94.0251,9.803109172681966,139.875741,0.0881479802949878,13464.6,99.0137,243.892,1253.300048828125,48.84000015258789
2017-05-19,1252.699951171875,2.23,1.28,0.95,1.31,0.91,12.04,2.26,92.3337,9.765510883787702,139.875741,0.0878099025310665,13464.6,99.0137,243.892,1253.300048828125,48.84000015258789
2017-05-26,1267.5999755859375,2.25,1.3,0.95,1.31,0.91,9.81,2.24,92.3492,9.905286226523932,139.875741,0.0890667399221641,13464.6,99.0137,243.892,1253.300048828125,48.84000015258789
2017-06-02,1276.800048828125,2.15,1.28,0.87,1.17,0.91,9.75,2.24,91.8898,9.988288232502056,141.439577,0.0897807635943134,13520.3,100.0224,244.193,1267.0,48.36000061035156
2017-06-09,1268.5,2.21,1.35,0.86,1.2,0.91,10.7,2.21,92.1431,9.958393645727968,141.439577,0.089512053003926,13520.3,100.0224,244.193,1267.0,48.36000061035156
2017-06-16,1254.0,2.16,1.32,0.84,1.13,1.16,10.38,2.19,91.7442,9.964044433475776,141.439577,0.0895628456950357,13520.3,100.0224,244.193,1267.0,48.36000061035156
2017-06-23,1256.199951171875,2.15,1.34,0.81,1.18,1.16,10.02,2.15,91.8673,9.985134908978246,141.439577,0.0897524196191258,13520.3,100.0224,244.193,1267.0,48.36000061035156
2017-06-30,1240.699951171875,2.31,1.38,0.93,1.28,1.06,11.18,2.09,90.4944,9.92415799023467,141.439577,0.0892043222676085,13520.3,100.0224,244.193,1267.0,48.36000061035156
2017-07-07,1208.5999755859375,2.39,1.4,0.99,1.34,1.16,11.19,2.08,90.6493,9.939099078870122,142.925113,0.0893005922583896,13567.4,100.1408,244.004,1217.9000244140625,47.06999969482422
2017-07-14,1226.5999755859375,2.33,1.35,0.98,1.29,1.16,9.51,2.09,89.688,10.07881026348441,142.925113,0.0905558661451045,13567.4,100.1408,244.004,1217.9000244140625,47.06999969482422
2017-07-21,1254.300048828125,2.24,1.36,0.88,1.08,1.16,9.36,2.05,88.6051,10.13319469788405,142.925113,0.0910444981793549,13567.4,100.1408,244.004,1217.9000244140625,47.06999969482422
2017-07-28,1268.4000244140625,2.3,1.34,0.96,1.22,1.16,10.29,2.05,88.0258,10.131391688891371,142.925113,0.0910282985450002,13567.4,100.1408,244.004,1217.9000244140625,47.06999969482422
2017-08-04,1258.300048828125,2.27,1.36,0.91,1.19,1.16,10.03,2.05,88.4988,10.144166307446255,143.882151,0.0910714411544194,13577.0,100.3471,244.163,1272.5999755859375,49.15999984741211
2017-08-11,1287.699951171875,2.19,1.3,0.89,1.16,1.16,15.51,2.12,88.2082,9.99873063633464,143.882151,0.0897657610460725,13577.0,100.3471,244.163,1272.5999755859375,49.15999984741211
2017-08-18,1285.699951171875,2.19,1.33,0.86,1.17,1.16,14.26,2.12,88.2971,9.934142555703056,143.882151,0.0891859076203456,13577.0,100.3471,244.163,1272.5999755859375,49.15999984741211
2017-08-25,1292.5,2.17,1.35,0.82,1.14,1.16,11.28,2.12,87.6737,10.005815986976424,143.882151,0.0898293713097921,13577.0,100.3471,244.163,1272.5999755859375,49.15999984741211
2017-09-01,1324.5,2.16,1.35,0.81,1.14,1.16,10.13,2.15,87.4804,10.139697141077226,144.500776,0.0909320372011474,13638.5,100.1068,244.243,1324.5,47.290000915527344
2017-09-08,1346.0,2.06,1.27,0.79,1.02,1.16,12.12,2.17,86.0101,10.077791100013611,144.500776,0.0903768685062001,13638.5,100.1068,244.243,1324.5,47.290000915527344
2017-09-15,1320.4000244140625,2.2,1.39,0.81,1.15,1.16,10.17,2.1,86.6068,10.236649486244232,144.500776,0.0918014985011057,13638.5,100.1068,244.243,1324.5,47.290000915527344
2017-09-22,1293.300048828125,2.26,1.46,0.8,1.23,1.16,9.59,2.05,87.0324,10.244797069734345,144.500776,0.0918745654137278,13638.5,100.1068,244.243,1324.5,47.290000915527344
2017-09-29,1281.5,2.33,1.47,0.86,1.27,1.06,9.51,2.0,88.1008,10.31497364273234,144.500776,0.0925039036136482,13638.5,100.1068,244.243,1324.5,47.290000915527344
2017-10-06,1271.5999755859375,2.37,1.54,0.83,1.3,1.16,9.65,1.98,88.6593,10.39766247303035,145.852463,0.0931137023179209,13695.0,99.6925,245.183,1272.699951171875,50.58000183105469
2017-10-13,1301.5,2.28,1.51,0.77,1.19,1.16,9.61,1.97,87.975,10.413323606754954,145.852463,0.0932539517391131,13695.0,99.6925,245.183,1272.699951171875,50.58000183105469
2017-10-20,1277.4000244140625,2.39,1.6,0.79,1.28,1.16,9.97,1.94,88.7482,10.503215805898044,145.852463,0.0940589591620241,13695.0,99.6925,245.183,1272.699951171875,50.58000183105469
2017-10-27,1268.5,2.42,1.59,0.83,1.32,1.16,9.8,1.93,90.0419,10.527116759152856,145.852463,0.0942729982551622,13695.0,99.6925,245.183,1272.699951171875,50.58000183105469
2017-11-03,1266.5,2.34,1.63,0.71,1.16,1.16,9.14,1.91,89.8262,10.501106124903623,147.109182,0.0938498962732838,13743.0,99.7954,246.435,1274.0999755859375,54.29999923706055
2017-11-10,1272.4000244140625,2.4,1.67,0.73,1.17,1.16,11.29,1.93,89.4057,10.478625393422709,147.109182,0.0936489827416484,13743.0,99.7954,246.435,1274.0999755859375,54.29999923706055
2017-11-17,1295.800048828125,2.35,1.73,0.62,1.06,1.16,11.43,1.93,88.9155,10.464625956768518,147.109182,0.0935238677621165,13743.0,99.7954,246.435,1274.0999755859375,54.29999923706055
2017-11-24,1286.699951171875,2.34,1.75,0.59,1.05,1.16,9.67,1.9,88.1531,10.56026912522572,147.109182,0.0943786445191735,13743.0,99.7954,246.435,1274.0999755859375,54.29999923706055
2017-12-01,1278.800048828125,2.37,1.78,0.59,1.1,1.16,11.43,1.87,88.1787,10.713468858527182,148.456717,0.095494120134385,13801.5,101.0247,246.626,1278.800048828125,58.36000061035156
2017-12-08,1245.199951171875,2.38,1.8,0.58,1.1,1.16,9.58,1.87,89.3369,10.751096802445808,148.456717,0.0958295154619325,13801.5,101.0247,246.626,1278.800048828125,58.36000061035156
2017-12-15,1254.300048828125,2.35,1.84,0.51,1.04,1.41,9.42,1.8,89.1218,10.849667344861247,148.456717,0.0967081204537825,13801.5,101.0247,246.626,1278.800048828125,58.36000061035156
2017-12-22,1275.4000244140625,2.48,1.91,0.57,1.15,1.42,9.9,1.79,88.743,10.880199524343034,148.456717,0.0969802679397088,13801.5,101.0247,246.626,1278.800048828125,58.36000061035156
2017-12-29,1306.300048828125,2.4,1.89,0.51,1.01,1.33,11.04,1.77,87.4741,10.840747153268005,148.456717,0.0966286106461865,13801.5,101.0247,246.626,1278.800048828125,58.36000061035156
2018-01-05,1320.300048828125,2.47,1.96,0.51,1.08,1.42,9.22,1.76,87.2176,11.09311521304957,150.14278,0.0985595608872098,13849.1,101.2664,247.284,1313.699951171875,60.369998931884766
2018-01-12,1333.4000244140625,2.55,1.99,0.56,1.12,1.42,10.16,1.68,86.8613,11.267368653994495,150.14278,0.1001077592330102,13849.1,101.2664,247.284,1313.699951171875,60.369998931884766
2018-01-19,1331.9000244140625,2.64,2.06,0.58,1.2,1.42,11.27,1.64,86.1844,11.364665925931824,150.14278,0.1009722212180787,13849.1,101.2664,247.284,1313.699951171875,60.369998931884766
2018-01-26,1351.5999755859375,2.66,2.13,0.53,1.25,1.42,11.08,1.6,84.8181,11.617695108407744,150.14278,0.1032203223724902,13849.1,101.2664,247.284,1313.699951171875,60.369998931884766
2018-02-02,1333.699951171875,2.84,2.15,0.69,1.36,1.42,17.31,1.58,85.1997,11.146384789703598,151.944195,0.0986766107036462,13887.3,101.4644,247.805,1344.300048828125,65.80000305175781
2018-02-09,1313.0999755859375,2.83,2.05,0.78,1.28,1.42,29.06,1.67,86.2365,10.571013695559513,151.944195,0.0935829708788814,13887.3,101.4644,247.805,1344.300048828125,65.80000305175781
2018-02-16,1353.199951171875,2.87,2.21,0.66,1.25,1.42,19.46,1.66,84.9754,11.025685400630032,151.944195,0.0976080842843194,13887.3,101.4644,247.805,1344.300048828125,65.80000305175781
2018-02-23,1328.199951171875,2.88,2.25,0.63,1.24,1.42,16.49,1.68,85.8219,11.086540016658764,151.944195,0.0981468174582301,13887.3,101.4644,247.805,1344.300048828125,65.80000305175781
2018-03-02,1321.0999755859375,2.86,2.25,0.61,1.21,1.42,19.59,1.72,86.6211,10.81435672408874,154.075005,0.0953581193199012,13902.4,101.4625,248.859,1302.9000244140625,60.9900016784668
2018-03-09,1322.4000244140625,2.9,2.27,0.63,1.23,1.42,14.64,1.77,86.187,11.197385139212868,154.075005,0.0987355619403171,13902.4,101.4625,248.859,1302.9000244140625,60.9900016784668
2018-03-16,1311.300048828125,2.85,2.31,0.54,1.07,1.43,15.8,1.79,86.7572,11.05851108364827,154.075005,0.0975110074800902,13902.4,101.4625,248.859,1302.9000244140625,60.9900016784668
2018-03-23,1349.300048828125,2.82,2.28,0.54,1.08,1.68,24.87,1.87,85.8266,10.400507957379984,154.075005,0.0917089110421399,13902.4,101.4625,248.859,1302.9000244140625,60.9900016784668
2018-03-30,1322.800048828125,2.74,2.27,0.47,1.01,1.67,19.97,1.85,86.2665,10.611913240780924,154.075005,0.0935730265650263,13902.4,101.4625,248.859,1302.9000244140625,60.9900016784668
2018-04-06,1331.9000244140625,2.77,2.27,0.5,1.04,1.69,21.49,1.84,86.2667,10.43754421611566,156.584606,0.0916323326191233,13949.8,101.7085,249.529,1342.0999755859375,63.0099983215332
2018-04-13,1344.800048828125,2.82,2.37,0.45,1.06,1.69,17.41,1.79,85.8087,10.645255857347744,156.584606,0.0934558556437113,13949.8,101.7085,249.529,1342.0999755859375,63.0099983215332
2018-04-20,1336.699951171875,2.96,2.46,0.5,1.15,1.7,16.88,1.78,86.3755,10.700719726276803,156.584606,0.0939427789640651,13949.8,101.7085,249.529,1342.0999755859375,63.0099983215332
2018-04-27,1320.300048828125,2.96,2.49,0.47,1.14,1.7,15.41,1.8,87.542,10.699798067997609,156.584606,0.0939346876260787,13949.8,101.7085,249.529,1342.0999755859375,63.0099983215332
2018-05-04,1312.699951171875,2.95,2.51,0.44,1.11,1.7,14.77,1.86,88.2094,10.67173626526082,159.042799,0.0932271725979329,14014.5,102.2067,249.577,1303.800048828125,67.25
2018-05-11,1319.0,2.97,2.54,0.43,1.05,1.7,12.65,1.82,88.0314,10.92937238088095,159.042799,0.0954778547757305,14014.5,102.2067,249.577,1303.800048828125,67.25
2018-05-18,1290.199951171875,3.06,2.55,0.51,1.15,1.7,13.42,1.83,89.0051,10.870272383685696,159.042799,0.094961563377395,14014.5,102.2067,249.577,1303.800048828125,67.25
2018-05-25,1303.300048828125,2.93,2.48,0.45,1.03,1.7,13.22,1.85,89.3643,10.903769490477888,159.042799,0.0952541906011967,14014.5,102.2067,249.577,1303.800048828125,67.25
2018-06-01,1294.800048828125,2.89,2.47,0.42,0.97,1.7,13.46,1.9,89.2653,10.928557338686472,161.891483,0.094949287824711,14034.8,103.3329,250.227,1294.800048828125,65.80999755859375
2018-06-08,1298.0999755859375,2.93,2.5,0.43,1.0,1.7,12.18,1.9,88.9338,11.106035836647823,161.891483,0.0964912531970275,14034.8,103.3329,250.227,1294.800048828125,65.80999755859375
2018-06-15,1274.5999755859375,2.93,2.55,0.38,0.99,1.9,11.98,1.87,90.1206,11.108553082238826,161.891483,0.0965131234831722,14034.8,103.3329,250.227,1294.800048828125,65.80999755859375
2018-06-22,1267.4000244140625,2.9,2.56,0.34,0.97,1.92,13.77,1.97,90.297,11.0095228844709,161.891483,0.0956527311679011,14034.8,103.3329,250.227,1294.800048828125,65.80999755859375
2018-06-29,1251.300048828125,2.85,2.52,0.33,0.92,1.91,16.09,1.99,89.9735,10.863616305144928,161.891483,0.0943850683495985,14034.8,103.3329,250.227,1294.800048828125,65.80999755859375
2018-07-06,1254.300048828125,2.82,2.53,0.29,0.85,1.91,13.37,1.96,89.5756,11.00441827633806,165.365417,0.0950325020666678,14091.0,102.4024,250.792,1239.800048828125,73.94000244140625
2018-07-13,1239.5999755859375,2.83,2.59,0.24,0.85,1.91,12.18,1.9,90.2872,11.16985413647066,165.365417,0.0964611812867005,14091.0,102.4024,250.792,1239.800048828125,73.94000244140625
2018-07-20,1229.5,2.89,2.6,0.29,0.9,1.91,12.86,1.91,90.0729,11.171927645718364,165.365417,0.0964790878008769,14091.0,102.4024,250.792,1239.800048828125,73.94000244140625
2018-07-27,1222.5999755859375,2.96,2.67,0.29,0.96,1.91,13.03,1.84,89.9284,11.239672989407058,165.365417,0.0970641264055931,14091.0,102.4024,250.792,1239.800048828125,73.94000244140625
2018-08-03,1214.199951171875,2.95,2.63,0.32,0.94,1.91,11.64,1.84,90.0491,11.3153243897101,168.756521,0.0970864175454453,14133.2,103.198,251.018,1217.9000244140625,67.66000366210938
2018-08-10,1211.0999755859375,2.87,2.61,0.26,0.82,1.91,13.16,1.87,91.1345,11.28715880652732,168.756521,0.0968447545161661,14133.2,103.198,251.018,1217.9000244140625,67.66000366210938
2018-08-17,1176.5,2.87,2.61,0.26,0.82,1.92,12.64,1.89,91.025,11.354284883205588,168.756521,0.0974207017965198,14133.2,103.198,251.018,1217.9000244140625,67.66000366210938
2018-08-24,1206.300048828125,2.82,2.63,0.19,0.73,1.92,11.99,1.9,90.1696,11.452126705679474,168.756521,0.0982601927119323,14133.2,103.198,251.018,1217.9000244140625,67.66000366210938
2018-08-31,1200.300048828125,2.86,2.62,0.24,0.75,1.91,12.86,1.92,90.2569,11.559011782148094,168.756521,0.0991772754933014,14133.2,103.198,251.018,1217.9000244140625,67.66000366210938
2018-09-07,1193.5999755859375,2.94,2.71,0.23,0.8,1.92,14.88,1.93,90.5598,11.431209771910105,172.039527,0.0974110240653681,14170.0,103.3646,251.214,1192.699951171875,69.87000274658203
2018-09-14,1195.0,2.99,2.78,0.21,0.83,1.92,12.07,1.88,90.0256,11.56376627285402,172.039527,0.098540603940212,14170.0,103.3646,251.214,1192.699951171875,69.87000274658203
2018-09-21,1196.199951171875,3.07,2.81,0.26,0.89,1.92,11.68,1.83,89.5186,11.662048778630968,172.039527,0.099378118055207,14170.0,103.3646,251.214,1192.699951171875,69.87000274658203
2018-09-28,1191.5,3.05,2.81,0.24,0.86,2.18,12.12,1.84,90.1109,11.599592301658149,172.039527,0.0988458953506261,14170.0,103.3646,251.214,1192.699951171875,69.87000274658203
2018-10-05,1201.199951171875,3.23,2.88,0.35,1.0,2.18,14.82,1.85,90.6888,11.466008385656115,172.614174,0.0970043421702441,14221.3,104.0327,251.663,1187.0999755859375,75.30000305175781
2018-10-12,1218.0999755859375,3.15,2.85,0.3,0.87,2.18,21.31,1.88,90.3927,10.995378274964931,172.614174,0.0930227329861606,14221.3,104.0327,251.663,1187.0999755859375,75.30000305175781
2018-10-19,1225.300048828125,3.2,2.92,0.28,0.89,2.19,19.89,1.92,90.831,10.997961676117963,172.614174,0.093044588990533,14221.3,104.0327,251.663,1187.0999755859375,75.30000305175781
2018-10-26,1232.5,3.08,2.81,0.27,0.75,2.2,24.16,2.02,91.2889,10.564484812651244,172.614174,0.0893773024709093,14221.3,104.0327,251.663,1187.0999755859375,75.30000305175781
2018-11-02,1230.9000244140625,3.22,2.91,0.31,0.89,2.19,19.51,2.02,91.4119,10.797995331124945,174.075277,0.0905999274198046,14243.9,104.1004,252.182,1236.0,63.689998626708984
2018-11-09,1206.4000244140625,3.19,2.94,0.25,0.83,2.19,17.36,1.98,91.8931,11.027789492373069,174.075277,0.0925280014457827,14243.9,104.1004,252.182,1236.0,63.689998626708984
2018-11-16,1220.800048828125,3.08,2.81,0.27,0.72,2.2,18.14,2.13,91.437,10.850377979123213,174.075277,0.0910394408629175,14243.9,104.1004,252.182,1236.0,63.689998626708984
2018-11-23,1221.0,3.05,2.81,0.24,0.64,2.2,21.52,2.18,91.8146,10.439127529299276,174.075277,0.0875888688110838,14243.9,104.1004,252.182,1236.0,63.689998626708984
2018-11-30,1220.199951171875,3.01,2.8,0.21,0.64,2.2,18.07,2.27,92.0345,10.945150414680668,174.075277,0.0918346232573898,14243.9,104.1004,252.182,1236.0,63.689998626708984
2018-12-07,1246.800048828125,2.85,2.72,0.13,0.45,2.19,23.23,2.31,91.7441,10.41681862755764,175.516886,0.0865873647001239,14257.6,103.9856,252.772,1233.9000244140625,52.95000076293945
2018-12-14,1237.0,2.89,2.73,0.16,0.47,2.19,21.63,2.25,92.4416,10.285751393239265,175.516886,0.0854978990173732,14257.6,103.9856,252.772,1233.9000244140625,52.95000076293945
2018-12-21,1253.800048828125,2.79,2.63,0.16,0.4,2.4,30.11,2.31,92.1151,9.560473933772332,175.516886,0.0794692000319166,14257.6,103.9856,252.772,1233.9000244140625,52.95000076293945
2018-12-28,1279.9000244140625,2.72,2.52,0.2,0.32,2.4,28.34,2.44,91.9394,9.833921440010664,175.516886,0.0817421683724001,14257.6,103.9856,252.772,1233.9000244140625,52.95000076293945
2019-01-04,1282.699951171875,2.67,2.5,0.17,0.25,2.4,21.38,2.45,91.3243,10.023753301369986,176.065038,0.0824523025913124,14288.4,104.0681,252.594,1281.0,46.540000915527344
2019-01-11,1287.0999755859375,2.71,2.55,0.16,0.28,2.4,18.19,2.42,90.7375,10.278391449383696,176.065038,0.0845468774476637,14288.4,104.0681,252.594,1281.0,46.540000915527344
2019-01-18,1281.300048828125,2.79,2.62,0.17,0.38,2.4,17.8,2.38,91.3493,10.57313301558034,176.065038,0.086971330651132,14288.4,104.0681,252.594,1281.0,46.540000915527344
2019-01-25,1297.4000244140625,2.76,2.6,0.16,0.37,2.4,17.42,2.34,91.0087,10.549577621660154,176.065038,0.0867775712469676,14288.4,104.0681,252.594,1281.0,46.540000915527344
2019-02-01,1316.9000244140625,2.7,2.52,0.18,0.3,2.4,16.14,2.31,90.5006,10.7076083084298,176.202377,0.0871408189033141,14392.0,104.0936,252.767,1316.9000244140625,55.2599983215332
2019-02-08,1313.699951171875,2.63,2.45,0.18,0.2,2.4,15.72,2.3,91.5568,10.71294861596846,176.202377,0.0871842794744061,14392.0,104.0936,252.767,1316.9000244140625,55.2599983215332
2019-02-15,1318.0999755859375,2.66,2.52,0.14,0.23,2.4,14.91,2.28,91.8995,10.980864185816383,176.202377,0.0893646339925216,14392.0,104.0936,252.767,1316.9000244140625,55.2599983215332
2019-02-22,1329.199951171875,2.65,2.48,0.17,0.19,2.4,13.51,2.25,91.3718,11.048396040127866,176.202377,0.0899142227444868,14392.0,104.0936,252.767,1316.9000244140625,55.2599983215332
2019-03-01,1296.4000244140625,2.76,2.55,0.21,0.32,2.4,13.57,2.22,91.4904,11.1010407046466,176.087447,0.0893654518430039,14460.2,103.4021,252.561,1296.4000244140625,55.79999923706055
2019-03-08,1297.0,2.62,2.45,0.17,0.16,2.4,16.05,2.27,92.3079,10.861019984714089,176.087447,0.0874332402009483,14460.2,103.4021,252.561,1296.4000244140625,55.79999923706055
2019-03-15,1301.800048828125,2.59,2.43,0.16,0.14,2.4,12.88,2.28,91.7045,11.175438727549976,176.087447,0.0899643698282522,14460.2,103.4021,252.561,1296.4000244140625,55.79999923706055
2019-03-22,1311.5999755859375,2.44,2.31,0.13,-0.02,2.41,16.48,2.3,91.7523,11.089241652264205,176.087447,0.0892704672667352,14460.2,103.4021,252.561,1296.4000244140625,55.79999923706055
2019-03-29,1293.0,2.41,2.27,0.14,0.01,2.43,13.71,2.26,92.0715,11.222634937079556,176.087447,0.0903443081333269,14460.2,103.4021,252.561,1296.4000244140625,55.79999923706055
2019-04-05,1290.4000244140625,2.5,2.35,0.15,0.06,2.41,12.82,2.22,92.3203,11.419356582942358,175.542297,0.0909194575958086,14506.6,102.8371,253.319,1288.4000244140625,61.59000015258789
2019-04-12,1290.5999755859375,2.56,2.4,0.16,0.12,2.41,12.01,2.15,91.9007,11.477267445826705,175.542297,0.0913805364844577,14506.6,102.8371,253.319,1288.4000244140625,61.59000015258789
2019-04-19,1271.9000244140625,2.57,2.38,0.19,0.15,2.44,12.09,2.12,92.3041,11.467872640018614,175.542297,0.0913057362413717,14506.6,102.8371,253.319,1288.4000244140625,61.59000015258789
2019-04-26,1284.9000244140625,2.51,2.28,0.23,0.09,2.44,12.73,2.13,92.8366,11.605445634999745,175.542297,0.0924010748440911,14506.6,102.8371,253.319,1288.4000244140625,61.59000015258789
2019-05-03,1279.199951171875,2.54,2.33,0.21,0.11,2.4,12.87,2.11,92.5139,11.584374098239811,175.550913,0.0912375712542164,14559.5,102.8757,254.277,1281.4000244140625,63.599998474121094
2019-05-10,1285.699951171875,2.47,2.26,0.21,0.04,2.38,16.04,2.2,92.1684,11.331736265347436,175.550913,0.0892478165998384,14559.5,102.8757,254.277,1281.4000244140625,63.599998474121094
2019-05-17,1274.5,2.39,2.2,0.19,0.0,2.39,15.96,2.24,92.7843,11.245728199156334,175.550913,0.0885704241916684,14559.5,102.8757,254.277,1281.4000244140625,63.599998474121094
2019-05-24,1283.0,2.32,2.16,0.16,-0.03,2.38,15.85,2.31,92.5183,11.11410020801626,175.550913,0.0875337330317622,14559.5,102.8757,254.277,1281.4000244140625,63.599998474121094
2019-05-31,1305.800048828125,2.14,1.95,0.19,-0.21,2.4,18.71,2.37,92.7575,10.823078998862462,175.550913,0.0852416740839514,14559.5,102.8757,254.277,1281.4000244140625,63.599998474121094
2019-06-07,1341.199951171875,2.09,1.85,0.24,-0.19,2.37,16.3,2.42,91.4864,11.257713884531489,175.897394,0.0877195259285068,14594.0,102.274,255.233,1322.699951171875,53.25
2019-06-14,1340.0999755859375,2.09,1.84,0.25,-0.11,2.36,15.28,2.42,92.2459,11.311154828994487,175.897394,0.0881359350113409,14594.0,102.274,255.233,1322.699951171875,53.25
2019-06-21,1396.199951171875,2.07,1.77,0.3,-0.04,2.38,15.4,2.35,91.271,11.559868672693186,175.897394,0.0900739004530709,14594.0,102.274,255.233,1322.699951171875,53.25
2019-06-28,1409.699951171875,2.0,1.75,0.25,-0.12,2.4,15.08,2.31,90.8599,11.52578236264756,175.897394,0.0898083016833276,14594.0,102.274,255.233,1322.699951171875,53.25
2019-07-05,1396.699951171875,2.04,1.87,0.17,-0.19,2.42,13.28,2.26,91.7259,11.713500846505136,174.578413,0.0903075478297056,14703.2,102.392,255.296,1385.5999755859375,59.09000015258789
2019-07-12,1409.9000244140625,2.12,1.84,0.28,-0.02,2.38,12.39,2.25,91.3169,11.805002896760035,174.578413,0.0910130009549663,14703.2,102.392,255.296,1385.5999755859375,59.09000015258789
2019-07-19,1425.0999755859375,2.05,1.8,0.25,-0.01,2.41,14.45,2.26,91.4838,11.65944671057077,174.578413,0.0898908067947022,14703.2,102.392,255.296,1385.5999755859375,59.09000015258789
2019-07-26,1418.5,2.08,1.86,0.22,-0.04,2.4,12.16,2.13,92.3149,11.852360034712158,174.578413,0.0913781101615759,14703.2,102.392,255.296,1385.5999755859375,59.09000015258789
2019-08-02,1445.5999755859375,1.86,1.72,0.14,-0.2,2.14,17.61,2.18,92.3013,11.488639092946382,173.561649,0.0876706298719121,14798.8,102.4375,255.213,1420.9000244140625,53.95000076293945
2019-08-09,1496.5999755859375,1.74,1.63,0.11,-0.26,2.12,17.97,2.23,91.7475,11.436133356622705,173.561649,0.0872699548277973,14798.8,102.4375,255.213,1420.9000244140625,53.95000076293945
2019-08-16,1512.5,1.55,1.48,0.07,-0.32,2.13,18.47,2.26,92.4426,11.318702149344372,173.561649,0.0863738288527868,14798.8,102.4375,255.213,1420.9000244140625,53.95000076293945
2019-08-23,1526.5999755859375,1.52,1.51,0.01,-0.45,2.12,19.87,2.27,92.1048,11.15581928593714,173.561649,0.0851308580261533,14798.8,102.4375,255.213,1420.9000244140625,53.95000076293945
2019-08-30,1519.0999755859375,1.5,1.5,0.0,-0.49,2.13,18.98,2.26,92.8788,11.466735475612529,173.561649,0.0875034817952255,14798.8,102.4375,255.213,1420.9000244140625,53.95000076293945
2019-09-06,1506.199951171875,1.55,1.53,0.02,-0.41,2.12,15.0,2.26,92.3596,11.64459214915247,172.400973,0.0879834274625286,14882.7,101.9408,255.802,1545.9000244140625,53.939998626708984
2019-09-13,1490.9000244140625,1.9,1.79,0.11,-0.06,2.14,13.74,2.21,92.5151,11.756709848156484,172.400973,0.0888305588443094,14882.7,101.9408,255.802,1545.9000244140625,53.939998626708984
2019-09-20,1507.300048828125,1.74,1.69,0.05,-0.17,1.9,15.32,2.19,92.7852,11.696820464106516,172.400973,0.08837805065769,14882.7,101.9408,255.802,1545.9000244140625,53.939998626708984
2019-09-27,1499.0999755859375,1.69,1.63,0.06,-0.11,1.83,17.22,2.19,93.0903,11.57844754561145,172.400973,0.0874836565084972,14882.7,101.9408,255.802,1545.9000244140625,53.939998626708984
2019-10-04,1506.199951171875,1.52,1.4,0.12,-0.19,1.82,17.04,2.29,93.019,11.529667741120878,174.842169,0.0862835391329815,14974.4,102.639,256.036,1482.0,53.619998931884766
2019-10-11,1482.699951171875,1.76,1.63,0.13,0.08,1.82,15.58,2.22,92.4769,11.600985875155253,174.842169,0.0868172562484279,14974.4,102.639,256.036,1482.0,53.619998931884766
2019-10-18,1488.199951171875,1.76,1.58,0.18,0.1,1.85,14.25,2.21,91.7673,11.66320342128402,174.842169,0.0872828681113798,14974.4,102.639,256.036,1482.0,53.619998931884766
2019-10-25,1499.5,1.8,1.63,0.17,0.14,1.83,12.65,2.16,92.0086,11.805176025356298,174.842169,0.0883453357396178,14974.4,102.639,256.036,1482.0,53.619998931884766
2019-11-01,1508.0,1.73,1.56,0.17,0.21,1.57,12.3,2.16,91.6398,11.96002773509096,177.771937,0.0887526315037358,15047.2,102.2917,256.43,1508.0,56.20000076293945
2019-11-08,1461.300048828125,1.94,1.68,0.26,0.39,1.55,12.07,2.11,92.5943,12.062083524256131,177.771937,0.0895099641829924,15047.2,102.2917,256.43,1508.0,56.20000076293945
2019-11-15,1467.300048828125,1.84,1.61,0.23,0.27,1.55,12.05,2.13,92.3875,12.168856845679132,177.771937,0.0903023045906055,15047.2,102.2917,256.43,1508.0,56.20000076293945
2019-11-22,1463.0999755859375,1.77,1.61,0.16,0.19,1.55,12.34,2.14,92.6312,12.129197204159029,177.771937,0.0900079994579278,15047.2,102.2917,256.43,1508.0,56.20000076293945
2019-11-29,1465.5999755859375,1.78,1.61,0.17,0.19,1.56,12.62,2.08,92.7133,12.248878760163592,177.771937,0.0908961289232719,15047.2,102.2917,256.43,1508.0,56.20000076293945
2019-12-06,1459.0999755859375,1.84,1.61,0.23,0.31,1.55,13.62,2.07,92.238,12.233516408817154,180.772358,0.0901188439816008,15185.6,101.4281,257.155,1462.300048828125,55.959999084472656
2019-12-13,1475.5999755859375,1.82,1.61,0.21,0.25,1.55,12.63,2.02,91.7647,12.32252940377642,180.772358,0.0907745629046806,15185.6,101.4281,257.155,1462.300048828125,55.959999084472656
2019-12-20,1474.699951171875,1.92,1.63,0.29,0.34,1.55,12.51,1.96,92.0735,12.526375029469095,180.772358,0.0922762024598366,15185.6,101.4281,257.155,1462.300048828125,55.959999084472656
2019-12-27,1513.800048828125,1.88,1.59,0.29,0.31,1.55,13.43,1.96,91.4593,12.599482878152283,180.772358,0.0928147552838278,15185.6,101.4281,257.155,1462.300048828125,55.959999084472656
2020-01-03,1549.199951171875,1.8,1.53,0.27,0.28,1.55,14.02,1.99,90.8221,12.544061740801888,170.114808,0.0918306002359043,15301.3,101.9372,257.879,1524.5,61.18000030517578
2020-01-10,1557.5,1.83,1.56,0.27,0.29,1.54,12.56,1.99,93.37030507205574,12.662334263961974,170.114808,0.0926964311778772,15301.3,101.9372,257.879,1524.5,61.18000030517578
2020-01-17,1558.800048828125,1.84,1.58,0.26,0.28,1.55,12.1,1.98,93.3686010522426,12.911559751618006,170.114808,0.0945209220484138,15301.3,101.9372,257.879,1524.5,61.18000030517578
2020-01-24,1571.0999755859375,1.7,1.49,0.21,0.16,1.55,14.56,1.98,93.76620567530632,12.779132735519855,170.114808,0.0935514711140176,15301.3,101.9372,257.879,1524.5,61.18000030517578
2020-01-31,1582.9000244140625,1.51,1.33,0.18,-0.04,1.59,18.84,2.13,93.91137193462488,12.507881679125674,170.114808,0.0915657389135551,15301.3,101.9372,257.879,1524.5,61.18000030517578
2020-02-07,1568.5999755859375,1.59,1.41,0.18,0.03,1.58,15.47,2.05,94.53950609526493,12.866681981740324,159.718175,0.0936970113863691,15351.5,101.7003,258.63,1577.199951171875,50.11000061035156
2020-02-14,1582.699951171875,1.59,1.42,0.17,0.01,1.58,13.68,2.04,94.46947899532532,13.069481158834533,159.718175,0.0951738238880155,15351.5,101.7003,258.63,1577.199951171875,50.11000061035156
2020-02-21,1644.5999755859375,1.46,1.34,0.12,-0.1,1.58,17.08,2.09,94.97662774923312,12.905502068592195,159.718175,0.093979704789761,15351.5,101.7003,258.63,1577.199951171875,50.11000061035156
2020-02-28,1564.0999755859375,1.13,0.86,0.27,-0.14,1.58,40.11,2.38,95.47119921404398,11.422572674102485,159.718175,0.0831808016570133,15351.5,101.7003,258.63,1577.199951171875,50.11000061035156
2020-03-06,1670.800048828125,0.74,0.49,0.25,0.29,1.09,41.94,2.55,94.7034165725279,11.470707865978843,150.113203,0.0831720330089436,15425.0,101.0338,259.127,1592.300048828125,46.75
2020-03-13,1515.699951171875,0.94,0.49,0.45,0.66,1.1,57.83,3.3,97.72861974743832,10.462128684124965,150.113203,0.0758590073451934,15425.0,101.0338,259.127,1592.300048828125,46.75
2020-03-20,1484.0,0.92,0.37,0.55,0.87,0.15,66.04,4.23,101.3779810367581,8.894943104635951,150.113203,0.0644956274848279,15425.0,101.0338,259.127,1592.300048828125,46.75
2020-03-27,1623.9000244140625,0.72,0.25,0.47,0.69,0.1,65.54,3.98,99.320579971905,9.807816131484271,150.113203,0.0711147050874571,15425.0,101.0338,259.127,1592.300048828125,46.75
2020-04-03,1633.699951171875,0.62,0.23,0.39,0.52,0.05,46.8,3.92,100.95522183550058,9.599421031219864,143.718915,0.0693653404981513,15492.8,101.3735,259.25,1578.199951171875,20.309999465942383
2020-04-10,1736.199951171875,0.73,0.23,0.5,0.48,0.05,41.67,3.61,99.12461769339504,10.76111887506027,143.718915,0.0777597599357284,15492.8,101.3735,259.25,1578.199951171875,20.309999465942383
2020-04-17,1689.199951171875,0.65,0.2,0.45,0.53,0.05,38.15,3.27,99.70219926624551,11.087984796890067,143.718915,0.0801216905033352,15492.8,101.3735,259.25,1578.199951171875,20.309999465942383
2020-04-24,1723.5,0.6,0.22,0.38,0.48,0.05,35.93,3.25,100.74936001331432,10.942102180267598,143.718915,0.0790675438686717,15492.8,101.3735,259.25,1578.199951171875,20.309999465942383
2020-05-01,1694.5,0.64,0.2,0.44,0.52,0.05,37.19,3.25,99.92794131958496,10.96851299980432,136.311414,0.0790323893908476,16034.4,97.4078,258.076,1694.5,19.780000686645508
2020-05-08,1709.9000244140625,0.69,0.16,0.53,0.57,0.05,27.98,3.37,99.43190926636284,11.352470004293792,136.311414,0.0817989484940458,16034.4,97.4078,258.076,1694.5,19.780000686645508
2020-05-15,1753.4000244140625,0.64,0.16,0.48,0.52,0.05,31.89,3.41,100.29300727859795,11.09634352350422,136.311414,0.0799534578825627,16034.4,97.4078,258.076,1694.5,19.780000686645508
2020-05-22,1734.5999755859375,0.66,0.17,0.49,0.54,0.05,28.16,3.18,99.2559895066073,11.451858953067603,136.311414,0.0825150844097144,16034.4,97.4078,258.076,1694.5,19.780000686645508
2020-05-29,1736.9000244140625,0.65,0.16,0.49,0.51,0.05,27.51,3.08,98.1400188166083,11.79617654719443,136.311414,0.0849960261903949,16034.4,97.4078,258.076,1694.5,19.780000686645508
2020-06-05,1676.199951171875,0.91,0.22,0.69,0.76,0.07,24.52,2.86,96.41003298727809,12.474729454289406,128.20517,0.0896859289669412,17064.0,84.5619,256.032,1737.800048828125,35.439998626708984
2020-06-12,1729.300048828125,0.71,0.19,0.52,0.55,0.08,36.09,2.91,97.10032329919704,11.878632587308424,128.20517,0.0854003449416228,17064.0,84.5619,256.032,1737.800048828125,35.439998626708984
2020-06-19,1745.9000244140625,0.7,0.19,0.51,0.55,0.09,35.12,2.87,97.54994109846152,12.099034457545836,128.20517,0.0869849040738047,17064.0,84.5619,256.032,1737.800048828125,35.439998626708984
2020-06-26,1772.5,0.64,0.17,0.47,0.5,0.08,34.73,2.92,97.80505720762729,11.752632674150597,128.20517,0.0844944800647353,17064.0,84.5619,256.032,1737.800048828125,35.439998626708984
2020-07-03,1784.0,0.68,0.16,0.52,0.54,0.09,27.68,2.87,97.25530795839126,12.236065432504926,127.127157,0.0878349955026821,17931.9,85.9604,255.802,1773.199951171875,39.81999969482422
2020-07-10,1798.199951171875,0.65,0.16,0.49,0.52,0.09,27.29,2.74,96.84585634043626,12.451192872074886,127.127157,0.0893792596937622,17931.9,85.9604,255.802,1773.199951171875,39.81999969482422
2020-07-17,1808.300048828125,0.64,0.14,0.5,0.53,0.09,25.68,2.68,96.66174105681758,12.606351711357808,127.127157,0.0904930471302378,17931.9,85.9604,255.802,1773.199951171875,39.81999969482422
2020-07-24,1897.300048828125,0.59,0.14,0.45,0.48,0.09,25.84,2.58,95.85752484882076,12.57077694002588,127.127157,0.0902376782866185,17931.9,85.9604,255.802,1773.199951171875,39.81999969482422
2020-07-31,1962.800048828125,0.55,0.11,0.44,0.46,0.1,24.46,2.6,95.10718812443912,12.787703447148576,127.127157,0.0917948568488481,17931.9,85.9604,255.802,1773.199951171875,39.81999969482422
2020-08-07,2010.0999755859375,0.57,0.13,0.44,0.47,0.1,22.21,2.57,95.44450290363828,13.03786941160151,126.296134,0.0934665797938589,18180.0,91.5934,257.042,1966.0,41.0099983215332
2020-08-14,1937.0,0.71,0.14,0.57,0.61,0.1,22.05,2.61,94.88915473215908,13.121785924698106,126.296134,0.0940681650084175,18180.0,91.5934,257.042,1966.0,41.0099983215332
2020-08-21,1934.5999755859375,0.64,0.16,0.48,0.54,0.09,22.54,2.64,94.984660985495,13.21636118653518,126.296134,0.0947461612344845,18180.0,91.5934,257.042,1966.0,41.0099983215332
2020-08-28,1964.5999755859375,0.74,0.14,0.6,0.64,0.09,22.96,2.71,94.07601270609352,13.647614046597932,126.296134,0.097837749943029,18180.0,91.5934,257.042,1966.0,41.0099983215332
2020-09-04,1923.9000244140625,0.72,0.14,0.58,0.61,0.09,30.75,2.68,94.15496562410186,13.264692980652368,125.689656,0.0949843673168475,18331.4,95.0256,258.352,1968.199951171875,42.7599983215332
2020-09-11,1937.800048828125,0.67,0.13,0.54,0.56,0.09,26.87,2.69,94.19707925662637,12.931852552730868,125.689656,0.0926009998684109,18331.4,95.0256,258.352,1968.199951171875,42.7599983215332
2020-09-18,1952.0999755859375,0.7,0.14,0.56,0.6,0.09,25.83,2.66,93.50971012152992,12.848632759580438,125.689656,0.0920050886466313,18331.4,95.0256,258.352,1968.199951171875,42.7599983215332
2020-09-25,1857.699951171875,0.66,0.12,0.54,0.56,0.09,26.38,2.74,95.64249377716388,12.76730956577654,125.689656,0.0914227583866761,18331.4,95.0256,258.352,1968.199951171875,42.7599983215332
2020-10-02,1900.199951171875,0.7,0.13,0.57,0.61,0.09,27.63,2.76,94.72086248966234,12.91250798976924,123.893625,0.0923736334091361,18413.3,95.9549,259.316,1908.4000244140625,38.720001220703125
2020-10-09,1919.5,0.79,0.16,0.63,0.69,0.09,25.0,2.67,93.53908417735626,13.408890668443618,123.893625,0.0959246609575288,18413.3,95.9549,259.316,1908.4000244140625,38.720001220703125
2020-10-16,1900.800048828125,0.76,0.14,0.62,0.65,0.09,27.41,2.64,93.9384739640337,13.43461282216967,123.893625,0.0961086723672926,18413.3,95.9549,259.316,1908.4000244140625,38.720001220703125
2020-10-23,1902.0,0.85,0.18,0.67,0.75,0.09,27.55,2.6,93.32559483791124,13.363579156620206,123.893625,0.0956005109948953,18413.3,95.9549,259.316,1908.4000244140625,38.720001220703125
2020-10-30,1877.4000244140625,0.88,0.14,0.74,0.79,0.09,38.02,2.61,94.2366774313315,12.609942930391878,123.893625,0.0902091403532958,18413.3,95.9549,259.316,1908.4000244140625,38.720001220703125
2020-11-06,1950.300048828125,0.83,0.16,0.67,0.73,0.09,24.86,2.51,92.49736006492935,13.498001674658743,122.224359,0.0964950028002973,18605.0,95.9669,259.997,1890.4000244140625,36.810001373291016
2020-11-13,1885.699951171875,0.89,0.17,0.72,0.8,0.09,23.1,2.44,92.6984344028787,13.789197192058946,122.224359,0.098576711852069,18605.0,95.9669,259.997,1890.4000244140625,36.810001373291016
2020-11-20,1872.5999755859375,0.83,0.16,0.67,0.76,0.08,23.7,2.35,92.089287891585,13.683004184904055,122.224359,0.0978175554399001,18605.0,95.9669,259.997,1890.4000244140625,36.810001373291016
2020-11-27,1781.9000244140625,0.84,0.16,0.68,0.75,0.08,20.84,2.32,91.84041985506737,13.99381568885891,122.224359,0.100039495966163,18605.0,95.9669,259.997,1890.4000244140625,36.810001373291016
2020-12-04,1835.9000244140625,0.97,0.16,0.81,0.88,0.09,20.79,2.23,90.7007551752858,14.209950549854216,120.366071,0.1015406683377115,18759.9,96.7394,260.319,1814.0999755859375,44.54999923706055
2020-12-11,1839.800048828125,0.9,0.11,0.79,0.82,0.09,23.31,2.23,90.99603746576106,14.072964174483998,120.366071,0.1005617987730743,18759.9,96.7394,260.319,1814.0999755859375,44.54999923706055
2020-12-18,1885.699951171875,0.95,0.13,0.82,0.87,0.09,21.57,2.24,90.5622427076185,14.249478186799177,120.366071,0.1018231227107313,18759.9,96.7394,260.319,1814.0999755859375,44.54999923706055
2020-12-25,1879.9000244140625,0.94,0.13,0.81,0.85,0.09,21.53,2.23,90.8653959467544,14.225085601103835,120.366071,0.1016488195387885,18759.9,96.7394,260.319,1814.0999755859375,44.54999923706055
2021-01-01,1893.0999755859375,0.93,0.13,0.8,0.84,0.09,22.75,2.18,90.32676339820404,14.395982033564604,134.316733,0.1028527200479918,19002.4,97.0816,260.911,1944.699951171875,47.619998931884766
2021-01-08,1834.0999755859375,1.13,0.14,0.99,1.05,0.09,21.56,2.19,90.30063509440272,14.658944742232505,134.316733,0.1047314685623079,19002.4,97.0816,260.911,1944.699951171875,47.619998931884766
2021-01-15,1829.300048828125,1.11,0.13,0.98,1.02,0.09,24.34,2.13,90.48393894001512,14.442664356811326,134.316733,0.1031862439377056,19002.4,97.0816,260.911,1944.699951171875,47.619998931884766
2021-01-22,1855.699951171875,1.1,0.13,0.97,1.02,0.08,21.91,2.14,90.51720789827148,14.72329633746038,134.316733,0.1051912313345302,19002.4,97.0816,260.911,1944.699951171875,47.619998931884766
2021-01-29,1847.300048828125,1.11,0.11,1.0,1.05,0.07,33.09,2.17,90.84137738176932,14.235658865415314,134.316733,0.1017072841970425,19002.4,97.0816,260.911,1944.699951171875,47.619998931884766
2021-02-05,1810.9000244140625,1.19,0.09,1.1,1.16,0.08,20.87,2.18,91.07409780196254,14.83268170781736,147.967208,0.1058760853927525,19119.4,98.363,262.045,1860.800048828125,53.54999923706055
2021-02-12,1821.5999755859375,1.2,0.11,1.09,1.16,0.08,19.97,2.19,90.46633073527946,15.0158563533935,147.967208,0.107183590994156,19119.4,98.363,262.045,1860.800048828125,53.54999923706055
2021-02-19,1775.800048828125,1.34,0.11,1.23,1.3,0.07,22.05,2.14,90.6423316388356,14.908546092989752,147.967208,0.1064176074371814,19119.4,98.363,262.045,1860.800048828125,53.54999923706055
2021-02-26,1728.0999755859375,1.44,0.14,1.3,1.4,0.07,27.95,2.12,91.55503710826838,14.54387567915339,147.967208,0.1038145801063111,19119.4,98.363,262.045,1860.800048828125,53.54999923706055
2021-03-05,1698.0,1.56,0.14,1.42,1.52,0.07,24.66,2.13,92.30001834180877,14.625542723493169,161.207107,0.1042265266560909,19375.3,98.8822,262.687,1722.5,60.63999938964844
2021-03-12,1719.5,1.64,0.14,1.5,1.6,0.07,20.69,2.19,91.71432238889572,15.011554008727591,161.207107,0.1069773726431879,19375.3,98.8822,262.687,1722.5,60.63999938964844
2021-03-19,1741.4000244140625,1.74,0.16,1.58,1.73,0.07,20.95,2.1,91.67269561917496,14.896436053768362,161.207107,0.1061570034556651,19375.3,98.8822,262.687,1722.5,60.63999938964844
2021-03-26,1732.199951171875,1.67,0.14,1.53,1.65,0.07,18.86,2.09,92.2934456939581,15.130326354416091,161.207107,0.1078237842456801,19375.3,98.8822,262.687,1722.5,60.63999938964844
2021-04-02,1726.5,1.72,0.19,1.53,1.7,0.07,17.33,1.98,92.2860616081012,15.251101632480204,172.597924,0.1084268048604679,19641.4,95.6149,263.579,1726.5,61.45000076293945
2021-04-09,1743.300048828125,1.67,0.16,1.51,1.65,0.07,16.69,1.96,91.85705433419554,15.664373127933182,172.597924,0.1113649341098621,19641.4,95.6149,263.579,1726.5,61.45000076293945
2021-04-16,1779.0,1.59,0.16,1.43,1.57,0.07,16.25,1.97,91.271682956485,15.879376637910266,172.597924,0.1128934888452757,19641.4,95.6149,263.579,1726.5,61.45000076293945
2021-04-23,1777.0,1.58,0.16,1.42,1.55,0.07,17.33,1.99,90.95319353903092,15.859267702946743,172.597924,0.1127505255617186,19641.4,95.6149,263.579,1726.5,61.45000076293945
2021-04-30,1767.300048828125,1.65,0.16,1.49,1.64,0.05,18.61,1.96,90.94913634899966,15.86306163190163,172.597924,0.1127774982751893,19641.4,95.6149,263.579,1726.5,61.45000076293945
2021-05-07,1831.0999755859375,1.6,0.14,1.46,1.58,0.06,16.69,1.97,90.08982350037832,15.974426793589434,183.82911,0.1132276711003354,19874.5,98.3856,264.961,1791.4000244140625,64.48999786376953
2021-05-14,1837.9000244140625,1.63,0.16,1.47,1.62,0.06,18.81,2.03,90.1794062562686,15.75269604830994,183.82911,0.1116560306137163,19874.5,98.3856,264.961,1791.4000244140625,64.48999786376953
2021-05-21,1876.699951171875,1.63,0.17,1.46,1.62,0.06,20.15,2.01,90.11635752318276,15.684798378935955,183.82911,0.1111747679633756,19874.5,98.3856,264.961,1791.4000244140625,64.48999786376953
2021-05-28,1902.5,1.58,0.14,1.44,1.57,0.05,16.76,1.99,89.87292612130703,15.86690065059103,183.82911,0.1124655195119607,19874.5,98.3856,264.961,1791.4000244140625,64.48999786376953
2021-06-04,1889.800048828125,1.56,0.14,1.42,1.54,0.06,16.42,1.98,89.86846321227264,15.865221393920612,194.624833,0.1120468467741979,20174.1,98.5587,266.614,1902.9000244140625,67.72000122070312
2021-06-11,1877.4000244140625,1.47,0.16,1.31,1.44,0.06,15.65,1.97,90.14532586000598,15.931046161890412,194.624833,0.1125117288900873,20174.1,98.5587,266.614,1902.9000244140625,67.72000122070312
2021-06-18,1767.9000244140625,1.45,0.26,1.19,1.4,0.1,20.7,1.85,91.72560137718264,15.62727461915916,194.624833,0.1103663668647068,20174.1,98.5587,266.614,1902.9000244140625,67.72000122070312
2021-06-25,1776.5999755859375,1.54,0.28,1.26,1.48,0.1,15.62,1.9,90.85306208905938,16.05579675228045,194.624833,0.113392769875231,20174.1,98.5587,266.614,1902.9000244140625,67.72000122070312
2021-07-02,1782.5999755859375,1.44,0.24,1.2,1.39,0.1,15.07,1.87,91.32126181866704,16.216898401724404,200.472406,0.114054841077658,20457.2,99.4333,268.383,1775.9000244140625,75.2300033569336
2021-07-09,1810.0,1.37,0.23,1.14,1.31,0.1,16.18,1.91,91.56063603051152,16.281023033081457,200.472406,0.1145058351245724,20457.2,99.4333,268.383,1775.9000244140625,75.2300033569336
2021-07-16,1814.5,1.31,0.25,1.06,1.26,0.1,18.45,1.93,91.72722425319516,16.123078422441065,200.472406,0.1133949970950422,20457.2,99.4333,268.383,1775.9000244140625,75.2300033569336
2021-07-23,1801.4000244140625,1.3,0.22,1.08,1.25,0.1,17.2,1.93,92.04936514167736,16.438410924173663,200.472406,0.1156127576976435,20457.2,99.4333,268.383,1775.9000244140625,75.2300033569336
2021-07-30,1812.5999755859375,1.24,0.19,1.05,1.18,0.07,18.24,1.95,91.42585617767298,16.376818820957364,200.472406,0.115179575138935,20457.2,99.4333,268.383,1775.9000244140625,75.2300033569336
2021-08-06,1760.0,1.31,0.21,1.1,1.25,0.1,16.15,1.94,91.94306676285832,16.391850922326107,206.824464,0.1147787793888998,20472.1,99.7987,270.654,1818.0999755859375,71.26000213623047
2021-08-13,1775.199951171875,1.29,0.23,1.06,1.23,0.1,15.45,1.98,91.74239814391206,16.5081617120013,206.824464,0.1155932091035146,20472.1,99.7987,270.654,1818.0999755859375,71.26000213623047
2021-08-20,1781.0,1.26,0.23,1.03,1.21,0.09,18.56,1.96,92.91038201011185,16.410878545578488,206.824464,0.1149120143348452,20472.1,99.7987,270.654,1818.0999755859375,71.26000213623047
2021-08-27,1816.5999755859375,1.31,0.22,1.09,1.26,0.08,16.39,1.92,91.96870820385588,16.661014125738028,206.824464,0.1166635100450302,20472.1,99.7987,270.654,1818.0999755859375,71.26000213623047
2021-09-03,1830.9000244140625,1.33,0.21,1.12,1.28,0.08,16.41,1.91,91.32540015249891,16.68032414420308,213.011294,0.1162528660161106,20629.1,100.2519,271.903,1813.0999755859375,68.58999633789062
2021-09-10,1789.5999755859375,1.35,0.23,1.12,1.3,0.08,20.95,1.88,91.64583702116802,16.39768622679779,213.011294,0.1142830321172527,20629.1,100.2519,271.903,1813.0999755859375,68.58999633789062
2021-09-17,1749.4000244140625,1.37,0.23,1.14,1.33,0.08,20.81,1.83,92.17846492847214,16.3035723562263,213.011294,0.1136271091812703,20629.1,100.2519,271.903,1813.0999755859375,68.58999633789062
2021-09-24,1749.699951171875,1.47,0.29,1.18,1.44,0.08,17.75,1.8,92.30894415987753,16.386284742973597,213.011294,0.1142035699221575,20629.1,100.2519,271.903,1813.0999755859375,68.58999633789062
2021-10-01,1757.0,1.48,0.27,1.21,1.44,0.08,21.15,1.85,92.81211686755468,15.97881749425142,220.263711,0.11081459563907,20843.2,100.0437,272.676,1757.0,75.87999725341797
2021-10-08,1756.300048828125,1.61,0.32,1.29,1.56,0.08,18.77,1.84,92.98965950332271,16.10460709321686,220.263711,0.1116869582873054,20843.2,100.0437,272.676,1757.0,75.87999725341797
2021-10-15,1767.199951171875,1.59,0.41,1.18,1.54,0.08,16.3,1.76,92.57736785234584,16.39810660706296,220.263711,0.1137224049002241,20843.2,100.0437,272.676,1757.0,75.87999725341797
2021-10-22,1795.5,1.66,0.48,1.18,1.6,0.08,15.43,1.72,92.23615817071668,16.667766515365305,220.263711,0.1155925216162666,20843.2,100.0437,272.676,1757.0,75.87999725341797
2021-10-29,1783.0,1.55,0.48,1.07,1.5,0.07,16.26,1.69,92.61339569982346,16.889568142456614,220.263711,0.1171307366704816,20843.2,100.0437,272.676,1757.0,75.87999725341797
2021-11-05,1816.4000244140625,1.45,0.39,1.06,1.4,0.08,16.48,1.73,92.56332997483769,17.14990246853437,228.15027,0.1183049222342052,20984.5,98.8579,273.91,1795.0999755859375,84.05000305175781
2021-11-12,1867.9000244140625,1.58,0.53,1.05,1.53,0.08,16.29,1.69,92.92133642319624,17.096309363134786,228.15027,0.1179352216963613,20984.5,98.8579,273.91,1795.0999755859375,84.05000305175781
2021-11-19,1851.199951171875,1.54,0.52,1.02,1.49,0.08,17.91,1.73,93.49283221099986,17.15147296899529,228.15027,0.1183157559946443,20984.5,98.8579,273.91,1795.0999755859375,84.05000305175781
2021-11-26,1785.300048828125,1.48,0.5,0.98,1.42,0.08,28.62,1.82,94.54088553987552,16.774196331596144,228.15027,0.1157131940657832,20984.5,98.8579,273.91,1795.0999755859375,84.05000305175781
2021-12-03,1782.0,1.35,0.6,0.75,1.29,0.08,30.67,1.81,94.31968753937112,16.41088474337823,236.387483,0.1125591326485487,21163.3,100.1861,276.55,1781.5999755859375,65.56999969482422
2021-12-10,1782.9000244140625,1.48,0.67,0.81,1.42,0.08,18.69,1.83,93.78048698421637,17.038582605428495,236.387483,0.116864392725781,21163.3,100.1861,276.55,1781.5999755859375,65.56999969482422
2021-12-17,1803.800048828125,1.41,0.66,0.75,1.36,0.08,21.57,1.87,93.95721818197812,16.70815453523323,236.387483,0.1145980495294509,21163.3,100.1861,276.55,1781.5999755859375,65.56999969482422
2021-12-24,1811.199951171875,1.5,0.71,0.79,1.43,0.08,17.96,1.86,93.7484351829694,17.088374757051167,236.387483,0.1172059076097737,21163.3,100.1861,276.55,1781.5999755859375,65.56999969482422
2021-12-31,1827.5,1.52,0.73,0.79,1.46,0.07,17.22,1.85,93.5450076748019,17.234424790386004,236.387483,0.1182076369700445,21163.3,100.1861,276.55,1781.5999755859375,65.56999969482422
2022-01-07,1797.0,1.76,0.87,0.89,1.66,0.08,18.76,1.78,93.35196657311444,16.76841586681528,234.430776,0.1143054032312816,21340.1,100.8654,278.919,1799.4000244140625,76.08000183105469
2022-01-14,1816.5,1.78,0.99,0.79,1.65,0.08,19.19,1.79,92.81430775017157,16.717577854704235,234.430776,0.1139588553212116,21340.1,100.8654,278.919,1799.4000244140625,76.08000183105469
2022-01-21,1831.800048828125,1.75,1.01,0.74,1.58,0.08,28.85,1.84,93.00093849160962,15.76780334579663,234.430776,0.107484519338507,21340.1,100.8654,278.919,1799.4000244140625,76.08000183105469
2022-01-28,1784.9000244140625,1.78,1.15,0.63,1.59,0.08,27.66,1.91,94.15869823893064,15.889380421040697,234.430776,0.1083132748226166,21340.1,100.8654,278.919,1799.4000244140625,76.08000183105469
2022-02-04,1806.5999755859375,1.93,1.31,0.62,1.7,0.08,23.22,1.92,93.42588857548404,16.024959622411828,232.324525,0.1085843674606021,21502.0,100.5726,280.845,1800.300048828125,88.19999694824219
2022-02-11,1840.800048828125,1.92,1.5,0.42,1.56,0.08,27.36,2.0,93.1865955074402,15.73337654834072,232.324525,0.1066086143600483,21502.0,100.5726,280.845,1800.300048828125,88.19999694824219
2022-02-18,1898.5999755859375,1.92,1.47,0.45,1.57,0.08,27.75,2.13,93.1516225293707,15.48494763014296,232.324525,0.1049252717759148,21502.0,100.5726,280.845,1800.300048828125,88.19999694824219
2022-02-25,1886.5,1.97,1.55,0.42,1.64,0.08,27.59,2.2,93.5244782932437,15.612348100709465,232.324525,0.1057885313307969,21502.0,100.5726,280.845,1800.300048828125,88.19999694824219
2022-03-04,1965.0999755859375,1.74,1.5,0.24,1.4,0.08,31.98,2.31,94.65448686075088,15.32110198160103,229.278987,0.1032114905397467,21646.4,100.1856,282.543,1942.4000244140625,103.41000366210938
2022-03-11,1982.699951171875,2.0,1.75,0.25,1.6,0.08,30.75,2.35,94.9538263412574,14.88024852356544,229.278987,0.1002416556957455,21646.4,100.1856,282.543,1942.4000244140625,103.41000366210938
2022-03-18,1928.199951171875,2.14,1.97,0.17,1.72,0.33,23.87,2.14,94.23862488254647,15.79625089698736,229.278987,0.1064123587177838,21646.4,100.1856,282.543,1942.4000244140625,103.41000366210938
2022-03-25,1953.800048828125,2.48,2.3,0.18,1.93,0.33,20.81,1.96,93.95811076378504,16.079181075424803,229.278987,0.1083183342455411,21646.4,100.1856,282.543,1942.4000244140625,103.41000366210938
2022-04-01,1919.0999755859375,2.39,2.44,-0.05,1.86,0.33,19.63,1.81,93.7059969752424,15.978417797122145,225.836404,0.1070343395667737,21724.7,100.8064,284.5,1919.0999755859375,99.2699966430664
2022-04-08,1941.5999755859375,2.72,2.53,0.19,2.02,0.33,21.16,1.78,94.46566523669593,15.776027364345342,225.836404,0.1056785904192705,21724.7,100.8064,284.5,1919.0999755859375,99.2699966430664
2022-04-15,1970.9000244140625,2.83,2.47,0.36,2.04,0.33,22.7,1.93,94.69619477427226,15.43968310632689,225.836404,0.1034255271947899,21724.7,100.8064,284.5,1919.0999755859375,99.2699966430664
2022-04-22,1931.0,2.9,2.72,0.18,2.07,0.33,28.21,1.96,95.76477748470612,15.015043181568542,225.836404,0.1005809993775,21724.7,100.8064,284.5,1919.0999755859375,99.2699966430664
2022-04-29,1909.300048828125,2.89,2.7,0.19,2.04,0.33,33.4,2.05,96.96140511252662,14.523480406963971,225.836404,0.0972881766710561,21724.7,100.8064,284.5,1919.0999755859375,99.2699966430664
2022-05-06,1881.199951171875,3.12,2.72,0.4,2.27,0.83,30.19,2.09,97.257093122005,14.33337682150629,221.227961,0.0954925235201733,21787.2,101.3907,287.674,1861.800048828125,105.16999816894533
2022-05-13,1807.4000244140625,2.93,2.61,0.32,1.9,0.83,28.87,2.24,98.05757671517306,13.98767317372486,221.227961,0.0931893597836807,21787.2,101.3907,287.674,1861.800048828125,105.16999816894533
2022-05-20,1841.800048828125,2.78,2.6,0.18,1.75,0.83,29.43,2.36,96.8594884989413,13.561740398582684,221.227961,0.090351689634156,21787.2,101.3907,287.674,1861.800048828125,105.16999816894533
2022-05-27,1851.300048828125,2.74,2.47,0.27,1.66,0.83,25.72,2.26,95.97964626876175,14.45469606003671,221.227961,0.0963007824798787,21787.2,101.3907,287.674,1861.800048828125,105.16999816894533
2022-06-03,1845.4000244140625,2.96,2.66,0.3,1.75,0.83,24.79,2.09,95.92438734053596,14.238029529501562,216.113338,0.0943674080818707,21767.6,101.44,288.561,1843.300048828125,115.26000213623048
2022-06-10,1871.5,3.15,3.06,0.09,1.76,0.83,27.75,2.04,97.37101901808283,13.518320588790154,216.113338,0.0895972910395118,21767.6,101.44,288.561,1843.300048828125,115.26000213623048
2022-06-17,1835.5999755859375,3.25,3.17,0.08,1.62,1.58,31.13,2.13,98.3762284202284,12.73505459119779,216.113338,0.0844059278752271,21767.6,101.44,288.561,1843.300048828125,115.26000213623048
2022-06-24,1826.5,3.13,3.04,0.09,1.4,1.58,27.23,2.22,97.76635161472905,13.556024515559535,216.113338,0.0898471867035406,21767.6,101.44,288.561,1843.300048828125,115.26000213623048
2022-07-01,1798.9000244140625,2.88,2.84,0.04,1.15,1.58,26.7,2.42,98.59442410010968,13.13201627929131,214.253958,0.0866135448056232,21717.4,101.3335,291.298,1798.9000244140625,108.43000030517578
2022-07-08,1740.5999755859375,3.09,3.12,-0.03,1.11,1.58,24.64,2.31,99.37372916131454,13.386222640775085,214.253958,0.0882901886363936,21717.4,101.3335,291.298,1798.9000244140625,108.43000030517578
2022-07-15,1702.4000244140625,2.93,3.13,-0.2,0.56,1.58,24.23,2.3,100.1935249790314,13.261882718416793,214.253958,0.08747009207184,21717.4,101.3335,291.298,1798.9000244140625,108.43000030517578
2022-07-22,1727.0999755859375,2.77,2.98,-0.21,0.28,1.58,23.03,2.28,99.3613953036195,13.599921327343475,214.253958,0.0896996599902467,21717.4,101.3335,291.298,1798.9000244140625,108.43000030517578
2022-07-29,1762.9000244140625,2.67,2.89,-0.22,0.26,2.32,21.33,2.36,98.80702085774782,14.178916570187576,214.253958,0.0935184818178896,21717.4,101.3335,291.298,1798.9000244140625,108.43000030517578
2022-08-05,1772.9000244140625,2.83,3.24,-0.41,0.25,2.33,21.15,2.29,99.25590836280668,14.053539808874683,212.444337,0.0922498013251321,21646.7,101.018,294.957,1769.0,93.88999938964844
2022-08-12,1798.5999755859375,2.84,3.25,-0.41,0.21,2.33,19.53,2.27,98.19860464065974,14.511097896790888,212.444337,0.0952532896475776,21646.7,101.018,294.957,1769.0,93.88999938964844
2022-08-19,1747.5999755859375,2.98,3.25,-0.27,0.24,2.33,20.6,2.25,99.84752781316534,14.335920084855587,212.444337,0.0941033929975252,21646.7,101.018,294.957,1769.0,93.88999938964844
2022-08-26,1736.0999755859375,3.04,3.37,-0.33,0.15,2.33,25.56,2.19,99.86010510226228,13.7567845893109,212.444337,0.0903018501029306,21646.7,101.018,294.957,1769.0,93.88999938964844
2022-09-02,1709.800048828125,3.2,3.4,-0.2,0.26,2.33,25.47,2.24,100.43517121729336,13.306500594296027,210.106864,0.0869338123325605,21649.2,101.223,294.913,1696.5999755859375,86.61000061035156
2022-09-09,1716.199951171875,3.33,3.56,-0.23,0.25,2.33,22.79,2.2,100.4458010551753,13.791728772288351,210.106864,0.0901038971392404,21649.2,101.223,294.913,1696.5999755859375,86.61000061035156
2022-09-16,1671.699951171875,3.45,3.85,-0.4,0.25,2.33,26.3,2.18,101.33189135800296,13.133805827905178,210.106864,0.0858055657055943,21649.2,101.223,294.913,1696.5999755859375,86.61000061035156
2022-09-23,1645.300048828125,3.69,4.2,-0.51,0.45,3.08,29.92,2.09,103.28413005724576,12.523116920816475,210.106864,0.0818158229128737,21649.2,101.223,294.913,1696.5999755859375,86.61000061035156
2022-09-30,1662.4000244140625,3.83,4.22,-0.39,0.5,3.08,31.62,2.24,103.47035507968069,12.158230112567097,210.106864,0.0794319503773269,21649.2,101.223,294.913,1696.5999755859375,86.61000061035156
2022-10-07,1700.5,3.89,4.3,-0.41,0.44,3.08,31.36,2.17,103.30506515780706,12.33377469818187,203.863476,0.0802050155705935,21641.9,101.0963,295.097,1692.9000244140625,83.62999725341797
2022-10-14,1641.699951171875,4.0,4.48,-0.48,0.19,3.08,32.02,2.28,104.13386793739332,12.142007774932903,203.863476,0.0789579789219205,21641.9,101.0963,295.097,1692.9000244140625,83.62999725341797
2022-10-21,1651.0,4.21,4.49,-0.28,0.12,3.08,29.69,2.36,103.59913029127296,12.717004917027284,203.863476,0.0826971144147656,21641.9,101.0963,295.097,1692.9000244140625,83.62999725341797
2022-10-28,1639.5999755859375,4.02,4.41,-0.39,-0.16,3.08,25.75,2.3,103.22586880839684,13.219585623011248,203.863476,0.0859653347556857,21641.9,101.0963,295.097,1692.9000244140625,83.62999725341797
2022-11-04,1672.5,4.17,4.66,-0.49,-0.04,3.83,24.55,2.22,103.17174589337978,12.723343250114308,198.669603,0.0823842681152146,21541.3,101.2918,296.349,1645.0,88.37000274658203
2022-11-11,1766.0,3.82,4.34,-0.52,-0.46,3.83,22.52,2.36,101.1898897069088,13.473741877450658,198.669603,0.0872431358273005,21541.3,101.2918,296.349,1645.0,88.37000274658203
2022-11-18,1751.9000244140625,3.82,4.51,-0.69,-0.52,3.83,23.12,2.13,100.49854452558168,13.380642714807964,198.669603,0.0866403142083531,21541.3,101.2918,296.349,1645.0,88.37000274658203
2022-11-25,1753.300048828125,3.68,4.42,-0.74,-0.73,3.83,20.5,2.06,100.08162767796918,13.585738832213034,198.669603,0.0879683215719474,21541.3,101.2918,296.349,1645.0,88.37000274658203
2022-12-02,1795.9000244140625,3.51,4.28,-0.77,-0.83,3.83,19.06,2.03,99.00371343046342,13.663101709597006,193.864798,0.0881196955511624,21464.1,101.2529,298.007,1801.0999755859375,81.22000122070312
2022-12-09,1798.0999755859375,3.57,4.33,-0.76,-0.74,3.83,22.83,1.9,99.33632186922632,13.20230693511394,193.864798,0.0851478158051094,21464.1,101.2529,298.007,1801.0999755859375,81.22000122070312
2022-12-16,1790.0,3.48,4.17,-0.69,-0.83,4.33,22.62,1.98,99.52327718586686,12.92707925458756,193.864798,0.0833727445269528,21464.1,101.2529,298.007,1801.0999755859375,81.22000122070312
2022-12-23,1795.9000244140625,3.75,4.31,-0.56,-0.59,4.33,20.87,2.0,98.97458280603897,12.901777704414242,193.864798,0.0832095630659908,21464.1,101.2529,298.007,1801.0999755859375,81.22000122070312
2022-12-30,1819.699951171875,3.88,4.41,-0.53,-0.54,4.33,21.67,1.99,98.52934677200824,12.883925545373096,193.864798,0.0830944261920164,21464.1,101.2529,298.007,1801.0999755859375,81.22000122070312
2023-01-06,1864.199951171875,3.55,4.24,-0.69,-1.12,4.33,21.13,2.07,98.2531332746799,13.036354039764246,193.225156,0.0837696987102589,21409.4,100.9552,298.786,1839.699951171875,76.93000030517578
2023-01-13,1918.4000244140625,3.49,4.22,-0.73,-1.18,4.33,18.35,1.95,96.69687632248832,13.38446275223948,193.225156,0.0860065942313162,21409.4,100.9552,298.786,1839.699951171875,76.93000030517578
2023-01-20,1926.4000244140625,3.48,4.14,-0.66,-1.24,4.33,19.85,1.98,96.84399003302188,13.29583751387908,193.225156,0.0854371014503646,21409.4,100.9552,298.786,1839.699951171875,76.93000030517578
2023-01-27,1928.5999755859375,3.52,4.19,-0.67,-1.21,4.33,18.51,1.88,96.49807401095649,13.62366395545223,193.225156,0.0875436660738838,21409.4,100.9552,298.786,1839.699951171875,76.93000030517578
2023-02-03,1862.9000244140625,3.53,4.3,-0.77,-1.17,4.58,18.33,1.83,96.9745504082279,13.842158739588632,193.045637,0.0886272195203758,21293.1,99.7664,298.832,1927.800048828125,76.41000366210938
2023-02-10,1862.800048828125,3.74,4.5,-0.76,-1.05,4.58,20.53,1.85,97.48770380338196,13.688159102564317,193.045637,0.0876412057133258,21293.1,99.7664,298.832,1927.800048828125,76.41000366210938
2023-02-17,1840.4000244140625,3.82,4.6,-0.78,-1.02,4.58,20.02,1.89,97.82096139254983,13.65011139332677,193.045637,0.0873975975635941,21293.1,99.7664,298.832,1927.800048828125,76.41000366210938
2023-02-24,1808.800048828125,3.95,4.78,-0.83,-0.91,4.58,21.67,1.86,98.64497668789922,13.285190471778458,193.045637,0.0850611175946755,21293.1,99.7664,298.832,1927.800048828125,76.41000366210938
2023-03-03,1847.699951171875,3.97,4.86,-0.89,-0.94,4.57,18.49,1.79,98.00077605473538,13.466613050323296,193.298774,0.0859119358987153,21274.0,100.505,300.42,1837.699951171875,77.69000244140625
2023-03-10,1862.0,3.7,4.6,-0.9,-1.31,4.57,24.8,1.96,98.3804478978609,12.853971399675869,193.298774,0.0820035121530697,21274.0,100.505,300.42,1837.699951171875,77.69000244140625
2023-03-17,1969.800048828125,3.39,3.81,-0.42,-1.13,4.58,25.51,2.21,98.64189322347544,13.037214208701569,193.298774,0.0831725324853602,21274.0,100.505,300.42,1837.699951171875,77.69000244140625
2023-03-24,1982.0999755859375,3.38,3.76,-0.38,-1.36,4.83,21.74,2.24,97.7456599455696,13.218127921690884,193.298774,0.0843266940592804,21274.0,100.505,300.42,1837.699951171875,77.69000244140625
2023-03-31,1969.0,3.48,4.06,-0.58,-1.37,4.83,18.7,2.11,96.8534027138944,13.678550224997505,193.298774,0.0872640155119873,21274.0,100.505,300.42,1837.699951171875,77.69000244140625
2023-04-07,2011.9000244140625,3.39,3.97,-0.58,-1.56,4.83,18.4,2.11,96.84893980486002,13.617581753296568,194.46311,0.0865630015596397,21240.2,100.6416,301.45,1983.9000244140625,80.41999816894531
2023-04-14,2002.199951171875,3.52,4.08,-0.56,-1.62,4.83,17.07,2.05,96.4448436777463,13.72579245884475,194.46311,0.087250865502213,21240.2,100.6416,301.45,1983.9000244140625,80.41999816894531
2023-04-21,1979.5,3.57,4.17,-0.6,-1.57,4.83,16.77,2.04,96.81404797059116,13.712124795260408,194.46311,0.087163984145038,21240.2,100.6416,301.45,1983.9000244140625,80.41999816894531
2023-04-28,1990.0999755859375,3.44,4.04,-0.6,-1.66,4.83,15.78,2.08,96.74353400784784,13.83141476353873,194.46311,0.0879222757343377,21240.2,100.6416,301.45,1983.9000244140625,80.41999816894531
2023-05-05,2017.4000244140625,3.44,3.92,-0.48,-1.82,5.08,17.19,2.2,96.19987054365868,13.704314809108707,196.106547,0.0868049140885973,20942.3,101.0205,301.821,1983.4000244140625,75.66000366210938
2023-05-12,2014.5,3.46,3.98,-0.52,-1.79,5.08,17.03,2.21,96.85900163613756,13.663993155297344,196.106547,0.0865495114841067,20942.3,101.0205,301.821,1983.4000244140625,75.66000366210938
2023-05-19,1978.699951171875,3.7,4.28,-0.58,-1.59,5.08,16.81,2.18,97.19006834268856,13.888960610655818,196.106547,0.0879744846335956,20942.3,101.0205,301.821,1983.4000244140625,75.66000366210938
2023-05-26,1944.0999755859375,3.8,4.54,-0.74,-1.54,5.08,17.95,2.1,97.88409126943628,13.93359042383565,196.106547,0.0882571756803811,20942.3,101.0205,301.821,1983.4000244140625,75.66000366210938
2023-06-02,1952.4000244140625,3.69,4.5,-0.81,-1.81,5.08,14.6,2.11,97.37653679652536,14.140468283073847,197.600462,0.0892490530284423,20758.3,101.253,302.845,1978.0,70.0999984741211
2023-06-09,1962.199951171875,3.75,4.59,-0.84,-1.62,5.08,13.83,2.05,96.9118262503446,14.194917741026762,197.600462,0.0895927165099429,20758.3,101.253,302.845,1978.0,70.0999984741211
2023-06-16,1958.4000244140625,3.77,4.7,-0.93,-1.57,5.08,13.54,1.96,96.08919039960584,14.560550260859516,197.600462,0.0919004446203716,20758.3,101.253,302.845,1978.0,70.0999984741211
2023-06-23,1919.0999755859375,3.74,4.71,-0.97,-1.67,5.07,13.44,1.96,96.68446132099264,14.358269339513612,197.600462,0.0906237273070241,20758.3,101.253,302.845,1978.0,70.0999984741211
2023-06-30,1921.0999755859375,3.81,4.87,-1.06,-1.62,5.08,13.59,1.88,96.85372728909692,14.695239752389837,197.600462,0.0927505515143811,20758.3,101.253,302.845,1978.0,70.0999984741211
2023-07-07,1926.199951171875,4.06,4.94,-0.88,-1.4,5.08,14.83,1.81,96.62287317631808,14.502001738389035,198.400997,0.0912053394756502,20829.6,100.9286,303.334,1921.699951171875,69.79000091552734
2023-07-14,1960.0999755859375,3.83,4.74,-0.91,-1.66,5.08,13.34,1.87,94.97581631122684,14.853000065521831,198.400997,0.0934128224258686,20829.6,100.9286,303.334,1921.699951171875,69.79000091552734
2023-07-21,1964.300048828125,3.84,4.82,-0.98,-1.66,5.08,13.6,1.85,95.70245904582592,14.9549336498711,198.400997,0.0940538985567543,20829.6,100.9286,303.334,1921.699951171875,69.79000091552734
2023-07-28,1960.4000244140625,3.96,4.87,-0.91,-1.56,5.33,13.33,1.8,95.5776598804643,15.106219482381633,198.400997,0.0950053586352243,20829.6,100.9286,303.334,1921.699951171875,69.79000091552734
2023-08-04,1939.5999755859375,4.05,4.78,-0.73,-1.49,5.33,17.1,1.9,96.41587534092308,14.72968279472738,198.709942,0.0923126535056194,20798.9,100.1196,304.014,1940.699951171875,81.37000274658203
2023-08-11,1912.9000244140625,4.16,4.89,-0.73,-1.38,5.33,14.84,1.87,97.06973208636131,14.683698134584262,198.709942,0.0920244622351404,20798.9,100.1196,304.014,1940.699951171875,81.37000274658203
2023-08-18,1886.0999755859375,4.26,4.92,-0.66,-1.29,5.33,17.3,1.89,97.72318311279642,14.373383991978988,198.709942,0.0900796870269147,20798.9,100.1196,304.014,1940.699951171875,81.37000274658203
2023-08-25,1911.0999755859375,4.25,5.03,-0.78,-1.36,5.33,15.68,1.76,97.78939645410662,14.4917995912606,198.709942,0.0908218115070194,20798.9,100.1196,304.014,1940.699951171875,81.37000274658203
2023-09-01,1939.800048828125,4.18,4.87,-0.69,-1.35,5.33,13.09,1.82,97.98844219704034,14.82480826085654,199.386068,0.0925899705951401,20792.2,100.9067,304.609,1939.800048828125,85.55000305175781
2023-09-08,1918.4000244140625,4.26,4.98,-0.72,-1.29,5.33,13.84,1.79,98.9528362674714,14.633481723701532,199.386068,0.0913950196630578,20792.2,100.9067,304.609,1939.800048828125,85.55000305175781
2023-09-15,1923.699951171875,4.33,5.02,-0.69,-1.23,5.33,13.79,1.78,98.34547491979144,14.609942005058125,199.386068,0.0912479997611029,20792.2,100.9067,304.609,1939.800048828125,85.55000305175781
2023-09-22,1925.4000244140625,4.44,5.1,-0.66,-1.12,5.33,17.2,1.73,98.61454776266474,14.182312599410228,199.386068,0.0885771932725563,20792.2,100.9067,304.609,1939.800048828125,85.55000305175781
2023-09-29,1848.0999755859375,4.59,5.03,-0.44,-0.96,5.33,17.52,1.78,99.24511623732351,14.077226229978432,199.386068,0.0879208647936692,20792.2,100.9067,304.609,1939.800048828125,85.55000305175781
2023-10-06,1830.199951171875,4.78,5.08,-0.3,-0.85,5.33,17.45,1.84,100.09599013067984,14.076293280885515,202.414331,0.0876179567999785,20782.0,100.8393,306.082,1830.0,88.81999969482422
2023-10-13,1927.4000244140625,4.63,5.04,-0.41,-0.99,5.33,19.32,1.82,100.29000495797482,14.139282235336449,202.414331,0.0880100318569434,20782.0,100.8393,306.082,1830.0,88.81999969482422
2023-10-20,1982.5,4.93,5.07,-0.14,-0.65,5.33,21.71,1.88,100.3034748288786,13.800746715749376,202.414331,0.0859028158492522,20782.0,100.8393,306.082,1830.0,88.81999969482422
2023-10-27,1988.5999755859375,4.84,4.99,-0.15,-0.75,5.33,21.27,1.88,100.30996633292862,13.451853154342627,202.414331,0.0837311261592798,20782.0,100.8393,306.082,1830.0,88.81999969482422
2023-11-03,1991.5,4.57,4.83,-0.26,-0.96,5.33,14.91,1.86,98.79777046447654,14.183795167048515,205.780801,0.0879901784521136,20753.6,101.0211,307.276,1978.800048828125,80.44000244140625
2023-11-10,1932.5999755859375,4.61,5.04,-0.43,-0.92,5.33,14.17,1.8,99.0993819714006,14.368971980808784,205.780801,0.0891389359388132,20753.6,101.0211,307.276,1978.800048828125,80.44000244140625
2023-11-17,1981.5999755859375,4.44,4.88,-0.44,-1.06,5.33,13.8,1.78,98.06041674819494,14.690441230461376,205.780801,0.0911331932099216,20753.6,101.0211,307.276,1978.800048828125,80.44000244140625
2023-11-24,2002.199951171875,4.47,4.92,-0.45,-1.07,5.33,12.46,1.72,97.54336845061088,14.837930211764016,205.780801,0.0920481515572255,20753.6,101.0211,307.276,1978.800048828125,80.44000244140625
2023-12-01,2071.0,4.22,4.56,-0.34,-1.21,5.33,12.63,1.71,97.3258219211346,14.932367930725457,208.946104,0.0923220365084916,20737.5,100.4689,307.696,2071.0,74.06999969482422
2023-12-08,1998.300048828125,4.23,4.71,-0.48,-1.21,5.33,12.35,1.61,97.98982164165098,14.964023312579624,208.946104,0.0925177515707502,20737.5,100.4689,307.696,2071.0,74.06999969482422
2023-12-15,2021.0999755859375,3.91,4.44,-0.53,-1.53,5.33,12.28,1.57,97.16012628025784,15.33718326337115,208.946104,0.0948248797342342,20737.5,100.4689,307.696,2071.0,74.06999969482422
2023-12-22,2057.10009765625,3.9,4.31,-0.41,-1.54,5.33,13.03,1.65,96.61183761943306,15.452361690800334,208.946104,0.0955369909701373,20737.5,100.4689,307.696,2071.0,74.06999969482422
2023-12-29,2062.39990234375,3.88,4.23,-0.35,-1.52,5.33,12.45,1.61,96.09113785082086,15.501761732765456,208.946104,0.0958424155684986,20737.5,100.4689,307.696,2071.0,74.06999969482422
2024-01-05,2042.4000244140625,4.05,4.4,-0.35,-1.42,5.33,13.35,1.65,96.87596069046825,15.243455204560794,207.439655,0.0939272490694763,20749.7,100.8639,308.148,2064.39990234375,70.37999725341797
2024-01-12,2046.699951171875,3.96,4.14,-0.18,-1.49,5.33,12.7,1.64,96.9944306393811,15.524456034519126,207.439655,0.0956587223207854,20749.7,100.8639,308.148,2064.39990234375,70.37999725341797
2024-01-19,2026.5,4.15,4.39,-0.24,-1.3,5.33,13.3,1.59,97.89528911392256,15.706121923860447,207.439655,0.0967781127087655,20749.7,100.8639,308.148,2064.39990234375,70.37999725341797
2024-01-26,2016.800048828125,4.15,4.34,-0.19,-1.29,5.33,13.26,1.58,97.87346143155438,15.872146549202816,207.439655,0.097801124626138,20749.7,100.8639,308.148,2064.39990234375,70.37999725341797
2024-02-02,2036.0999755859375,4.03,4.36,-0.33,-1.4,5.33,13.85,1.59,98.10447783193445,16.060743028238072,205.791492,0.0986367614255741,20779.9,100.6031,308.741,2053.0,73.81999969482422
2024-02-09,2023.300048828125,4.17,4.48,-0.31,-1.27,5.33,12.93,1.59,98.21564483879104,16.280992363441364,205.791492,0.0999894187149904,20779.9,100.6031,308.741,2053.0,73.81999969482422
2024-02-16,2011.5,4.3,4.64,-0.34,-1.14,5.33,14.24,1.53,98.30612017648818,16.21284450143891,205.791492,0.0995708898589979,20779.9,100.6031,308.741,2053.0,73.81999969482422
2024-02-23,2038.5999755859375,4.26,4.67,-0.41,-1.2,5.33,13.75,1.49,98.2139408189779,16.482423146545162,205.791492,0.1012265022086895,20779.9,100.6031,308.741,2053.0,73.81999969482422
2024-03-01,2086.89990234375,4.19,4.54,-0.35,-1.23,5.33,13.11,1.57,98.1930057184166,16.58738538229178,204.100076,0.101543577820383,20835.5,99.2223,309.698,2086.89990234375,79.97000122070312
2024-03-08,2178.60009765625,4.09,4.48,-0.39,-1.37,5.33,14.74,1.59,97.35227480013842,16.54414927253728,204.100076,0.1012788978135994,20835.5,99.2223,309.698,2086.89990234375,79.97000122070312
2024-03-15,2157.300048828125,4.31,4.72,-0.41,-1.17,5.33,14.41,1.49,97.6973793841976,16.522837873509033,204.100076,0.1011484350760545,20835.5,99.2223,309.698,2086.89990234375,79.97000122070312
2024-03-22,2158.10009765625,4.22,4.59,-0.37,-1.24,5.33,13.06,1.53,98.3334656372989,16.90091694418837,204.100076,0.1034629349596088,20835.5,99.2223,309.698,2086.89990234375,79.97000122070312
2024-03-29,2217.39990234375,4.2,4.59,-0.39,-1.26,5.33,13.01,1.5,98.1994972224666,16.96604465529726,204.100076,0.1038616295488302,20835.5,99.2223,309.698,2086.89990234375,79.97000122070312
2024-04-05,2325.699951171875,4.39,4.73,-0.34,-1.04,5.33,16.03,1.49,98.15527385112586,16.73598756057717,205.210006,0.1021305448913091,20921.7,100.285,310.967,2236.5,83.70999908447266
2024-04-12,2356.199951171875,4.5,4.88,-0.38,-0.95,5.33,17.31,1.45,99.22953662760348,16.4757358698833,205.210006,0.1005423716877117,20921.7,100.285,310.967,2236.5,83.70999908447266
2024-04-19,2398.39990234375,4.62,4.97,-0.35,-0.83,5.33,18.71,1.46,99.89410435472423,15.973495517108727,205.210006,0.0974774745186855,20921.7,100.285,310.967,2236.5,83.70999908447266
2024-04-26,2334.800048828125,4.67,4.96,-0.29,-0.79,5.33,15.03,1.45,99.76394969852134,16.40032531084488,205.210006,0.1000821824423938,20921.7,100.285,310.967,2236.5,83.70999908447266
2024-05-03,2299.0,4.5,4.81,-0.31,-0.95,5.33,13.49,1.49,99.10700948865936,16.417070992212135,206.767905,0.0998671732909202,20965.9,100.4575,312.345,2299.89990234375,79.0
2024-05-10,2367.300048828125,4.5,4.87,-0.37,-0.97,5.33,12.55,1.48,99.00679689488716,16.72087011407658,206.767905,0.1017152227732705,20965.9,100.4575,312.345,2299.89990234375,79.0
2024-05-17,2412.199951171875,4.42,4.83,-0.41,-1.04,5.33,11.99,1.48,98.375011263219,16.978885589752515,206.767905,0.1032847643945068,20965.9,100.4575,312.345,2299.89990234375,79.0
2024-05-24,2332.5,4.46,4.93,-0.47,-1.0,5.33,11.93,1.46,98.6848182940062,16.98352851764475,206.767905,0.1033130079273885,20965.9,100.4575,312.345,2299.89990234375,79.0
2024-05-31,2322.89990234375,4.51,4.89,-0.38,-0.95,5.33,12.92,1.46,99.07495768741238,16.89641187028766,206.767905,0.1027830660563775,20965.9,100.4575,312.345,2299.89990234375,79.0
2024-06-07,2305.199951171875,4.43,4.87,-0.44,-1.09,5.33,12.22,1.46,100.2523542344847,17.08178068185085,208.595818,0.103577517992619,20955.5,100.2434,313.023,2346.60009765625,74.22000122070312
2024-06-14,2331.39990234375,4.2,4.67,-0.47,-1.31,5.33,12.66,1.53,100.75577037356372,17.352079871626845,208.595818,0.105216511005927,20955.5,100.2434,313.023,2346.60009765625,74.22000122070312
2024-06-21,2316.39990234375,4.25,4.7,-0.45,-1.24,5.33,13.2,1.55,100.70643494278356,17.457567390215733,208.595818,0.1058561477954478,20955.5,100.2434,313.023,2346.60009765625,74.22000122070312
2024-06-28,2327.699951171875,4.36,4.71,-0.35,-1.12,5.33,12.44,1.55,100.78895818801944,17.444341088254696,208.595818,0.1057759484558789,20955.5,100.2434,313.023,2346.60009765625,74.22000122070312
2024-07-05,2388.5,4.28,4.6,-0.32,-1.18,5.33,12.48,1.56,100.19328154762952,17.776610334178173,209.592698,0.1074405867346857,21021.7,100.863,313.175,2327.60009765625,83.37999725341797
2024-07-12,2414.0,4.18,4.45,-0.27,-1.25,5.33,12.46,1.58,99.35279406075324,17.930390668655704,209.592698,0.1083700242963988,21021.7,100.863,313.175,2327.60009765625,83.37999725341797
2024-07-19,2395.5,4.25,4.49,-0.24,-1.18,5.33,16.52,1.57,99.9261561559712,17.57803145206354,209.592698,0.1062403898913936,21021.7,100.863,313.175,2327.60009765625,83.37999725341797
2024-07-26,2380.0,4.2,4.36,-0.16,-1.18,5.33,16.39,1.65,100.35216110925374,17.43146834088369,209.592698,0.1053545727213706,21021.7,100.863,313.175,2327.60009765625,83.37999725341797
2024-08-02,2425.699951171875,3.8,3.88,-0.08,-1.49,5.33,23.39,1.8,100.18670889977888,17.079260610629017,210.660185,0.1028936262461914,21070.7,100.894,313.044,2435.0,76.30999755859375
2024-08-09,2432.10009765625,3.94,4.05,-0.11,-1.39,5.33,20.37,1.77,99.74812665739942,17.07159426869705,210.660185,0.1028474405394792,21070.7,100.894,313.044,2435.0,76.30999755859375
2024-08-16,2498.60009765625,3.89,4.06,-0.17,-1.44,5.33,14.8,1.69,99.31773993888312,17.742713484366416,210.660185,0.1068905833498153,21070.7,100.894,313.044,2435.0,76.30999755859375
2024-08-23,2508.39990234375,3.81,3.9,-0.09,-1.44,5.33,15.86,1.7,98.55701680802144,17.99941817534037,210.660185,0.108437095059595,21070.7,100.894,313.044,2435.0,76.30999755859375
2024-08-30,2493.800048828125,3.91,3.91,0.0,-1.3,5.33,15.0,1.69,99.2601278404392,18.043469615593175,210.660185,0.1087024819830874,21070.7,100.894,313.044,2435.0,76.30999755859375
2024-09-06,2493.5,3.72,3.66,0.06,-1.41,5.33,22.38,1.73,99.40042547172024,17.24794199004047,211.558732,0.1035790902411486,21098.8,99.9757,313.569,2489.89990234375,70.33999633789062
2024-09-13,2581.300048828125,3.66,3.57,0.09,-1.31,5.33,16.56,1.72,98.71557179444318,17.941888450488566,211.558732,0.1077464478940665,21098.8,99.9757,313.569,2489.89990234375,70.33999633789062
2024-09-20,2619.89990234375,3.73,3.55,0.18,-1.02,4.83,16.15,1.67,98.51279343668068,18.18594888106764,211.558732,0.1092121043403741,21098.8,99.9757,313.569,2489.89990234375,70.33999633789062
2024-09-27,2644.300048828125,3.75,3.55,0.2,-0.93,4.83,16.96,1.66,98.27414951904184,18.29954466760107,211.558732,0.1098942812766807,21098.8,99.9757,313.569,2489.89990234375,70.33999633789062
2024-10-04,2645.800048828125,3.98,3.93,0.05,-0.75,4.83,19.21,1.57,99.17370969277331,18.31189327017834,214.797453,0.1096212343797663,21191.9,100.4309,314.062,2667.300048828125,69.83000183105469
2024-10-11,2657.60009765625,4.08,3.95,0.13,-0.65,4.83,20.46,1.54,99.79105172793018,18.51554720136868,214.797453,0.1108403762234846,21191.9,100.4309,314.062,2667.300048828125,69.83000183105469
2024-10-18,2713.699951171875,4.08,3.95,0.13,-0.65,4.83,18.03,1.53,100.55218057779496,18.67360559977011,214.797453,0.1117865676675484,21191.9,100.4309,314.062,2667.300048828125,69.83000183105469
2024-10-25,2740.89990234375,4.25,4.11,0.14,-0.48,4.83,20.33,1.51,101.11369567812169,18.49354623350644,214.797453,0.110708670931245,21191.9,100.4309,314.062,2667.300048828125,69.83000183105469
2024-11-01,2738.60009765625,4.37,4.21,0.16,-0.24,4.83,21.88,1.46,101.27363010915404,18.202152322253536,218.397767,0.1085966452259919,21275.5,99.8084,314.732,2738.60009765625,69.48999786376953
2024-11-08,2687.5,4.3,4.26,0.04,-0.33,4.58,14.94,1.38,101.90127740699032,19.049667777863387,218.397767,0.1136530437016758,21275.5,99.8084,314.732,2738.60009765625,69.48999786376953
2024-11-15,2565.699951171875,4.43,4.31,0.12,-0.17,4.58,16.14,1.41,102.95914913574164,18.65275890976291,218.397767,0.1112850286025239,21275.5,99.8084,314.732,2738.60009765625,69.48999786376953
2024-11-22,2709.89990234375,4.41,4.37,0.04,-0.22,4.58,15.24,1.43,103.43497638260808,18.96642172943965,218.397767,0.1131563858654436,21275.5,99.8084,314.732,2738.60009765625,69.48999786376953
2024-11-29,2657.0,4.18,4.13,0.05,-0.4,4.58,13.51,1.44,102.71166054383464,19.166719249432848,218.397767,0.1143513895294748,21275.5,99.8084,314.732,2738.60009765625,69.48999786376953
2024-12-06,2638.60009765625,4.15,4.1,0.05,-0.27,4.58,12.77,1.42,102.79945813611116,19.29553820610539,221.802918,0.1147071535456914,21336.7,99.4695,315.631,2634.89990234375,68.0999984741211
2024-12-13,2656.0,4.4,4.25,0.15,0.06,4.58,13.81,1.42,103.30384800079769,19.17140535546255,221.802918,0.1139692147638518,21336.7,99.4695,315.631,2634.89990234375,68.0999984741211
2024-12-20,2628.699951171875,4.52,4.3,0.22,0.18,4.33,18.36,1.43,103.77724093364536,18.79045498590522,221.802918,0.1117045599992455,21336.7,99.4695,315.631,2634.89990234375,68.0999984741211
2024-12-27,2617.199951171875,4.62,4.31,0.31,0.31,4.33,15.95,1.4,104.22921190312798,18.917152763036587,221.802918,0.1124577466281992,21336.7,99.4695,315.631,2634.89990234375,68.0999984741211
2025-01-03,2645.0,4.6,4.28,0.32,0.26,4.33,16.13,1.44,105.04348994240232,18.773916414483867,222.639115,0.1111838921916583,21454.8,99.2925,316.528,2658.89990234375,73.12999725341797
2025-01-10,2708.5,4.77,4.4,0.37,0.41,4.33,19.54,1.42,105.37853269518396,18.40924038019543,222.639115,0.1090241882712804,21454.8,99.2925,316.528,2658.89990234375,73.12999725341797
2025-01-17,2744.300048828125,4.61,4.27,0.34,0.27,4.33,15.97,1.46,105.06978053380487,18.94511751330056,222.639115,0.1121977884983044,21454.8,99.2925,316.528,2658.89990234375,73.12999725341797
2025-01-24,2777.300048828125,4.63,4.27,0.36,0.28,4.33,14.85,1.43,103.42678085874492,19.27551507094159,222.639115,0.1141544865903875,21454.8,99.2925,316.528,2658.89990234375,73.12999725341797
2025-01-31,2812.5,4.58,4.22,0.36,0.27,4.33,16.43,1.45,104.25582706973306,19.083713874147783,222.639115,0.113018591281399,21454.8,99.2925,316.528,2658.89990234375,73.12999725341797
2025-02-07,2867.300048828125,4.49,4.29,0.2,0.14,4.33,16.54,1.45,104.21233399259796,18.973281930879335,223.923225,0.1119321440625904,21487.6,100.3273,317.604,2833.89990234375,73.16000366210938
2025-02-14,2883.60009765625,4.47,4.26,0.21,0.13,4.33,14.77,1.46,103.17361220079415,19.25237050796747,223.923225,0.1135786163455964,21487.6,100.3273,317.604,2833.89990234375,73.16000366210938
2025-02-21,2937.60009765625,4.42,4.19,0.23,0.1,4.33,18.21,1.49,103.16687726534226,18.93279015003747,223.923225,0.1116932643651793,21487.6,100.3273,317.604,2833.89990234375,73.16000366210938
2025-02-28,2836.800048828125,4.24,3.99,0.25,-0.08,4.33,19.63,1.57,104.0916731610682,18.74818956940089,223.923225,0.1106042203684092,21487.6,100.3273,317.604,2833.89990234375,73.16000366210938
2025-03-07,2904.699951171875,4.32,3.99,0.33,-0.02,4.33,23.37,1.61,102.22609604089315,18.090613571290845,225.68473,0.1062982420234679,21539.2,100.0647,318.961,2890.199951171875,68.37000274658203
2025-03-14,2994.5,4.31,4.02,0.29,-0.02,4.33,21.77,1.65,101.99305104549748,17.67908910934644,225.68473,0.1038801744061393,21539.2,100.0647,318.961,2890.199951171875,68.37000274658203
2025-03-21,3018.199951171875,4.25,3.94,0.31,-0.08,4.33,19.28,1.68,102.4585730296845,17.768818315072217,225.68473,0.1044074122905386,21539.2,100.0647,318.961,2890.199951171875,68.37000274658203
2025-03-28,3086.5,4.27,3.89,0.38,-0.06,4.33,21.65,1.73,102.58093788102737,17.497248696255184,225.68473,0.1028117022858185,21539.2,100.0647,318.961,2890.199951171875,68.37000274658203
2025-04-04,3012.0,4.01,3.68,0.33,-0.27,4.33,45.31,1.94,102.08936873683965,15.87242226772794,227.005204,0.0928747713480816,21607.2,101.0993,319.679,3118.89990234375,71.19999694824219
2025-04-11,3222.199951171875,4.48,3.96,0.52,0.14,4.33,37.56,1.9,100.63153921480648,16.777329331239308,227.005204,0.098169680669248,21607.2,101.0993,319.679,3118.89990234375,71.19999694824219
2025-04-18,3308.699951171875,4.34,3.81,0.53,0.0,4.33,29.65,1.92,99.7959203559677,16.525014765788494,227.005204,0.0966933050298675,21607.2,101.0993,319.679,3118.89990234375,71.19999694824219
2025-04-25,3282.39990234375,4.29,3.74,0.55,-0.03,4.33,24.84,1.84,99.71420854873809,17.283618757996305,227.005204,0.10113214688599,21607.2,101.0993,319.679,3118.89990234375,71.19999694824219
2025-05-02,3231.89990234375,4.33,3.83,0.5,0.0,4.33,22.68,1.9,99.39807230150213,17.782791318776678,228.549043,0.1036017403768908,21684.1,101.0404,319.785,3210.0,59.2400016784668
2025-05-09,3335.39990234375,4.37,3.88,0.49,0.03,4.33,21.9,1.89,99.41665423184529,17.699110828369058,228.549043,0.1031142216130246,21684.1,101.0404,319.785,3210.0,59.2400016784668
2025-05-16,3182.0,4.43,3.98,0.45,0.06,4.33,17.24,1.82,99.86667775011291,18.63245581503979,228.549043,0.1085518474197804,21684.1,101.0404,319.785,3210.0,59.2400016784668
2025-05-23,3363.60009765625,4.51,4.0,0.51,0.15,4.33,22.29,1.88,98.49534751954626,18.14600379698469,228.549043,0.1057177998972666,21684.1,101.0404,319.785,3210.0,59.2400016784668
2025-05-30,3288.89990234375,4.41,3.89,0.52,0.05,4.33,18.57,1.84,98.80669628254532,18.486451651597942,228.549043,0.1077012337470622,21684.1,101.0404,319.785,3210.0,59.2400016784668
2025-06-06,3322.699951171875,4.51,4.04,0.47,0.08,4.33,16.77,1.73,98.31464027555384,18.733444884144493,229.782589,0.1086465398771594,21770.9,101.1279,320.302,3370.60009765625,62.52000045776367
2025-06-13,3431.199951171875,4.41,3.96,0.45,-0.04,4.33,20.82,1.75,97.63587238332366,18.660421148927416,229.782589,0.1082230312160825,21770.9,101.1279,320.302,3370.60009765625,62.52000045776367
2025-06-20,3368.10009765625,4.38,3.9,0.48,-0.01,4.33,20.62,1.76,98.2171054272023,18.63191564133224,229.782589,0.1080577105936978,21770.9,101.1279,320.302,3370.60009765625,62.52000045776367
2025-06-27,3273.699951171875,4.29,3.73,0.56,-0.1,4.33,16.32,1.79,97.09586039016266,19.272654632873817,229.782589,0.1117737422593041,21770.9,101.1279,320.302,3370.60009765625,62.52000045776367
2025-07-04,3332.5,4.35,3.88,0.47,-0.07,4.33,17.48,1.67,96.75440727713162,19.585023072971897,233.807776,0.1130536422536335,21836.2,100.9655,320.62,3336.699951171875,65.44999694824219
2025-07-11,3356.0,4.43,3.9,0.53,0.02,4.33,16.4,1.72,97.30878172300328,19.523891210779116,233.807776,0.1127007613990698,21836.2,100.9655,320.62,3336.699951171875,65.44999694824219
2025-07-18,3353.0,4.44,3.88,0.56,0.04,4.33,16.41,1.73,97.6614326805206,19.639417500662777,233.807776,0.1133676315783253,21836.2,100.9655,320.62,3336.699951171875,65.44999694824219
2025-07-25,3334.0,4.4,3.91,0.49,-0.02,4.33,14.93,1.69,97.36095718680532,19.925894007606356,233.807776,0.1150213039998179,21836.2,100.9655,320.62,3336.699951171875,65.44999694824219
2025-08-01,3347.699951171875,4.23,3.69,0.54,-0.12,4.33,20.38,1.75,98.35618590147396,19.406753357988396,237.49712,0.1114705429729755,21942.7,101.4785,321.435,3347.699951171875,67.33000183105469
2025-08-08,3439.10009765625,4.27,3.76,0.51,-0.05,4.33,15.15,1.74,97.64268846257616,19.877891938689004,237.49712,0.11417671810889,21942.7,101.4785,321.435,3347.699951171875,67.33000183105469
2025-08-15,3336.0,4.33,3.75,0.58,0.03,4.33,15.09,1.69,97.64658336500618,20.065642523955077,237.49712,0.1152551395891367,21942.7,101.4785,321.435,3347.699951171875,67.33000183105469
2025-08-22,3374.39990234375,4.26,3.68,0.58,-0.01,4.33,14.22,1.73,97.59765365322916,20.118873664193384,237.49712,0.1155608941888875,21942.7,101.4785,321.435,3347.699951171875,67.33000183105469
2025-08-29,3473.699951171875,4.23,3.59,0.64,0.0,4.33,15.36,1.8,97.5415021431965,20.09818397382052,237.49712,0.1154420545778891,21942.7,101.4785,321.435,3347.699951171875,67.33000183105469
2025-09-05,3613.199951171875,4.1,3.51,0.59,0.03,4.33,15.18,1.78,97.4765871026963,20.118322991970057,241.24261,0.1149589938489791,22025.5,101.894,322.169,3549.39990234375,65.58999633789062
2025-09-12,3649.39990234375,4.06,3.56,0.5,-0.02,4.33,14.76,1.7,97.42213961247676,20.437379260768417,241.24261,0.1167821273008532,22025.5,101.894,322.169,3549.39990234375,65.58999633789062
2025-09-19,3671.5,4.14,3.57,0.57,0.11,4.08,15.45,1.68,97.19875072935544,20.685912869584755,241.24261,0.1182022841210109,22025.5,101.894,322.169,3549.39990234375,65.58999633789062
2025-09-26,3775.300048828125,4.2,3.63,0.57,0.18,4.09,15.29,1.65,97.72545513921392,20.621786066668427,241.24261,0.1178358543373279,22025.5,101.894,322.169,3549.39990234375,65.58999633789062
2025-10-03,3880.800048828125,4.13,3.58,0.55,0.1,4.09,16.65,1.66,97.44404843864557,20.773204447579737,242.775039,0.1180583125493061,22092.5,101.6247,323.291,3867.5,61.779998779296875
2025-10-10,3975.89990234375,4.05,3.52,0.53,0.03,4.1,21.66,1.72,98.27836899667436,20.268147785199712,242.775039,0.115187973625293,22092.5,101.6247,323.291,3867.5,61.779998779296875
2025-10-17,4189.89990234375,4.02,3.46,0.56,0.02,4.11,20.78,1.7,97.94283938108896,20.61303830179312,242.775039,0.1171480560240401,22092.5,101.6247,323.291,3867.5,61.779998779296875
2025-10-24,4118.39990234375,4.02,3.48,0.54,0.09,4.11,16.37,1.65,98.13084956713766,21.00797715187323,242.775039,0.119392573200881,22092.5,101.6247,323.291,3867.5,61.779998779296875
2025-10-31,3982.199951171875,4.11,3.6,0.51,0.22,3.86,17.44,1.69,98.49713268316002,21.15802851088493,242.775039,0.120245345351916,22092.5,101.6247,323.291,3867.5,61.779998779296875
2025-11-07,3999.39990234375,4.11,3.55,0.56,0.19,3.87,19.08,1.75,98.49883670297316,20.752208375418277,245.435708,0.1172849850996149,22176.1,101.668,324.245,4000.300048828125,61.04999923706055
2025-11-14,4087.60009765625,4.14,3.62,0.52,0.19,3.88,19.83,1.77,98.15689672713836,20.768585061546823,245.435708,0.1173775410027661,22176.1,101.668,324.245,4000.300048828125,61.04999923706055
2025-11-21,4076.699951171875,4.06,3.51,0.55,0.16,3.88,23.43,1.82,98.88613606335744,20.3642006333945,245.435708,0.1150920868105009,22176.1,101.668,324.245,4000.300048828125,61.04999923706055
2025-11-28,4218.2998046875,4.02,3.47,0.55,0.14,3.89,16.35,1.78,98.2267615394767,21.12319339928141,245.435708,0.1193816763147778,22176.1,101.668,324.245,4000.300048828125,61.04999923706055
2025-12-05,4212.89990234375,4.14,3.56,0.58,0.43,3.89,15.41,1.74,97.9294506539858,21.188915487806288,247.33183,0.1190685758644694,22249.8,101.2195,324.245,4239.2998046875,59.31999969482422
2025-12-12,4300.10009765625,4.19,3.52,0.67,0.56,3.64,15.74,1.76,97.48957011079634,21.056331342811763,247.33183,0.1183235351220213,22249.8,101.2195,324.245,4239.2998046875,59.31999969482422
2025-12-19,4361.39990234375,4.16,3.48,0.68,0.54,3.64,14.91,1.76,97.50661030892763,21.078197042359943,247.33183,0.1184464068049529,22249.8,101.2195,324.245,4239.2998046875,59.31999969482422
2025-12-26,4529.10009765625,4.14,3.46,0.68,0.5,3.64,13.6,1.75,96.94436491439532,21.37254218694583,247.33183,0.1201004441339814,22249.8,101.2195,324.245,4239.2998046875,59.31999969482422
2026-01-02,4314.39990234375,4.19,3.47,0.72,0.54,3.64,14.51,1.74,97.05277303203064,21.09889533673088,253.619551,0.1178701093912739,22279.8,101.0344,325.063,4314.39990234375,57.31999969482422
2026-01-09,4490.2998046875,4.18,3.54,0.64,0.56,3.64,14.49,1.7,97.55229426867966,21.430552801014727,253.619551,0.1197229315874917,22279.8,101.0344,325.063,4314.39990234375,57.31999969482422
2026-01-16,4588.39990234375,4.24,3.59,0.65,0.57,3.64,15.86,1.63,97.44055925521867,21.349737637396444,253.619551,0.1192714533454257,22279.8,101.0344,325.063,4314.39990234375,57.31999969482422
2026-01-23,4976.2001953125,4.24,3.6,0.64,0.54,3.64,16.09,1.61,96.47803149220202,21.274675565294267,253.619551,0.1188521150573962,22279.8,101.0344,325.063,4314.39990234375,57.31999969482422
2026-01-30,4713.89990234375,4.26,3.52,0.74,0.59,3.64,17.44,1.62,95.66821636196208,21.34672289727299,253.619551,0.11925461133818,22279.8,101.0344,325.063,4314.39990234375,57.31999969482422
2026-02-06,4951.2001953125,4.22,3.5,0.72,0.54,3.64,17.76,1.65,95.9449978658948,21.26270141393763,259.594729,0.1180596566829215,22355.3,101.4941,326.031,4622.5,62.13999938964844
2026-02-13,5022.0,4.04,3.4,0.64,0.36,3.64,20.6,1.72,95.3649008352249,20.967852510574147,259.594729,0.1164225288492206,22355.3,101.4941,326.031,4622.5,62.13999938964844
2026-02-20,5059.2998046875,4.08,3.48,0.6,0.39,3.64,19.09,1.69,95.74294980233792,21.192799965724117,259.594729,0.1176715337997061,22355.3,101.4941,326.031,4622.5,62.13999938964844
2026-02-27,5230.5,3.97,3.38,0.59,0.3,3.64,19.86,1.8,95.60549220407876,21.09885220366315,259.594729,0.1171498954472164,22355.3,101.4941,326.031,4622.5,62.13999938964844
2026-03-06,5146.10009765625,4.15,3.56,0.59,0.46,3.64,29.49,1.75,96.95953880511225,20.637684236809832,263.990397,0.1138615732243105,22420.1,101.0388,326.588,5294.39990234375,71.2300033569336
2026-03-13,5052.5,4.28,3.73,0.55,0.56,3.64,27.19,1.83,97.82031224214484,20.307512650208366,263.990397,0.1120399610776649,22420.1,101.0388,326.588,5294.39990234375,71.2300033569336
2026-03-20,4570.39990234375,4.39,3.88,0.51,0.65,3.64,26.78,1.79,97.59627420861854,19.922593544370123,263.990397,0.1099162976640796,22420.1,101.0388,326.588,5294.39990234375,71.2300033569336
2026-03-27,4492.0,4.44,3.88,0.56,0.71,3.64,31.05,1.78,98.09076452962876,19.50117609237403,263.990397,0.1075912667392014,22420.1,101.0388,326.588,5294.39990234375,71.2300033569336
2026-04-03,4651.5,4.35,3.84,0.51,0.64,3.64,23.87,1.74,97.90526980139948,20.102271854291367,,0.1101827614891674,22620.3,101.9263,327.46,4783.2001953125,100.12000274658205
2026-04-10,4761.89990234375,4.31,3.81,0.5,0.62,3.64,19.23,1.72,96.44362652073691,20.817474307453583,,0.1141028647433883,22620.3,101.9263,327.46,4783.2001953125,100.12000274658205
2026-04-17,4857.60009765625,4.26,3.71,0.55,0.56,3.64,17.48,1.72,95.81419405928688,21.76161991874962,,0.1192778306106551,22620.3,101.9263,327.46,4783.2001953125,100.12000274658205
2026-04-24,4722.2998046875,4.31,3.78,0.53,0.62,3.64,18.71,1.7,96.34154761955035,21.880779570405547,,0.119930957758308,22620.3,101.9263,327.46,4783.2001953125,100.12000274658205
2026-05-01,4629.89990234375,4.39,3.88,0.51,0.71,3.64,16.99,1.69,96.06825529904454,21.890019216839292,,0.1196405517066113,22676.1,101.6172,330.293,4629.89990234375,101.94000244140624
2026-05-08,4720.39990234375,4.38,3.9,0.48,0.69,3.63,17.19,1.65,95.78149310763492,22.401111061334177,,0.1224339393981616,22676.1,101.6172,330.293,4629.89990234375,101.94000244140624
2026-05-15,4555.7998046875,4.59,4.09,0.5,0.9,3.63,18.43,1.62,96.7903539808086,22.430084803492655,,0.1225922962484917,22676.1,101.6172,330.293,4629.89990234375,101.94000244140624
2026-05-22,4521.0,4.56,4.13,0.43,0.88,3.62,16.7,1.57,96.79384316423548,22.62678959240356,,0.1236673921282856,22676.1,101.6172,330.293,4629.89990234375,101.94000244140624
2026-05-29,4560.5,4.45,3.98,0.47,0.76,3.62,15.32,1.57,96.46237073868134,22.949502588894557,,0.1254311896179368,22676.1,101.6172,330.293,4629.89990234375,101.94000244140624
2026-06-05,4337.10009765625,4.55,4.17,0.38,0.77,3.62,21.51,1.51,97.43999124861432,22.21295049254378,,0.1210541338893013,22799.9,102.4196,332.407,4475.2001953125,92.16000366210938
2026-06-12,4215.0,4.48,4.09,0.39,0.7,3.62,17.68,1.53,96.97276524461417,22.356508620268222,,0.1218364840242051,22799.9,102.4196,332.407,4475.2001953125,92.16000366210938
2026-06-19,4145.2998046875,4.46,4.19,0.27,0.63,3.63,16.78,1.51,97.69372791316944,22.564446832121465,,0.1229696869342297,22799.9,102.4196,332.407,4475.2001953125,92.16000366210938
2026-06-26,4078.699951171875,4.38,4.07,0.31,0.55,3.63,18.41,1.56,98.09198168663816,22.12354138008902,,0.120566880173337,22799.9,102.4196,332.407,4475.2001953125,92.16000366210938
2026-07-03,4174.60009765625,4.49,4.14,0.35,0.67,3.63,15.81,1.54,97.93261526221018,22.406319661939825,,0.121748533529621,23055.6,102.5606,333.979,4068.300048828125,68.58000183105469
2026-07-10,4104.10009765625,4.56,4.21,0.35,0.71,3.62,15.03,1.58,97.78201236824972,22.682234921114052,,0.1232477658305851,23055.6,102.5606,333.979,4068.300048828125,68.58000183105469
2026-07-17,4012.699951171875,4.55,4.18,0.37,0.7,3.63,18.77,1.59,97.80384005061792,22.329816968750283,,0.1213328431865651,23055.6,102.5606,333.979,4068.300048828125,68.58000183105469
2026-07-24,4067.60009765625,4.69,4.33,0.36,0.73,3.63,18.58,1.59,97.94908745373708,22.192952193008395,,0.1205891652425813,23055.6,102.5606,333.979,4068.300048828125,68.58000183105469
2026-07-31,4049.10009765625,4.75,4.28,0.47,0.92,3.63,15.99,1.63,97.13188823764024,22.26975313661188,,0.1210064761797852,23055.6,102.5606,333.979,4068.300048828125,68.58000183105469
2026-08-07,4242.0,4.65,4.19,0.46,0.78,3.63,14.9,1.64,96.61378507064804,23.18310829946808,,0.125600321973219,23155.2,102.6395,332.568,4460.2001953125,82.69999694824219
