Date,SP_Price,GS10_Rate,US_2Y_Treasury,Term_Spread_10Y_2Y,Term_Spread_10Y_3M,Fed_Funds_Rate,VIX_Close,Credit_BAA10Y,Dollar_Index,Real_Price,Real_Earnings,CAPE,M2_Money,Industrial_Production,US_CPI,Gold_Close,WTI_Crude_Close
2007-10-05,131.6038639336505,4.65,4.08,0.57,0.65,4.77,16.91,1.94,74.4861,7.500421183049365,118.699848,0.0834881215871225,7397.0,101.863,207.667,747.2000122070312,80.23999786376953
2007-10-12,138.84767439591278,4.7,4.23,0.47,0.5,4.75,17.73,1.87,74.3795,7.520694423418862,118.699848,0.0837137855486022,7397.0,101.863,207.667,747.2000122070312,80.23999786376953
2007-10-19,132.20024597786355,4.41,3.8,0.61,0.55,4.77,22.96,1.97,73.6572,7.226136097130563,118.699848,0.0804350201620351,7397.0,101.863,207.667,747.2000122070312,80.23999786376953
2007-10-26,145.3370642533655,4.41,3.77,0.64,0.45,4.8,19.56,1.98,73.1722,7.39298987945545,118.699848,0.0822922903774056,7397.0,101.863,207.667,747.2000122070312,80.23999786376953
2007-11-02,151.08236330538193,4.31,3.66,0.65,0.7,4.28,23.01,2.04,72.3739,7.238895905546771,111.438198,0.0803120754308143,7413.8,102.0894,208.547,790.7000122070312,93.48999786376952
2007-11-09,145.0441865945406,4.23,3.42,0.81,0.96,4.49,28.5,2.18,71.5816,6.97061070728361,111.438198,0.077335579931912,7413.8,102.0894,208.547,790.7000122070312,93.48999786376952
2007-11-16,150.78111583134938,4.15,3.33,0.82,0.75,4.51,25.49,2.26,72.5773,6.994778108696721,111.438198,0.077603705650334,7413.8,102.0894,208.547,790.7000122070312,93.48999786376952
2007-11-23,141.63132105475998,4.01,3.07,0.94,0.78,4.56,25.61,2.37,72.2685,6.908274639155082,111.438198,0.0766439911770906,7413.8,102.0894,208.547,790.7000122070312,93.48999786376952
2007-11-30,146.40017661012828,3.97,3.04,0.93,0.82,4.66,22.87,2.47,73.1659,7.102188066231773,111.438198,0.0787953675728332,7413.8,102.0894,208.547,790.7000122070312,93.48999786376952
2007-12-07,151.7860699198332,4.12,3.12,1.0,1.0,4.41,20.85,2.61,73.4888,7.1927914058018425,104.947822,0.0795880006018438,7429.0,101.8015,209.19,788.2999877929688,89.30999755859375
2007-12-14,154.12079349199453,4.24,3.31,0.93,1.36,4.24,23.27,2.55,74.4235,7.017304609072494,104.947822,0.0776462449612666,7429.0,101.8015,209.19,788.2999877929688,89.30999755859375
2007-12-21,146.9733633310712,4.18,3.19,0.99,1.18,4.28,18.47,2.5,74.3217,7.096228122460443,104.947822,0.0785195310440457,7429.0,101.8015,209.19,788.2999877929688,89.30999755859375
2007-12-28,154.91655907201522,4.11,3.12,0.99,0.93,4.01,20.74,2.51,73.0506,7.067689613434557,104.947822,0.0782037533792442,7429.0,101.8015,209.19,788.2999877929688,89.30999755859375
2008-01-04,160.48854351652727,3.88,2.74,1.14,0.68,4.18,23.94,2.59,72.8511,6.69545711262326,101.383307,0.0739287133328686,7454.0,102.3446,210.834,857.0,99.62000274658205
2008-01-11,158.59061015639332,3.82,2.59,1.23,0.73,4.23,23.68,2.77,73.4005,6.645133230556978,101.383307,0.0733730559985753,7454.0,102.3446,210.834,857.0,99.62000274658205
2008-01-18,145.78510411097372,3.66,2.36,1.3,0.8,4.17,27.18,2.87,73.7317,6.28546601310154,101.383307,0.0694017461735354,7454.0,102.3446,210.834,857.0,99.62000274658205
2008-01-25,137.1694012005906,3.61,2.23,1.38,1.31,3.6,29.08,2.95,73.0399,6.311173650130256,101.383307,0.0696856002101446,7454.0,102.3446,210.834,857.0,99.62000274658205
2008-02-01,136.14773930229182,3.62,2.09,1.53,1.52,3.12,24.02,2.98,72.3029,6.599446872450579,98.053106,0.0727371552811847,7482.7,102.3803,211.445,908.7000122070312,88.95999908447266
2008-02-08,129.51435733953642,3.64,1.93,1.71,1.41,3.05,28.01,3.09,73.3367,6.296152848553998,98.053106,0.0693943380817443,7482.7,102.3803,211.445,908.7000122070312,88.95999908447266
2008-02-15,133.96236011089943,3.76,1.91,1.85,1.55,2.97,25.02,3.14,72.9759,6.384591691618979,98.053106,0.0703690849029907,7482.7,102.3803,211.445,908.7000122070312,88.95999908447266
2008-02-22,127.84866028972043,3.79,1.98,1.81,1.59,2.97,24.06,3.12,72.8616,6.399347278732354,98.053106,0.0705317166283268,7482.7,102.3803,211.445,908.7000122070312,88.95999908447266
2008-02-29,130.8819849654474,3.53,1.65,1.88,1.68,3.01,26.54,3.22,70.9133,6.293031307823843,98.053106,0.0693599333812907,7482.7,102.3803,211.445,908.7000122070312,88.95999908447266
2008-03-07,118.24061830708735,3.56,1.53,2.03,2.11,2.96,27.49,3.39,70.6389,6.0957987082167815,94.199935,0.0670839084708516,7513.6,102.2448,212.174,981.5,102.4499969482422
2008-03-14,118.42294982752239,3.44,1.47,1.97,2.26,2.99,31.16,3.42,69.6671,6.071149220208119,94.199935,0.066812642296134,7513.6,102.2448,212.174,981.5,102.4499969482422
2008-03-21,113.82232273239583,3.34,1.59,1.75,2.71,2.08,26.62,3.42,70.8359,6.266130674661481,94.199935,0.0689584018052909,7513.6,102.2448,212.174,981.5,102.4499969482422
2008-03-28,124.75072044957864,3.47,1.67,1.8,2.14,2.09,25.71,3.47,70.1241,6.198780108322061,94.199935,0.0682172127595169,7513.6,102.2448,212.174,981.5,102.4499969482422
2008-04-04,116.74412672710764,3.5,1.83,1.67,2.15,2.26,22.45,3.4,70.2081,6.443271212693124,88.970371,0.0708233521476898,7600.3,101.8438,212.687,882.9000244140625,100.9800033569336
2008-04-11,120.12066929975876,3.49,1.76,1.73,2.3,2.37,23.46,3.38,70.3466,6.266626338491245,88.970371,0.0688817014367841,7600.3,101.8438,212.687,882.9000244140625,100.9800033569336
2008-04-18,125.00692771704247,3.77,2.19,1.58,2.42,2.32,20.13,3.26,70.5427,6.536976665497597,88.970371,0.0718533467052767,7600.3,101.8438,212.687,882.9000244140625,100.9800033569336
2008-04-25,127.82445563299314,3.91,2.44,1.47,2.57,2.28,19.59,3.14,70.8926,6.572286814992512,88.970371,0.0722414699224306,7600.3,101.8438,212.687,882.9000244140625,100.9800033569336
2008-05-02,129.1391902307569,3.89,2.47,1.42,2.39,1.88,18.18,2.97,71.4946,6.62409591288774,83.60464,0.0727555297568403,7664.9,101.5336,213.448,848.9000244140625,112.5199966430664
2008-05-09,120.06265295557229,3.77,2.25,1.52,2.08,1.97,19.41,3.07,70.9725,6.504066701477058,83.60464,0.0714371930392983,7664.9,101.5336,213.448,848.9000244140625,112.5199966430664
2008-05-16,121.54353784371041,3.85,2.47,1.38,2.01,1.91,16.47,3.06,70.5699,6.67773872599386,83.60464,0.0733447137506273,7664.9,101.5336,213.448,848.9000244140625,112.5199966430664
2008-05-23,116.08894001014865,3.85,2.46,1.39,1.99,1.99,19.55,3.06,69.8545,6.446207290351455,83.60464,0.0708016961861093,7664.9,101.5336,213.448,848.9000244140625,112.5199966430664
2008-05-30,115.72057036002367,4.06,2.66,1.4,2.17,1.98,17.83,3.0,70.6806,6.560754867147092,83.60464,0.0720598255582874,7664.9,101.5336,213.448,848.9000244140625,112.5199966430664
2008-06-06,108.72312825081629,3.94,2.4,1.54,2.09,2.01,23.56,3.04,70.871,6.36004175763028,78.193901,0.0698330136377129,7711.4,100.8785,213.942,892.9000244140625,127.76000213623048
2008-06-13,105.52739318892291,4.27,3.05,1.22,2.28,2.02,21.22,2.9,72.1769,6.357003436898201,78.193901,0.0697996529930498,7711.4,100.8785,213.942,892.9000244140625,127.76000213623048
2008-06-20,101.57826827536375,4.16,2.88,1.28,2.29,1.99,22.87,2.95,71.2992,6.16022124552887,78.193901,0.0676389921079122,7711.4,100.8785,213.942,892.9000244140625,127.76000213623048
2008-06-27,96.84302674860534,3.99,2.65,1.34,2.31,1.99,23.44,3.04,70.741,5.975357830079239,78.193901,0.065609198923501,7711.4,100.8785,213.942,892.9000244140625,127.76000213623048
2008-07-04,93.21109632905437,3.99,2.54,1.45,2.15,1.92,24.79,3.08,71.0945,5.868276385701566,75.049759,0.0644419216581288,7728.3,100.2674,215.208,942.5,140.97000122070312
2008-07-11,94.7622153920104,3.96,2.59,1.37,2.34,1.97,27.49,3.15,70.414,5.759497742808701,75.049759,0.063247379287824,7728.3,100.2674,215.208,942.5,140.97000122070312
2008-07-18,96.0734800498369,4.11,2.66,1.45,2.63,1.96,24.05,3.17,70.4381,5.857960920183904,75.049759,0.0643286433499742,7728.3,100.2674,215.208,942.5,140.97000122070312
2008-07-25,102.45574887625733,4.13,2.7,1.43,2.38,2.13,22.91,3.17,71.204,5.8443924471470625,75.049759,0.0641796424476665,7728.3,100.2674,215.208,942.5,140.97000122070312
2008-08-01,104.0097563624288,3.97,2.51,1.46,2.31,2.04,22.57,3.21,71.6681,5.795514908714356,72.603873,0.0636655347243129,7747.3,100.0335,217.463,909.0,125.0999984741211
2008-08-08,104.0097563624288,3.94,2.51,1.43,2.24,2.01,20.66,3.23,74.1199,5.961105780243363,72.603873,0.0654846019767338,7747.3,100.0335,217.463,909.0,125.0999984741211
2008-08-15,104.0097563624288,3.84,2.4,1.44,1.99,2.08,19.58,3.27,74.9655,5.9697509515268115,72.603873,0.0655795718734924,7747.3,100.0335,217.463,909.0,125.0999984741211
2008-08-22,104.0097563624288,3.87,2.42,1.45,2.17,2.02,18.81,3.27,74.4,5.9421600510058035,72.603873,0.0652764772455149,7747.3,100.0335,217.463,909.0,125.0999984741211
2008-08-29,99.94269340974212,3.83,2.36,1.47,2.11,1.94,20.65,3.29,75.0663,5.8990722838123615,72.603873,0.0648031447148156,7747.3,100.0335,217.463,909.0,125.0999984741211
2008-09-05,97.64430536233974,3.66,2.23,1.43,1.98,1.97,23.06,3.37,75.9795,5.672234259568936,69.953967,0.062343427918831,7794.9,99.676,219.016,805.0,109.70999908447266
2008-09-12,92.81058094505187,3.74,2.23,1.51,2.25,2.1,25.66,3.43,76.1543,5.715107349106344,69.953967,0.0628146452989532,7794.9,99.676,219.016,805.0,109.70999908447266
2008-09-19,92.88370703259716,3.78,2.16,1.62,2.79,1.48,32.07,3.77,75.172,5.730540033854547,69.953967,0.0629842656681349,7794.9,99.676,219.016,805.0,109.70999908447266
2008-09-26,85.70798541525215,3.85,2.11,1.74,2.98,1.08,34.74,3.88,74.3001,5.539641028652016,69.953967,0.0608860980280127,7794.9,99.676,219.016,805.0,109.70999908447266
2008-10-03,81.28712416830373,3.63,1.6,2.03,3.12,1.1,45.14,4.35,77.3295,5.026430017233299,54.739995,0.0552838564916207,7808.8,98.1111,218.69,880.7000122070312,98.52999877929688
2008-10-10,67.73537220811517,3.89,1.62,2.27,3.64,0.79,69.95,4.86,80.1307,4.111847687151333,54.739995,0.0452247015620442,7808.8,98.1111,218.69,880.7000122070312,98.52999877929688
2008-10-17,62.96929685669364,3.98,1.64,2.34,3.15,0.6,70.33,5.45,80.1062,4.300836745132236,54.739995,0.0473033227552333,7808.8,98.1111,218.69,880.7000122070312,98.52999877929688
2008-10-24,51.93447783193635,3.76,1.57,2.19,2.87,0.95,79.13,5.54,83.6611,4.00919118172413,54.739995,0.0440956203862374,7808.8,98.1111,218.69,880.7000122070312,98.52999877929688
2008-10-31,58.40941045657764,4.01,1.56,2.45,3.55,0.22,59.89,5.53,82.875,4.429786455713567,54.739995,0.0487215932314904,7808.8,98.1111,218.69,880.7000122070312,98.52999877929688
2008-11-07,62.51708507877825,3.83,1.33,2.5,3.52,0.27,56.1,5.45,82.1033,4.25348478933088,39.570066,0.0468785917110649,7873.6,93.7895,218.877,725.4000244140625,63.90999984741211
2008-11-14,57.60920901042065,3.72,1.22,2.5,3.57,0.34,66.31,5.56,83.3267,3.9898663542873103,39.570066,0.0439731949373617,7873.6,93.7895,218.877,725.4000244140625,63.90999984741211
2008-11-21,54.36041682658117,3.2,1.09,2.11,3.18,0.57,72.67,5.88,85.2076,3.655158053595741,39.570066,0.0402843011132245,7873.6,93.7895,218.877,725.4000244140625,63.90999984741211
2008-11-28,55.58223155168935,2.93,1.0,1.93,2.92,0.52,55.84,6.1,83.3983,4.094719820878279,39.570066,0.045128808062425,7873.6,93.7895,218.877,725.4000244140625,63.90999984741211
2008-12-05,54.76665894691327,2.67,0.93,1.74,2.65,0.12,59.93,6.07,84.7245,4.037281998775173,23.575059,0.04464862366666,7976.3,94.7219,216.995,774.5999755859375,49.279998779296875
2008-12-12,60.5674536965857,2.6,0.78,1.82,2.58,0.15,54.28,6.08,81.5502,4.054148623096154,23.575059,0.0448351530104271,7976.3,94.7219,216.995,774.5999755859375,49.279998779296875
2008-12-19,65.425828432366,2.13,0.74,1.39,2.11,0.11,44.93,5.94,79.5249,4.091707204695097,23.575059,0.0452505163602683,7976.3,94.7219,216.995,774.5999755859375,49.279998779296875
2008-12-26,58.69092042003592,2.16,0.89,1.27,2.13,0.09,43.38,5.9,79.1897,4.022212437120527,23.575059,0.0444819681822663,7976.3,94.7219,216.995,774.5999755859375,49.279998779296875
2009-01-02,63.15162332787254,2.46,0.88,1.58,2.38,0.08,39.19,5.72,79.257,4.3715077329100165,19.255766,0.0485824104928818,8027.8,93.4715,213.153,878.7999877929688,46.34000015258789
2009-01-09,59.4910244460383,2.43,0.75,1.68,2.36,0.09,42.82,5.72,79.5873,4.177046420111083,19.255766,0.0464212798485826,8027.8,93.4715,213.153,878.7999877929688,46.34000015258789
2009-01-16,58.14710977266858,2.36,0.73,1.63,2.24,0.19,46.11,5.55,81.784,3.988308844431875,19.255766,0.0443237595106797,8027.8,93.4715,213.153,878.7999877929688,46.34000015258789
2009-01-23,54.644211591253544,2.65,0.83,1.82,2.54,0.18,47.27,5.63,83.125,3.9030649918463793,19.255766,0.043376408598516,8027.8,93.4715,213.153,878.7999877929688,46.34000015258789
2009-01-30,58.99082650388288,2.87,0.94,1.93,2.63,0.23,44.84,5.38,82.8557,3.874587760354358,19.255766,0.0430599291057243,8027.8,93.4715,213.153,878.7999877929688,46.34000015258789
2009-02-06,58.47232859791932,3.05,0.99,2.06,2.77,0.23,43.37,5.13,82.7215,4.108837243426795,14.964222,0.0459083244508375,8203.0,90.8357,211.398,906.7000122070312,40.08000183105469
2009-02-13,60.66813703396178,2.89,0.97,1.92,2.6,0.22,42.93,5.24,83.0067,3.911295408922832,14.964222,0.0437011757871786,8203.0,90.8357,211.398,906.7000122070312,40.08000183105469
2009-02-20,55.022818996214525,2.78,0.96,1.82,2.51,0.2,49.3,5.25,84.1959,3.642655028869567,14.964222,0.0406996381264179,8203.0,90.8357,211.398,906.7000122070312,40.08000183105469
2009-02-27,54.303142236192215,3.02,1.0,2.02,2.76,0.22,46.35,5.22,85.2042,3.477279949930788,14.964222,0.0388518908611423,8203.0,90.8357,211.398,906.7000122070312,40.08000183105469
2009-03-06,50.69655342022977,2.83,0.91,1.92,2.62,0.2,49.33,5.35,85.5713,3.224509655800713,10.741839,0.0362378554659874,8284.2,88.57,211.933,939.0,40.150001525878906
2009-03-13,52.84920309354286,2.89,0.98,1.91,2.69,0.15,42.36,5.56,84.8427,3.56976019682149,10.741839,0.0401178684107643,8284.2,88.57,211.933,939.0,40.150001525878906
2009-03-20,55.51589233384135,2.65,0.89,1.76,2.43,0.18,45.89,5.86,81.6374,3.626334634187898,10.741839,0.0407536662539078,8284.2,88.57,211.933,939.0,40.150001525878906
2009-03-27,61.56595766670441,2.78,0.9,1.88,2.64,0.15,41.04,5.72,82.616,3.849990338651396,10.741839,0.0432671656561849,8284.2,88.57,211.933,939.0,40.150001525878906
2009-04-03,64.31361077039188,2.91,0.96,1.95,2.7,0.13,39.7,5.68,82.0851,3.960884793493336,11.053517,0.0447933681619795,8314.7,88.031,212.705,926.0999755859376,48.38999938964844
2009-04-10,67.3420278835409,2.96,0.96,2.0,2.78,0.15,36.53,5.61,82.906,4.026985719934151,11.053517,0.0455408989002568,8314.7,88.031,212.705,926.0999755859376,48.38999938964844
2009-04-17,67.95574176147814,2.98,0.99,1.99,2.84,0.13,33.94,5.43,82.7691,4.08829118067717,11.053517,0.0462341980534947,8314.7,88.031,212.705,926.0999755859376,48.38999938964844
2009-04-24,70.04507565295398,3.03,0.99,2.04,2.93,0.16,36.82,5.25,81.681,4.072447664458992,11.053517,0.0460550248404522,8314.7,88.031,212.705,926.0999755859376,48.38999938964844
2009-05-01,70.62021988016181,3.21,0.92,2.29,3.05,0.22,35.3,5.01,81.4301,4.129603141397444,11.359129,0.0470009365383908,8380.5,86.6528,212.495,887.5999755859375,53.20000076293945
2009-05-08,73.6693260936771,3.29,1.0,2.29,3.1,0.17,32.05,4.85,80.0147,4.372949859849643,11.359129,0.0497705788694277,8380.5,86.6528,212.495,887.5999755859375,53.20000076293945
2009-05-15,74.3504838801751,3.14,0.88,2.26,2.97,0.17,33.12,4.85,79.6772,4.154827195382539,11.359129,0.0472880232438201,8380.5,86.6528,212.495,887.5999755859375,53.20000076293945
2009-05-22,89.90348836240214,3.45,0.92,2.53,3.27,0.17,32.63,4.66,77.0482,4.17421586390268,11.359129,0.0475086947096914,8380.5,86.6528,212.495,887.5999755859375,53.20000076293945
2009-05-29,94.43147949174075,3.47,0.92,2.55,3.33,0.19,28.92,4.29,76.2305,4.325466550499717,11.359129,0.0492301492123945,8380.5,86.6528,212.495,887.5999755859375,53.20000076293945
2009-06-05,97.45261802114568,3.84,1.32,2.52,3.64,0.21,29.62,3.95,77.3449,4.419606254815117,11.596964,0.0506333603215432,8390.2,85.9344,212.709,978.5999755859376,68.58000183105469
2009-06-12,96.88220181474097,3.81,1.3,2.51,3.62,0.17,28.15,3.79,76.9937,4.448377934044428,11.596964,0.0509629839842589,8390.2,85.9344,212.709,978.5999755859376,68.58000183105469
2009-06-19,89.8329784214361,3.79,1.25,2.54,3.6,0.25,27.99,3.54,77.0952,4.330940300921681,11.596964,0.0496175559867456,8390.2,85.9344,212.709,978.5999755859376,68.58000183105469
2009-06-26,91.1220762667733,3.52,1.1,2.42,3.32,0.18,25.93,3.65,77.3562,4.319986575152262,11.596964,0.0494920642773558,8390.2,85.9344,212.709,978.5999755859376,68.58000183105469
2009-07-03,92.54204577190012,3.51,0.98,2.53,3.34,0.16,27.95,3.63,77.7282,4.208109880247845,14.208606,0.0485375442251163,8452.9,85.0665,213.022,941.0,69.30999755859375
2009-07-10,82.10938339009654,3.32,0.91,2.41,3.14,0.15,29.02,3.71,77.7299,4.126944657748085,14.208606,0.0476013613095714,8452.9,85.0665,213.022,941.0,69.30999755859375
2009-07-17,90.0881374720661,3.67,1.02,2.65,3.5,0.15,24.34,3.56,76.4494,4.414473645364388,14.208606,0.0509178029780592,8452.9,85.0665,213.022,941.0,69.30999755859375
2009-07-24,94.85600929093422,3.7,1.05,2.65,3.52,0.15,23.09,3.41,75.5523,4.596990028098624,14.208606,0.0530229991946203,8452.9,85.0665,213.022,941.0,69.30999755859375
2009-07-31,97.35124194324811,3.52,1.13,2.39,3.34,0.18,25.92,3.11,75.0601,4.635577454294627,14.208606,0.0534680776167198,8452.9,85.0665,213.022,941.0,69.30999755859375
2009-08-07,93.87490049327845,3.89,1.32,2.57,3.7,0.17,24.76,2.85,75.7896,4.704501980859211,16.764232,0.054629108722084,8462.9,84.7459,214.79,956.5999755859376,71.58000183105469
2009-08-14,95.03558046357044,3.55,1.07,2.48,3.37,0.15,24.27,3.02,75.6458,4.674752208461608,16.764232,0.054283651634941,8462.9,84.7459,214.79,956.5999755859376,71.58000183105469
2009-08-21,93.5064920662675,3.56,1.13,2.43,3.39,0.16,25.01,3.06,75.0616,4.777363959601529,16.764232,0.0554751887056008,8462.9,84.7459,214.79,956.5999755859376,71.58000183105469
2009-08-28,97.51793005193484,3.46,1.01,2.45,3.31,0.14,24.76,2.95,75.0157,4.790400175571198,16.764232,0.0556265664417414,8462.9,84.7459,214.79,956.5999755859376,71.58000183105469
2009-09-04,95.77637512116083,3.45,0.94,2.51,3.31,0.15,25.26,3.0,75.1119,4.733474401861267,19.339557,0.0553345007032999,8467.3,85.7027,214.726,954.7000122070312,68.05000305175781
2009-09-11,99.79645625871962,3.34,0.9,2.44,3.2,0.15,24.15,2.97,73.6224,4.856095584459963,19.339557,0.0567679471189135,8467.3,85.7027,214.726,954.7000122070312,68.05000305175781
2009-09-18,103.58570280189437,3.49,1.03,2.46,3.41,0.16,23.92,2.85,73.607,4.97517789568159,19.339557,0.058160023989859,8467.3,85.7027,214.726,954.7000122070312,68.05000305175781
2009-09-25,103.44507955535357,3.34,0.98,2.36,3.24,0.13,25.61,2.83,73.9733,4.863779909665399,19.339557,0.0568577771808058,8467.3,85.7027,214.726,954.7000122070312,68.05000305175781
2009-10-02,106.7313361516665,3.24,0.88,2.36,3.14,0.13,28.68,2.93,74.0516,4.758569291176403,39.0579,0.0559980842264851,8466.2,86.6426,215.445,999.5,70.81999969482422
2009-10-09,106.44453432825183,3.4,0.98,2.42,3.33,0.12,23.12,2.96,72.8897,4.973380631875305,39.0579,0.0585259498123801,8466.2,86.6426,215.445,999.5,70.81999969482422
2009-10-16,111.25860203201266,3.43,0.97,2.46,3.36,0.12,21.43,2.93,72.3752,5.048527715709056,39.0579,0.059410268705813,8466.2,86.6426,215.445,999.5,70.81999969482422
2009-10-23,107.63008644773541,3.51,1.04,2.47,3.44,0.11,22.27,2.8,72.4086,5.011023581823378,39.0579,0.0589689260417342,8466.2,86.6426,215.445,999.5,70.81999969482422
2009-10-30,100.42414998221032,3.41,0.9,2.51,3.36,0.11,30.69,2.86,73.343,4.809533483748753,39.0579,0.0565978227137429,8466.2,86.6426,215.445,999.5,70.81999969482422
2009-11-06,102.61338746492483,3.54,0.86,2.68,3.48,0.12,24.19,2.86,72.9171,4.953650955143009,58.753267,0.0585854688659117,8462.7,87.4063,215.861,1053.4000244140625,78.12999725341797
2009-11-13,108.06671836165108,3.43,0.82,2.61,3.37,0.12,23.36,2.93,72.2546,5.065667167615966,58.753267,0.0599102538351672,8462.7,87.4063,215.861,1053.4000244140625,78.12999725341797
2009-11-20,108.32172087389222,3.36,0.75,2.61,3.34,0.11,22.19,2.93,72.6985,5.0559387980358315,58.753267,0.0597951990809437,8462.7,87.4063,215.861,1053.4000244140625,78.12999725341797
2009-11-27,106.15319852600751,3.21,0.68,2.53,3.18,0.12,24.85,2.99,72.1116,5.0564483173633725,58.753267,0.0598012250260437,8462.7,87.4063,215.861,1053.4000244140625,78.12999725341797
2009-12-04,110.70205272862022,3.48,0.84,2.64,3.42,0.12,21.25,2.91,72.4428,5.108240213888338,78.614715,0.060615679104987,8489.2,87.6419,216.509,1199.0999755859375,78.37000274658203
2009-12-11,110.11339598762761,3.55,0.83,2.72,3.52,0.12,21.59,2.86,73.2361,5.110226522591152,78.614715,0.0606392491498345,8489.2,87.6419,216.509,1199.0999755859375,78.37000274658203
2009-12-18,106.79614349887866,3.55,0.82,2.73,3.5,0.12,21.68,2.73,74.3857,5.092028371583283,78.614715,0.0604233052561237,8489.2,87.6419,216.509,1199.0999755859375,78.37000274658203
2009-12-25,111.00535333254068,3.82,1.0,2.82,3.77,0.11,19.47,2.65,74.0336,5.2029244995300425,78.614715,0.0617392269481636,8489.2,87.6419,216.509,1199.0999755859375,78.37000274658203
2010-01-01,111.58656375414002,3.85,1.14,2.71,3.79,0.05,21.68,2.54,74.0746,5.133174252584483,83.450202,0.0610124035923636,8517.9,88.0221,217.234,1117.699951171875,81.51000213623047
2010-01-08,115.22364384784757,3.83,0.96,2.87,3.78,0.11,18.13,2.49,73.7168,5.270721804453952,83.450202,0.0626472802466241,8517.9,88.0221,217.234,1117.699951171875,81.51000213623047
2010-01-15,114.66934555244607,3.7,0.89,2.81,3.64,0.12,17.91,2.48,73.1811,5.229522217041876,83.450202,0.062157586008452,8517.9,88.0221,217.234,1117.699951171875,81.51000213623047
2010-01-22,108.95009078918505,3.62,0.84,2.78,3.56,0.11,27.31,2.53,74.2269,5.025732665078325,83.450202,0.0597353634653448,8517.9,88.0221,217.234,1117.699951171875,81.51000213623047
2010-01-29,105.90589287898345,3.63,0.82,2.81,3.55,0.12,24.62,2.57,75.1727,4.94337900658823,83.450202,0.0587565159916641,8517.9,88.0221,217.234,1117.699951171875,81.51000213623047
2010-02-05,100.95960475628395,3.59,0.77,2.82,3.49,0.13,26.11,2.62,75.986,4.905473465961113,88.531375,0.0583836172622611,8510.6,88.3793,217.347,1104.300048828125,74.43000030517578
2010-02-12,104.02693833887369,3.69,0.84,2.85,3.59,0.12,22.73,2.72,75.5219,4.9483545195729635,88.531375,0.0588939759542913,8510.6,88.3793,217.347,1104.300048828125,74.43000030517578
2010-02-19,104.74780176340579,3.78,0.95,2.83,3.67,0.13,20.02,2.65,75.8191,5.103222238840713,88.531375,0.060737169625758,8510.6,88.3793,217.347,1104.300048828125,74.43000030517578
2010-02-26,106.84856559667783,3.61,0.81,2.8,3.48,0.13,19.5,2.62,75.3583,5.081689603419302,88.531375,0.0604808940279355,8510.6,88.3793,217.347,1104.300048828125,74.43000030517578
2010-03-05,111.81990551440366,3.69,0.91,2.78,3.54,0.17,17.42,2.61,75.2128,5.235690940060486,93.250427,0.06237311894288,8473.1,89.3426,217.488,1117.800048828125,78.69999694824219
2010-03-12,112.90605907859025,3.71,0.97,2.74,3.56,0.17,17.58,2.55,74.6303,5.287602029695316,93.250427,0.0629915390531033,8473.1,89.3426,217.488,1117.800048828125,78.69999694824219
2010-03-19,116.25871749895822,3.7,1.02,2.68,3.54,0.18,16.97,2.49,75.1009,5.333167919214221,93.250427,0.0635343683910528,8473.1,89.3426,217.488,1117.800048828125,78.69999694824219
2010-03-26,117.01891849133449,3.86,1.04,2.82,3.72,0.17,17.77,2.49,76.0539,5.363927967613443,93.250427,0.0639008148027027,8473.1,89.3426,217.488,1117.800048828125,78.69999694824219
2010-04-02,118.07043738934671,3.96,1.11,2.85,3.8,0.2,17.47,2.44,75.5882,5.422011016084874,96.230914,0.0646304527868104,8523.4,89.6779,217.281,1125.0999755859375,84.87000274658203
2010-04-09,121.52652152774998,3.9,1.08,2.82,3.74,0.19,16.14,2.43,75.2469,5.4968911000832446,96.230914,0.0655230245132736,8523.4,89.6779,217.281,1125.0999755859375,84.87000274658203
2010-04-16,118.7463333958242,3.79,0.98,2.81,3.63,0.21,18.36,2.43,75.2225,5.486581914124164,96.230914,0.065400138861728,8523.4,89.6779,217.281,1125.0999755859375,84.87000274658203
2010-04-23,119.75841020578349,3.84,1.1,2.74,3.68,0.2,16.62,2.37,75.5681,5.602330757391925,96.230914,0.066779866812806,8523.4,89.6779,217.281,1125.0999755859375,84.87000274658203
2010-04-30,119.36315931274713,3.69,0.97,2.72,3.53,0.2,22.05,2.38,75.909,5.4615449183603255,96.230914,0.065101697495999,8523.4,89.6779,217.281,1125.0999755859375,84.87000274658203
2010-05-07,110.48592816966425,3.45,0.83,2.62,3.32,0.2,40.95,2.55,78.0003,5.110948571599253,99.296111,0.0609435560631081,8519.0,90.2928,217.353,1182.699951171875,86.19000244140625
2010-05-14,112.64319891287283,3.44,0.79,2.65,3.28,0.2,31.24,2.59,78.7662,5.225048900686613,99.296111,0.0623041019001754,8519.0,90.2928,217.353,1182.699951171875,86.19000244140625
2010-05-21,105.10145315917885,3.2,0.76,2.44,3.03,0.2,40.1,2.76,78.8273,5.0042554802843755,99.296111,0.0596713350064873,8519.0,90.2928,217.353,1182.699951171875,86.19000244140625
2010-05-28,109.36258637270025,3.31,0.76,2.55,3.15,0.19,32.07,2.89,79.1945,5.0121693014574795,99.296111,0.0597657003473981,8519.0,90.2928,217.353,1182.699951171875,86.19000244140625
2010-06-04,109.57369626730554,3.2,0.72,2.48,3.06,0.19,35.48,2.95,80.3981,4.89818450013483,102.535951,0.0584118183378132,8554.3,90.5991,217.403,1224.800048828125,72.58000183105469
2010-06-11,109.43926869501765,3.24,0.75,2.49,3.16,0.18,28.79,3.04,79.6463,5.021089753066597,102.535951,0.0598774877724406,8554.3,90.5991,217.403,1224.800048828125,72.58000183105469
2010-06-18,114.45908965816155,3.24,0.74,2.5,3.13,0.18,23.95,3.04,78.3196,5.14026949842286,102.535951,0.0612987297928474,8554.3,90.5991,217.403,1224.800048828125,72.58000183105469
2010-06-25,113.65998555684803,3.12,0.65,2.47,2.99,0.16,28.53,3.09,78.3432,4.952829582690327,102.535951,0.0590634717484184,8554.3,90.5991,217.403,1224.800048828125,72.58000183105469
2010-07-02,112.46134702849604,3.0,0.63,2.37,2.83,0.18,30.12,3.04,78.0191,4.70606110308732,104.938401,0.0561082872573662,8612.0,91.823,217.29,1206.300048828125,72.94999694824219
2010-07-09,114.71666352577013,3.07,0.63,2.44,2.91,0.18,24.98,3.07,77.209,4.960927612579963,104.938401,0.0591469480426064,8612.0,91.823,217.29,1206.300048828125,72.94999694824219
2010-07-16,115.49365146900112,2.96,0.61,2.35,2.81,0.19,26.25,3.04,76.6215,4.900731763462711,104.938401,0.0584292595298592,8612.0,91.823,217.29,1206.300048828125,72.94999694824219
2010-07-23,116.14093061768209,3.02,0.6,2.42,2.86,0.19,23.47,2.95,76.3971,5.074600921255868,104.938401,0.0605022246777735,8612.0,91.823,217.29,1206.300048828125,72.94999694824219
2010-07-30,115.76087159514123,2.94,0.55,2.39,2.79,0.18,23.5,2.91,75.4647,5.069722378323611,104.938401,0.0604440599658744,8612.0,91.823,217.29,1206.300048828125,72.94999694824219
2010-08-06,118.10079096823868,2.86,0.5,2.36,2.71,0.18,21.74,2.94,74.6328,5.164112241071264,107.214458,0.0615466916132846,8631.0,91.9928,217.199,1183.4000244140625,81.33999633789062
2010-08-13,116.72233364416053,2.68,0.54,2.14,2.53,0.19,26.24,3.05,76.4662,4.968945529215143,107.214458,0.0592206644343525,8631.0,91.9928,217.199,1183.4000244140625,81.33999633789062
2010-08-20,119.3030264130623,2.62,0.49,2.13,2.47,0.2,25.49,2.9,76.7706,4.934138469358745,107.214458,0.0588058284898684,8631.0,91.9928,217.199,1183.4000244140625,81.33999633789062
2010-08-27,115.60016250865355,2.66,0.56,2.1,2.51,0.19,24.45,2.96,76.5441,4.901449665147227,107.214458,0.0584162382450994,8631.0,91.9928,217.199,1183.4000244140625,81.33999633789062
2010-09-03,117.58369274167868,2.72,0.52,2.2,2.58,0.19,21.31,2.97,75.8293,5.075756576207463,109.571458,0.0604645247067855,8642.3,92.3421,217.605,1246.300048828125,73.91000366210938
2010-09-10,121.80743437127566,2.81,0.58,2.23,2.67,0.18,21.99,2.94,75.9987,5.098917988226948,109.571458,0.0607404330858162,8642.3,92.3421,217.605,1246.300048828125,73.91000366210938
2010-09-17,127.65619067462882,2.75,0.48,2.27,2.59,0.21,22.01,3.03,75.3334,5.172629148320638,109.571458,0.0616185111011297,8642.3,92.3421,217.605,1246.300048828125,73.91000366210938
2010-09-24,132.4158350640756,2.62,0.45,2.17,2.47,0.21,21.71,3.05,73.8244,5.278693246686944,109.571458,0.0628819907814268,8642.3,92.3421,217.605,1246.300048828125,73.91000366210938
2010-10-01,137.85876041127818,2.54,0.42,2.12,2.38,0.2,22.5,3.07,72.9636,5.25983943977632,112.222086,0.0626163700178868,8690.5,92.6805,217.923,1316.0999755859375,81.58000183105469
2010-10-08,138.08710610770132,2.41,0.35,2.06,2.29,0.18,20.71,3.21,72.1319,5.34661336533575,112.222086,0.0636493803013651,8690.5,92.6805,217.923,1316.0999755859375,81.58000183105469
2010-10-15,137.57487957665413,2.59,0.37,2.22,2.45,0.2,19.03,3.26,71.7903,5.39727307996976,112.222086,0.064252464762943,8690.5,92.6805,217.923,1316.0999755859375,81.58000183105469
2010-10-22,137.24094343848347,2.59,0.35,2.24,2.46,0.19,18.78,3.18,72.5335,5.428889819131929,112.222086,0.0646288499094489,8690.5,92.6805,217.923,1316.0999755859375,81.58000183105469
2010-10-29,135.47276999933703,2.63,0.34,2.29,2.51,0.2,21.2,3.15,72.1409,5.429716045417992,112.222086,0.0646386858163124,8690.5,92.6805,217.923,1316.0999755859375,81.58000183105469
2010-11-05,143.4224007743628,2.58,0.38,2.2,2.45,0.18,18.26,3.27,71.4082,5.616080520379968,114.960625,0.06677917926806,8719.6,92.9537,218.275,1350.199951171875,82.94999694824219
2010-11-12,137.24343743185347,2.76,0.51,2.25,2.63,0.19,20.61,3.24,72.5084,5.494032577883404,114.960625,0.0653279426980536,8719.6,92.9537,218.275,1350.199951171875,82.94999694824219
2010-11-19,130.46067786534448,2.88,0.52,2.36,2.74,0.21,18.04,3.11,73.1836,5.496414983249341,114.960625,0.0653562711870138,8719.6,92.9537,218.275,1350.199951171875,82.94999694824219
2010-11-26,126.25555039389567,2.87,0.51,2.36,2.71,0.2,22.22,3.07,74.2716,5.449089563230157,114.960625,0.0647935383885917,8719.6,92.9537,218.275,1350.199951171875,82.94999694824219
2010-12-03,132.78971112015924,3.03,0.49,2.54,2.89,0.18,18.01,3.02,73.3383,5.591389325621476,117.544357,0.0663741353883979,8769.8,92.6903,219.035,1387.300048828125,86.75
2010-12-10,130.0188722941793,3.32,0.64,2.68,3.19,0.16,17.61,2.79,73.8277,5.663022002940455,117.544357,0.067224470921432,8769.8,92.6903,219.035,1387.300048828125,86.75
2010-12-17,131.46408839779005,3.33,0.61,2.72,3.22,0.2,16.11,2.73,74.2145,5.679046883738615,117.544357,0.0674146987066456,8769.8,92.6903,219.035,1387.300048828125,86.75
2010-12-24,133.41322490992158,3.41,0.67,2.74,3.27,0.19,16.47,2.7,74.0457,5.737758894839866,117.544357,0.0681116558932794,8769.8,92.6903,219.035,1387.300048828125,86.75
2010-12-31,136.90024128534097,3.3,0.61,2.69,3.18,0.13,17.75,2.68,73.212,5.741730840497809,117.544357,0.0681588059741453,8769.8,92.6903,219.035,1387.300048828125,86.75
2011-01-07,130.69057232785863,3.34,0.6,2.74,3.2,0.17,17.14,2.73,74.0203,5.790336536272143,118.983539,0.068587653053952,8790.3,92.7709,219.59,1422.5999755859375,91.5500030517578
2011-01-14,125.76845907099562,3.35,0.59,2.76,3.2,0.16,15.46,2.74,72.9959,5.889339178625507,118.983539,0.0697603584472604,8790.3,92.7709,219.59,1422.5999755859375,91.5500030517578
2011-01-21,124.43750306239077,3.44,0.63,2.81,3.28,0.17,18.47,2.68,72.4317,5.844300631112243,118.983539,0.0692268681653842,8790.3,92.7709,219.59,1422.5999755859375,91.5500030517578
2011-01-28,120.64765223867575,3.36,0.54,2.82,3.21,0.17,20.04,2.7,72.3801,5.812377457171603,118.983539,0.068848732013037,8790.3,92.7709,219.59,1422.5999755859375,91.5500030517578
2011-02-04,118.43173479716336,3.68,0.77,2.91,3.53,0.17,15.93,2.57,72.1176,5.945743655054553,120.386289,0.0702429008050097,8822.0,93.6787,220.472,1339.5999755859375,90.7699966430664
2011-02-11,116.37080595447226,3.64,0.85,2.79,3.52,0.15,15.69,2.56,72.5923,6.028656810905977,120.386289,0.0712224352282523,8822.0,93.6787,220.472,1339.5999755859375,90.7699966430664
2011-02-18,120.74652302276584,3.59,0.78,2.81,3.49,0.15,16.43,2.58,71.8652,6.091521870194968,120.386289,0.071965121825577,8822.0,93.6787,220.472,1339.5999755859375,90.7699966430664
2011-02-25,116.8182737100652,3.42,0.72,2.7,3.29,0.15,19.22,2.6,71.4589,5.986610566796747,120.386289,0.0707257017117178,8822.0,93.6787,220.472,1339.5999755859375,90.7699966430664
2011-03-04,123.49498747911697,3.49,0.68,2.81,3.37,0.15,19.06,2.6,70.8336,5.973000331909481,121.191167,0.0703473376909821,8844.5,93.4814,221.187,1430.699951171875,99.62999725341795
2011-03-11,120.7149217830627,3.4,0.64,2.76,3.32,0.13,20.08,2.63,71.1028,5.896730048768124,121.191167,0.069449060264934,8844.5,93.4814,221.187,1430.699951171875,99.62999725341795
2011-03-18,119.28302522349003,3.28,0.61,2.67,3.21,0.15,24.44,2.69,70.6199,5.783386731306541,121.191167,0.068114153152023,8844.5,93.4814,221.187,1430.699951171875,99.62999725341795
2011-03-25,126.77691016695545,3.46,0.79,2.67,3.37,0.13,17.91,2.58,70.4768,5.939770641258867,121.191167,0.0699559731941349,8844.5,93.4814,221.187,1430.699951171875,99.62999725341795
2011-04-01,131.0697346386778,3.46,0.8,2.66,3.39,0.11,17.4,2.58,70.4113,6.004605873778437,121.6795,0.0704754402645743,8909.9,93.1102,221.898,1428.0999755859375,107.94000244140624
2011-04-08,132.4716599123744,3.59,0.83,2.76,3.55,0.09,17.87,2.56,69.8312,5.985498039393382,121.6795,0.0702511735817817,8909.9,93.1102,221.898,1428.0999755859375,107.94000244140624
2011-04-15,131.12449447959523,3.43,0.71,2.72,3.36,0.12,15.32,2.56,69.6226,5.947237260862818,121.6795,0.0698021107675873,8909.9,93.1102,221.898,1428.0999755859375,107.94000244140624
2011-04-22,132.95753317842986,3.42,0.68,2.74,3.36,0.1,14.69,2.57,68.9655,6.027003419962382,121.6795,0.0707383179556901,8909.9,93.1102,221.898,1428.0999755859375,107.94000244140624
2011-04-29,129.7855552825851,3.32,0.61,2.71,3.28,0.09,14.75,2.58,68.1169,6.145210796634321,121.6795,0.0721257057524238,8909.9,93.1102,221.898,1428.0999755859375,107.94000244140624
2011-05-06,124.19351455392322,3.19,0.57,2.62,3.17,0.09,18.4,2.6,69.0411,6.008625804416466,122.3676,0.0702371722318609,8967.7,94.0788,223.046,1556.699951171875,113.5199966430664
2011-05-13,124.01588265578017,3.18,0.57,2.61,3.15,0.09,17.07,2.64,70.1238,5.997731497230392,122.3676,0.070109824423047,8967.7,94.0788,223.046,1556.699951171875,113.5199966430664
2011-05-20,122.32665070929556,3.15,0.55,2.6,3.1,0.1,17.43,2.63,70.163,5.977556286735696,122.3676,0.0698739885130644,8967.7,94.0788,223.046,1556.699951171875,113.5199966430664
2011-05-27,121.17947032686276,3.07,0.48,2.59,3.02,0.1,15.98,2.65,69.6972,5.967827154873603,122.3676,0.0697602608933876,8967.7,94.0788,223.046,1556.699951171875,113.5199966430664
2011-06-03,123.25179193194907,2.99,0.42,2.57,2.95,0.11,17.95,2.73,69.0276,5.801877051847615,123.757965,0.0675047312218277,9033.6,93.7749,224.093,1542.4000244140625,100.29000091552734
2011-06-10,122.99999982893733,2.99,0.41,2.58,2.94,0.09,18.86,2.71,69.5822,5.671663017000754,123.757965,0.0659896933564789,9033.6,93.7749,224.093,1542.4000244140625,100.29000091552734
2011-06-17,119.78571414582584,2.94,0.38,2.56,2.9,0.1,21.85,2.79,69.7296,5.673983569321666,123.757965,0.0660166929394259,9033.6,93.7749,224.093,1542.4000244140625,100.29000091552734
2011-06-24,121.98997070550553,2.88,0.35,2.53,2.86,0.08,21.1,2.83,70.1976,5.6603729307558694,123.757965,0.0658583334137188,9033.6,93.7749,224.093,1542.4000244140625,100.29000091552734
2011-07-01,126.1902178371599,3.22,0.5,2.72,3.2,0.08,15.87,2.69,69.0975,5.95922726237428,125.176751,0.0689682711630362,9109.4,93.888,224.806,1482.300048828125,94.94000244140624
2011-07-08,127.69342811933453,3.03,0.4,2.63,3.0,0.07,15.95,2.73,69.5929,5.977598679875648,125.176751,0.0691808901567576,9109.4,93.888,224.806,1482.300048828125,94.94000244140624
2011-07-15,125.70044833001323,2.94,0.37,2.57,2.92,0.06,19.53,2.8,69.286,5.8545591071788,125.176751,0.0677569091203037,9109.4,93.888,224.806,1482.300048828125,94.94000244140624
2011-07-22,127.17720750205439,2.99,0.4,2.59,2.94,0.06,17.52,2.75,68.6043,5.983025450972171,125.176751,0.0692436961220357,9109.4,93.888,224.806,1482.300048828125,94.94000244140624
2011-07-29,124.56260415983175,2.82,0.36,2.46,2.72,0.11,25.25,2.77,68.2882,5.748423215113809,125.176751,0.06652856043317,9109.4,93.888,224.806,1482.300048828125,94.94000244140624
2011-08-05,116.94118511138963,2.58,0.28,2.3,2.57,0.08,32.0,2.77,69.6388,5.335177908431325,126.356655,0.061382168267556,9184.2,94.172,224.806,1619.0,94.88999938964844
2011-08-12,112.00296463793349,2.24,0.2,2.04,2.22,0.1,36.36,3.14,69.3817,5.243677030834363,126.356655,0.0603294344390533,9184.2,94.172,224.806,1619.0,94.88999938964844
2011-08-19,106.00853203669787,2.07,0.2,1.87,2.05,0.09,43.05,3.12,68.8763,4.997775990395607,126.356655,0.0575002993473209,9184.2,94.172,224.806,1619.0,94.88999938964844
2011-08-26,103.19061025623806,2.19,0.2,1.99,2.18,0.09,35.59,3.25,68.9106,5.234735944895265,126.356655,0.0602265656592248,9184.2,94.172,224.806,1619.0,94.88999938964844
2011-09-02,110.28446205382129,2.02,0.2,1.82,2.0,0.08,33.92,3.18,69.3116,5.208500502243284,127.686908,0.0595369674666278,9346.9,94.636,225.395,1826.0,88.93000030517578
2011-09-09,109.67808537098777,1.93,0.17,1.76,1.92,0.09,38.52,3.28,71.2197,5.120920963059295,127.686908,0.0585358693246782,9346.9,94.636,225.395,1826.0,88.93000030517578
2011-09-16,107.03684210526316,2.08,0.18,1.9,2.07,0.09,30.98,3.31,70.6435,5.39501767903292,127.686908,0.0616689951167565,9346.9,94.636,225.395,1826.0,88.93000030517578
2011-09-23,98.3920530802179,1.84,0.23,1.61,1.83,0.08,41.25,3.31,72.4312,5.041948817457962,127.686908,0.0576331599822463,9346.9,94.636,225.395,1826.0,88.93000030517578
2011-09-30,101.17171384055845,1.92,0.25,1.67,1.9,0.06,42.96,3.3,72.8553,5.0197211293298984,127.686908,0.0573790812614381,9346.9,94.636,225.395,1826.0,88.93000030517578
2011-10-07,99.67474945824921,2.1,0.3,1.8,2.09,0.07,36.2,3.32,72.5477,5.11025784781253,127.936119,0.0580007044830987,9532.5,95.2749,226.106,1656.0,77.61000061035156
2011-10-14,104.31503506303748,2.26,0.28,1.98,2.24,0.07,28.24,3.26,71.3184,5.415955154019299,127.936119,0.0614703257129096,9532.5,95.2749,226.106,1656.0,77.61000061035156
2011-10-21,101.28259393290234,2.23,0.3,1.93,2.21,0.07,31.32,3.18,70.8981,5.476413717459953,127.936119,0.062156521865046,9532.5,95.2749,226.106,1656.0,77.61000061035156
2011-10-28,107.6661999747168,2.34,0.28,2.06,2.33,0.07,24.53,2.99,69.7627,5.683573040168383,127.936119,0.0645077509057634,9532.5,95.2749,226.106,1656.0,77.61000061035156
2011-11-04,107.73528297069159,2.06,0.22,1.84,2.05,0.08,30.16,3.06,71.5894,5.530655659469233,128.029409,0.062317518490765,9553.3,95.1961,226.597,1711.0,92.19000244140624
2011-11-11,103.45977166486189,2.04,0.24,1.8,2.03,0.08,30.04,3.14,71.9898,5.577522983913898,128.029409,0.0628456033214835,9553.3,95.1961,226.597,1711.0,92.19000244140624
2011-11-18,96.29032789189166,2.01,0.29,1.72,2.0,0.08,32.0,3.14,72.3249,5.364810762781778,128.029409,0.0604488354534791,9553.3,95.1961,226.597,1711.0,92.19000244140624
2011-11-25,90.46827554185033,1.97,0.28,1.69,1.95,0.07,34.47,3.18,73.745,5.113351209174493,128.029409,0.0576154760208101,9553.3,95.1961,226.597,1711.0,92.19000244140624
2011-12-02,98.44346934600695,2.05,0.25,1.8,2.03,0.08,27.52,3.24,72.5923,5.487453271430541,128.331218,0.0613731196261928,9586.2,95.8568,226.75,1735.300048828125,100.1999969482422
2011-12-09,94.13346467107091,2.07,0.22,1.85,2.06,0.07,26.38,3.28,72.6503,5.535567547546858,128.331218,0.0619112423359001,9586.2,95.8568,226.75,1735.300048828125,100.1999969482422
2011-12-16,87.41966129846533,1.86,0.24,1.62,1.86,0.07,24.29,3.26,73.9433,5.378875564188258,128.331218,0.0601587580114867,9586.2,95.8568,226.75,1735.300048828125,100.1999969482422
2011-12-23,89.77337936929416,2.03,0.28,1.75,2.02,0.08,20.73,3.32,73.5225,5.580286465511301,128.331218,0.0624113904676527,9586.2,95.8568,226.75,1735.300048828125,100.1999969482422
2011-12-30,87.25093971108491,1.89,0.25,1.64,1.87,0.04,23.4,3.27,73.4051,5.546196143708655,128.331218,0.0620301153488317,9586.2,95.8568,226.75,1735.300048828125,100.1999969482422
2012-01-06,90.25686912379432,1.98,0.25,1.73,1.96,0.07,20.63,3.27,74.1985,5.624931476538392,128.54782,0.0624347645884001,9639.5,95.8485,227.169,1599.699951171875,102.95999908447266
2012-01-13,94.60852229187118,1.89,0.24,1.65,1.86,0.09,20.91,3.24,74.3374,5.6745857305367915,128.54782,0.0629859093751648,9639.5,95.8485,227.169,1599.699951171875,102.95999908447266
2012-01-20,100.52366725612954,2.05,0.26,1.79,2.0,0.09,18.28,3.24,73.3198,5.790314721123095,128.54782,0.064270460540534,9639.5,95.8485,227.169,1599.699951171875,102.95999908447266
2012-01-27,105.3839018355778,1.93,0.22,1.71,1.87,0.09,18.53,3.28,72.3313,5.794496414804342,128.54782,0.0643168758722866,9639.5,95.8485,227.169,1599.699951171875,102.95999908447266
2012-02-03,109.46601671055846,1.97,0.23,1.74,1.89,0.11,17.1,3.26,72.3079,5.918855152929336,128.759705,0.065202028643552,9683.5,96.3571,227.223,1747.0999755859375,97.61000061035156
2012-02-10,109.0430171980213,1.96,0.27,1.69,1.87,0.12,20.79,3.17,72.4666,5.908908933727824,128.759705,0.0650924612267939,9683.5,96.3571,227.223,1747.0999755859375,97.61000061035156
2012-02-17,112.82492629802037,2.01,0.29,1.72,1.92,0.09,17.78,3.17,72.7083,5.9907226841857995,128.759705,0.0659937203998887,9683.5,96.3571,227.223,1747.0999755859375,97.61000061035156
2012-02-24,110.78395096563418,1.98,0.31,1.67,1.88,0.09,17.31,3.12,72.2163,6.010571069981362,128.759705,0.0662123699504745,9683.5,96.3571,227.223,1747.0999755859375,97.61000061035156
2012-03-02,108.23033905260573,1.99,0.28,1.71,1.92,0.11,17.29,3.09,72.7203,6.0113148799730185,128.558755,0.0657228407537306,9753.3,96.9318,227.842,1721.0999755859375,108.83999633789062
2012-03-09,106.515479527914,2.04,0.33,1.71,1.95,0.12,17.11,3.11,73.2267,6.0167572050683695,128.558755,0.0657823427217215,9753.3,96.9318,227.842,1721.0999755859375,108.83999633789062
2012-03-16,106.07583754912184,2.31,0.37,1.94,2.22,0.15,14.47,3.04,73.1649,6.162911333052345,128.558755,0.0673802734025769,9753.3,96.9318,227.842,1721.0999755859375,108.83999633789062
2012-03-23,103.15432049063831,2.25,0.37,1.88,2.17,0.14,14.82,3.01,72.971,6.131924690581905,128.558755,0.0670414905889595,9753.3,96.9318,227.842,1721.0999755859375,108.83999633789062
2012-03-30,104.10375484608213,2.23,0.33,1.9,2.16,0.09,15.5,3.07,72.7835,6.181783739183842,128.558755,0.0675866089826598,9753.3,96.9318,227.842,1721.0999755859375,108.83999633789062
2012-04-06,104.30309414826363,2.07,0.32,1.75,2.0,0.12,16.7,3.13,73.2468,6.123094114434379,127.872371,0.0664452205912783,9806.3,97.2435,228.329,1677.5,105.2300033569336
2012-04-13,101.03118307645943,2.02,0.27,1.75,1.93,0.15,19.55,3.15,73.1952,6.001252621286061,127.872371,0.0651230483793036,9806.3,97.2435,228.329,1677.5,105.2300033569336
2012-04-20,101.61423555791887,1.99,0.29,1.7,1.91,0.12,17.44,3.17,72.7334,6.037472372308708,127.872371,0.0655160897569933,9806.3,97.2435,228.329,1677.5,105.2300033569336
2012-04-27,98.7970664194304,1.96,0.26,1.7,1.87,0.13,16.32,3.19,72.2054,6.146218769195164,127.872371,0.0666961595378242,9806.3,97.2435,228.329,1677.5,105.2300033569336
2012-05-04,95.13821799809722,1.91,0.27,1.64,1.84,0.16,19.16,3.19,72.8858,5.9836454985465375,127.723079,0.064460654628013,9849.3,96.74,228.807,1661.699951171875,106.16000366210938
2012-05-11,91.90907835095928,1.84,0.27,1.57,1.74,0.15,19.89,3.22,73.3485,5.914985182483218,127.723079,0.0637209903344845,9849.3,96.74,228.807,1661.699951171875,106.16000366210938
2012-05-18,89.88662319724043,1.71,0.32,1.39,1.63,0.16,25.1,3.27,74.4719,5.660753257999646,127.723079,0.0609821990268224,9849.3,96.74,228.807,1661.699951171875,106.16000366210938
2012-05-25,88.86721390752308,1.75,0.3,1.45,1.66,0.15,21.76,3.37,75.2663,5.759526353166916,127.723079,0.0620462624603369,9849.3,96.74,228.807,1661.699951171875,106.16000366210938
2012-06-01,87.17635231049925,1.47,0.25,1.22,1.4,0.16,26.66,3.41,75.6133,5.576407209233071,127.610682,0.0596481282926738,9905.0,97.4359,229.187,1620.5,83.2300033569336
2012-06-08,91.4567498762347,1.65,0.28,1.37,1.56,0.17,21.23,3.44,75.4847,5.784185115995617,127.610682,0.0618706279728326,9905.0,97.4359,229.187,1620.5,83.2300033569336
2012-06-15,92.78272837768891,1.6,0.29,1.31,1.51,0.18,21.11,3.42,74.6365,5.8591454394023765,127.610682,0.0626724422628693,9905.0,97.4359,229.187,1620.5,83.2300033569336
2012-06-22,90.09506288627082,1.69,0.31,1.38,1.6,0.17,18.11,3.36,75.2135,5.825025064821521,127.610682,0.0623074731341759,9905.0,97.4359,229.187,1620.5,83.2300033569336
2012-06-29,95.11017528927246,1.67,0.33,1.34,1.58,0.09,17.08,3.39,74.5564,5.943443712687401,127.610682,0.0635741400821086,9905.0,97.4359,229.187,1620.5,83.2300033569336
2012-07-06,95.96863359434364,1.57,0.27,1.3,1.49,0.17,17.1,3.41,75.6126,5.92305664177785,127.130863,0.0629180374626467,9951.9,97.6609,228.713,1597.199951171875,83.75
2012-07-13,94.80303880643936,1.52,0.25,1.27,1.42,0.19,16.74,3.37,75.5444,5.932238348047006,127.130863,0.0630155707083933,9951.9,97.6609,228.713,1597.199951171875,83.75
2012-07-20,94.09414698645264,1.49,0.22,1.27,1.4,0.13,16.27,3.31,75.4024,5.957947445836868,127.130863,0.0632886671982131,9951.9,97.6609,228.713,1597.199951171875,83.75
2012-07-27,92.30831878517417,1.58,0.25,1.33,1.47,0.14,16.7,3.29,74.7399,6.059865292760469,127.130863,0.0643712958642335,9951.9,97.6609,228.713,1597.199951171875,83.75
2012-08-03,93.55851496961408,1.6,0.24,1.36,1.51,0.14,15.64,3.26,74.5179,6.086844227452587,125.742947,0.064227804081363,10023.7,97.6663,228.524,1603.699951171875,88.91000366210938
2012-08-10,96.24805373010565,1.65,0.27,1.38,1.55,0.13,14.74,3.23,74.5184,6.151957759872869,125.742947,0.0649148759115363,10023.7,97.6663,228.524,1603.699951171875,88.91000366210938
2012-08-17,96.29449725407925,1.81,0.29,1.52,1.72,0.13,13.45,3.25,74.6374,6.205737840137961,125.742947,0.0654823582274411,10023.7,97.6663,228.524,1603.699951171875,88.91000366210938
2012-08-24,97.06115695480788,1.68,0.28,1.4,1.58,0.13,15.18,3.21,73.9778,6.1749750786911335,125.742947,0.0651577524807887,10023.7,97.6663,228.524,1603.699951171875,88.91000366210938
2012-08-31,94.71702605610349,1.57,0.22,1.35,1.48,0.13,17.47,3.21,73.6939,6.155064483619609,125.742947,0.0649476577664161,10023.7,97.6663,228.524,1603.699951171875,88.91000366210938
2012-09-07,96.50095618948704,1.67,0.25,1.42,1.56,0.15,14.38,3.2,72.9164,6.290389098146518,124.503059,0.0659556986212134,10076.0,97.8713,228.59,1692.9000244140625,95.3000030517578
2012-09-14,102.72293395447979,1.88,0.27,1.61,1.77,0.16,14.51,3.15,71.868,6.4122228423432786,124.503059,0.0672331441955266,10076.0,97.8713,228.59,1692.9000244140625,95.3000030517578
2012-09-21,106.6597271274025,1.77,0.27,1.5,1.66,0.15,13.98,3.06,72.3195,6.38763736127592,124.503059,0.0669753616395614,10076.0,97.8713,228.59,1692.9000244140625,95.3000030517578
2012-09-28,107.91893450642301,1.65,0.23,1.42,1.55,0.09,15.73,3.07,72.8154,6.302419370686874,124.503059,0.0660818378818573,10076.0,97.8713,228.59,1692.9000244140625,95.3000030517578
2012-10-05,110.71414985304656,1.75,0.27,1.48,1.64,0.15,14.33,2.98,72.3307,6.3541351860704145,124.5563,0.0662235335518787,10147.8,97.4525,229.918,1780.5,92.4800033569336
2012-10-12,107.49483275164914,1.69,0.27,1.42,1.58,0.16,16.14,2.85,72.6618,6.213475960213261,124.5563,0.0647575667931996,10147.8,97.4525,229.918,1780.5,92.4800033569336
2012-10-19,105.58062832748861,1.79,0.3,1.49,1.69,0.16,17.06,2.71,72.8973,6.233482987005149,124.5563,0.0649660823458637,10147.8,97.4525,229.918,1780.5,92.4800033569336
2012-10-26,105.7798567486723,1.78,0.3,1.48,1.66,0.16,17.81,2.76,73.2628,6.141058731400977,124.5563,0.0640028260391002,10147.8,97.4525,229.918,1780.5,92.4800033569336
2012-11-02,105.88946508879835,1.75,0.28,1.47,1.66,0.16,17.59,2.77,73.5695,6.121680198999524,125.15409,0.0634105654342218,10228.4,97.381,231.015,1714.0999755859375,87.08999633789062
2012-11-09,104.16666427904508,1.61,0.27,1.34,1.52,0.16,18.61,2.82,73.859,5.972988661281465,125.15409,0.0618703650030515,10228.4,97.381,231.015,1714.0999755859375,87.08999633789062
2012-11-16,101.05605187069754,1.58,0.24,1.34,1.52,0.16,16.41,2.9,74.2345,5.886544184935232,125.15409,0.0609749420234787,10228.4,97.381,231.015,1714.0999755859375,87.08999633789062
2012-11-23,101.48440771842672,1.7,0.29,1.41,1.6,0.16,15.14,2.89,73.4759,6.0998204636671325,125.15409,0.0631841344328284,10228.4,97.381,231.015,1714.0999755859375,87.08999633789062
2012-11-30,108.36835416882127,1.62,0.25,1.37,1.54,0.16,15.87,2.95,73.4087,6.130251514884045,125.15409,0.0634993502072065,10228.4,97.381,231.015,1714.0999755859375,87.08999633789062
2012-12-07,108.7158115189421,1.64,0.25,1.39,1.55,0.16,15.9,2.96,73.449,6.121922768669486,125.496884,0.0630161711559041,10294.4,97.7193,231.638,1719.5999755859375,89.08999633789062
2012-12-14,108.00543971712462,1.72,0.24,1.48,1.68,0.17,17.0,2.9,73.057,6.102539117306692,125.496884,0.062816645036732,10294.4,97.7193,231.638,1719.5999755859375,89.08999633789062
2012-12-21,106.61647171936937,1.77,0.26,1.51,1.71,0.17,17.84,2.86,73.2351,6.174073443968876,125.496884,0.0635529854877315,10294.4,97.7193,231.638,1719.5999755859375,89.08999633789062
2012-12-28,107.90916069411844,1.73,0.27,1.46,1.72,0.17,22.72,2.85,73.4337,6.054404086164349,125.496884,0.06232116584242,10294.4,97.7193,231.638,1719.5999755859375,89.08999633789062
2013-01-04,109.6237205767672,1.93,0.27,1.66,1.86,0.16,13.83,2.81,73.9555,6.34151918798838,125.700579,0.0648609914532112,10365.6,98.0777,231.249,1687.9000244140625,93.12000274658205
2013-01-11,108.46576877920441,1.89,0.26,1.63,1.82,0.14,13.36,2.8,73.2962,6.365649359902638,125.700579,0.0651077945973631,10365.6,98.0777,231.249,1687.9000244140625,93.12000274658205
2013-01-18,112.85124156905604,1.87,0.26,1.61,1.79,0.14,12.46,2.82,73.8888,6.425887162620163,125.700579,0.0657239062090132,10365.6,98.0777,231.249,1687.9000244140625,93.12000274658205
2013-01-25,112.92640278574383,1.98,0.28,1.7,1.9,0.14,12.89,2.82,74.0123,6.499314422711017,125.700579,0.06647491945174,10365.6,98.0777,231.249,1687.9000244140625,93.12000274658205
2013-02-01,112.83975895859759,2.04,0.27,1.77,1.98,0.14,12.9,2.84,73.4267,6.544258713288639,125.248523,0.0665181389979159,10485.4,98.3101,231.221,1669.4000244140625,97.7699966430664
2013-02-08,110.16458651488745,1.99,0.25,1.74,1.92,0.14,13.02,2.86,74.2812,6.564845120948951,125.248523,0.0667273864598837,10485.4,98.3101,231.221,1669.4000244140625,97.7699966430664
2013-02-15,108.38763975740666,2.01,0.29,1.72,1.91,0.16,12.46,2.85,74.6156,6.572889309632343,125.248523,0.0668091504127483,10485.4,98.3101,231.221,1669.4000244140625,97.7699966430664
2013-02-22,107.7939294489392,1.97,0.27,1.7,1.84,0.16,14.17,2.87,75.4853,6.5547678436903976,125.248523,0.066624957482245,10485.4,98.3101,231.221,1669.4000244140625,97.7699966430664
2013-03-01,104.18777221966702,1.86,0.25,1.61,1.75,0.14,15.36,2.9,76.1824,6.5530322177317535,125.489502,0.0662049639920237,10502.3,98.3342,231.679,1571.9000244140625,90.68000030517578
2013-03-08,109.41060226562544,2.06,0.27,1.79,1.96,0.15,12.59,2.88,76.5413,6.695384794094145,125.489502,0.0676431451086589,10502.3,98.3342,231.679,1571.9000244140625,90.68000030517578
2013-03-15,108.70555554182535,2.01,0.25,1.76,1.92,0.16,11.3,2.89,75.9397,6.736475689086516,125.489502,0.0680582844110431,10502.3,98.3342,231.679,1571.9000244140625,90.68000030517578
2013-03-22,103.99407933248025,1.93,0.26,1.67,1.86,0.15,13.57,2.9,76.0305,6.720030795404147,125.489502,0.0678921424544771,10502.3,98.3342,231.679,1571.9000244140625,90.68000030517578
2013-03-29,104.69342675609748,1.87,0.25,1.62,1.8,0.09,12.7,2.96,76.3538,6.773121178036205,125.489502,0.0684285119935994,10502.3,98.3342,231.679,1571.9000244140625,90.68000030517578
2013-04-05,101.33112891174736,1.72,0.24,1.48,1.65,0.15,13.92,2.82,76.1242,6.668240894734949,127.171851,0.0669704820015123,10523.0,98.7941,232.937,1600.0,97.06999969482422
2013-04-12,101.41708867916712,1.75,0.22,1.53,1.69,0.15,12.06,2.82,76.0456,6.820942896946116,127.171851,0.068504098865707,10523.0,98.7941,232.937,1600.0,97.06999969482422
2013-04-19,107.2274904351413,1.73,0.24,1.49,1.68,0.15,14.97,2.81,76.5611,6.676697991302369,127.171851,0.0670554183201598,10523.0,98.7941,232.937,1600.0,97.06999969482422
2013-04-26,107.98466291499469,1.7,0.22,1.48,1.65,0.13,13.61,2.81,76.2324,6.79256618843024,127.171851,0.0682191058852606,10523.0,98.7941,232.937,1600.0,97.06999969482422
2013-05-03,110.52436100627432,1.78,0.22,1.56,1.73,0.14,12.85,2.82,75.9042,6.950258926414067,128.494828,0.0693981797213919,10578.7,99.1921,232.282,1446.300048828125,91.02999877929688
2013-05-10,111.21197459773505,1.9,0.26,1.64,1.86,0.12,12.59,2.82,76.9488,7.033261084250501,128.494828,0.0702269544084621,10578.7,99.1921,232.282,1446.300048828125,91.02999877929688
2013-05-17,112.72591002852266,1.95,0.26,1.69,1.91,0.1,12.45,2.81,77.9178,7.178644796855223,128.494828,0.0716786075227888,10578.7,99.1921,232.282,1446.300048828125,91.02999877929688
2013-05-24,107.20709931615949,2.01,0.26,1.75,1.97,0.09,13.99,2.75,77.5448,7.101712468404514,128.494828,0.0709104399461943,10578.7,99.1921,232.282,1446.300048828125,91.02999877929688
2013-05-31,105.80930829796593,2.16,0.3,1.86,2.12,0.09,16.3,2.79,77.3766,7.0205181212249546,128.494828,0.070099716208045,10578.7,99.1921,232.282,1446.300048828125,91.02999877929688
2013-06-07,103.07056220688445,2.17,0.32,1.85,2.13,0.09,15.14,2.89,75.8662,7.089738024576731,129.732499,0.0703905909198744,10608.9,99.1065,231.797,1411.699951171875,93.4499969482422
2013-06-14,101.01916225539642,2.14,0.29,1.85,2.09,0.1,17.15,2.93,75.1127,7.017907826541111,129.732499,0.0696774235125469,10608.9,99.1065,231.797,1411.699951171875,93.4499969482422
2013-06-21,95.62748453650316,2.52,0.38,2.14,2.47,0.1,18.9,2.87,76.9177,6.869933837413502,129.732499,0.0682082611119961,10608.9,99.1065,231.797,1411.699951171875,93.4499969482422
2013-06-28,98.14534992217571,2.52,0.36,2.16,2.48,0.07,16.86,2.83,77.5759,6.929684289688283,129.732499,0.0688014945472474,10608.9,99.1065,231.797,1411.699951171875,93.4499969482422
2013-07-05,97.43619454316429,2.73,0.4,2.33,2.69,0.1,14.89,2.77,78.5419,7.037254314051901,131.306879,0.0694838183758745,10646.5,99.1839,231.893,1255.9000244140625,97.98999786376952
2013-07-12,100.34400028894976,2.61,0.37,2.24,2.57,0.09,13.84,2.77,77.3177,7.245539716189148,131.306879,0.0715403683322335,10646.5,99.1839,231.893,1255.9000244140625,97.98999786376952
2013-07-19,101.61630419338309,2.5,0.32,2.18,2.47,0.09,12.54,2.74,77.0027,7.296856592567747,131.306879,0.0720470563612263,10646.5,99.1839,231.893,1255.9000244140625,97.98999786376952
2013-07-26,99.66474870375544,2.58,0.31,2.27,2.55,0.09,12.72,2.67,76.2126,7.294959418413072,131.306879,0.0720283242110853,10646.5,99.1839,231.893,1255.9000244140625,97.98999786376952
2013-08-02,92.93102789040834,2.63,0.3,2.33,2.59,0.09,11.98,2.68,76.6438,7.355159474048968,132.772636,0.0722287102231284,10705.6,99.3897,232.445,1311.0,107.88999938964844
2013-08-09,91.65486449921701,2.57,0.32,2.25,2.52,0.08,13.41,2.74,75.7771,7.276646277378789,132.772636,0.0714576994855651,10705.6,99.3897,232.445,1311.0,107.88999938964844
2013-08-16,88.13970154771464,2.84,0.36,2.48,2.79,0.09,14.37,2.7,76.0466,7.1235344105258775,132.772636,0.0699541192162779,10705.6,99.3897,232.445,1311.0,107.88999938964844
2013-08-23,85.4026849705452,2.82,0.4,2.42,2.79,0.08,13.98,2.67,76.3939,7.156531652649014,132.772636,0.0702781568184378,10705.6,99.3897,232.445,1311.0,107.88999938964844
2013-08-30,82.17149880775666,2.78,0.39,2.39,2.75,0.07,17.01,2.56,77.0156,7.025188628291101,132.772636,0.0689883496729029,10705.6,99.3897,232.445,1311.0,107.88999938964844
2013-09-06,87.07195181779642,2.94,0.46,2.48,2.92,0.08,15.85,2.59,76.7215,7.106784216167078,134.240034,0.0694170516528552,10743.0,99.0814,232.9,1412.0,108.54000091552734
2013-09-13,92.44114414637154,2.9,0.45,2.45,2.89,0.08,14.16,2.64,76.2802,7.247702834840597,134.240034,0.0707935047339907,10743.0,99.0814,232.9,1412.0,108.54000091552734
2013-09-20,95.85618591588495,2.75,0.34,2.41,2.74,0.08,13.12,2.68,75.4186,7.341820670586893,134.240034,0.0717128210473513,10743.0,99.0814,232.9,1412.0,108.54000091552734
2013-09-27,92.72294085933711,2.64,0.34,2.3,2.62,0.08,15.46,2.73,75.2496,7.263847144697295,134.240034,0.0709511977716761,10743.0,99.0814,232.9,1412.0,108.54000091552734
2013-10-04,96.2414418685329,2.66,0.33,2.33,2.63,0.08,16.74,2.76,75.0307,7.241193201288466,137.358135,0.0703584919675189,10803.6,99.6543,233.456,1286.0,102.04000091552734
2013-10-11,99.95409128615964,2.7,0.35,2.35,2.62,0.1,15.72,2.68,75.4592,7.295592964720869,137.358135,0.0708870630485684,10803.6,99.6543,233.456,1286.0,102.04000091552734
2013-10-18,101.06711182263976,2.6,0.33,2.27,2.56,0.1,13.04,2.66,74.718,7.472500171338496,137.358135,0.0726059681971823,10803.6,99.6543,233.456,1286.0,102.04000091552734
2013-10-25,100.01464908354441,2.53,0.32,2.21,2.49,0.08,13.09,2.66,74.7973,7.537908725975131,137.358135,0.0732415053439042,10803.6,99.6543,233.456,1286.0,102.04000091552734
2013-11-01,101.40193115673578,2.65,0.33,2.32,2.61,0.08,13.28,2.64,75.8159,7.5430754575088095,140.416428,0.0729267760567259,10865.8,100.161,233.544,1313.0999755859375,94.61000061035156
2013-11-08,96.94900513430306,2.77,0.32,2.45,2.71,0.08,12.9,2.69,76.2562,7.5814835121071935,140.416428,0.0732981067708689,10865.8,100.161,233.544,1313.0999755859375,94.61000061035156
2013-11-15,96.57391150948504,2.71,0.31,2.4,2.63,0.09,12.19,2.7,76.0107,7.699534364877443,140.416428,0.074439427463175,10865.8,100.161,233.544,1313.0999755859375,94.61000061035156
2013-11-22,96.32792470484057,2.75,0.31,2.44,2.68,0.09,12.26,2.65,76.131,7.727708739105371,140.416428,0.0747118185179156,10865.8,100.161,233.544,1313.0999755859375,94.61000061035156
2013-11-29,98.88088677848873,2.75,0.28,2.47,2.69,0.07,13.7,2.61,76.206,7.732204888987728,140.416428,0.0747552874872286,10865.8,100.161,233.544,1313.0999755859375,94.61000061035156
2013-12-06,102.3695788412129,2.88,0.3,2.58,2.82,0.09,13.79,2.58,76.1912,7.724986908063596,143.205891,0.0743349041008046,10989.2,100.082,233.669,1222.300048828125,93.81999969482422
2013-12-13,99.18955312257951,2.88,0.34,2.54,2.81,0.08,15.76,2.5,76.0636,7.59758438769825,143.205891,0.0731089532679723,10989.2,100.082,233.669,1222.300048828125,93.81999969482422
2013-12-20,101.16494604466887,2.89,0.37,2.52,2.82,0.09,13.79,2.38,76.4481,7.781605374649878,143.205891,0.0748797242194811,10989.2,100.082,233.669,1222.300048828125,93.81999969482422
2013-12-27,102.38041174236473,3.02,0.4,2.62,2.95,0.08,12.46,2.37,76.324,7.880377903847162,143.205891,0.0758301784497672,10989.2,100.082,233.669,1222.300048828125,93.81999969482422
2014-01-03,99.80957653917642,3.01,0.41,2.6,2.94,0.08,13.76,2.34,76.4948,7.823024327711181,142.983617,0.0749470118860187,10999.8,100.3158,234.1,1225.0,95.44000244140624
2014-01-10,100.44678276782494,2.88,0.39,2.49,2.83,0.07,12.14,2.32,76.9301,7.8700127941785025,142.983617,0.0753971760434223,10999.8,100.3158,234.1,1225.0,95.44000244140624
2014-01-17,101.73273728610347,2.84,0.4,2.44,2.79,0.07,12.44,2.33,77.378,7.854335545373238,142.983617,0.0752469831124882,10999.8,100.3158,234.1,1225.0,95.44000244140624
2014-01-24,99.90036737973472,2.75,0.37,2.38,2.71,0.07,18.14,2.35,77.0342,7.647543951569842,142.983617,0.0732658551766063,10999.8,100.3158,234.1,1225.0,95.44000244140624
2014-01-31,97.432,2.67,0.34,2.33,2.65,0.07,18.41,2.4,77.5941,7.614651712175619,142.983617,0.0729507372690595,10999.8,100.3158,234.1,1225.0,95.44000244140624
2014-02-07,97.65179868597227,2.71,0.3,2.41,2.63,0.06,15.29,2.42,77.071,7.656048379258816,142.7642,0.0730361200443189,11062.4,100.5175,234.719,1260.4000244140625,96.43000030517578
2014-02-14,97.82225325146943,2.75,0.32,2.43,2.73,0.06,13.57,2.38,76.6076,7.833324123240184,142.7642,0.074727270867431,11062.4,100.5175,234.719,1260.4000244140625,96.43000030517578
2014-02-21,99.26544689447277,2.73,0.33,2.4,2.68,0.07,14.68,2.38,76.9714,7.823184318269932,142.7642,0.0746305405469905,11062.4,100.5175,234.719,1260.4000244140625,96.43000030517578
2014-02-28,101.53591436911682,2.66,0.33,2.33,2.61,0.06,14.0,2.35,76.5391,7.922025703806999,142.7642,0.0755734540373218,11062.4,100.5175,234.719,1260.4000244140625,96.43000030517578
2014-03-07,106.59235588988827,2.8,0.38,2.42,2.74,0.08,14.11,2.34,76.537,7.98187769483569,142.156085,0.0758328041785967,11127.5,100.1599,235.288,1350.0999755859375,104.91999816894533
2014-03-14,106.66120439714865,2.65,0.36,2.29,2.6,0.08,17.82,2.4,76.2135,7.825005970907196,142.156085,0.0743424252005368,11127.5,100.1599,235.288,1350.0999755859375,104.91999816894533
2014-03-21,106.41101518520817,2.75,0.45,2.3,2.69,0.08,15.0,2.32,76.9266,7.932916338832622,142.156085,0.0753676408343248,11127.5,100.1599,235.288,1350.0999755859375,104.91999816894533
2014-03-28,111.89672268164547,2.73,0.45,2.28,2.69,0.08,14.41,2.25,76.7372,7.8950902515945875,142.156085,0.0750082694713408,11127.5,100.1599,235.288,1350.0999755859375,104.91999816894533
2014-04-04,112.18954756295369,2.74,0.43,2.31,2.71,0.08,13.96,2.25,76.7472,7.918122352737723,142.752048,0.0749320386409549,11191.9,100.9168,235.547,1279.5999755859375,99.73999786376952
2014-04-11,112.30195206416278,2.63,0.37,2.26,2.59,0.09,17.03,2.23,75.9416,7.708397650601579,142.752048,0.0729473383819352,11191.9,100.9168,235.547,1279.5999755859375,99.73999786376952
2014-04-18,112.70822494371815,2.73,0.43,2.3,2.7,0.1,13.36,2.16,76.3858,7.917103489265147,142.752048,0.0749223967696,11191.9,100.9168,235.547,1279.5999755859375,99.73999786376952
2014-04-25,111.87118391074854,2.68,0.43,2.25,2.65,0.09,14.06,2.13,76.3353,7.910947812598176,142.752048,0.0748641433881388,11191.9,100.9168,235.547,1279.5999755859375,99.73999786376952
2014-05-02,111.54281495546904,2.6,0.42,2.18,2.58,0.09,12.91,2.14,76.1282,7.969986673820214,143.314583,0.0751373956220472,11228.8,101.8942,236.028,1283.0999755859375,99.41999816894533
2014-05-09,114.59983257398441,2.62,0.4,2.22,2.59,0.08,12.92,2.21,76.1464,7.958716679668302,143.314583,0.0750311472625572,11228.8,101.8942,236.028,1283.0999755859375,99.41999816894533
2014-05-16,123.00204629580593,2.52,0.38,2.14,2.49,0.09,12.44,2.2,76.2315,7.95608989336673,143.314583,0.0750063831205789,11228.8,101.8942,236.028,1283.0999755859375,99.41999816894533
2014-05-23,126.10579131398238,2.54,0.37,2.17,2.5,0.09,11.36,2.24,76.4879,8.052138006070784,143.314583,0.075911880875889,11228.8,101.8942,236.028,1283.0999755859375,99.41999816894533
2014-05-30,122.74957568780155,2.48,0.37,2.11,2.44,0.08,11.4,2.22,76.4505,8.149753191524152,143.314583,0.0768321522776244,11228.8,101.8942,236.028,1283.0999755859375,99.41999816894533
2014-06-06,128.16725250500693,2.6,0.41,2.19,2.56,0.09,10.73,2.23,76.6459,8.243990482459573,144.105617,0.0774355615129448,11276.0,101.9928,236.468,1243.699951171875,102.47000122070312
2014-06-13,126.32698875193657,2.6,0.45,2.15,2.56,0.1,12.18,2.19,76.6742,8.187831056124667,144.105617,0.0769080576637178,11276.0,101.9928,236.468,1243.699951171875,102.47000122070312
2014-06-20,124.84128252142312,2.63,0.5,2.13,2.61,0.1,10.85,2.2,76.3054,8.300784863563727,144.105617,0.0779690294737506,11276.0,101.9928,236.468,1243.699951171875,102.47000122070312
2014-06-27,124.98001957127579,2.54,0.45,2.09,2.51,0.1,11.26,2.2,75.9147,8.292707516186123,144.105617,0.0778931591860482,11276.0,101.9928,236.468,1243.699951171875,102.47000122070312
2014-07-04,129.80341424292936,2.65,0.52,2.13,2.64,0.09,10.32,2.21,75.9433,8.38028322629032,145.485309,0.078436293369225,11343.1,102.3836,236.918,1326.4000244140625,105.33999633789062
2014-07-11,124.14458697783206,2.53,0.48,2.05,2.51,0.09,12.08,2.2,76.0593,8.304856305933118,145.485309,0.0777303258149883,11343.1,102.3836,236.918,1326.4000244140625,105.33999633789062
2014-07-18,127.14257138365711,2.5,0.51,1.99,2.48,0.09,12.06,2.2,76.3269,8.349808670945748,145.485309,0.0781510630137873,11343.1,102.3836,236.918,1326.4000244140625,105.33999633789062
2014-07-25,129.72624203955982,2.48,0.53,1.95,2.45,0.09,12.69,2.19,76.7712,8.350315154696192,145.485309,0.0781558035108521,11343.1,102.3836,236.918,1326.4000244140625,105.33999633789062
2014-08-01,124.20925491623409,2.52,0.47,2.05,2.49,0.09,17.03,2.23,77.1301,8.115086242582388,147.054407,0.0756838345494064,11398.4,102.735,237.231,1293.5999755859375,97.87999725341795
2014-08-08,123.79452622331371,2.44,0.45,1.99,2.41,0.09,15.77,2.27,77.2866,8.142232532090294,147.054407,0.075937009342912,11398.4,102.735,237.231,1293.5999755859375,97.87999725341795
2014-08-15,128.20990156658502,2.34,0.42,1.92,2.31,0.09,13.15,2.29,77.2219,8.241166030551446,147.054407,0.0768596941185387,11398.4,102.735,237.231,1293.5999755859375,97.87999725341795
2014-08-22,130.87673505378197,2.4,0.53,1.87,2.37,0.09,11.47,2.26,77.9544,8.381704011760952,147.054407,0.078170395323654,11398.4,102.735,237.231,1293.5999755859375,97.87999725341795
2014-08-29,131.44861490047356,2.35,0.48,1.87,2.32,0.07,11.98,2.23,77.9776,8.44480693972199,147.054407,0.0787589129828165,11398.4,102.735,237.231,1293.5999755859375,97.87999725341795
2014-09-05,133.95478285133998,2.46,0.52,1.94,2.43,0.09,12.09,2.29,78.7697,8.453586813099479,148.26848,0.0785571147509856,11452.5,102.9632,237.498,1263.699951171875,92.87999725341795
2014-09-12,133.64826802312092,2.62,0.58,2.04,2.6,0.09,13.31,2.27,79.5433,8.360238987538843,148.26848,0.0776896562382324,11452.5,102.9632,237.498,1263.699951171875,92.87999725341795
2014-09-19,133.46014345688812,2.59,0.59,2.0,2.57,0.09,12.11,2.26,79.8223,8.464913491541244,148.26848,0.0786623708035666,11452.5,102.9632,237.498,1263.699951171875,92.87999725341795
2014-09-26,130.34201370690386,2.54,0.59,1.95,2.53,0.09,14.85,2.27,80.7703,8.348912309097077,148.26848,0.0775844001856514,11452.5,102.9632,237.498,1263.699951171875,92.87999725341795
2014-10-03,129.11615647511994,2.45,0.57,1.88,2.44,0.09,14.55,2.29,81.6336,8.287290593843437,146.935156,0.0767328194186572,11477.8,102.7688,237.46,1214.5999755859375,90.7300033569336
2014-10-10,128.26708135007837,2.31,0.45,1.86,2.3,0.09,21.24,2.36,80.8601,8.027162490031216,146.935156,0.074324268325931,11477.8,102.7688,237.46,1214.5999755859375,90.7300033569336
2014-10-17,126.79194202267108,2.22,0.39,1.83,2.2,0.09,21.99,2.44,80.5278,7.945590877476732,146.935156,0.0735689889321468,11477.8,102.7688,237.46,1214.5999755859375,90.7300033569336
2014-10-24,131.03592107356636,2.29,0.41,1.88,2.28,0.09,16.11,2.43,80.8109,8.273309003851963,146.935156,0.0766033625343048,11477.8,102.7688,237.46,1214.5999755859375,90.7300033569336
2014-10-31,135.46791426782374,2.35,0.5,1.85,2.34,0.07,14.03,2.39,81.8583,8.49848416081919,146.935156,0.0786882809357387,11477.8,102.7688,237.46,1214.5999755859375,90.7300033569336
2014-11-07,135.57640700344,2.32,0.51,1.81,2.29,0.09,13.12,2.43,82.7461,8.556281424918255,146.016807,0.0789451367322943,11520.7,103.0641,237.477,1169.4000244140625,78.77999877929688
2014-11-14,135.9613075408333,2.32,0.54,1.78,2.3,0.09,13.31,2.48,82.6243,8.589547393175181,146.016807,0.079252067545127,11520.7,103.0641,237.477,1169.4000244140625,78.77999877929688
2014-11-21,137.2627888563153,2.31,0.53,1.78,2.3,0.1,12.9,2.49,82.9417,8.68926253910905,146.016807,0.0801720964033533,11520.7,103.0641,237.477,1169.4000244140625,78.77999877929688
2014-11-28,138.8493672257728,2.18,0.47,1.71,2.16,0.08,13.33,2.52,83.3705,8.706359178336218,146.016807,0.0803298397563852,11520.7,103.0641,237.477,1169.4000244140625,78.77999877929688
2014-12-05,137.91248568895458,2.31,0.65,1.66,2.29,0.12,11.82,2.48,84.1257,8.740976781314492,145.123654,0.0803750496975502,11596.5,103.0764,237.43,1218.0,69.0
2014-12-12,131.5477047351901,2.1,0.56,1.54,2.08,0.12,21.08,2.58,83.4711,8.433348591394042,145.123654,0.0775463462617878,11596.5,103.0764,237.43,1218.0,69.0
2014-12-19,130.59396935886585,2.17,0.67,1.5,2.13,0.13,16.49,2.56,84.6676,8.721096332998146,145.123654,0.0801922449537084,11596.5,103.0764,237.43,1218.0,69.0
2014-12-26,128.96210372125248,2.25,0.73,1.52,2.24,0.13,14.5,2.5,84.9349,8.797414056906247,145.123654,0.0808940018631913,11596.5,103.0764,237.43,1218.0,69.0
2015-01-02,133.20191361890747,2.12,0.66,1.46,2.1,0.12,17.79,2.51,85.7577,8.685010955097518,144.356139,0.0796003122002722,11638.9,103.7126,236.983,1186.0,52.689998626708984
2015-01-09,132.1966569353374,1.98,0.59,1.39,1.96,0.12,17.55,2.55,86.5625,8.628509465209529,144.356139,0.0790824618189523,11638.9,103.7126,236.983,1186.0,52.689998626708984
2015-01-16,137.19101467826792,1.83,0.49,1.34,1.8,0.13,20.95,2.62,86.9265,8.521370916670447,144.356139,0.0781005100452024,11638.9,103.7126,236.983,1186.0,52.689998626708984
2015-01-23,143.4397167222809,1.81,0.52,1.29,1.79,0.12,16.66,2.6,88.8135,8.65808968727451,144.356139,0.0793535720021748,11638.9,103.7126,236.983,1186.0,52.689998626708984
2015-01-30,142.04925291898493,1.68,0.47,1.21,1.66,0.06,20.97,2.61,89.6269,8.418283126782828,144.356139,0.0771556844944328,11638.9,103.7126,236.983,1186.0,52.689998626708984
2015-02-06,140.2985366808594,1.95,0.65,1.3,1.93,0.11,17.29,2.55,89.2113,8.70032833882094,142.284511,0.0794910423278933,11721.2,103.7044,236.252,1276.199951171875,49.56999969482422
2015-02-13,141.86630951625884,2.02,0.66,1.36,2.01,0.12,14.69,2.55,88.7433,8.876072965453732,142.284511,0.0810967430567074,11721.2,103.7044,236.252,1276.199951171875,49.56999969482422
2015-02-20,142.09924361424044,2.13,0.67,1.46,2.11,0.12,14.3,2.5,88.991,8.932411360869432,142.284511,0.0816114819953165,11721.2,103.7044,236.252,1276.199951171875,49.56999969482422
2015-02-27,143.2231009768019,2.0,0.63,1.37,1.98,0.06,13.34,2.46,89.6803,8.90786109747219,142.284511,0.0813871771241815,11721.2,103.7044,236.252,1276.199951171875,49.56999969482422
2015-03-06,143.13453688049734,2.24,0.73,1.51,2.23,0.12,15.2,2.45,91.5446,8.823371586284916,140.003853,0.0803785456463977,11806.2,102.8905,234.747,1207.699951171875,49.59000015258789
2015-03-13,137.10048149394663,2.13,0.68,1.45,2.1,0.11,16.0,2.47,93.4008,8.747289219217924,140.003853,0.0796854557142354,11806.2,102.8905,234.747,1207.699951171875,49.59000015258789
2015-03-20,137.1717132052028,1.93,0.6,1.33,1.92,0.12,13.02,2.51,91.6875,8.980306873596893,140.003853,0.0818081839690479,11806.2,102.8905,234.747,1207.699951171875,49.59000015258789
2015-03-27,132.76354201167013,1.95,0.58,1.37,1.91,0.12,15.07,2.53,91.1357,8.779750197153744,140.003853,0.0799811665058785,11806.2,102.8905,234.747,1207.699951171875,49.59000015258789
2015-04-03,138.3540091846549,1.85,0.49,1.36,1.83,0.12,14.67,2.58,90.5271,8.78279253570336,137.683266,0.0797893766984519,11920.7,102.2335,235.342,1208.0999755859375,50.09000015258789
2015-04-10,140.90492867537125,1.96,0.57,1.39,1.94,0.12,12.58,2.53,92.5812,8.931937599721893,137.683266,0.0811443206581678,11920.7,102.2335,235.342,1208.0999755859375,50.09000015258789
2015-04-17,137.60133189617105,1.87,0.51,1.36,1.86,0.13,13.89,2.53,90.7097,8.843215115196713,137.683266,0.0803383000547408,11920.7,102.2335,235.342,1208.0999755859375,50.09000015258789
2015-04-24,130.4728640211866,1.93,0.54,1.39,1.9,0.13,12.29,2.56,90.1308,8.998351086530453,137.683266,0.0817476698429839,11920.7,102.2335,235.342,1208.0999755859375,50.09000015258789
2015-05-01,128.7958716258833,2.12,0.6,1.52,2.11,0.13,12.7,2.61,89.1848,8.934340945954249,134.958795,0.0809646294348023,11919.1,101.8914,235.976,1174.5,59.150001525878906
2015-05-08,127.82840589207078,2.16,0.59,1.57,2.15,0.13,12.86,2.65,88.5252,8.967437780351604,134.958795,0.0812645589929708,11919.1,101.8914,235.976,1174.5,59.150001525878906
2015-05-15,130.304527600635,2.14,0.55,1.59,2.12,0.13,12.38,2.72,87.5059,8.995533361311107,134.958795,0.0815191662790484,11919.1,101.8914,235.976,1174.5,59.150001525878906
2015-05-22,132.94801289320444,2.21,0.64,1.57,2.19,0.13,12.13,2.74,89.8915,9.009645296952868,134.958795,0.0816470512172609,11919.1,101.8914,235.976,1174.5,59.150001525878906
2015-05-29,132.13709815608922,2.12,0.61,1.51,2.11,0.08,13.84,2.72,90.8242,8.930526378013548,134.958795,0.0809300611234247,11919.1,101.8914,235.976,1174.5,59.150001525878906
2015-06-05,126.79021054296719,2.41,0.73,1.68,2.38,0.13,14.21,2.69,90.6846,8.859590038713582,132.468549,0.0801159481946437,11953.4,101.3355,236.222,1188.300048828125,60.20000076293945
2015-06-12,124.73475888412163,2.39,0.74,1.65,2.37,0.13,13.78,2.7,89.2021,8.865008794362401,132.468549,0.0801649491918618,11953.4,101.3355,236.222,1188.300048828125,60.20000076293945
2015-06-19,129.23167784044202,2.26,0.65,1.61,2.25,0.13,13.96,2.82,88.7238,8.93223319688418,132.468549,0.0807728494136911,11953.4,101.3355,236.222,1188.300048828125,60.20000076293945
2015-06-26,131.96295759728434,2.49,0.72,1.77,2.48,0.13,14.02,2.81,89.7886,8.896250096241564,132.468549,0.0804474596141214,11953.4,101.3355,236.222,1188.300048828125,60.20000076293945
2015-07-03,133.89459576518632,2.4,0.64,1.76,2.39,0.13,16.79,2.86,90.4697,8.762747960122004,130.482519,0.0790963443676973,11981.9,100.8883,237.001,1169.0,56.959999084472656
2015-07-10,131.94479537391186,2.42,0.65,1.77,2.41,0.13,16.83,2.9,90.6362,8.76207322833026,130.482519,0.0790902539473864,11981.9,100.8883,237.001,1169.0,56.959999084472656
2015-07-17,135.6223529093646,2.34,0.68,1.66,2.31,0.13,11.95,2.87,92.4188,8.973126242413006,130.482519,0.0809953095255793,11981.9,100.8883,237.001,1169.0,56.959999084472656
2015-07-24,133.46619881140228,2.27,0.7,1.57,2.23,0.13,13.74,2.87,92.1666,8.774857078002835,130.482519,0.0792056464909867,11981.9,100.8883,237.001,1169.0,56.959999084472656
2015-07-31,133.08041599824085,2.2,0.67,1.53,2.12,0.08,12.12,2.94,91.9203,8.876924940783477,130.482519,0.0801269550645201,11981.9,100.8883,237.001,1169.0,56.959999084472656
2015-08-07,134.3824922680153,2.18,0.73,1.45,2.12,0.14,13.39,2.91,92.5141,8.741884599903958,128.687628,0.0787845958544007,12020.9,100.571,237.657,1089.4000244140625,45.16999816894531
2015-08-14,130.5144888250505,2.2,0.73,1.47,2.11,0.14,12.83,2.97,91.7807,8.800666671137396,128.687628,0.0793143582497613,12020.9,100.571,237.657,1089.4000244140625,45.16999816894531
2015-08-21,126.79229435913598,2.05,0.64,1.41,2.02,0.15,28.03,3.1,90.7105,8.293002161301528,128.687628,0.0747391270418956,12020.9,100.571,237.657,1089.4000244140625,45.16999816894531
2015-08-28,121.1407184670848,2.19,0.72,1.47,2.13,0.14,26.05,3.13,91.7719,8.368657330174106,128.687628,0.0754209550660253,12020.9,100.571,237.657,1089.4000244140625,45.16999816894531
2015-09-04,115.70509947041673,2.13,0.71,1.42,2.11,0.14,27.8,3.15,91.9256,8.071199789538994,126.905235,0.0726431944481177,12063.5,101.2228,238.034,1138.699951171875,45.40999984741211
2015-09-11,117.45200886642883,2.2,0.71,1.49,2.16,0.14,23.2,3.11,91.1705,8.238529154776733,126.905235,0.0741492084154091,12063.5,101.2228,238.034,1138.699951171875,45.40999984741211
2015-09-18,120.71473493560384,2.13,0.69,1.44,2.13,0.14,22.28,3.15,90.5877,8.225841809560293,126.905235,0.0740350185415836,12063.5,101.2228,238.034,1138.699951171875,45.40999984741211
2015-09-25,118.82182268803864,2.17,0.7,1.47,2.17,0.13,23.62,3.19,91.9362,8.113714703867148,126.905235,0.0730258412997652,12063.5,101.2228,238.034,1138.699951171875,45.40999984741211
2015-10-02,121.1695016744021,1.99,0.58,1.41,1.99,0.13,20.94,3.34,91.23,8.197854857736376,125.034413,0.0736972311974619,12110.1,101.0367,238.033,1114.199951171875,44.7400016784668
2015-10-09,126.43889016885683,2.12,0.65,1.47,2.11,0.13,17.08,3.26,90.3207,8.4647507473688,125.034413,0.0760965769318318,12110.1,101.0367,238.033,1114.199951171875,44.7400016784668
2015-10-16,127.16335553941367,2.04,0.61,1.43,2.03,0.13,15.05,3.28,90.1586,8.541294632893601,125.034413,0.0767846926067452,12110.1,101.0367,238.033,1114.199951171875,44.7400016784668
2015-10-23,127.52420916432742,2.09,0.66,1.43,2.08,0.12,14.46,3.23,92.1375,8.717908451112871,125.034413,0.0783724188619482,12110.1,101.0367,238.033,1114.199951171875,44.7400016784668
2015-10-30,123.24735307435081,2.16,0.75,1.41,2.08,0.07,15.07,3.19,91.8307,8.735595935949533,125.034413,0.0785314261488459,12110.1,101.0367,238.033,1114.199951171875,44.7400016784668
2015-11-06,120.77588416294793,2.34,0.9,1.44,2.26,0.12,14.33,3.17,93.9096,8.838811068606368,123.366885,0.0793878243225717,12172.7,100.7547,237.498,1135.800048828125,46.13999938964844
2015-11-13,117.5243824017046,2.28,0.86,1.42,2.14,0.12,20.08,3.2,93.9256,8.518135054032035,123.366885,0.0765075985872451,12172.7,100.7547,237.498,1135.800048828125,46.13999938964844
2015-11-20,118.88552490777708,2.26,0.93,1.33,2.14,0.12,15.47,3.2,94.139,8.796579010665353,123.366885,0.0790085073340561,12172.7,100.7547,237.498,1135.800048828125,46.13999938964844
2015-11-27,119.33502141819761,2.22,0.92,1.3,2.04,0.12,15.12,3.22,94.5733,8.800537719988695,123.366885,0.0790440633967286,12172.7,100.7547,237.498,1135.800048828125,46.13999938964844
2015-12-04,116.49027347295336,2.28,0.96,1.32,2.05,0.13,14.81,3.15,93.3429,8.79848376710953,121.85127,0.0789809851266808,12228.4,100.2675,237.733,1063.800048828125,41.849998474121094
2015-12-11,113.95277214687378,2.13,0.88,1.25,1.9,0.14,24.39,3.24,93.2573,8.464832375468225,121.85127,0.0759859104867494,12228.4,100.2675,237.733,1063.800048828125,41.849998474121094
2015-12-18,116.7930639655035,2.19,0.97,1.22,2.0,0.37,20.7,3.25,94.391,8.436144956014205,121.85127,0.0757283933157011,12228.4,100.2675,237.733,1063.800048828125,41.849998474121094
2015-12-25,119.21518825651796,2.25,1.03,1.22,2.05,0.36,15.74,3.22,93.7658,8.669347504277383,121.85127,0.0778217729801303,12228.4,100.2675,237.733,1063.800048828125,41.849998474121094
2016-01-01,120.04819244335756,2.27,1.06,1.21,2.11,0.2,18.21,3.23,94.2472,8.587369563544831,121.607993,0.0770647410355551,12322.7,99.5298,238.017,1075.0999755859375,36.7599983215332
2016-01-08,113.58692141532963,2.13,0.94,1.19,1.93,0.36,27.01,3.31,94.6521,8.07517962707233,121.607993,0.0724682479507767,12322.7,99.5298,238.017,1075.0999755859375,36.7599983215332
2016-01-15,110.51051512922156,2.03,0.85,1.18,1.79,0.36,27.02,3.38,95.1338,7.899981749432551,121.607993,0.0708959877877105,12322.7,99.5298,238.017,1075.0999755859375,36.7599983215332
2016-01-22,109.89547319506042,2.07,0.88,1.19,1.76,0.38,22.34,3.42,95.2326,8.011612718478355,121.607993,0.0718977860284179,12322.7,99.5298,238.017,1075.0999755859375,36.7599983215332
2016-01-29,111.07675601109054,1.94,0.76,1.18,1.61,0.29,20.2,3.48,95.3746,8.151686603202187,121.607993,0.0731548365806513,12322.7,99.5298,238.017,1075.0999755859375,36.7599983215332
2016-02-05,110.45544205072069,1.86,0.74,1.12,1.56,0.38,23.38,3.52,93.1859,7.907310487540535,121.465842,0.0709472829769872,12393.6,99.0417,237.761,1127.9000244140625,31.6200008392334
2016-02-12,101.95037963129681,1.74,0.71,1.03,1.44,0.38,25.4,3.6,92.1875,7.843086247521145,121.465842,0.0703710395959011,12393.6,99.0417,237.761,1127.9000244140625,31.6200008392334
2016-02-19,105.20805667066627,1.76,0.76,1.0,1.45,0.38,20.53,3.56,92.5236,8.06599917268549,121.465842,0.0723710959242548,12393.6,99.0417,237.761,1127.9000244140625,31.6200008392334
2016-02-26,102.1810587577739,1.76,0.8,0.96,1.43,0.37,19.81,3.56,93.1882,8.193311976430639,121.465842,0.0735133929831768,12393.6,99.0417,237.761,1127.9000244140625,31.6200008392334
2016-03-04,111.48370417496963,1.88,0.88,1.0,1.59,0.36,16.86,3.43,92.2166,8.415624485526632,120.903091,0.0755010706390771,12522.2,99.5607,237.652,1230.300048828125,34.400001525878906
2016-03-11,111.57795252385284,1.98,0.97,1.01,1.65,0.36,16.5,3.26,91.1559,8.509038179380987,120.903091,0.0763391348742963,12522.2,99.5607,237.652,1230.300048828125,34.400001525878906
2016-03-18,114.56475473949243,1.88,0.84,1.04,1.58,0.37,14.02,3.17,89.9368,8.62429130882551,120.903091,0.0773731323729408,12522.2,99.5607,237.652,1230.300048828125,34.400001525878906
2016-03-25,115.33173311451766,1.91,0.89,1.02,1.61,0.37,14.74,3.06,91.3881,8.566895887290029,120.903091,0.0768582073328368,12522.2,99.5607,237.652,1230.300048828125,34.400001525878906
2016-04-01,116.2339070804661,1.79,0.76,1.03,1.56,0.37,13.1,3.1,89.9376,8.7335255894465,120.555321,0.0783545400225711,12604.4,99.0445,237.336,1222.199951171875,36.790000915527344
2016-04-08,113.53691303253649,1.72,0.7,1.02,1.49,0.37,15.36,3.07,89.3861,8.627431049591875,120.555321,0.0774026920221186,12604.4,99.0445,237.336,1222.199951171875,36.790000915527344
2016-04-15,117.8091761795095,1.76,0.74,1.02,1.54,0.37,13.62,2.99,89.4733,8.767022198354864,120.555321,0.0786550614278673,12604.4,99.0445,237.336,1222.199951171875,36.790000915527344
2016-04-22,118.76503009167043,1.89,0.84,1.05,1.66,0.37,13.22,2.89,89.5893,8.812738388297603,120.555321,0.0790652132042446,12604.4,99.0445,237.336,1222.199951171875,36.790000915527344
2016-04-29,118.18783900826371,1.83,0.77,1.06,1.61,0.3,15.7,2.86,87.9695,8.70200917192556,120.555321,0.0780717842932015,12604.4,99.0445,237.336,1222.199951171875,36.790000915527344
2016-05-06,116.11438845764502,1.79,0.74,1.05,1.6,0.37,14.72,2.87,88.9463,8.640540543422903,120.291383,0.0775236027363156,12662.2,98.3096,238.08,1294.699951171875,44.779998779296875
2016-05-13,117.07539911994108,1.71,0.76,0.95,1.42,0.37,15.04,2.9,89.8038,8.596312102451119,120.291383,0.0771267817191221,12662.2,98.3096,238.08,1294.699951171875,44.779998779296875
2016-05-20,114.941497637222,1.85,0.89,0.96,1.52,0.37,15.2,2.86,90.6609,8.620295986052481,120.291383,0.0773419669908122,12662.2,98.3096,238.08,1294.699951171875,44.779998779296875
2016-05-27,121.69744643408002,1.85,0.9,0.95,1.53,0.37,13.12,2.85,90.47,8.81661650955036,120.291383,0.0791033700183369,12662.2,98.3096,238.08,1294.699951171875,44.779998779296875
2016-06-03,122.16607957939692,1.71,0.78,0.93,1.41,0.37,13.47,2.86,89.3204,8.783264221448835,120.118706,0.0788113935591191,12741.9,98.6421,238.992,1211.9000244140625,49.0099983215332
2016-06-10,122.41426010153779,1.64,0.73,0.91,1.38,0.37,17.03,2.86,89.1121,8.770461221962973,120.118706,0.0786965134637722,12741.9,98.6421,238.992,1211.9000244140625,49.0099983215332
2016-06-17,121.82327803673863,1.62,0.7,0.92,1.35,0.38,19.41,2.89,89.1302,8.666482437500523,120.118706,0.0777635217311476,12741.9,98.6421,238.992,1211.9000244140625,49.0099983215332
2016-06-24,120.29089686179553,1.57,0.64,0.93,1.3,0.4,25.76,2.98,89.8117,8.525013532585557,120.118706,0.0764941347173306,12741.9,98.6421,238.992,1211.9000244140625,49.0099983215332
2016-07-01,123.96698085406021,1.46,0.59,0.87,1.18,0.41,14.77,2.86,89.892,8.77849510209209,121.314617,0.0787813330081787,12800.7,98.4184,239.557,1336.699951171875,48.9900016784668
2016-07-08,123.98259736251077,1.37,0.61,0.76,1.09,0.4,13.2,2.78,90.5724,8.890994219929913,121.314617,0.0797909400492985,12800.7,98.4184,239.557,1336.699951171875,48.9900016784668
2016-07-15,127.23101870987516,1.6,0.71,0.89,1.28,0.4,12.67,2.66,90.8164,9.023906586884854,121.314617,0.0809837428384106,12800.7,98.4184,239.557,1336.699951171875,48.9900016784668
2016-07-22,127.18825804427148,1.57,0.71,0.86,1.24,0.4,12.02,2.66,91.7229,9.079384151984184,121.314617,0.0814816182122354,12800.7,98.4184,239.557,1336.699951171875,48.9900016784668
2016-07-29,129.61378675769862,1.46,0.67,0.79,1.18,0.3,11.87,2.71,90.0326,9.07341508557984,121.314617,0.0814280496902189,12800.7,98.4184,239.557,1336.699951171875,48.9900016784668
2016-08-05,129.9075409794151,1.59,0.72,0.87,1.31,0.4,11.39,2.73,90.6646,9.086886784672094,122.203609,0.0815662185057837,12849.3,98.8833,240.222,1351.4000244140625,40.060001373291016
2016-08-12,128.4335146152253,1.51,0.71,0.8,1.22,0.4,11.55,2.71,89.8341,9.091798623057526,122.203609,0.0816103084226611,12849.3,98.8833,240.222,1351.4000244140625,40.060001373291016
2016-08-19,129.1110211971628,1.58,0.76,0.82,1.28,0.4,11.34,2.67,88.9845,9.091049600733903,122.203609,0.0816035850068244,12849.3,98.8833,240.222,1351.4000244140625,40.060001373291016
2016-08-26,127.70263351582932,1.62,0.84,0.78,1.28,0.4,13.65,2.63,89.5294,9.029314713317264,122.203609,0.0810494368771317,12849.3,98.8833,240.222,1351.4000244140625,40.060001373291016
2016-09-02,132.3310786481057,1.6,0.8,0.8,1.27,0.4,11.98,2.63,90.2863,9.079428992252218,122.908446,0.0815231808822655,12907.3,98.9992,240.101,1312.199951171875,43.15999984741211
2016-09-09,132.7787626392052,1.67,0.79,0.88,1.32,0.4,17.5,2.67,89.9972,8.862145757800883,122.908446,0.0795722189396174,12907.3,98.9992,240.101,1312.199951171875,43.15999984741211
2016-09-16,130.9149382910847,1.7,0.77,0.93,1.4,0.4,15.37,2.71,90.5795,8.909416920834877,122.908446,0.0799966614434163,12907.3,98.9992,240.101,1312.199951171875,43.15999984741211
2016-09-23,132.4139864773044,1.62,0.77,0.85,1.44,0.4,12.29,2.68,90.0937,9.01574729553917,122.908446,0.0809513900257637,12907.3,98.9992,240.101,1312.199951171875,43.15999984741211
2016-09-30,129.40049800610683,1.6,0.77,0.83,1.31,0.29,13.29,2.69,89.9324,9.030658012799822,122.908446,0.081085271694023,12907.3,98.9992,240.101,1312.199951171875,43.15999984741211
2016-10-07,130.61184325549178,1.73,0.83,0.9,1.4,0.4,13.48,2.63,91.299,8.953584527778068,125.263144,0.0804297643767704,12986.7,98.85,240.545,1309.0,48.810001373291016
2016-10-14,128.67643906456644,1.8,0.84,0.96,1.48,0.41,16.12,2.63,91.9004,8.867280469220937,125.263144,0.0796544977700864,12986.7,98.85,240.545,1309.0,48.810001373291016
2016-10-21,129.91920056418422,1.74,0.84,0.9,1.4,0.41,13.34,2.6,92.6081,8.901286296158204,125.263144,0.0799599710293734,12986.7,98.85,240.545,1309.0,48.810001373291016
2016-10-28,129.3473881239852,1.86,0.86,1.0,1.56,0.41,16.19,2.6,92.7324,8.839967208253654,125.263144,0.0794091436175518,12986.7,98.85,240.545,1309.0,48.810001373291016
2016-11-04,126.28152972868678,1.79,0.8,0.99,1.41,0.41,22.51,2.67,91.4468,8.645884879260892,127.96994,0.0777008141176132,13052.7,98.7457,241.176,1286.4000244140625,46.66999816894531
2016-11-11,122.82299033579285,2.15,0.92,1.23,1.67,0.41,14.17,2.6,92.9838,8.974566089378193,127.96994,0.0806546815317558,13052.7,98.7457,241.176,1286.4000244140625,46.66999816894531
2016-11-18,118.44066766213275,2.34,1.07,1.27,1.9,0.41,12.85,2.52,94.8995,9.04691968663445,127.96994,0.0813049253748856,13052.7,98.7457,241.176,1286.4000244140625,46.66999816894531
2016-11-25,118.4422357210487,2.36,1.12,1.24,1.87,0.41,12.34,2.48,95.15,9.177323189937017,127.96994,0.0824768653800901,13052.7,98.7457,241.176,1286.4000244140625,46.66999816894531
2016-12-02,118.90342224824253,2.4,1.11,1.29,1.91,0.41,14.12,2.42,94.3916,9.067348737582268,130.438894,0.0815199239204473,13124.5,98.7611,241.741,1166.9000244140625,51.060001373291016
2016-12-09,122.46795796920286,2.47,1.15,1.32,1.93,0.41,11.75,2.43,94.8394,9.346904452686449,130.438894,0.0840332672676996,13124.5,98.7611,241.741,1166.9000244140625,51.060001373291016
2016-12-16,119.98894825924174,2.6,1.28,1.32,2.09,0.66,12.2,2.28,95.9966,9.340865092637884,130.438894,0.0839789704510738,13124.5,98.7611,241.741,1166.9000244140625,51.060001373291016
2016-12-23,117.73043597486323,2.55,1.22,1.33,2.03,0.66,11.44,2.25,96.5085,9.364526658955246,130.438894,0.0841916995675833,13124.5,98.7611,241.741,1166.9000244140625,51.060001373291016
2016-12-30,120.47720567850045,2.45,1.2,1.25,1.94,0.55,14.04,2.28,95.7228,9.261275820506244,130.438894,0.0832634237574562,13124.5,98.7611,241.741,1166.9000244140625,51.060001373291016
2017-01-06,120.97864892319808,2.42,1.22,1.2,1.89,0.66,11.32,2.24,95.2662,9.407997407174228,132.307431,0.0846084792529317,13214.2,98.3491,242.026,1160.4000244140625,52.33000183105469
2017-01-13,123.24854618736791,2.4,1.21,1.19,1.87,0.66,11.23,2.23,94.616,9.398328661293103,132.307431,0.0845215257972833,13214.2,98.3491,242.026,1160.4000244140625,52.33000183105469
2017-01-20,122.64531125409965,2.48,1.2,1.28,1.98,0.66,11.54,2.21,94.9218,9.384570494879682,132.307431,0.0843977951575766,13214.2,98.3491,242.026,1160.4000244140625,52.33000183105469
2017-01-27,126.87197067337387,2.49,1.22,1.27,1.97,0.66,10.58,2.19,94.0567,9.481171202293348,132.307431,0.0852665495369938,13214.2,98.3491,242.026,1160.4000244140625,52.33000183105469
2017-02-03,130.15636160965332,2.49,1.21,1.28,1.98,0.66,10.97,2.24,93.0757,9.468547343871707,134.508546,0.0851703574237775,13240.6,99.0214,242.637,1205.5999755859375,53.880001068115234
2017-02-10,131.55391237661559,2.41,1.2,1.21,1.86,0.66,10.85,2.23,93.8859,9.54553550223688,134.508546,0.085862872202151,13240.6,99.0214,242.637,1205.5999755859375,53.880001068115234
2017-02-17,131.53916024012642,2.42,1.21,1.21,1.89,0.66,11.49,2.21,94.1042,9.69003042449987,134.508546,0.0871626158405482,13240.6,99.0214,242.637,1205.5999755859375,53.880001068115234
2017-02-24,134.1562199056261,2.31,1.12,1.19,1.79,0.66,11.47,2.23,94.1098,9.756715125436866,134.508546,0.0877624501770346,13240.6,99.0214,242.637,1205.5999755859375,53.880001068115234
2017-03-03,133.25070694696146,2.49,1.32,1.17,1.78,0.66,10.96,2.16,95.3553,9.782200482671644,137.013246,0.0879962512621529,13318.9,98.7611,243.618,1248.9000244140625,53.83000183105469
2017-03-10,134.38444344838302,2.58,1.36,1.22,1.83,0.66,11.66,2.18,95.1503,9.739018043232644,137.013246,0.0876078015674531,13318.9,98.7611,243.618,1248.9000244140625,53.83000183105469
2017-03-17,139.91622782100293,2.5,1.33,1.17,1.77,0.91,11.28,2.22,94.111,9.762209688939242,137.013246,0.0878164231231445,13318.9,98.7611,243.618,1248.9000244140625,53.83000183105469
2017-03-24,139.28075635581652,2.4,1.26,1.14,1.62,0.91,12.96,2.22,93.6096,9.621538558188435,137.013246,0.0865510092534526,13318.9,98.7611,243.618,1248.9000244140625,53.83000183105469
2017-03-31,141.57742705108998,2.4,1.27,1.13,1.64,0.82,12.37,2.24,93.9602,9.698462226531394,137.013246,0.0872429797829367,13318.9,98.7611,243.618,1248.9000244140625,53.83000183105469
2017-04-07,143.14191563808558,2.38,1.29,1.09,1.56,0.91,12.87,2.24,94.4898,9.653615235127416,138.301713,0.0868255826230888,13395.2,98.3646,244.006,1250.800048828125,50.2400016784668
2017-04-14,141.9747850249909,2.24,1.21,1.03,1.43,0.91,15.96,2.28,93.9068,9.544642144750028,138.301713,0.0858454677301908,13395.2,98.3646,244.006,1250.800048828125,50.2400016784668
2017-04-21,141.07983410787898,2.24,1.2,1.04,1.45,0.91,14.63,2.29,93.9117,9.625541754736563,138.301713,0.0865730869277638,13395.2,98.3646,244.006,1250.800048828125,50.2400016784668
2017-04-28,144.79140736012644,2.29,1.28,1.01,1.49,0.83,10.82,2.28,93.7181,9.77107100305679,138.301713,0.0878819915677711,13395.2,98.3646,244.006,1250.800048828125,50.2400016784668
2017-05-05,144.69845830821708,2.36,1.32,1.04,1.46,0.91,10.57,2.24,93.5496,9.83751020559305,139.875741,0.0884573088475683,13464.6,99.0137,243.892,1253.300048828125,48.84000015258789
2017-05-12,146.51020962391354,2.33,1.29,1.04,1.45,0.91,10.4,2.25,94.0251,9.803109172681966,139.875741,0.0881479802949878,13464.6,99.0137,243.892,1253.300048828125,48.84000015258789
2017-05-19,146.28579654269708,2.23,1.28,0.95,1.31,0.91,12.04,2.26,92.3337,9.765510883787702,139.875741,0.0878099025310665,13464.6,99.0137,243.892,1253.300048828125,48.84000015258789
2017-05-26,148.7307989688588,2.25,1.3,0.95,1.31,0.91,9.81,2.24,92.3492,9.905286226523932,139.875741,0.0890667399221641,13464.6,99.0137,243.892,1253.300048828125,48.84000015258789
2017-06-02,149.88743394096824,2.15,1.28,0.87,1.17,0.91,9.75,2.24,91.8898,9.988288232502056,141.439577,0.0897807635943134,13520.3,100.0224,244.193,1267.0,48.36000061035156
2017-06-09,150.18174448940758,2.21,1.35,0.86,1.2,0.91,10.7,2.21,92.1431,9.958393645727968,141.439577,0.089512053003926,13520.3,100.0224,244.193,1267.0,48.36000061035156
2017-06-16,148.89432882236002,2.16,1.32,0.84,1.13,1.16,10.38,2.19,91.7442,9.964044433475776,141.439577,0.0895628456950357,13520.3,100.0224,244.193,1267.0,48.36000061035156
2017-06-23,148.453440916256,2.15,1.34,0.81,1.18,1.16,10.02,2.15,91.8673,9.985134908978246,141.439577,0.0897524196191258,13520.3,100.0224,244.193,1267.0,48.36000061035156
2017-06-30,147.36685520861602,2.31,1.38,0.93,1.28,1.06,11.18,2.09,90.4944,9.92415799023467,141.439577,0.0892043222676085,13520.3,100.0224,244.193,1267.0,48.36000061035156
2017-07-07,149.59828499601772,2.39,1.4,0.99,1.34,1.16,11.19,2.08,90.6493,9.939099078870122,142.925113,0.0893005922583896,13567.4,100.1408,244.004,1217.9000244140625,47.06999969482422
2017-07-14,153.83171653502924,2.33,1.35,0.98,1.29,1.16,9.51,2.09,89.688,10.07881026348441,142.925113,0.0905558661451045,13567.4,100.1408,244.004,1217.9000244140625,47.06999969482422
2017-07-21,153.81757914651894,2.24,1.36,0.88,1.08,1.16,9.36,2.05,88.6051,10.13319469788405,142.925113,0.0910444981793549,13567.4,100.1408,244.004,1217.9000244140625,47.06999969482422
2017-07-28,156.17520046592452,2.3,1.34,0.96,1.22,1.16,10.29,2.05,88.0258,10.131391688891371,142.925113,0.0910282985450002,13567.4,100.1408,244.004,1217.9000244140625,47.06999969482422
2017-08-04,158.1148914426286,2.27,1.36,0.91,1.19,1.16,10.03,2.05,88.4988,10.144166307446255,143.882151,0.0910714411544194,13577.0,100.3471,244.163,1272.5999755859375,49.15999984741211
2017-08-11,151.5394517946596,2.19,1.3,0.89,1.16,1.16,15.51,2.12,88.2082,9.99873063633464,143.882151,0.0897657610460725,13577.0,100.3471,244.163,1272.5999755859375,49.15999984741211
2017-08-18,153.52731398111771,2.19,1.33,0.86,1.17,1.16,14.26,2.12,88.2971,9.934142555703056,143.882151,0.0891859076203456,13577.0,100.3471,244.163,1272.5999755859375,49.15999984741211
2017-08-25,154.02723646992652,2.17,1.35,0.82,1.14,1.16,11.28,2.12,87.6737,10.005815986976424,143.882151,0.0898293713097921,13577.0,100.3471,244.163,1272.5999755859375,49.15999984741211
2017-09-01,155.81226318850528,2.16,1.35,0.81,1.14,1.16,10.13,2.15,87.4804,10.139697141077226,144.500776,0.0909320372011474,13638.5,100.1068,244.243,1324.5,47.290000915527344
2017-09-08,155.39878685812292,2.06,1.27,0.79,1.02,1.16,12.12,2.17,86.0101,10.077791100013611,144.500776,0.0903768685062001,13638.5,100.1068,244.243,1324.5,47.290000915527344
2017-09-15,157.28897002663973,2.2,1.39,0.81,1.15,1.16,10.17,2.1,86.6068,10.236649486244232,144.500776,0.0918014985011057,13638.5,100.1068,244.243,1324.5,47.290000915527344
2017-09-22,153.55597184045465,2.26,1.46,0.8,1.23,1.16,9.59,2.05,87.0324,10.244797069734345,144.500776,0.0918745654137278,13638.5,100.1068,244.243,1324.5,47.290000915527344
2017-09-29,149.91737417188324,2.33,1.47,0.86,1.27,1.06,9.51,2.0,88.1008,10.31497364273234,144.500776,0.0925039036136482,13638.5,100.1068,244.243,1324.5,47.290000915527344
2017-10-06,152.56167959533332,2.37,1.54,0.83,1.3,1.16,9.65,1.98,88.6593,10.39766247303035,145.852463,0.0931137023179209,13695.0,99.6925,245.183,1272.699951171875,50.58000183105469
2017-10-13,157.21322255435678,2.28,1.51,0.77,1.19,1.16,9.61,1.97,87.975,10.413323606754954,145.852463,0.0932539517391131,13695.0,99.6925,245.183,1272.699951171875,50.58000183105469
2017-10-20,155.8511571983957,2.39,1.6,0.79,1.28,1.16,9.97,1.94,88.7482,10.503215805898044,145.852463,0.0940589591620241,13695.0,99.6925,245.183,1272.699951171875,50.58000183105469
2017-10-27,158.7355690194926,2.42,1.59,0.83,1.32,1.16,9.8,1.93,90.0419,10.527116759152856,145.852463,0.0942729982551622,13695.0,99.6925,245.183,1272.699951171875,50.58000183105469
2017-11-03,161.5698108365677,2.34,1.63,0.71,1.16,1.16,9.14,1.91,89.8262,10.501106124903623,147.109182,0.0938498962732838,13743.0,99.7954,246.435,1274.0999755859375,54.29999923706055
2017-11-10,158.35034000626896,2.4,1.67,0.73,1.17,1.16,11.29,1.93,89.4057,10.478625393422709,147.109182,0.0936489827416484,13743.0,99.7954,246.435,1274.0999755859375,54.29999923706055
2017-11-17,158.18974737959627,2.35,1.73,0.62,1.06,1.16,11.43,1.93,88.9155,10.464625956768518,147.109182,0.0935238677621165,13743.0,99.7954,246.435,1274.0999755859375,54.29999923706055
2017-11-24,160.96832427073056,2.34,1.75,0.59,1.05,1.16,9.67,1.9,88.1531,10.56026912522572,147.109182,0.0943786445191735,13743.0,99.7954,246.435,1274.0999755859375,54.29999923706055
2017-12-01,156.8955052172177,2.37,1.78,0.59,1.1,1.16,11.43,1.87,88.1787,10.713468858527182,148.456717,0.095494120134385,13801.5,101.0247,246.626,1278.800048828125,58.36000061035156
2017-12-08,159.22402336874106,2.38,1.8,0.58,1.1,1.16,9.58,1.87,89.3369,10.751096802445808,148.456717,0.0958295154619325,13801.5,101.0247,246.626,1278.800048828125,58.36000061035156
2017-12-15,161.27308406015783,2.35,1.84,0.51,1.04,1.41,9.42,1.8,89.1218,10.849667344861247,148.456717,0.0967081204537825,13801.5,101.0247,246.626,1278.800048828125,58.36000061035156
2017-12-22,163.9331527135285,2.48,1.91,0.57,1.15,1.42,9.9,1.79,88.743,10.880199524343034,148.456717,0.0969802679397088,13801.5,101.0247,246.626,1278.800048828125,58.36000061035156
2017-12-29,164.95250671880817,2.4,1.89,0.51,1.01,1.33,11.04,1.77,87.4741,10.840747153268005,148.456717,0.0966286106461865,13801.5,101.0247,246.626,1278.800048828125,58.36000061035156
2018-01-05,166.71955503209603,2.47,1.96,0.51,1.08,1.42,9.22,1.76,87.2176,11.09311521304957,150.14278,0.0985595608872098,13849.1,101.2664,247.284,1313.699951171875,60.369998931884766
2018-01-12,167.9745525678755,2.55,1.99,0.56,1.12,1.42,10.16,1.68,86.8613,11.267368653994495,150.14278,0.1001077592330102,13849.1,101.2664,247.284,1313.699951171875,60.369998931884766
2018-01-19,170.70178270433536,2.64,2.06,0.58,1.2,1.42,11.27,1.64,86.1844,11.364665925931824,150.14278,0.1009722212180787,13849.1,101.2664,247.284,1313.699951171875,60.369998931884766
2018-01-26,174.12475101718798,2.66,2.13,0.53,1.25,1.42,11.08,1.6,84.8181,11.617695108407744,150.14278,0.1032203223724902,13849.1,101.2664,247.284,1313.699951171875,60.369998931884766
2018-02-02,167.78699817689204,2.84,2.15,0.69,1.36,1.42,17.31,1.58,85.1997,11.146384789703598,151.944195,0.0986766107036462,13887.3,101.4644,247.805,1344.300048828125,65.80000305175781
2018-02-09,162.82102357519406,2.83,2.05,0.78,1.28,1.42,29.06,1.67,86.2365,10.571013695559513,151.944195,0.0935829708788814,13887.3,101.4644,247.805,1344.300048828125,65.80000305175781
2018-02-16,162.3532191768241,2.87,2.21,0.66,1.25,1.42,19.46,1.66,84.9754,11.025685400630032,151.944195,0.0976080842843194,13887.3,101.4644,247.805,1344.300048828125,65.80000305175781
2018-02-23,162.141621403385,2.88,2.25,0.63,1.24,1.42,16.49,1.68,85.8219,11.086540016658764,151.944195,0.0981468174582301,13887.3,101.4644,247.805,1344.300048828125,65.80000305175781
2018-03-02,160.43686493836543,2.86,2.25,0.61,1.21,1.42,19.59,1.72,86.6211,10.81435672408874,154.075005,0.0953581193199012,13902.4,101.4625,248.859,1302.9000244140625,60.9900016784668
2018-03-09,157.1176317867524,2.9,2.27,0.63,1.23,1.42,14.64,1.77,86.187,11.197385139212868,154.075005,0.0987355619403171,13902.4,101.4625,248.859,1302.9000244140625,60.9900016784668
2018-03-16,156.813735314174,2.85,2.31,0.54,1.07,1.43,15.8,1.79,86.7572,11.05851108364827,154.075005,0.0975110074800902,13902.4,101.4625,248.859,1302.9000244140625,60.9900016784668
2018-03-23,153.78066443971036,2.82,2.28,0.54,1.08,1.68,24.87,1.87,85.8266,10.400507957379984,154.075005,0.0917089110421399,13902.4,101.4625,248.859,1302.9000244140625,60.9900016784668
2018-03-30,155.42847816505642,2.74,2.27,0.47,1.01,1.67,19.97,1.85,86.2665,10.611913240780924,154.075005,0.0935730265650263,13902.4,101.4625,248.859,1302.9000244140625,60.9900016784668
2018-04-06,159.1815537095034,2.77,2.27,0.5,1.04,1.69,21.49,1.84,86.2667,10.43754421611566,156.584606,0.0916323326191233,13949.8,101.7085,249.529,1342.0999755859375,63.0099983215332
2018-04-13,160.75623540282527,2.82,2.37,0.45,1.06,1.69,17.41,1.79,85.8087,10.645255857347744,156.584606,0.0934558556437113,13949.8,101.7085,249.529,1342.0999755859375,63.0099983215332
2018-04-20,159.57055325582897,2.96,2.46,0.5,1.15,1.7,16.88,1.78,86.3755,10.700719726276803,156.584606,0.0939427789640651,13949.8,101.7085,249.529,1342.0999755859375,63.0099983215332
2018-04-27,160.52093839833802,2.96,2.49,0.47,1.14,1.7,15.41,1.8,87.542,10.699798067997609,156.584606,0.0939346876260787,13949.8,101.7085,249.529,1342.0999755859375,63.0099983215332
2018-05-04,158.93205190866195,2.95,2.51,0.44,1.11,1.7,14.77,1.86,88.2094,10.67173626526082,159.042799,0.0932271725979329,14014.5,102.2067,249.577,1303.800048828125,67.25
2018-05-11,160.37617732044674,2.97,2.54,0.43,1.05,1.7,12.65,1.82,88.0314,10.92937238088095,159.042799,0.0954778547757305,14014.5,102.2067,249.577,1303.800048828125,67.25
2018-05-18,155.88673230583709,3.06,2.55,0.51,1.15,1.7,13.42,1.83,89.0051,10.870272383685696,159.042799,0.094961563377395,14014.5,102.2067,249.577,1303.800048828125,67.25
2018-05-25,156.59899245405157,2.93,2.48,0.45,1.03,1.7,13.22,1.85,89.3643,10.903769490477888,159.042799,0.0952541906011967,14014.5,102.2067,249.577,1303.800048828125,67.25
2018-06-01,159.67337972456596,2.89,2.47,0.42,0.97,1.7,13.46,1.9,89.2653,10.928557338686472,161.891483,0.094949287824711,14034.8,103.3329,250.227,1294.800048828125,65.80999755859375
2018-06-08,159.46640362696496,2.93,2.5,0.43,1.0,1.7,12.18,1.9,88.9338,11.106035836647823,161.891483,0.0964912531970275,14034.8,103.3329,250.227,1294.800048828125,65.80999755859375
2018-06-15,158.03799382916264,2.93,2.55,0.38,0.99,1.9,11.98,1.87,90.1206,11.108553082238826,161.891483,0.0965131234831722,14034.8,103.3329,250.227,1294.800048828125,65.80999755859375
2018-06-22,159.5437021560041,2.9,2.56,0.34,0.97,1.92,13.77,1.97,90.297,11.0095228844709,161.891483,0.0956527311679011,14034.8,103.3329,250.227,1294.800048828125,65.80999755859375
2018-06-29,156.56170361537548,2.85,2.52,0.33,0.92,1.91,16.09,1.99,89.9735,10.863616305144928,161.891483,0.0943850683495985,14034.8,103.3329,250.227,1294.800048828125,65.80999755859375
2018-07-06,156.68170781709205,2.82,2.53,0.29,0.85,1.91,13.37,1.96,89.5756,11.00441827633806,165.365417,0.0950325020666678,14091.0,102.4024,250.792,1239.800048828125,73.94000244140625
2018-07-13,160.89109380975546,2.83,2.59,0.24,0.85,1.91,12.18,1.9,90.2872,11.16985413647066,165.365417,0.0964611812867005,14091.0,102.4024,250.792,1239.800048828125,73.94000244140625
2018-07-20,160.1879726121915,2.89,2.6,0.29,0.9,1.91,12.86,1.91,90.0729,11.171927645718364,165.365417,0.0964790878008769,14091.0,102.4024,250.792,1239.800048828125,73.94000244140625
2018-07-27,164.38346464135395,2.96,2.67,0.29,0.96,1.91,13.03,1.84,89.9284,11.239672989407058,165.365417,0.0970641264055931,14091.0,102.4024,250.792,1239.800048828125,73.94000244140625
2018-08-03,165.826878564342,2.95,2.63,0.32,0.94,1.91,11.64,1.84,90.0491,11.3153243897101,168.756521,0.0970864175454453,14133.2,103.198,251.018,1217.9000244140625,67.66000366210938
2018-08-10,165.45309347200836,2.87,2.61,0.26,0.82,1.91,13.16,1.87,91.1345,11.28715880652732,168.756521,0.0968447545161661,14133.2,103.198,251.018,1217.9000244140625,67.66000366210938
2018-08-17,164.38449700006692,2.87,2.61,0.26,0.82,1.92,12.64,1.89,91.025,11.354284883205588,168.756521,0.0974207017965198,14133.2,103.198,251.018,1217.9000244140625,67.66000366210938
2018-08-24,164.45534483722602,2.82,2.63,0.19,0.73,1.92,11.99,1.9,90.1696,11.452126705679474,168.756521,0.0982601927119323,14133.2,103.198,251.018,1217.9000244140625,67.66000366210938
2018-08-31,164.52566445688805,2.86,2.62,0.24,0.75,1.91,12.86,1.92,90.2569,11.559011782148094,168.756521,0.0991772754933014,14133.2,103.198,251.018,1217.9000244140625,67.66000366210938
2018-09-07,160.74761652194857,2.94,2.71,0.23,0.8,1.92,14.88,1.93,90.5598,11.431209771910105,172.039527,0.0974110240653681,14170.0,103.3646,251.214,1192.699951171875,69.87000274658203
2018-09-14,159.87228184765934,2.99,2.78,0.21,0.83,1.92,12.07,1.88,90.0256,11.56376627285402,172.039527,0.098540603940212,14170.0,103.3646,251.214,1192.699951171875,69.87000274658203
2018-09-21,154.2724503875485,3.07,2.81,0.26,0.89,1.92,11.68,1.83,89.5186,11.662048778630968,172.039527,0.099378118055207,14170.0,103.3646,251.214,1192.699951171875,69.87000274658203
2018-09-28,150.74403355797136,3.05,2.81,0.24,0.86,2.18,12.12,1.84,90.1109,11.599592301658149,172.039527,0.0988458953506261,14170.0,103.3646,251.214,1192.699951171875,69.87000274658203
2018-10-05,139.8594163336872,3.23,2.88,0.35,1.0,2.18,14.82,1.85,90.6888,11.466008385656115,172.614174,0.0970043421702441,14221.3,104.0327,251.663,1187.0999755859375,75.30000305175781
2018-10-12,141.21493369546207,3.15,2.85,0.3,0.87,2.18,21.31,1.88,90.3927,10.995378274964931,172.614174,0.0930227329861606,14221.3,104.0327,251.663,1187.0999755859375,75.30000305175781
2018-10-19,138.93674886577574,3.2,2.92,0.28,0.89,2.19,19.89,1.92,90.831,10.997961676117963,172.614174,0.093044588990533,14221.3,104.0327,251.663,1187.0999755859375,75.30000305175781
2018-10-26,137.16239316239316,3.08,2.81,0.27,0.75,2.2,24.16,2.02,91.2889,10.564484812651244,172.614174,0.0893773024709093,14221.3,104.0327,251.663,1187.0999755859375,75.30000305175781
2018-11-02,144.75001956925865,3.22,2.91,0.31,0.89,2.19,19.51,2.02,91.4119,10.797995331124945,174.075277,0.0905999274198046,14243.9,104.1004,252.182,1236.0,63.689998626708984
2018-11-09,146.06319879967845,3.19,2.94,0.25,0.83,2.19,17.36,1.98,91.8931,11.027789492373069,174.075277,0.0925280014457827,14243.9,104.1004,252.182,1236.0,63.689998626708984
2018-11-16,148.41954981346024,3.08,2.81,0.27,0.72,2.2,18.14,2.13,91.437,10.850377979123213,174.075277,0.0910394408629175,14243.9,104.1004,252.182,1236.0,63.689998626708984
2018-11-23,149.0027970917848,3.05,2.81,0.24,0.64,2.2,21.52,2.18,91.8146,10.439127529299276,174.075277,0.0875888688110838,14243.9,104.1004,252.182,1236.0,63.689998626708984
2018-11-30,156.17865905688134,3.01,2.8,0.21,0.64,2.2,18.07,2.27,92.0345,10.945150414680668,174.075277,0.0918346232573898,14243.9,104.1004,252.182,1236.0,63.689998626708984
2018-12-07,151.14770594081273,2.85,2.72,0.13,0.45,2.19,23.23,2.31,91.7441,10.41681862755764,175.516886,0.0865873647001239,14257.6,103.9856,252.772,1233.9000244140625,52.95000076293945
2018-12-14,151.02590797337714,2.89,2.73,0.16,0.47,2.19,21.63,2.25,92.4416,10.285751393239265,175.516886,0.0854978990173732,14257.6,103.9856,252.772,1233.9000244140625,52.95000076293945
2018-12-21,153.34379610967224,2.79,2.63,0.16,0.4,2.4,30.11,2.31,92.1151,9.560473933772332,175.516886,0.0794692000319166,14257.6,103.9856,252.772,1233.9000244140625,52.95000076293945
2018-12-28,155.47459739241816,2.72,2.52,0.2,0.32,2.4,28.34,2.44,91.9394,9.833921440010664,175.516886,0.0817421683724001,14257.6,103.9856,252.772,1233.9000244140625,52.95000076293945
2019-01-04,154.2948489599388,2.67,2.5,0.17,0.25,2.4,21.38,2.45,91.3243,10.023753301369986,176.065038,0.0824523025913124,14288.4,104.0681,252.594,1281.0,46.540000915527344
2019-01-11,153.40272522352325,2.71,2.55,0.16,0.28,2.4,18.19,2.42,90.7375,10.278391449383696,176.065038,0.0845468774476637,14288.4,104.0681,252.594,1281.0,46.540000915527344
2019-01-18,153.5537086187322,2.79,2.62,0.17,0.38,2.4,17.8,2.38,91.3493,10.57313301558034,176.065038,0.086971330651132,14288.4,104.0681,252.594,1281.0,46.540000915527344
2019-01-25,151.9029113605628,2.76,2.6,0.16,0.37,2.4,17.42,2.34,91.0087,10.549577621660154,176.065038,0.0867775712469676,14288.4,104.0681,252.594,1281.0,46.540000915527344
2019-02-01,152.46537237106216,2.7,2.52,0.18,0.3,2.4,16.14,2.31,90.5006,10.7076083084298,176.202377,0.0871408189033141,14392.0,104.0936,252.767,1316.9000244140625,55.2599983215332
2019-02-08,153.91842256309246,2.63,2.45,0.18,0.2,2.4,15.72,2.3,91.5568,10.71294861596846,176.202377,0.0871842794744061,14392.0,104.0936,252.767,1316.9000244140625,55.2599983215332
2019-02-15,150.37016876772762,2.66,2.52,0.14,0.23,2.4,14.91,2.28,91.8995,10.980864185816383,176.202377,0.0893646339925216,14392.0,104.0936,252.767,1316.9000244140625,55.2599983215332
2019-02-22,151.93515809500158,2.65,2.48,0.17,0.19,2.4,13.51,2.25,91.3718,11.048396040127866,176.202377,0.0899142227444868,14392.0,104.0936,252.767,1316.9000244140625,55.2599983215332
2019-03-01,153.02860018177714,2.76,2.55,0.21,0.32,2.4,13.57,2.22,91.4904,11.1010407046466,176.087447,0.0893654518430039,14460.2,103.4021,252.561,1296.4000244140625,55.79999923706055
2019-03-08,157.6780845937726,2.62,2.45,0.17,0.16,2.4,16.05,2.27,92.3079,10.861019984714089,176.087447,0.0874332402009483,14460.2,103.4021,252.561,1296.4000244140625,55.79999923706055
2019-03-15,164.80089487674044,2.59,2.43,0.16,0.14,2.4,12.88,2.28,91.7045,11.175438727549976,176.087447,0.0899643698282522,14460.2,103.4021,252.561,1296.4000244140625,55.79999923706055
2019-03-22,165.65789161318222,2.44,2.31,0.13,-0.02,2.41,16.48,2.3,91.7523,11.089241652264205,176.087447,0.0892704672667352,14460.2,103.4021,252.561,1296.4000244140625,55.79999923706055
2019-03-29,167.41898803878408,2.41,2.27,0.14,0.01,2.43,13.71,2.26,92.0715,11.222634937079556,176.087447,0.0903443081333269,14460.2,103.4021,252.561,1296.4000244140625,55.79999923706055
2019-04-05,169.14430744479478,2.5,2.35,0.15,0.06,2.41,12.82,2.22,92.3203,11.419356582942358,175.542297,0.0909194575958086,14506.6,102.8371,253.319,1288.4000244140625,61.59000015258789
2019-04-12,168.2992992686112,2.56,2.4,0.16,0.12,2.41,12.01,2.15,91.9007,11.477267445826705,175.542297,0.0913805364844577,14506.6,102.8371,253.319,1288.4000244140625,61.59000015258789
2019-04-19,169.39508457641853,2.57,2.38,0.19,0.15,2.44,12.09,2.12,92.3041,11.467872640018614,175.542297,0.0913057362413717,14506.6,102.8371,253.319,1288.4000244140625,61.59000015258789
2019-04-26,168.29792131458697,2.51,2.28,0.23,0.09,2.44,12.73,2.13,92.8366,11.605445634999745,175.542297,0.0924010748440911,14506.6,102.8371,253.319,1288.4000244140625,61.59000015258789
2019-05-03,168.70509423771057,2.54,2.33,0.21,0.11,2.4,12.87,2.11,92.5139,11.584374098239811,175.550913,0.0912375712542164,14559.5,102.8757,254.277,1281.4000244140625,63.599998474121094
2019-05-10,160.1888908393092,2.47,2.26,0.21,0.04,2.38,16.04,2.2,92.1684,11.331736265347436,175.550913,0.0892478165998384,14559.5,102.8757,254.277,1281.4000244140625,63.599998474121094
2019-05-17,162.41404273503716,2.39,2.2,0.19,0.0,2.39,15.96,2.24,92.7843,11.245728199156334,175.550913,0.0885704241916684,14559.5,102.8757,254.277,1281.4000244140625,63.599998474121094
2019-05-24,170.73067939695088,2.32,2.16,0.16,-0.03,2.38,15.85,2.31,92.5183,11.11410020801626,175.550913,0.0875337330317622,14559.5,102.8757,254.277,1281.4000244140625,63.599998474121094
2019-05-31,170.37438171980585,2.14,1.95,0.19,-0.21,2.4,18.71,2.37,92.7575,10.823078998862462,175.550913,0.0852416740839514,14559.5,102.8757,254.277,1281.4000244140625,63.599998474121094
2019-06-07,171.14547702084906,2.09,1.85,0.24,-0.19,2.37,16.3,2.42,91.4864,11.257713884531489,175.897394,0.0877195259285068,14594.0,102.274,255.233,1322.699951171875,53.25
2019-06-14,169.24518828524995,2.09,1.84,0.25,-0.11,2.36,15.28,2.42,92.2459,11.311154828994487,175.897394,0.0881359350113409,14594.0,102.274,255.233,1322.699951171875,53.25
2019-06-21,168.0151879402646,2.07,1.77,0.3,-0.04,2.38,15.4,2.35,91.271,11.559868672693186,175.897394,0.0900739004530709,14594.0,102.274,255.233,1322.699951171875,53.25
2019-06-28,170.05193116959697,2.0,1.75,0.25,-0.12,2.4,15.08,2.31,90.8599,11.52578236264756,175.897394,0.0898083016833276,14594.0,102.274,255.233,1322.699951171875,53.25
2019-07-05,172.57670907795358,2.04,1.87,0.17,-0.19,2.42,13.28,2.26,91.7259,11.713500846505136,174.578413,0.0903075478297056,14703.2,102.392,255.296,1385.5999755859375,59.09000015258789
2019-07-12,168.52588390126905,2.12,1.84,0.28,-0.02,2.38,12.39,2.25,91.3169,11.805002896760035,174.578413,0.0910130009549663,14703.2,102.392,255.296,1385.5999755859375,59.09000015258789
2019-07-19,165.70387382740577,2.05,1.8,0.25,-0.01,2.41,14.45,2.26,91.4838,11.65944671057077,174.578413,0.0898908067947022,14703.2,102.392,255.296,1385.5999755859375,59.09000015258789
2019-07-26,163.18465120292012,2.08,1.86,0.22,-0.04,2.4,12.16,2.13,92.3149,11.852360034712158,174.578413,0.0913781101615759,14703.2,102.392,255.296,1385.5999755859375,59.09000015258789
2019-08-02,158.69831859193346,1.86,1.72,0.14,-0.2,2.14,17.61,2.18,92.3013,11.488639092946382,173.561649,0.0876706298719121,14798.8,102.4375,255.213,1420.9000244140625,53.95000076293945
2019-08-09,157.64876219610292,1.74,1.63,0.11,-0.26,2.12,17.97,2.23,91.7475,11.436133356622705,173.561649,0.0872699548277973,14798.8,102.4375,255.213,1420.9000244140625,53.95000076293945
2019-08-16,154.04070854224102,1.55,1.48,0.07,-0.32,2.13,18.47,2.26,92.4426,11.318702149344372,173.561649,0.0863738288527868,14798.8,102.4375,255.213,1420.9000244140625,53.95000076293945
2019-08-23,150.97989642834577,1.52,1.51,0.01,-0.45,2.12,19.87,2.27,92.1048,11.15581928593714,173.561649,0.0851308580261533,14798.8,102.4375,255.213,1420.9000244140625,53.95000076293945
2019-08-30,153.78375345799114,1.5,1.5,0.0,-0.49,2.13,18.98,2.26,92.8788,11.466735475612529,173.561649,0.0875034817952255,14798.8,102.4375,255.213,1420.9000244140625,53.95000076293945
2019-09-06,152.73057729831925,1.55,1.53,0.02,-0.41,2.12,15.0,2.26,92.3596,11.64459214915247,172.400973,0.0879834274625286,14882.7,101.9408,255.802,1545.9000244140625,53.939998626708984
2019-09-13,155.9531322159349,1.9,1.79,0.11,-0.06,2.14,13.74,2.21,92.5151,11.756709848156484,172.400973,0.0888305588443094,14882.7,101.9408,255.802,1545.9000244140625,53.939998626708984
2019-09-20,157.20291961112136,1.74,1.69,0.05,-0.17,1.9,15.32,2.19,92.7852,11.696820464106516,172.400973,0.08837805065769,14882.7,101.9408,255.802,1545.9000244140625,53.939998626708984
2019-09-27,162.97282686998471,1.69,1.63,0.06,-0.11,1.83,17.22,2.19,93.0903,11.57844754561145,172.400973,0.0874836565084972,14882.7,101.9408,255.802,1545.9000244140625,53.939998626708984
2019-10-04,157.78530358197222,1.52,1.4,0.12,-0.19,1.82,17.04,2.29,93.019,11.529667741120878,174.842169,0.0862835391329815,14974.4,102.639,256.036,1482.0,53.619998931884766
2019-10-11,159.1588061237949,1.76,1.63,0.13,0.08,1.82,15.58,2.22,92.4769,11.600985875155253,174.842169,0.0868172562484279,14974.4,102.639,256.036,1482.0,53.619998931884766
2019-10-18,163.27977191665002,1.76,1.58,0.18,0.1,1.85,14.25,2.21,91.7673,11.66320342128402,174.842169,0.0872828681113798,14974.4,102.639,256.036,1482.0,53.619998931884766
2019-10-25,163.5451092921779,1.8,1.63,0.17,0.14,1.83,12.65,2.16,92.0086,11.805176025356298,174.842169,0.0883453357396178,14974.4,102.639,256.036,1482.0,53.619998931884766
2019-11-01,168.63204432036574,1.73,1.56,0.17,0.21,1.57,12.3,2.16,91.6398,11.96002773509096,177.771937,0.0887526315037358,15047.2,102.2917,256.43,1508.0,56.20000076293945
2019-11-08,166.87134178310836,1.94,1.68,0.26,0.39,1.55,12.07,2.11,92.5943,12.062083524256131,177.771937,0.0895099641829924,15047.2,102.2917,256.43,1508.0,56.20000076293945
2019-11-15,165.89243424276088,1.84,1.61,0.23,0.27,1.55,12.05,2.13,92.3875,12.168856845679132,177.771937,0.0903023045906055,15047.2,102.2917,256.43,1508.0,56.20000076293945
2019-11-22,165.97894648234202,1.77,1.61,0.16,0.19,1.55,12.34,2.14,92.6312,12.129197204159029,177.771937,0.0900079994579278,15047.2,102.2917,256.43,1508.0,56.20000076293945
2019-11-29,168.09182377346283,1.78,1.61,0.17,0.19,1.56,12.62,2.08,92.7133,12.248878760163592,177.771937,0.0908961289232719,15047.2,102.2917,256.43,1508.0,56.20000076293945
2019-12-06,167.2329319542798,1.84,1.61,0.23,0.31,1.55,13.62,2.07,92.238,12.233516408817154,180.772358,0.0901188439816008,15185.6,101.4281,257.155,1462.300048828125,55.959999084472656
2019-12-13,170.98416562614102,1.82,1.61,0.21,0.25,1.55,12.63,2.02,91.7647,12.32252940377642,180.772358,0.0907745629046806,15185.6,101.4281,257.155,1462.300048828125,55.959999084472656
2019-12-20,172.7838399150609,1.92,1.63,0.29,0.34,1.55,12.51,1.96,92.0735,12.526375029469095,180.772358,0.0922762024598366,15185.6,101.4281,257.155,1462.300048828125,55.959999084472656
2019-12-27,171.71903014591203,1.88,1.59,0.29,0.31,1.55,13.43,1.96,91.4593,12.599482878152283,180.772358,0.0928147552838278,15185.6,101.4281,257.155,1462.300048828125,55.959999084472656
2020-01-03,170.45140750948264,1.8,1.53,0.27,0.28,1.55,14.02,1.99,90.8221,12.544061740801888,170.114808,0.0918306002359043,15301.3,101.9372,257.879,1524.5,61.18000030517578
2020-01-10,172.74532857803996,1.83,1.56,0.27,0.29,1.54,12.56,1.99,93.37030507205574,12.662334263961974,170.114808,0.0926964311778772,15301.3,101.9372,257.879,1524.5,61.18000030517578
2020-01-17,173.8917722266735,1.84,1.58,0.26,0.28,1.55,12.1,1.98,93.3686010522426,12.911559751618006,170.114808,0.0945209220484138,15301.3,101.9372,257.879,1524.5,61.18000030517578
2020-01-24,171.72450787327878,1.7,1.49,0.21,0.16,1.55,14.56,1.98,93.76620567530632,12.779132735519855,170.114808,0.0935514711140176,15301.3,101.9372,257.879,1524.5,61.18000030517578
2020-01-31,167.3102868803521,1.51,1.33,0.18,-0.04,1.59,18.84,2.13,93.91137193462488,12.507881679125674,170.114808,0.0915657389135551,15301.3,101.9372,257.879,1524.5,61.18000030517578
2020-02-07,169.17100647771207,1.59,1.41,0.18,0.03,1.58,15.47,2.05,94.53950609526493,12.866681981740324,159.718175,0.0936970113863691,15351.5,101.7003,258.63,1577.199951171875,50.11000061035156
2020-02-14,169.3838201550996,1.59,1.42,0.17,0.01,1.58,13.68,2.04,94.46947899532532,13.069481158834533,159.718175,0.0951738238880155,15351.5,101.7003,258.63,1577.199951171875,50.11000061035156
2020-02-21,168.05378957068766,1.46,1.34,0.12,-0.1,1.58,17.08,2.09,94.97662774923312,12.905502068592195,159.718175,0.093979704789761,15351.5,101.7003,258.63,1577.199951171875,50.11000061035156
2020-02-28,155.25640697293866,1.13,0.86,0.27,-0.14,1.58,40.11,2.38,95.47119921404398,11.422572674102485,159.718175,0.0831808016570133,15351.5,101.7003,258.63,1577.199951171875,50.11000061035156
2020-03-06,148.5155158746852,0.74,0.49,0.25,0.29,1.09,41.94,2.55,94.7034165725279,11.470707865978843,150.113203,0.0831720330089436,15425.0,101.0338,259.127,1592.300048828125,46.75
2020-03-13,134.70448535602,0.94,0.49,0.45,0.66,1.1,57.83,3.3,97.72861974743832,10.462128684124965,150.113203,0.0758590073451934,15425.0,101.0338,259.127,1592.300048828125,46.75
2020-03-20,116.3582394746213,0.92,0.37,0.55,0.87,0.15,66.04,4.23,101.3779810367581,8.894943104635951,150.113203,0.0644956274848279,15425.0,101.0338,259.127,1592.300048828125,46.75
2020-03-27,115.66199344982037,0.72,0.25,0.47,0.69,0.1,65.54,3.98,99.320579971905,9.807816131484271,150.113203,0.0711147050874571,15425.0,101.0338,259.127,1592.300048828125,46.75
2020-04-03,104.79387955209499,0.62,0.23,0.39,0.52,0.05,46.8,3.92,100.95522183550058,9.599421031219864,143.718915,0.0693653404981513,15492.8,101.3735,259.25,1578.199951171875,20.309999465942383
2020-04-10,119.63134496175861,0.73,0.23,0.5,0.48,0.05,41.67,3.61,99.12461769339504,10.76111887506027,143.718915,0.0777597599357284,15492.8,101.3735,259.25,1578.199951171875,20.309999465942383
2020-04-17,121.14824391561476,0.65,0.2,0.45,0.53,0.05,38.15,3.27,99.70219926624551,11.087984796890067,143.718915,0.0801216905033352,15492.8,101.3735,259.25,1578.199951171875,20.309999465942383
2020-04-24,119.97667910876824,0.6,0.22,0.38,0.48,0.05,35.93,3.25,100.74936001331432,10.942102180267598,143.718915,0.0790675438686717,15492.8,101.3735,259.25,1578.199951171875,20.309999465942383
2020-05-01,130.0255264604842,0.64,0.2,0.44,0.52,0.05,37.19,3.25,99.92794131958496,10.96851299980432,136.311414,0.0790323893908476,16034.4,97.4078,258.076,1694.5,19.780000686645508
2020-05-08,122.53074053733708,0.69,0.16,0.53,0.57,0.05,27.98,3.37,99.43190926636284,11.352470004293792,136.311414,0.0817989484940458,16034.4,97.4078,258.076,1694.5,19.780000686645508
2020-05-15,120.50235211916116,0.64,0.16,0.48,0.52,0.05,31.89,3.41,100.29300727859795,11.09634352350422,136.311414,0.0799534578825627,16034.4,97.4078,258.076,1694.5,19.780000686645508
2020-05-22,118.97272075387083,0.66,0.17,0.49,0.54,0.05,28.16,3.18,99.2559895066073,11.451858953067603,136.311414,0.0825150844097144,16034.4,97.4078,258.076,1694.5,19.780000686645508
2020-05-29,126.86920896300198,0.65,0.16,0.49,0.51,0.05,27.51,3.08,98.1400188166083,11.79617654719443,136.311414,0.0849960261903949,16034.4,97.4078,258.076,1694.5,19.780000686645508
2020-06-05,134.21933710777867,0.91,0.22,0.69,0.76,0.07,24.52,2.86,96.41003298727809,12.474729454289406,128.20517,0.0896859289669412,17064.0,84.5619,256.032,1737.800048828125,35.439998626708984
2020-06-12,131.29752897063713,0.71,0.19,0.52,0.55,0.08,36.09,2.91,97.10032329919704,11.878632587308424,128.20517,0.0854003449416228,17064.0,84.5619,256.032,1737.800048828125,35.439998626708984
2020-06-19,134.37076773386073,0.7,0.19,0.51,0.55,0.09,35.12,2.87,97.54994109846152,12.099034457545836,128.20517,0.0869849040738047,17064.0,84.5619,256.032,1737.800048828125,35.439998626708984
2020-06-26,137.29132478022018,0.64,0.17,0.47,0.5,0.08,34.73,2.92,97.80505720762729,11.752632674150597,128.20517,0.0844944800647353,17064.0,84.5619,256.032,1737.800048828125,35.439998626708984
2020-07-03,142.0407781965691,0.68,0.16,0.52,0.54,0.09,27.68,2.87,97.25530795839126,12.236065432504926,127.127157,0.0878349955026821,17931.9,85.9604,255.802,1773.199951171875,39.81999969482422
2020-07-10,143.21499837342145,0.65,0.16,0.49,0.52,0.09,27.29,2.74,96.84585634043626,12.451192872074886,127.127157,0.0893792596937622,17931.9,85.9604,255.802,1773.199951171875,39.81999969482422
2020-07-17,145.4976164952216,0.64,0.14,0.5,0.53,0.09,25.68,2.68,96.66174105681758,12.606351711357808,127.127157,0.0904930471302378,17931.9,85.9604,255.802,1773.199951171875,39.81999969482422
2020-07-24,149.91556544748107,0.59,0.14,0.45,0.48,0.09,25.84,2.58,95.85752484882076,12.57077694002588,127.127157,0.0902376782866185,17931.9,85.9604,255.802,1773.199951171875,39.81999969482422
2020-07-31,147.88873787288196,0.55,0.11,0.44,0.46,0.1,24.46,2.6,95.10718812443912,12.787703447148576,127.127157,0.0917948568488481,17931.9,85.9604,255.802,1773.199951171875,39.81999969482422
2020-08-07,149.48479221345707,0.57,0.13,0.44,0.47,0.1,22.21,2.57,95.44450290363828,13.03786941160151,126.296134,0.0934665797938589,18180.0,91.5934,257.042,1966.0,41.0099983215332
2020-08-14,149.34462331943695,0.71,0.14,0.57,0.61,0.1,22.05,2.61,94.88915473215908,13.121785924698106,126.296134,0.0940681650084175,18180.0,91.5934,257.042,1966.0,41.0099983215332
2020-08-21,151.87384867926662,0.64,0.16,0.48,0.54,0.09,22.54,2.64,94.984660985495,13.21636118653518,126.296134,0.0947461612344845,18180.0,91.5934,257.042,1966.0,41.0099983215332
2020-08-28,159.28341346153846,0.74,0.14,0.6,0.64,0.09,22.96,2.71,94.07601270609352,13.647614046597932,126.296134,0.097837749943029,18180.0,91.5934,257.042,1966.0,41.0099983215332
2020-09-04,154.89178024317238,0.72,0.14,0.58,0.61,0.09,30.75,2.68,94.15496562410186,13.264692980652368,125.689656,0.0949843673168475,18331.4,95.0256,258.352,1968.199951171875,42.7599983215332
2020-09-11,156.13717791938862,0.67,0.13,0.54,0.56,0.09,26.87,2.69,94.19707925662637,12.931852552730868,125.689656,0.0926009998684109,18331.4,95.0256,258.352,1968.199951171875,42.7599983215332
2020-09-18,156.31110409474007,0.7,0.14,0.56,0.6,0.09,25.83,2.66,93.50971012152992,12.848632759580438,125.689656,0.0920050886466313,18331.4,95.0256,258.352,1968.199951171875,42.7599983215332
2020-09-25,149.9436893199863,0.66,0.12,0.54,0.56,0.09,26.38,2.74,95.64249377716388,12.76730956577654,125.689656,0.0914227583866761,18331.4,95.0256,258.352,1968.199951171875,42.7599983215332
2020-10-02,155.83960640057285,0.7,0.13,0.57,0.61,0.09,27.63,2.76,94.72086248966234,12.91250798976924,123.893625,0.0923736334091361,18413.3,95.9549,259.316,1908.4000244140625,38.720001220703125
2020-10-09,163.298368059978,0.79,0.16,0.63,0.69,0.09,25.0,2.67,93.53908417735626,13.408890668443618,123.893625,0.0959246609575288,18413.3,95.9549,259.316,1908.4000244140625,38.720001220703125
2020-10-16,160.1575380667235,0.76,0.14,0.62,0.65,0.09,27.41,2.64,93.9384739640337,13.43461282216967,123.893625,0.0961086723672926,18413.3,95.9549,259.316,1908.4000244140625,38.720001220703125
2020-10-23,161.6077097058065,0.85,0.18,0.67,0.75,0.09,27.55,2.6,93.32559483791124,13.363579156620206,123.893625,0.0956005109948953,18413.3,95.9549,259.316,1908.4000244140625,38.720001220703125
2020-10-30,156.7704459791219,0.88,0.14,0.74,0.79,0.09,38.02,2.61,94.2366774313315,12.609942930391878,123.893625,0.0902091403532958,18413.3,95.9549,259.316,1908.4000244140625,38.720001220703125
2020-11-06,165.7689023459576,0.83,0.16,0.67,0.73,0.09,24.86,2.51,92.49736006492935,13.498001674658743,122.224359,0.0964950028002973,18605.0,95.9669,259.997,1890.4000244140625,36.810001373291016
2020-11-13,170.7657768128898,0.89,0.17,0.72,0.8,0.09,23.1,2.44,92.6984344028787,13.789197192058946,122.224359,0.098576711852069,18605.0,95.9669,259.997,1890.4000244140625,36.810001373291016
2020-11-20,173.39042327984632,0.83,0.16,0.67,0.76,0.08,23.7,2.35,92.089287891585,13.683004184904055,122.224359,0.0978175554399001,18605.0,95.9669,259.997,1890.4000244140625,36.810001373291016
2020-11-27,175.39615720116694,0.84,0.16,0.68,0.75,0.08,20.84,2.32,91.84041985506737,13.99381568885891,122.224359,0.100039495966163,18605.0,95.9669,259.997,1890.4000244140625,36.810001373291016
2020-12-04,179.6787664645473,0.97,0.16,0.81,0.88,0.09,20.79,2.23,90.7007551752858,14.209950549854216,120.366071,0.1015406683377115,18759.9,96.7394,260.319,1814.0999755859375,44.54999923706055
2020-12-11,183.26846130263806,0.9,0.11,0.79,0.82,0.09,23.31,2.23,90.99603746576106,14.072964174483998,120.366071,0.1005617987730743,18759.9,96.7394,260.319,1814.0999755859375,44.54999923706055
2020-12-18,186.95484852816378,0.95,0.13,0.82,0.87,0.09,21.57,2.24,90.5622427076185,14.249478186799177,120.366071,0.1018231227107313,18759.9,96.7394,260.319,1814.0999755859375,44.54999923706055
2020-12-25,186.58482869867314,0.94,0.13,0.81,0.85,0.09,21.53,2.23,90.8653959467544,14.225085601103835,120.366071,0.1016488195387885,18759.9,96.7394,260.319,1814.0999755859375,44.54999923706055
2021-01-01,191.7925279074853,0.93,0.13,0.8,0.84,0.09,22.75,2.18,90.32676339820404,14.395982033564604,134.316733,0.1028527200479918,19002.4,97.0816,260.911,1944.699951171875,47.619998931884766
2021-01-08,195.53748940179872,1.13,0.14,0.99,1.05,0.09,21.56,2.19,90.30063509440272,14.658944742232505,134.316733,0.1047314685623079,19002.4,97.0816,260.911,1944.699951171875,47.619998931884766
2021-01-15,197.29221106974003,1.11,0.13,0.98,1.02,0.09,24.34,2.13,90.48393894001512,14.442664356811326,134.316733,0.1031862439377056,19002.4,97.0816,260.911,1944.699951171875,47.619998931884766
2021-01-22,196.99704706324653,1.1,0.13,0.97,1.02,0.08,21.91,2.14,90.51720789827148,14.72329633746038,134.316733,0.1051912313345302,19002.4,97.0816,260.911,1944.699951171875,47.619998931884766
2021-01-29,187.01461090366757,1.11,0.11,1.0,1.05,0.07,33.09,2.17,90.84137738176932,14.235658865415314,134.316733,0.1017072841970425,19002.4,97.0816,260.911,1944.699951171875,47.619998931884766
2021-02-05,205.0462524878017,1.19,0.09,1.1,1.16,0.08,20.87,2.18,91.07409780196254,14.83268170781736,147.967208,0.1058760853927525,19119.4,98.363,262.045,1860.800048828125,53.54999923706055
2021-02-12,208.88735683743997,1.2,0.11,1.09,1.16,0.08,19.97,2.19,90.46633073527946,15.0158563533935,147.967208,0.107183590994156,19119.4,98.363,262.045,1860.800048828125,53.54999923706055
2021-02-19,206.465406186409,1.34,0.11,1.23,1.3,0.07,22.05,2.14,90.6423316388356,14.908546092989752,147.967208,0.1064176074371814,19119.4,98.363,262.045,1860.800048828125,53.54999923706055
2021-02-26,197.41792812668652,1.44,0.14,1.3,1.4,0.07,27.95,2.12,91.55503710826838,14.54387567915339,147.967208,0.1038145801063111,19119.4,98.363,262.045,1860.800048828125,53.54999923706055
2021-03-05,204.25824065140085,1.56,0.14,1.42,1.52,0.07,24.66,2.13,92.30001834180877,14.625542723493169,161.207107,0.1042265266560909,19375.3,98.8822,262.687,1722.5,60.63999938964844
2021-03-12,206.7843769604449,1.64,0.14,1.5,1.6,0.07,20.69,2.19,91.71432238889572,15.011554008727591,161.207107,0.1069773726431879,19375.3,98.8822,262.687,1722.5,60.63999938964844
2021-03-19,203.52889345358633,1.74,0.16,1.58,1.73,0.07,20.95,2.1,91.67269561917496,14.896436053768362,161.207107,0.1061570034556651,19375.3,98.8822,262.687,1722.5,60.63999938964844
2021-03-26,199.78983987925406,1.67,0.14,1.53,1.65,0.07,18.86,2.09,92.2934456939581,15.130326354416091,161.207107,0.1078237842456801,19375.3,98.8822,262.687,1722.5,60.63999938964844
2021-04-02,202.86392849904013,1.72,0.19,1.53,1.7,0.07,17.33,1.98,92.2860616081012,15.251101632480204,172.597924,0.1084268048604679,19641.4,95.6149,263.579,1726.5,61.45000076293945
2021-04-09,198.51475940657318,1.67,0.16,1.51,1.65,0.07,16.69,1.96,91.85705433419554,15.664373127933182,172.597924,0.1113649341098621,19641.4,95.6149,263.579,1726.5,61.45000076293945
2021-04-16,196.1258794358467,1.59,0.16,1.43,1.57,0.07,16.25,1.97,91.271682956485,15.879376637910266,172.597924,0.1128934888452757,19641.4,95.6149,263.579,1726.5,61.45000076293945
2021-04-23,190.6802711510367,1.58,0.16,1.42,1.55,0.07,17.33,1.99,90.95319353903092,15.859267702946743,172.597924,0.1127505255617186,19641.4,95.6149,263.579,1726.5,61.45000076293945
2021-04-30,197.48272480857003,1.65,0.16,1.49,1.64,0.05,18.61,1.96,90.94913634899966,15.86306163190163,172.597924,0.1127774982751893,19641.4,95.6149,263.579,1726.5,61.45000076293945
2021-05-07,202.3527839469219,1.6,0.14,1.46,1.58,0.06,16.69,1.97,90.08982350037832,15.974426793589434,183.82911,0.1132276711003354,19874.5,98.3856,264.961,1791.4000244140625,64.48999786376953
2021-05-14,199.8477729866401,1.63,0.16,1.47,1.62,0.06,18.81,2.03,90.1794062562686,15.75269604830994,183.82911,0.1116560306137163,19874.5,98.3856,264.961,1791.4000244140625,64.48999786376953
2021-05-21,207.8184840529735,1.63,0.17,1.46,1.62,0.06,20.15,2.01,90.11635752318276,15.684798378935955,183.82911,0.1111747679633756,19874.5,98.3856,264.961,1791.4000244140625,64.48999786376953
2021-05-28,212.36947671104787,1.58,0.14,1.44,1.57,0.05,16.76,1.99,89.87292612130703,15.86690065059103,183.82911,0.1124655195119607,19874.5,98.3856,264.961,1791.4000244140625,64.48999786376953
2021-06-04,214.5310733212249,1.56,0.14,1.42,1.54,0.06,16.42,1.98,89.86846321227264,15.865221393920612,194.624833,0.1120468467741979,20174.1,98.5587,266.614,1902.9000244140625,67.72000122070312
2021-06-11,216.39299016454564,1.47,0.16,1.31,1.44,0.06,15.65,1.97,90.14532586000598,15.931046161890412,194.624833,0.1125117288900873,20174.1,98.5587,266.614,1902.9000244140625,67.72000122070312
2021-06-18,211.21247369795165,1.45,0.26,1.19,1.4,0.1,20.7,1.85,91.72560137718264,15.62727461915916,194.624833,0.1103663668647068,20174.1,98.5587,266.614,1902.9000244140625,67.72000122070312
2021-06-25,213.6937395381081,1.54,0.28,1.26,1.48,0.1,15.62,1.9,90.85306208905938,16.05579675228045,194.624833,0.113392769875231,20174.1,98.5587,266.614,1902.9000244140625,67.72000122070312
2021-07-02,210.34789190246343,1.44,0.24,1.2,1.39,0.1,15.07,1.87,91.32126181866704,16.216898401724404,200.472406,0.114054841077658,20457.2,99.4333,268.383,1775.9000244140625,75.2300033569336
2021-07-09,210.63809668181204,1.37,0.23,1.14,1.31,0.1,16.18,1.91,91.56063603051152,16.281023033081457,200.472406,0.1145058351245724,20457.2,99.4333,268.383,1775.9000244140625,75.2300033569336
2021-07-16,212.5917801778321,1.31,0.25,1.06,1.26,0.1,18.45,1.93,91.72722425319516,16.123078422441065,200.472406,0.1133949970950422,20457.2,99.4333,268.383,1775.9000244140625,75.2300033569336
2021-07-23,213.0416299003126,1.3,0.22,1.08,1.25,0.1,17.2,1.93,92.04936514167736,16.438410924173663,200.472406,0.1156127576976435,20457.2,99.4333,268.383,1775.9000244140625,75.2300033569336
2021-07-30,212.2912519247648,1.24,0.19,1.05,1.18,0.07,18.24,1.95,91.42585617767298,16.376818820957364,200.472406,0.115179575138935,20457.2,99.4333,268.383,1775.9000244140625,75.2300033569336
2021-08-06,218.83481199136,1.31,0.21,1.1,1.25,0.1,16.15,1.94,91.94306676285832,16.391850922326107,206.824464,0.1147787793888998,20472.1,99.7987,270.654,1818.0999755859375,71.26000213623047
2021-08-13,222.58385480129286,1.29,0.23,1.06,1.23,0.1,15.45,1.98,91.74239814391206,16.5081617120013,206.824464,0.1155932091035146,20472.1,99.7987,270.654,1818.0999755859375,71.26000213623047
2021-08-20,221.27244239548105,1.26,0.23,1.03,1.21,0.09,18.56,1.96,92.91038201011185,16.410878545578488,206.824464,0.1149120143348452,20472.1,99.7987,270.654,1818.0999755859375,71.26000213623047
2021-08-27,225.27104506019944,1.31,0.22,1.09,1.26,0.08,16.39,1.92,91.96870820385588,16.661014125738028,206.824464,0.1166635100450302,20472.1,99.7987,270.654,1818.0999755859375,71.26000213623047
2021-09-03,237.1332007640851,1.33,0.21,1.12,1.28,0.08,16.41,1.91,91.32540015249891,16.68032414420308,213.011294,0.1162528660161106,20629.1,100.2519,271.903,1813.0999755859375,68.58999633789062
2021-09-10,236.1942060467655,1.35,0.23,1.12,1.3,0.08,20.95,1.88,91.64583702116802,16.39768622679779,213.011294,0.1142830321172527,20629.1,100.2519,271.903,1813.0999755859375,68.58999633789062
2021-09-17,239.04266316570354,1.37,0.23,1.14,1.33,0.08,20.81,1.83,92.17846492847214,16.3035723562263,213.011294,0.1136271091812703,20629.1,100.2519,271.903,1813.0999755859375,68.58999633789062
2021-09-24,241.7822332635832,1.47,0.29,1.18,1.44,0.08,17.75,1.8,92.30894415987753,16.386284742973597,213.011294,0.1142035699221575,20629.1,100.2519,271.903,1813.0999755859375,68.58999633789062
2021-10-01,236.10789759401143,1.48,0.27,1.21,1.44,0.08,21.15,1.85,92.81211686755468,15.97881749425142,220.263711,0.11081459563907,20843.2,100.0437,272.676,1757.0,75.87999725341797
2021-10-08,237.6567820639798,1.61,0.32,1.29,1.56,0.08,18.77,1.84,92.98965950332271,16.10460709321686,220.263711,0.1116869582873054,20843.2,100.0437,272.676,1757.0,75.87999725341797
2021-10-15,244.53030348193164,1.59,0.41,1.18,1.54,0.08,16.3,1.76,92.57736785234584,16.39810660706296,220.263711,0.1137224049002241,20843.2,100.0437,272.676,1757.0,75.87999725341797
2021-10-22,241.53522390892863,1.66,0.48,1.18,1.6,0.08,15.43,1.72,92.23615817071668,16.667766515365305,220.263711,0.1155925216162666,20843.2,100.0437,272.676,1757.0,75.87999725341797
2021-10-29,236.26084488095916,1.55,0.48,1.07,1.5,0.07,16.26,1.69,92.61339569982346,16.889568142456614,220.263711,0.1171307366704816,20843.2,100.0437,272.676,1757.0,75.87999725341797
2021-11-05,240.5646747990216,1.45,0.39,1.06,1.4,0.08,16.48,1.73,92.56332997483769,17.14990246853437,228.15027,0.1183049222342052,20984.5,98.8579,273.91,1795.0999755859375,84.05000305175781
2021-11-12,243.48998574625878,1.58,0.53,1.05,1.53,0.08,16.29,1.69,92.92133642319624,17.096309363134786,228.15027,0.1179352216963613,20984.5,98.8579,273.91,1795.0999755859375,84.05000305175781
2021-11-19,239.50043009870103,1.54,0.52,1.02,1.49,0.08,17.91,1.73,93.49283221099986,17.15147296899529,228.15027,0.1183157559946443,20984.5,98.8579,273.91,1795.0999755859375,84.05000305175781
2021-11-26,228.52515640577602,1.48,0.5,0.98,1.42,0.08,28.62,1.82,94.54088553987552,16.774196331596144,228.15027,0.1157131940657832,20984.5,98.8579,273.91,1795.0999755859375,84.05000305175781
2021-12-03,227.8764997450297,1.35,0.6,0.75,1.29,0.08,30.67,1.81,94.31968753937112,16.41088474337823,236.387483,0.1125591326485487,21163.3,100.1861,276.55,1781.5999755859375,65.56999969482422
2021-12-10,231.04327735727958,1.48,0.67,0.81,1.42,0.08,18.69,1.83,93.78048698421637,17.038582605428495,236.387483,0.116864392725781,21163.3,100.1861,276.55,1781.5999755859375,65.56999969482422
2021-12-17,222.59614901800728,1.41,0.66,0.75,1.36,0.08,21.57,1.87,93.95721818197812,16.70815453523323,236.387483,0.1145980495294509,21163.3,100.1861,276.55,1781.5999755859375,65.56999969482422
2021-12-24,226.51311270775753,1.5,0.71,0.79,1.43,0.08,17.96,1.86,93.7484351829694,17.088374757051167,236.387483,0.1172059076097737,21163.3,100.1861,276.55,1781.5999755859375,65.56999969482422
2021-12-31,233.15560167718925,1.52,0.73,0.79,1.46,0.07,17.22,1.85,93.5450076748019,17.234424790386004,236.387483,0.1182076369700445,21163.3,100.1861,276.55,1781.5999755859375,65.56999969482422
2022-01-07,239.20162433003455,1.76,0.87,0.89,1.66,0.08,18.76,1.78,93.35196657311444,16.76841586681528,234.430776,0.1143054032312816,21340.1,100.8654,278.919,1799.4000244140625,76.08000183105469
2022-01-14,246.79171224100753,1.78,0.99,0.79,1.65,0.08,19.19,1.79,92.81430775017157,16.717577854704235,234.430776,0.1139588553212116,21340.1,100.8654,278.919,1799.4000244140625,76.08000183105469
2022-01-21,236.6236317323829,1.75,1.01,0.74,1.58,0.08,28.85,1.84,93.00093849160962,15.76780334579663,234.430776,0.107484519338507,21340.1,100.8654,278.919,1799.4000244140625,76.08000183105469
2022-01-28,228.04331831449187,1.78,1.15,0.63,1.59,0.08,27.66,1.91,94.15869823893064,15.889380421040697,234.430776,0.1083132748226166,21340.1,100.8654,278.919,1799.4000244140625,76.08000183105469
2022-02-04,234.66487212181454,1.93,1.31,0.62,1.7,0.08,23.22,1.92,93.42588857548404,16.024959622411828,232.324525,0.1085843674606021,21502.0,100.5726,280.845,1800.300048828125,88.19999694824219
2022-02-11,229.88677607304956,1.92,1.5,0.42,1.56,0.08,27.36,2.0,93.1865955074402,15.73337654834072,232.324525,0.1066086143600483,21502.0,100.5726,280.845,1800.300048828125,88.19999694824219
2022-02-18,230.15733405917757,1.92,1.47,0.45,1.57,0.08,27.75,2.13,93.1516225293707,15.48494763014296,232.324525,0.1049252717759148,21502.0,100.5726,280.845,1800.300048828125,88.19999694824219
2022-02-25,221.91080373192722,1.97,1.55,0.42,1.64,0.08,27.59,2.2,93.5244782932437,15.612348100709465,232.324525,0.1057885313307969,21502.0,100.5726,280.845,1800.300048828125,88.19999694824219
2022-03-04,212.58538256794452,1.74,1.5,0.24,1.4,0.08,31.98,2.31,94.65448686075088,15.32110198160103,229.278987,0.1032114905397467,21646.4,100.1856,282.543,1942.4000244140625,103.41000366210938
2022-03-11,217.9318994007685,2.0,1.75,0.25,1.6,0.08,30.75,2.35,94.9538263412574,14.88024852356544,229.278987,0.1002416556957455,21646.4,100.1856,282.543,1942.4000244140625,103.41000366210938
2022-03-18,227.51628366532586,2.14,1.97,0.17,1.72,0.33,23.87,2.14,94.23862488254647,15.79625089698736,229.278987,0.1064123587177838,21646.4,100.1856,282.543,1942.4000244140625,103.41000366210938
2022-03-25,224.88069353912041,2.48,2.3,0.18,1.93,0.33,20.81,1.96,93.95811076378504,16.079181075424803,229.278987,0.1083183342455411,21646.4,100.1856,282.543,1942.4000244140625,103.41000366210938
2022-04-01,232.7536773676427,2.39,2.44,-0.05,1.86,0.33,19.63,1.81,93.7059969752424,15.978417797122145,225.836404,0.1070343395667737,21724.7,100.8064,284.5,1919.0999755859375,99.2699966430664
2022-04-08,234.2721624265899,2.72,2.53,0.19,2.02,0.33,21.16,1.78,94.46566523669593,15.776027364345342,225.836404,0.1056785904192705,21724.7,100.8064,284.5,1919.0999755859375,99.2699966430664
2022-04-15,229.01225611373465,2.83,2.47,0.36,2.04,0.33,22.7,1.93,94.69619477427226,15.43968310632689,225.836404,0.1034255271947899,21724.7,100.8064,284.5,1919.0999755859375,99.2699966430664
2022-04-22,224.64111036156277,2.9,2.72,0.18,2.07,0.33,28.21,1.96,95.76477748470612,15.015043181568542,225.836404,0.1005809993775,21724.7,100.8064,284.5,1919.0999755859375,99.2699966430664
2022-04-29,223.30297400861647,2.89,2.7,0.19,2.04,0.33,33.4,2.05,96.96140511252662,14.523480406963971,225.836404,0.0972881766710561,21724.7,100.8064,284.5,1919.0999755859375,99.2699966430664
2022-05-06,214.40898552871286,3.12,2.72,0.4,2.27,0.83,30.19,2.09,97.257093122005,14.33337682150629,221.227961,0.0954925235201733,21787.2,101.3907,287.674,1861.800048828125,105.16999816894533
2022-05-13,203.78842473544225,2.93,2.61,0.32,1.9,0.83,28.87,2.24,98.05757671517306,13.98767317372486,221.227961,0.0931893597836807,21787.2,101.3907,287.674,1861.800048828125,105.16999816894533
2022-05-20,210.09971522717674,2.78,2.6,0.18,1.75,0.83,29.43,2.36,96.8594884989413,13.561740398582684,221.227961,0.090351689634156,21787.2,101.3907,287.674,1861.800048828125,105.16999816894533
2022-05-27,210.64546415353647,2.74,2.47,0.27,1.66,0.83,25.72,2.26,95.97964626876175,14.45469606003671,221.227961,0.0963007824798787,21787.2,101.3907,287.674,1861.800048828125,105.16999816894533
2022-06-03,213.5943867612085,2.96,2.66,0.3,1.75,0.83,24.79,2.09,95.92438734053596,14.238029529501562,216.113338,0.0943674080818707,21767.6,101.44,288.561,1843.300048828125,115.26000213623048
2022-06-10,207.3198697271925,3.15,3.06,0.09,1.76,0.83,27.75,2.04,97.37101901808283,13.518320588790154,216.113338,0.0895972910395118,21767.6,101.44,288.561,1843.300048828125,115.26000213623048
2022-06-17,196.16758334860782,3.25,3.17,0.08,1.62,1.58,31.13,2.13,98.3762284202284,12.73505459119779,216.113338,0.0844059278752271,21767.6,101.44,288.561,1843.300048828125,115.26000213623048
2022-06-24,200.90564748223565,3.13,3.04,0.09,1.4,1.58,27.23,2.22,97.76635161472905,13.556024515559535,216.113338,0.0898471867035406,21767.6,101.44,288.561,1843.300048828125,115.26000213623048
2022-07-01,199.48647234864933,2.88,2.84,0.04,1.15,1.58,26.7,2.42,98.59442410010968,13.13201627929131,214.253958,0.0866135448056232,21717.4,101.3335,291.298,1798.9000244140625,108.43000030517578
2022-07-08,204.46375161373214,3.09,3.12,-0.03,1.11,1.58,24.64,2.31,99.37372916131454,13.386222640775085,214.253958,0.0882901886363936,21717.4,101.3335,291.298,1798.9000244140625,108.43000030517578
2022-07-15,201.40753213725236,2.93,3.13,-0.2,0.56,1.58,24.23,2.3,100.1935249790314,13.261882718416793,214.253958,0.08747009207184,21717.4,101.3335,291.298,1798.9000244140625,108.43000030517578
2022-07-22,209.31623935379218,2.77,2.98,-0.21,0.28,1.58,23.03,2.28,99.3613953036195,13.599921327343475,214.253958,0.0896996599902467,21717.4,101.3335,291.298,1798.9000244140625,108.43000030517578
2022-07-29,215.63310256696425,2.67,2.89,-0.22,0.26,2.32,21.33,2.36,98.80702085774782,14.178916570187576,214.253958,0.0935184818178896,21717.4,101.3335,291.298,1798.9000244140625,108.43000030517578
2022-08-05,218.58626293021806,2.83,3.24,-0.41,0.25,2.33,21.15,2.29,99.25590836280668,14.053539808874683,212.444337,0.0922498013251321,21646.7,101.018,294.957,1769.0,93.88999938964844
2022-08-12,222.29947927996545,2.84,3.25,-0.41,0.21,2.33,19.53,2.27,98.19860464065974,14.511097896790888,212.444337,0.0952532896475776,21646.7,101.018,294.957,1769.0,93.88999938964844
2022-08-19,222.2957286558858,2.98,3.25,-0.27,0.24,2.33,20.6,2.25,99.84752781316534,14.335920084855587,212.444337,0.0941033929975252,21646.7,101.018,294.957,1769.0,93.88999938964844
2022-08-26,219.60621799628092,3.04,3.37,-0.33,0.15,2.33,25.56,2.19,99.86010510226228,13.7567845893109,212.444337,0.0903018501029306,21646.7,101.018,294.957,1769.0,93.88999938964844
2022-09-02,220.02200171505575,3.2,3.4,-0.2,0.26,2.33,25.47,2.24,100.43517121729336,13.306500594296027,210.106864,0.0869338123325605,21649.2,101.223,294.913,1696.5999755859375,86.61000061035156
2022-09-09,223.90203171129838,3.33,3.56,-0.23,0.25,2.33,22.79,2.2,100.4458010551753,13.791728772288351,210.106864,0.0901038971392404,21649.2,101.223,294.913,1696.5999755859375,86.61000061035156
2022-09-16,220.0897138627381,3.45,3.85,-0.4,0.25,2.33,26.3,2.18,101.33189135800296,13.133805827905178,210.106864,0.0858055657055943,21649.2,101.223,294.913,1696.5999755859375,86.61000061035156
2022-09-23,213.33977806046101,3.69,4.2,-0.51,0.45,3.08,29.92,2.09,103.28413005724576,12.523116920816475,210.106864,0.0818158229128737,21649.2,101.223,294.913,1696.5999755859375,86.61000061035156
2022-09-30,209.79656426954563,3.83,4.22,-0.39,0.5,3.08,31.62,2.24,103.47035507968069,12.158230112567097,210.106864,0.0794319503773269,21649.2,101.223,294.913,1696.5999755859375,86.61000061035156
2022-10-07,209.15556246965608,3.89,4.3,-0.41,0.44,3.08,31.36,2.17,103.30506515780706,12.33377469818187,203.863476,0.0802050155705935,21641.9,101.0963,295.097,1692.9000244140625,83.62999725341797
2022-10-14,209.09186051940748,4.0,4.48,-0.48,0.19,3.08,32.02,2.28,104.13386793739332,12.142007774932903,203.863476,0.0789579789219205,21641.9,101.0963,295.097,1692.9000244140625,83.62999725341797
2022-10-21,213.01122299162225,4.21,4.49,-0.28,0.12,3.08,29.69,2.36,103.59913029127296,12.717004917027284,203.863476,0.0826971144147656,21641.9,101.0963,295.097,1692.9000244140625,83.62999725341797
2022-10-28,215.74796220177063,4.02,4.41,-0.39,-0.16,3.08,25.75,2.3,103.22586880839684,13.219585623011248,203.863476,0.0859653347556857,21641.9,101.0963,295.097,1692.9000244140625,83.62999725341797
2022-11-04,221.00824309675897,4.17,4.66,-0.49,-0.04,3.83,24.55,2.22,103.17174589337978,12.723343250114308,198.669603,0.0823842681152146,21541.3,101.2918,296.349,1645.0,88.37000274658203
2022-11-11,227.81102704087132,3.82,4.34,-0.52,-0.46,3.83,22.52,2.36,101.1898897069088,13.473741877450658,198.669603,0.0872431358273005,21541.3,101.2918,296.349,1645.0,88.37000274658203
2022-11-18,224.63320038560644,3.82,4.51,-0.69,-0.52,3.83,23.12,2.13,100.49854452558168,13.380642714807964,198.669603,0.0866403142083531,21541.3,101.2918,296.349,1645.0,88.37000274658203
2022-11-25,226.87777395467126,3.68,4.42,-0.74,-0.73,3.83,20.5,2.06,100.08162767796918,13.585738832213034,198.669603,0.0879683215719474,21541.3,101.2918,296.349,1645.0,88.37000274658203
2022-12-02,229.59719439159397,3.51,4.28,-0.77,-0.83,3.83,19.06,2.03,99.00371343046342,13.663101709597006,193.864798,0.0881196955511624,21464.1,101.2529,298.007,1801.0999755859375,81.22000122070312
2022-12-09,224.379076542166,3.57,4.33,-0.76,-0.74,3.83,22.83,1.9,99.33632186922632,13.20230693511394,193.864798,0.0851478158051094,21464.1,101.2529,298.007,1801.0999755859375,81.22000122070312
2022-12-16,220.95551637594306,3.48,4.17,-0.69,-0.83,4.33,22.62,1.98,99.52327718586686,12.92707925458756,193.864798,0.0833727445269528,21464.1,101.2529,298.007,1801.0999755859375,81.22000122070312
2022-12-23,215.5679937859544,3.75,4.31,-0.56,-0.59,4.33,20.87,2.0,98.97458280603897,12.901777704414242,193.864798,0.0832095630659908,21464.1,101.2529,298.007,1801.0999755859375,81.22000122070312
2022-12-30,218.82293649177782,3.88,4.41,-0.53,-0.54,4.33,21.67,1.99,98.52934677200824,12.883925545373096,193.864798,0.0830944261920164,21464.1,101.2529,298.007,1801.0999755859375,81.22000122070312
2023-01-06,217.08179296791394,3.55,4.24,-0.69,-1.12,4.33,21.13,2.07,98.2531332746799,13.036354039764246,193.225156,0.0837696987102589,21409.4,100.9552,298.786,1839.699951171875,76.93000030517578
2023-01-13,220.9096919034732,3.49,4.22,-0.73,-1.18,4.33,18.35,1.95,96.69687632248832,13.38446275223948,193.225156,0.0860065942313162,21409.4,100.9552,298.786,1839.699951171875,76.93000030517578
2023-01-20,222.6295550857638,3.48,4.14,-0.66,-1.24,4.33,19.85,1.98,96.84399003302188,13.29583751387908,193.225156,0.0854371014503646,21409.4,100.9552,298.786,1839.699951171875,76.93000030517578
2023-01-27,215.9664028575916,3.52,4.19,-0.67,-1.21,4.33,18.51,1.88,96.49807401095649,13.62366395545223,193.225156,0.0875436660738838,21409.4,100.9552,298.786,1839.699951171875,76.93000030517578
2023-02-03,216.43609479708846,3.53,4.3,-0.77,-1.17,4.58,18.33,1.83,96.9745504082279,13.842158739588632,193.045637,0.0886272195203758,21293.1,99.7664,298.832,1927.800048828125,76.41000366210938
2023-02-10,216.45633629573248,3.74,4.5,-0.76,-1.05,4.58,20.53,1.85,97.48770380338196,13.688159102564317,193.045637,0.0876412057133258,21293.1,99.7664,298.832,1927.800048828125,76.41000366210938
2023-02-17,216.67838169864433,3.82,4.6,-0.78,-1.02,4.58,20.02,1.89,97.82096139254983,13.65011139332677,193.045637,0.0873975975635941,21293.1,99.7664,298.832,1927.800048828125,76.41000366210938
2023-02-24,210.60134161359034,3.95,4.78,-0.83,-0.91,4.58,21.67,1.86,98.64497668789922,13.285190471778458,193.045637,0.0850611175946755,21293.1,99.7664,298.832,1927.800048828125,76.41000366210938
2023-03-03,215.32016865011468,3.97,4.86,-0.89,-0.94,4.57,18.49,1.79,98.00077605473538,13.466613050323296,193.298774,0.0859119358987153,21274.0,100.505,300.42,1837.699951171875,77.69000244140625
2023-03-10,212.30505595981808,3.7,4.6,-0.9,-1.31,4.57,24.8,1.96,98.3804478978609,12.853971399675869,193.298774,0.0820035121530697,21274.0,100.505,300.42,1837.699951171875,77.69000244140625
2023-03-17,207.1919677468945,3.39,3.81,-0.42,-1.13,4.58,25.51,2.21,98.64189322347544,13.037214208701569,193.298774,0.0831725324853602,21274.0,100.505,300.42,1837.699951171875,77.69000244140625
2023-03-24,205.77568020196023,3.38,3.76,-0.38,-1.36,4.83,21.74,2.24,97.7456599455696,13.218127921690884,193.298774,0.0843266940592804,21274.0,100.505,300.42,1837.699951171875,77.69000244140625
2023-03-31,211.44511390449117,3.48,4.06,-0.58,-1.37,4.83,18.7,2.11,96.8534027138944,13.678550224997505,193.298774,0.0872640155119873,21274.0,100.505,300.42,1837.699951171875,77.69000244140625
2023-04-07,214.95145515267177,3.39,3.97,-0.58,-1.56,4.83,18.4,2.11,96.84893980486002,13.617581753296568,194.46311,0.0865630015596397,21240.2,100.6416,301.45,1983.9000244140625,80.41999816894531
2023-04-14,217.82371592693656,3.52,4.08,-0.56,-1.62,4.83,17.07,2.05,96.4448436777463,13.72579245884475,194.46311,0.087250865502213,21240.2,100.6416,301.45,1983.9000244140625,80.41999816894531
2023-04-21,214.5587746735855,3.57,4.17,-0.6,-1.57,4.83,16.77,2.04,96.81404797059116,13.712124795260408,194.46311,0.087163984145038,21240.2,100.6416,301.45,1983.9000244140625,80.41999816894531
2023-04-28,220.99102966036878,3.44,4.04,-0.6,-1.66,4.83,15.78,2.08,96.74353400784784,13.83141476353873,194.46311,0.0879222757343377,21240.2,100.6416,301.45,1983.9000244140625,80.41999816894531
2023-05-05,221.11920937328705,3.44,3.92,-0.48,-1.82,5.08,17.19,2.2,96.19987054365868,13.704314809108707,196.106547,0.0868049140885973,20942.3,101.0205,301.821,1983.4000244140625,75.66000366210938
2023-05-12,222.67695603402046,3.46,3.98,-0.52,-1.79,5.08,17.03,2.21,96.85900163613756,13.663993155297344,196.106547,0.0865495114841067,20942.3,101.0205,301.821,1983.4000244140625,75.66000366210938
2023-05-19,219.75415228782467,3.7,4.28,-0.58,-1.59,5.08,16.81,2.18,97.19006834268856,13.888960610655818,196.106547,0.0879744846335956,20942.3,101.0205,301.821,1983.4000244140625,75.66000366210938
2023-05-26,223.57842996142153,3.8,4.54,-0.74,-1.54,5.08,17.95,2.1,97.88409126943628,13.93359042383565,196.106547,0.0882571756803811,20942.3,101.0205,301.821,1983.4000244140625,75.66000366210938
2023-06-02,224.9283891524456,3.69,4.5,-0.81,-1.81,5.08,14.6,2.11,97.37653679652536,14.140468283073847,197.600462,0.0892490530284423,20758.3,101.253,302.845,1978.0,70.0999984741211
2023-06-09,225.1801304432245,3.75,4.59,-0.84,-1.62,5.08,13.83,2.05,96.9118262503446,14.194917741026762,197.600462,0.0895927165099429,20758.3,101.253,302.845,1978.0,70.0999984741211
2023-06-16,229.8339771008165,3.77,4.7,-0.93,-1.57,5.08,13.54,1.96,96.08919039960584,14.560550260859516,197.600462,0.0919004446203716,20758.3,101.253,302.845,1978.0,70.0999984741211
2023-06-23,227.75915768400898,3.74,4.71,-0.97,-1.67,5.07,13.44,1.96,96.68446132099264,14.358269339513612,197.600462,0.0906237273070241,20758.3,101.253,302.845,1978.0,70.0999984741211
2023-06-30,233.7391666380899,3.81,4.87,-1.06,-1.62,5.08,13.59,1.88,96.85372728909692,14.695239752389837,197.600462,0.0927505515143811,20758.3,101.253,302.845,1978.0,70.0999984741211
2023-07-07,234.0185016138393,4.06,4.94,-0.88,-1.4,5.08,14.83,1.81,96.62287317631808,14.502001738389035,198.400997,0.0912053394756502,20829.6,100.9286,303.334,1921.699951171875,69.79000091552734
2023-07-14,238.297380358712,3.83,4.74,-0.91,-1.66,5.08,13.34,1.87,94.97581631122684,14.853000065521831,198.400997,0.0934128224258686,20829.6,100.9286,303.334,1921.699951171875,69.79000091552734
2023-07-21,240.8426086920916,3.84,4.82,-0.98,-1.66,5.08,13.6,1.85,95.70245904582592,14.9549336498711,198.400997,0.0940538985567543,20829.6,100.9286,303.334,1921.699951171875,69.79000091552734
2023-07-28,238.49559254325467,3.96,4.87,-0.91,-1.56,5.33,13.33,1.8,95.5776598804643,15.106219482381633,198.400997,0.0950053586352243,20829.6,100.9286,303.334,1921.699951171875,69.79000091552734
2023-08-04,235.75725814656818,4.05,4.78,-0.73,-1.49,5.33,17.1,1.9,96.41587534092308,14.72968279472738,198.709942,0.0923126535056194,20798.9,100.1196,304.014,1940.699951171875,81.37000274658203
2023-08-11,234.64160782135548,4.16,4.89,-0.73,-1.38,5.33,14.84,1.87,97.06973208636131,14.683698134584262,198.709942,0.0920244622351404,20798.9,100.1196,304.014,1940.699951171875,81.37000274658203
2023-08-18,232.37720940225086,4.26,4.92,-0.66,-1.29,5.33,17.3,1.89,97.72318311279642,14.373383991978988,198.709942,0.0900796870269147,20798.9,100.1196,304.014,1940.699951171875,81.37000274658203
2023-08-25,233.12528630515547,4.25,5.03,-0.78,-1.36,5.33,15.68,1.76,97.78939645410662,14.4917995912606,198.709942,0.0908218115070194,20798.9,100.1196,304.014,1940.699951171875,81.37000274658203
2023-09-01,235.0596976308226,4.18,4.87,-0.69,-1.35,5.33,13.09,1.82,97.98844219704034,14.82480826085654,199.386068,0.0925899705951401,20792.2,100.9067,304.609,1939.800048828125,85.55000305175781
2023-09-08,238.10177634105455,4.26,4.98,-0.72,-1.29,5.33,13.84,1.79,98.9528362674714,14.633481723701532,199.386068,0.0913950196630578,20792.2,100.9067,304.609,1939.800048828125,85.55000305175781
2023-09-15,243.19840627565716,4.33,5.02,-0.69,-1.23,5.33,13.79,1.78,98.34547491979144,14.609942005058125,199.386068,0.0912479997611029,20792.2,100.9067,304.609,1939.800048828125,85.55000305175781
2023-09-22,237.35000968270904,4.44,5.1,-0.66,-1.12,5.33,17.2,1.73,98.61454776266474,14.182312599410228,199.386068,0.0885771932725563,20792.2,100.9067,304.609,1939.800048828125,85.55000305175781
2023-09-29,236.10736168097588,4.59,5.03,-0.44,-0.96,5.33,17.52,1.78,99.24511623732351,14.077226229978432,199.386068,0.0879208647936692,20792.2,100.9067,304.609,1939.800048828125,85.55000305175781
2023-10-06,236.49965640843484,4.78,5.08,-0.3,-0.85,5.33,17.45,1.84,100.09599013067984,14.076293280885515,202.414331,0.0876179567999785,20782.0,100.8393,306.082,1830.0,88.81999969482422
2023-10-13,237.2145327441966,4.63,5.04,-0.41,-0.99,5.33,19.32,1.82,100.29000495797482,14.139282235336449,202.414331,0.0880100318569434,20782.0,100.8393,306.082,1830.0,88.81999969482422
2023-10-20,235.10719241457966,4.93,5.07,-0.14,-0.65,5.33,21.71,1.88,100.3034748288786,13.800746715749376,202.414331,0.0859028158492522,20782.0,100.8393,306.082,1830.0,88.81999969482422
2023-10-27,228.7065076194549,4.84,4.99,-0.15,-0.75,5.33,21.27,1.88,100.30996633292862,13.451853154342627,202.414331,0.0837311261592798,20782.0,100.8393,306.082,1830.0,88.81999969482422
2023-11-03,231.00568781795903,4.57,4.83,-0.26,-0.96,5.33,14.91,1.86,98.79777046447654,14.183795167048515,205.780801,0.0879901784521136,20753.6,101.0211,307.276,1978.800048828125,80.44000244140625
2023-11-10,233.14318532274075,4.61,5.04,-0.43,-0.92,5.33,14.17,1.8,99.0993819714006,14.368971980808784,205.780801,0.0891389359388132,20753.6,101.0211,307.276,1978.800048828125,80.44000244140625
2023-11-17,237.38846842110289,4.44,4.88,-0.44,-1.06,5.33,13.8,1.78,98.06041674819494,14.690441230461376,205.780801,0.0911331932099216,20753.6,101.0211,307.276,1978.800048828125,80.44000244140625
2023-11-24,237.50598481426098,4.47,4.92,-0.45,-1.07,5.33,12.46,1.72,97.54336845061088,14.837930211764016,205.780801,0.0920481515572255,20753.6,101.0211,307.276,1978.800048828125,80.44000244140625
2023-12-01,243.15829680083806,4.22,4.56,-0.34,-1.21,5.33,12.63,1.71,97.3258219211346,14.932367930725457,208.946104,0.0923220365084916,20737.5,100.4689,307.696,2071.0,74.06999969482422
2023-12-08,251.56770939306813,4.23,4.71,-0.48,-1.21,5.33,12.35,1.61,97.98982164165098,14.964023312579624,208.946104,0.0925177515707502,20737.5,100.4689,307.696,2071.0,74.06999969482422
2023-12-15,257.5933507799886,3.91,4.44,-0.53,-1.53,5.33,12.28,1.57,97.16012628025784,15.33718326337115,208.946104,0.0948248797342342,20737.5,100.4689,307.696,2071.0,74.06999969482422
2023-12-22,256.711358811985,3.9,4.31,-0.41,-1.54,5.33,13.03,1.65,96.61183761943306,15.452361690800334,208.946104,0.0955369909701373,20737.5,100.4689,307.696,2071.0,74.06999969482422
2023-12-29,264.04461464986105,3.88,4.23,-0.35,-1.52,5.33,12.45,1.61,96.09113785082086,15.501761732765456,208.946104,0.0958424155684986,20737.5,100.4689,307.696,2071.0,74.06999969482422
2024-01-05,260.81984786781777,4.05,4.4,-0.35,-1.42,5.33,13.35,1.65,96.87596069046825,15.243455204560794,207.439655,0.0939272490694763,20749.7,100.8639,308.148,2064.39990234375,70.37999725341797
2024-01-12,263.5481195571548,3.96,4.14,-0.18,-1.49,5.33,12.7,1.64,96.9944306393811,15.524456034519126,207.439655,0.0956587223207854,20749.7,100.8639,308.148,2064.39990234375,70.37999725341797
2024-01-19,260.00775264205794,4.15,4.39,-0.24,-1.3,5.33,13.3,1.59,97.89528911392256,15.706121923860447,207.439655,0.0967781127087655,20749.7,100.8639,308.148,2064.39990234375,70.37999725341797
2024-01-26,256.80818298485445,4.15,4.34,-0.19,-1.29,5.33,13.26,1.58,97.87346143155438,15.872146549202816,207.439655,0.097801124626138,20749.7,100.8639,308.148,2064.39990234375,70.37999725341797
2024-02-02,263.52868718907223,4.03,4.36,-0.33,-1.4,5.33,13.85,1.59,98.10447783193445,16.060743028238072,205.791492,0.0986367614255741,20779.9,100.6031,308.741,2053.0,73.81999969482422
2024-02-09,262.48625339464775,4.17,4.48,-0.31,-1.27,5.33,12.93,1.59,98.21564483879104,16.280992363441364,205.791492,0.0999894187149904,20779.9,100.6031,308.741,2053.0,73.81999969482422
2024-02-16,265.5198893700264,4.3,4.64,-0.34,-1.14,5.33,14.24,1.53,98.30612017648818,16.21284450143891,205.791492,0.0995708898589979,20779.9,100.6031,308.741,2053.0,73.81999969482422
2024-02-23,268.0352715526948,4.26,4.67,-0.41,-1.2,5.33,13.75,1.49,98.2139408189779,16.482423146545162,205.791492,0.1012265022086895,20779.9,100.6031,308.741,2053.0,73.81999969482422
2024-03-01,269.4324221660125,4.19,4.54,-0.35,-1.23,5.33,13.11,1.57,98.1930057184166,16.58738538229178,204.100076,0.101543577820383,20835.5,99.2223,309.698,2086.89990234375,79.97000122070312
2024-03-08,271.8178436951465,4.09,4.48,-0.39,-1.37,5.33,14.74,1.59,97.35227480013842,16.54414927253728,204.100076,0.1012788978135994,20835.5,99.2223,309.698,2086.89990234375,79.97000122070312
2024-03-15,265.4515830523004,4.31,4.72,-0.41,-1.17,5.33,14.41,1.49,97.6973793841976,16.522837873509033,204.100076,0.1011484350760545,20835.5,99.2223,309.698,2086.89990234375,79.97000122070312
2024-03-22,265.50105168573606,4.22,4.59,-0.37,-1.24,5.33,13.06,1.53,98.3334656372989,16.90091694418837,204.100076,0.1034629349596088,20835.5,99.2223,309.698,2086.89990234375,79.97000122070312
2024-03-29,267.7311164635208,4.2,4.59,-0.39,-1.26,5.33,13.01,1.5,98.1994972224666,16.96604465529726,204.100076,0.1038616295488302,20835.5,99.2223,309.698,2086.89990234375,79.97000122070312
2024-04-05,269.69684914512516,4.39,4.73,-0.34,-1.04,5.33,16.03,1.49,98.15527385112586,16.73598756057717,205.210006,0.1021305448913091,20921.7,100.285,310.967,2236.5,83.70999908447266
2024-04-12,270.18104911971056,4.5,4.88,-0.38,-0.95,5.33,17.31,1.45,99.22953662760348,16.4757358698833,205.210006,0.1005423716877117,20921.7,100.285,310.967,2236.5,83.70999908447266
2024-04-19,265.09067550895355,4.62,4.97,-0.35,-0.83,5.33,18.71,1.46,99.89410435472423,15.973495517108727,205.210006,0.0974774745186855,20921.7,100.285,310.967,2236.5,83.70999908447266
2024-04-26,269.14122207248704,4.67,4.96,-0.29,-0.79,5.33,15.03,1.45,99.76394969852134,16.40032531084488,205.210006,0.1000821824423938,20921.7,100.285,310.967,2236.5,83.70999908447266
2024-05-03,269.47423266120154,4.5,4.81,-0.31,-0.95,5.33,13.49,1.49,99.10700948865936,16.417070992212135,206.767905,0.0998671732909202,20965.9,100.4575,312.345,2299.89990234375,79.0
2024-05-10,264.26262566058364,4.5,4.87,-0.37,-0.97,5.33,12.55,1.48,99.00679689488716,16.72087011407658,206.767905,0.1017152227732705,20965.9,100.4575,312.345,2299.89990234375,79.0
2024-05-17,269.15146263095613,4.42,4.83,-0.41,-1.04,5.33,11.99,1.48,98.375011263219,16.978885589752515,206.767905,0.1032847643945068,20965.9,100.4575,312.345,2299.89990234375,79.0
2024-05-24,275.6404365312556,4.46,4.93,-0.47,-1.0,5.33,11.93,1.46,98.6848182940062,16.98352851764475,206.767905,0.1033130079273885,20965.9,100.4575,312.345,2299.89990234375,79.0
2024-05-31,270.40873572720244,4.51,4.89,-0.38,-0.95,5.33,12.92,1.46,99.07495768741238,16.89641187028766,206.767905,0.1027830660563775,20965.9,100.4575,312.345,2299.89990234375,79.0
2024-06-07,279.01384683245186,4.43,4.87,-0.44,-1.09,5.33,12.22,1.46,100.2523542344847,17.08178068185085,208.595818,0.103577517992619,20955.5,100.2434,313.023,2346.60009765625,74.22000122070312
2024-06-14,280.95077766803087,4.2,4.67,-0.47,-1.31,5.33,12.66,1.53,100.75577037356372,17.352079871626845,208.595818,0.105216511005927,20955.5,100.2434,313.023,2346.60009765625,74.22000122070312
2024-06-21,281.10824945342733,4.25,4.7,-0.45,-1.24,5.33,13.2,1.55,100.70643494278356,17.457567390215733,208.595818,0.1058561477954478,20955.5,100.2434,313.023,2346.60009765625,74.22000122070312
2024-06-28,287.7212877292131,4.36,4.71,-0.35,-1.12,5.33,12.44,1.55,100.78895818801944,17.444341088254696,208.595818,0.1057759484558789,20955.5,100.2434,313.023,2346.60009765625,74.22000122070312
2024-07-05,291.3266131482494,4.28,4.6,-0.32,-1.18,5.33,12.48,1.56,100.19328154762952,17.776610334178173,209.592698,0.1074405867346857,21021.7,100.863,313.175,2327.60009765625,83.37999725341797
2024-07-12,293.37392331754535,4.18,4.45,-0.27,-1.25,5.33,12.46,1.58,99.35279406075324,17.930390668655704,209.592698,0.1083700242963988,21021.7,100.863,313.175,2327.60009765625,83.37999725341797
2024-07-19,293.171261118676,4.25,4.49,-0.24,-1.18,5.33,16.52,1.57,99.9261561559712,17.57803145206354,209.592698,0.1062403898913936,21021.7,100.863,313.175,2327.60009765625,83.37999725341797
2024-07-26,296.5553470098882,4.2,4.36,-0.16,-1.18,5.33,16.39,1.65,100.35216110925374,17.43146834088369,209.592698,0.1053545727213706,21021.7,100.863,313.175,2327.60009765625,83.37999725341797
2024-08-02,295.15821757066016,3.8,3.88,-0.08,-1.49,5.33,23.39,1.8,100.18670889977888,17.079260610629017,210.660185,0.1028936262461914,21070.7,100.894,313.044,2435.0,76.30999755859375
2024-08-09,290.12728405394836,3.94,4.05,-0.11,-1.39,5.33,20.37,1.77,99.74812665739942,17.07159426869705,210.660185,0.1028474405394792,21070.7,100.894,313.044,2435.0,76.30999755859375
2024-08-16,292.3364671890325,3.89,4.06,-0.17,-1.44,5.33,14.8,1.69,99.31773993888312,17.742713484366416,210.660185,0.1068905833498153,21070.7,100.894,313.044,2435.0,76.30999755859375
2024-08-23,295.72282208876686,3.81,3.9,-0.09,-1.44,5.33,15.86,1.7,98.55701680802144,17.99941817534037,210.660185,0.108437095059595,21070.7,100.894,313.044,2435.0,76.30999755859375
2024-08-30,300.80301890663395,3.91,3.91,0.0,-1.3,5.33,15.0,1.69,99.2601278404392,18.043469615593175,210.660185,0.1087024819830874,21070.7,100.894,313.044,2435.0,76.30999755859375
2024-09-06,295.9167187050607,3.72,3.66,0.06,-1.41,5.33,22.38,1.73,99.40042547172024,17.24794199004047,211.558732,0.1035790902411486,21098.8,99.9757,313.569,2489.89990234375,70.33999633789062
2024-09-13,302.09758340270264,3.66,3.57,0.09,-1.31,5.33,16.56,1.72,98.71557179444318,17.941888450488566,211.558732,0.1077464478940665,21098.8,99.9757,313.569,2489.89990234375,70.33999633789062
2024-09-20,308.44993907594346,3.73,3.55,0.18,-1.02,4.83,16.15,1.67,98.51279343668068,18.18594888106764,211.558732,0.1092121043403741,21098.8,99.9757,313.569,2489.89990234375,70.33999633789062
2024-09-27,313.0812728373106,3.75,3.55,0.2,-0.93,4.83,16.96,1.66,98.27414951904184,18.29954466760107,211.558732,0.1098942812766807,21098.8,99.9757,313.569,2489.89990234375,70.33999633789062
2024-10-04,297.75953385982376,3.98,3.93,0.05,-0.75,4.83,19.21,1.57,99.17370969277331,18.31189327017834,214.797453,0.1096212343797663,21191.9,100.4309,314.062,2667.300048828125,69.83000183105469
2024-10-11,297.38463124047416,4.08,3.95,0.13,-0.65,4.83,20.46,1.54,99.79105172793018,18.51554720136868,214.797453,0.1108403762234846,21191.9,100.4309,314.062,2667.300048828125,69.83000183105469
2024-10-18,295.6921643626726,4.08,3.95,0.13,-0.65,4.83,18.03,1.53,100.55218057779496,18.67360559977011,214.797453,0.1117865676675484,21191.9,100.4309,314.062,2667.300048828125,69.83000183105469
2024-10-25,287.5866132765678,4.25,4.11,0.14,-0.48,4.83,20.33,1.51,101.11369567812169,18.49354623350644,214.797453,0.110708670931245,21191.9,100.4309,314.062,2667.300048828125,69.83000183105469
2024-11-01,289.022669394897,4.37,4.21,0.16,-0.24,4.83,21.88,1.46,101.27363010915404,18.202152322253536,218.397767,0.1085966452259919,21275.5,99.8084,314.732,2738.60009765625,69.48999786376953
2024-11-08,286.4337728303395,4.3,4.26,0.04,-0.33,4.58,14.94,1.38,101.90127740699032,19.049667777863387,218.397767,0.1136530437016758,21275.5,99.8084,314.732,2738.60009765625,69.48999786376953
2024-11-15,278.5798559448707,4.43,4.31,0.12,-0.17,4.58,16.14,1.41,102.95914913574164,18.65275890976291,218.397767,0.1112850286025239,21275.5,99.8084,314.732,2738.60009765625,69.48999786376953
2024-11-22,282.9652269946406,4.41,4.37,0.04,-0.22,4.58,15.24,1.43,103.43497638260808,18.96642172943965,218.397767,0.1131563858654436,21275.5,99.8084,314.732,2738.60009765625,69.48999786376953
2024-11-29,285.38263935349954,4.18,4.13,0.05,-0.4,4.58,13.51,1.44,102.71166054383464,19.166719249432848,218.397767,0.1143513895294748,21275.5,99.8084,314.732,2738.60009765625,69.48999786376953
2024-12-06,291.47238176493073,4.15,4.1,0.05,-0.27,4.58,12.77,1.42,102.79945813611116,19.29553820610539,221.802918,0.1147071535456914,21336.7,99.4695,315.631,2634.89990234375,68.0999984741211
2024-12-13,292.0721234262946,4.4,4.25,0.15,0.06,4.58,13.81,1.42,103.30384800079769,19.17140535546255,221.802918,0.1139692147638518,21336.7,99.4695,315.631,2634.89990234375,68.0999984741211
2024-12-20,277.67967608147757,4.52,4.3,0.22,0.18,4.33,18.36,1.43,103.77724093364536,18.79045498590522,221.802918,0.1117045599992455,21336.7,99.4695,315.631,2634.89990234375,68.0999984741211
2024-12-27,278.8911525080073,4.62,4.31,0.31,0.31,4.33,15.95,1.4,104.22921190312798,18.917152763036587,221.802918,0.1124577466281992,21336.7,99.4695,315.631,2634.89990234375,68.0999984741211
2025-01-03,279.90938849905217,4.6,4.28,0.32,0.26,4.33,16.13,1.44,105.04348994240232,18.773916414483867,222.639115,0.1111838921916583,21454.8,99.2925,316.528,2658.89990234375,73.12999725341797
2025-01-10,271.8422896822977,4.77,4.4,0.37,0.41,4.33,19.54,1.42,105.37853269518396,18.40924038019543,222.639115,0.1090241882712804,21454.8,99.2925,316.528,2658.89990234375,73.12999725341797
2025-01-17,268.03127162509304,4.61,4.27,0.34,0.27,4.33,15.97,1.46,105.06978053380487,18.94511751330056,222.639115,0.1121977884983044,21454.8,99.2925,316.528,2658.89990234375,73.12999725341797
2025-01-24,267.88161008248665,4.63,4.27,0.36,0.28,4.33,14.85,1.43,103.42678085874492,19.27551507094159,222.639115,0.1141544865903875,21454.8,99.2925,316.528,2658.89990234375,73.12999725341797
2025-01-31,271.30057719805876,4.58,4.22,0.36,0.27,4.33,16.43,1.45,104.25582706973306,19.083713874147783,222.639115,0.113018591281399,21454.8,99.2925,316.528,2658.89990234375,73.12999725341797
2025-02-07,269.21625799429967,4.49,4.29,0.2,0.14,4.33,16.54,1.45,104.21233399259796,18.973281930879335,223.923225,0.1119321440625904,21487.6,100.3273,317.604,2833.89990234375,73.16000366210938
2025-02-14,264.70163477586897,4.47,4.26,0.21,0.13,4.33,14.77,1.46,103.17361220079415,19.25237050796747,223.923225,0.1135786163455964,21487.6,100.3273,317.604,2833.89990234375,73.16000366210938
2025-02-21,263.44686799425335,4.42,4.19,0.23,0.1,4.33,18.21,1.49,103.16687726534226,18.93279015003747,223.923225,0.1116932643651793,21487.6,100.3273,317.604,2833.89990234375,73.16000366210938
2025-02-28,252.93724733999406,4.24,3.99,0.25,-0.08,4.33,19.63,1.57,104.0916731610682,18.74818956940089,223.923225,0.1106042203684092,21487.6,100.3273,317.604,2833.89990234375,73.16000366210938
2025-03-07,258.91761273159364,4.32,3.99,0.33,-0.02,4.33,23.37,1.61,102.22609604089315,18.090613571290845,225.68473,0.1062982420234679,21539.2,100.0647,318.961,2890.199951171875,68.37000274658203
2025-03-14,257.61969252327435,4.31,4.02,0.29,-0.02,4.33,21.77,1.65,101.99305104549748,17.67908910934644,225.68473,0.1038801744061393,21539.2,100.0647,318.961,2890.199951171875,68.37000274658203
2025-03-21,271.5573345182569,4.25,3.94,0.31,-0.08,4.33,19.28,1.68,102.4585730296845,17.768818315072217,225.68473,0.1044074122905386,21539.2,100.0647,318.961,2890.199951171875,68.37000274658203
2025-03-28,274.97720440466156,4.27,3.89,0.38,-0.06,4.33,21.65,1.73,102.58093788102737,17.497248696255184,225.68473,0.1028117022858185,21539.2,100.0647,318.961,2890.199951171875,68.37000274658203
2025-04-04,267.78931954710094,4.01,3.68,0.33,-0.27,4.33,45.31,1.94,102.08936873683965,15.87242226772794,227.005204,0.0928747713480816,21607.2,101.0993,319.679,3118.89990234375,71.19999694824219
2025-04-11,265.89255170701506,4.48,3.96,0.52,0.14,4.33,37.56,1.9,100.63153921480648,16.777329331239308,227.005204,0.098169680669248,21607.2,101.0993,319.679,3118.89990234375,71.19999694824219
2025-04-18,278.57406537788097,4.34,3.81,0.53,0.0,4.33,29.65,1.92,99.7959203559677,16.525014765788494,227.005204,0.0966933050298675,21607.2,101.0993,319.679,3118.89990234375,71.19999694824219
2025-04-25,281.5419904159664,4.29,3.74,0.55,-0.03,4.33,24.84,1.84,99.71420854873809,17.283618757996305,227.005204,0.10113214688599,21607.2,101.0993,319.679,3118.89990234375,71.19999694824219
2025-05-02,288.06185623963154,4.33,3.83,0.5,0.0,4.33,22.68,1.9,99.39807230150213,17.782791318776678,228.549043,0.1036017403768908,21684.1,101.0404,319.785,3210.0,59.2400016784668
2025-05-09,281.12082675223877,4.37,3.88,0.49,0.03,4.33,21.9,1.89,99.41665423184529,17.699110828369058,228.549043,0.1031142216130246,21684.1,101.0404,319.785,3210.0,59.2400016784668
2025-05-16,292.32530681097364,4.43,3.98,0.45,0.06,4.33,17.24,1.82,99.86667775011291,18.63245581503979,228.549043,0.1085518474197804,21684.1,101.0404,319.785,3210.0,59.2400016784668
2025-05-23,292.0357698872056,4.51,4.0,0.51,0.15,4.33,22.29,1.88,98.49534751954626,18.14600379698469,228.549043,0.1057177998972666,21684.1,101.0404,319.785,3210.0,59.2400016784668
2025-05-30,289.42904695200633,4.41,3.89,0.52,0.05,4.33,18.57,1.84,98.80669628254532,18.486451651597942,228.549043,0.1077012337470622,21684.1,101.0404,319.785,3210.0,59.2400016784668
2025-06-06,291.5539189280438,4.51,4.04,0.47,0.08,4.33,16.77,1.73,98.31464027555384,18.733444884144493,229.782589,0.1086465398771594,21770.9,101.1279,320.302,3370.60009765625,62.52000045776367
2025-06-13,286.5951211227389,4.41,3.96,0.45,-0.04,4.33,20.82,1.75,97.63587238332366,18.660421148927416,229.782589,0.1082230312160825,21770.9,101.1279,320.302,3370.60009765625,62.52000045776367
2025-06-20,289.9915742488266,4.38,3.9,0.48,-0.01,4.33,20.62,1.76,98.2171054272023,18.63191564133224,229.782589,0.1080577105936978,21770.9,101.1279,320.302,3370.60009765625,62.52000045776367
2025-06-27,299.83313263547103,4.29,3.73,0.56,-0.1,4.33,16.32,1.79,97.09586039016266,19.272654632873817,229.782589,0.1117737422593041,21770.9,101.1279,320.302,3370.60009765625,62.52000045776367
2025-07-04,298.72582275890795,4.35,3.88,0.47,-0.07,4.33,17.48,1.67,96.75440727713162,19.585023072971897,233.807776,0.1130536422536335,21836.2,100.9655,320.62,3336.699951171875,65.44999694824219
2025-07-11,293.060306425741,4.43,3.9,0.53,0.02,4.33,16.4,1.72,97.30878172300328,19.523891210779116,233.807776,0.1127007613990698,21836.2,100.9655,320.62,3336.699951171875,65.44999694824219
2025-07-18,289.8381736994821,4.44,3.88,0.56,0.04,4.33,16.41,1.73,97.6614326805206,19.639417500662777,233.807776,0.1133676315783253,21836.2,100.9655,320.62,3336.699951171875,65.44999694824219
2025-07-25,287.1495370983322,4.4,3.91,0.49,-0.02,4.33,14.93,1.69,97.36095718680532,19.925894007606356,233.807776,0.1150213039998179,21836.2,100.9655,320.62,3336.699951171875,65.44999694824219
2025-08-01,281.98469092359693,4.23,3.69,0.54,-0.12,4.33,20.38,1.75,98.35618590147396,19.406753357988396,237.49712,0.1114705429729755,21942.7,101.4785,321.435,3347.699951171875,67.33000183105469
2025-08-08,277.8727611394175,4.27,3.76,0.51,-0.05,4.33,15.15,1.74,97.64268846257616,19.877891938689004,237.49712,0.11417671810889,21942.7,101.4785,321.435,3347.699951171875,67.33000183105469
2025-08-15,281.4568235982426,4.33,3.75,0.58,0.03,4.33,15.09,1.69,97.64658336500618,20.065642523955077,237.49712,0.1152551395891367,21942.7,101.4785,321.435,3347.699951171875,67.33000183105469
2025-08-22,284.78299654095684,4.26,3.68,0.58,-0.01,4.33,14.22,1.73,97.59765365322916,20.118873664193384,237.49712,0.1155608941888875,21942.7,101.4785,321.435,3347.699951171875,67.33000183105469
2025-08-29,277.0520677816501,4.23,3.59,0.64,0.0,4.33,15.36,1.8,97.5415021431965,20.09818397382052,237.49712,0.1154420545778891,21942.7,101.4785,321.435,3347.699951171875,67.33000183105469
2025-09-05,280.58018560320176,4.1,3.51,0.59,0.03,4.33,15.18,1.78,97.4765871026963,20.118322991970057,241.24261,0.1149589938489791,22025.5,101.894,322.169,3549.39990234375,65.58999633789062
2025-09-12,284.5134355397384,4.06,3.56,0.5,-0.02,4.33,14.76,1.7,97.42213961247676,20.437379260768417,241.24261,0.1167821273008532,22025.5,101.894,322.169,3549.39990234375,65.58999633789062
2025-09-19,287.1323029843562,4.14,3.57,0.57,0.11,4.08,15.45,1.68,97.19875072935544,20.685912869584755,241.24261,0.1182022841210109,22025.5,101.894,322.169,3549.39990234375,65.58999633789062
2025-09-26,278.0469362091878,4.2,3.63,0.57,0.18,4.09,15.29,1.65,97.72545513921392,20.621786066668427,241.24261,0.1178358543373279,22025.5,101.894,322.169,3549.39990234375,65.58999633789062
2025-10-03,280.5681508709211,4.13,3.58,0.55,0.1,4.09,16.65,1.66,97.44404843864557,20.773204447579737,242.775039,0.1180583125493061,22092.5,101.6247,323.291,3867.5,61.779998779296875
2025-10-10,284.9181820401378,4.05,3.52,0.53,0.03,4.1,21.66,1.72,98.27836899667436,20.268147785199712,242.775039,0.115187973625293,22092.5,101.6247,323.291,3867.5,61.779998779296875
2025-10-17,292.14575620979826,4.02,3.46,0.56,0.02,4.11,20.78,1.7,97.94283938108896,20.61303830179312,242.775039,0.1171480560240401,22092.5,101.6247,323.291,3867.5,61.779998779296875
2025-10-24,293.7803729222625,4.02,3.48,0.54,0.09,4.11,16.37,1.65,98.13084956713766,21.00797715187323,242.775039,0.119392573200881,22092.5,101.6247,323.291,3867.5,61.779998779296875
2025-10-31,289.74355638108005,4.11,3.6,0.51,0.22,3.86,17.44,1.69,98.49713268316002,21.15802851088493,242.775039,0.120245345351916,22092.5,101.6247,323.291,3867.5,61.779998779296875
2025-11-07,287.507357824912,4.11,3.55,0.56,0.19,3.87,19.08,1.75,98.49883670297316,20.752208375418277,245.435708,0.1172849850996149,22176.1,101.668,324.245,4000.300048828125,61.04999923706055
2025-11-14,292.1565584033153,4.14,3.62,0.52,0.19,3.88,19.83,1.77,98.15689672713836,20.768585061546823,245.435708,0.1173775410027661,22176.1,101.668,324.245,4000.300048828125,61.04999923706055
2025-11-21,290.8450504824201,4.06,3.51,0.55,0.16,3.88,23.43,1.82,98.88613606335744,20.3642006333945,245.435708,0.1150920868105009,22176.1,101.668,324.245,4000.300048828125,61.04999923706055
2025-11-28,293.2825730029153,4.02,3.47,0.55,0.14,3.89,16.35,1.78,98.2267615394767,21.12319339928141,245.435708,0.1193816763147778,22176.1,101.668,324.245,4000.300048828125,61.04999923706055
2025-12-05,291.3016938018691,4.14,3.56,0.58,0.43,3.89,15.41,1.74,97.9294506539858,21.188915487806288,247.33183,0.1190685758644694,22249.8,101.2195,324.245,4239.2998046875,59.31999969482422
2025-12-12,287.56373927750786,4.19,3.52,0.67,0.56,3.64,15.74,1.76,97.48957011079634,21.056331342811763,247.33183,0.1183235351220213,22249.8,101.2195,324.245,4239.2998046875,59.31999969482422
2025-12-19,289.88088854032634,4.16,3.48,0.68,0.54,3.64,14.91,1.76,97.50661030892763,21.078197042359943,247.33183,0.1184464068049529,22249.8,101.2195,324.245,4239.2998046875,59.31999969482422
2025-12-26,289.90875808320396,4.14,3.46,0.68,0.5,3.64,13.6,1.75,96.94436491439532,21.37254218694583,247.33183,0.1201004441339814,22249.8,101.2195,324.245,4239.2998046875,59.31999969482422
2026-01-02,292.49655735912484,4.19,3.47,0.72,0.54,3.64,14.51,1.74,97.05277303203064,21.09889533673088,253.619551,0.1178701093912739,22279.8,101.0344,325.063,4314.39990234375,57.31999969482422
2026-01-09,284.5224576178072,4.18,3.54,0.64,0.56,3.64,14.49,1.7,97.55229426867966,21.430552801014727,253.619551,0.1197229315874917,22279.8,101.0344,325.063,4314.39990234375,57.31999969482422
2026-01-16,282.99486244563724,4.24,3.59,0.65,0.57,3.64,15.86,1.63,97.44055925521867,21.349737637396444,253.619551,0.1192714533454257,22279.8,101.0344,325.063,4314.39990234375,57.31999969482422
2026-01-23,273.75275178415404,4.24,3.6,0.64,0.54,3.64,16.09,1.61,96.47803149220202,21.274675565294267,253.619551,0.1188521150573962,22279.8,101.0344,325.063,4314.39990234375,57.31999969482422
2026-01-30,270.77691220640924,4.26,3.52,0.74,0.59,3.64,17.44,1.62,95.66821636196208,21.34672289727299,253.619551,0.11925461133818,22279.8,101.0344,325.063,4314.39990234375,57.31999969482422
2026-02-06,283.6324893565951,4.22,3.5,0.72,0.54,3.64,17.76,1.65,95.9449978658948,21.26270141393763,259.594729,0.1180596566829215,22355.3,101.4941,326.031,4622.5,62.13999938964844
2026-02-13,281.22736929285537,4.04,3.4,0.64,0.36,3.64,20.6,1.72,95.3649008352249,20.967852510574147,259.594729,0.1164225288492206,22355.3,101.4941,326.031,4622.5,62.13999938964844
2026-02-20,281.84953274619636,4.08,3.48,0.6,0.39,3.64,19.09,1.69,95.74294980233792,21.192799965724117,259.594729,0.1176715337997061,22355.3,101.4941,326.031,4622.5,62.13999938964844
2026-02-27,276.47882729716247,3.97,3.38,0.59,0.3,3.64,19.86,1.8,95.60549220407876,21.09885220366315,259.594729,0.1171498954472164,22355.3,101.4941,326.031,4622.5,62.13999938964844
2026-03-06,265.95017436135413,4.15,3.56,0.59,0.46,3.64,29.49,1.75,96.95953880511225,20.637684236809832,263.990397,0.1138615732243105,22420.1,101.0388,326.588,5294.39990234375,71.2300033569336
2026-03-13,250.1101939782218,4.28,3.73,0.55,0.56,3.64,27.19,1.83,97.82031224214484,20.307512650208366,263.990397,0.1120399610776649,22420.1,101.0388,326.588,5294.39990234375,71.2300033569336
2026-03-20,246.1731263678649,4.39,3.88,0.51,0.65,3.64,26.78,1.79,97.59627420861854,19.922593544370123,263.990397,0.1099162976640796,22420.1,101.0388,326.588,5294.39990234375,71.2300033569336
2026-03-27,240.77656810318243,4.44,3.88,0.56,0.71,3.64,31.05,1.78,98.09076452962876,19.50117609237403,263.990397,0.1075912667392014,22420.1,101.0388,326.588,5294.39990234375,71.2300033569336
2026-04-03,244.84980381100453,4.35,3.84,0.51,0.64,3.64,23.87,1.74,97.90526980139948,20.102271854291367,,0.1101827614891674,22620.3,101.9263,327.46,4783.2001953125,100.12000274658205
2026-04-10,258.3780020203966,4.31,3.81,0.5,0.62,3.64,19.23,1.72,96.44362652073691,20.817474307453583,,0.1141028647433883,22620.3,101.9263,327.46,4783.2001953125,100.12000274658205
2026-04-17,262.9910509166755,4.26,3.71,0.55,0.56,3.64,17.48,1.72,95.81419405928688,21.76161991874962,,0.1192778306106551,22620.3,101.9263,327.46,4783.2001953125,100.12000274658205
2026-04-24,253.57798646408398,4.31,3.78,0.53,0.62,3.64,18.71,1.7,96.34154761955035,21.880779570405547,,0.119930957758308,22620.3,101.9263,327.46,4783.2001953125,100.12000274658205
2026-05-01,252.86398546007172,4.39,3.88,0.51,0.71,3.64,16.99,1.69,96.06825529904454,21.890019216839292,,0.1196405517066113,22676.1,101.6172,330.293,4629.89990234375,101.94000244140624
2026-05-08,256.05446607813013,4.38,3.9,0.48,0.69,3.63,17.19,1.65,95.78149310763492,22.401111061334177,,0.1224339393981616,22676.1,101.6172,330.293,4629.89990234375,101.94000244140624
2026-05-15,246.3814244197556,4.59,4.09,0.5,0.9,3.63,18.43,1.62,96.7903539808086,22.430084803492655,,0.1225922962484917,22676.1,101.6172,330.293,4629.89990234375,101.94000244140624
2026-05-22,247.80009669901816,4.56,4.13,0.43,0.88,3.62,16.7,1.57,96.79384316423548,22.62678959240356,,0.1236673921282856,22676.1,101.6172,330.293,4629.89990234375,101.94000244140624
2026-05-29,247.86322967133685,4.45,3.98,0.47,0.76,3.62,15.32,1.57,96.46237073868134,22.949502588894557,,0.1254311896179368,22676.1,101.6172,330.293,4629.89990234375,101.94000244140624
2026-06-05,246.1129206310099,4.55,4.17,0.38,0.77,3.62,21.51,1.51,97.43999124861432,22.21295049254378,,0.1210541338893013,22799.9,102.4196,332.407,4475.2001953125,92.16000366210938
2026-06-12,248.3928075768491,4.48,4.09,0.39,0.7,3.62,17.68,1.53,96.97276524461417,22.356508620268222,,0.1218364840242051,22799.9,102.4196,332.407,4475.2001953125,92.16000366210938
2026-06-19,254.58371878130282,4.46,4.19,0.27,0.63,3.63,16.78,1.51,97.69372791316944,22.564446832121465,,0.1229696869342297,22799.9,102.4196,332.407,4475.2001953125,92.16000366210938
2026-06-26,255.1007340561436,4.38,4.07,0.31,0.55,3.63,18.41,1.56,98.09198168663816,22.12354138008902,,0.120566880173337,22799.9,102.4196,332.407,4475.2001953125,92.16000366210938
2026-07-03,254.08676474887156,4.49,4.14,0.35,0.67,3.63,15.81,1.54,97.93261526221018,22.406319661939825,,0.121748533529621,23055.6,102.5606,333.979,4068.300048828125,68.58000183105469
2026-07-10,253.94606639125303,4.56,4.21,0.35,0.71,3.62,15.03,1.58,97.78201236824972,22.682234921114052,,0.1232477658305851,23055.6,102.5606,333.979,4068.300048828125,68.58000183105469
2026-07-17,252.75037715888695,4.55,4.18,0.37,0.7,3.63,18.77,1.59,97.80384005061792,22.329816968750283,,0.1213328431865651,23055.6,102.5606,333.979,4068.300048828125,68.58000183105469
2026-07-24,246.14177526597007,4.69,4.33,0.36,0.73,3.63,18.58,1.59,97.94908745373708,22.192952193008395,,0.1205891652425813,23055.6,102.5606,333.979,4068.300048828125,68.58000183105469
2026-07-31,255.63883273139163,4.75,4.28,0.47,0.92,3.63,15.99,1.63,97.13188823764024,22.425722020976615,,0.1218539595342208,23055.6,102.5606,333.979,4068.300048828125,68.58000183105469
2026-08-07,258.0869261946678,4.65,4.19,0.46,0.78,3.63,14.9,1.64,96.61378507064804,23.32647800365264,,0.1263770634167811,23155.2,102.6395,332.568,4452.7001953125,82.19999694824219
2026-08-14,255.29373340564936,4.63,4.15,0.51,0.82,3.63,14.25,1.67,96.61378507064804,23.41103102410635,,0.1268351506782308,23155.2,102.6395,332.568,4452.7001953125,82.19999694824219
