week,US_EQ,NASDAQ,GOLD,SILVER,WTI,UST2Y,w_spy,m_spy,w_gold,m_gold,w_silver,m_silver,thr,gross,gross_stacked
2007-08-03,0.1,0.0,0.14575,0.1,0.0,0.122,0.0,0.1,0.04575,0.1,0.0,0.1,0.5,0.46775,0.46775
2007-08-10,0.1,0.0,0.14575,0.1,0.0,0.122,0.0,0.1,0.04575,0.1,0.0,0.1,0.5,0.46775,0.46775
2007-08-17,0.1,0.0,0.14575,0.1,0.0,0.122,0.0,0.1,0.04575,0.1,0.0,0.1,0.5,0.46775,0.46775
2007-08-24,0.1,0.0,0.14575,0.1,0.0,0.122,0.0,0.1,0.04575,0.1,0.0,0.1,1.0,0.46775,0.46775
2007-08-31,0.1,0.0,0.14575,0.1,0.0,0.122,0.0,0.1,0.04575,0.1,0.0,0.1,0.5,0.46775,0.46775
2007-09-07,0.0,0.0,0.14575,0.1,0.0,0.122,0.0,0.0,0.04575,0.1,0.0,0.1,0.5,0.36775,0.36775
2007-09-14,0.0,0.0,0.14575,0.1,0.0,0.122,0.0,0.0,0.04575,0.1,0.0,0.1,0.5,0.36775,0.36775
2007-09-21,0.0,0.0,0.14575,0.1,0.0,0.122,0.0,0.0,0.04575,0.1,0.0,0.1,1.0,0.36775,0.36775
2007-09-28,0.0,0.0,0.14575,0.1,0.0,0.122,0.0,0.0,0.04575,0.1,0.0,0.1,1.0,0.36775,0.36775
2007-10-05,0.0,0.0,0.04575,0.1,0.0,0.122,0.0,0.0,0.04575,0.0,0.0,0.1,1.0,0.26775,0.26775
2007-10-12,0.0,0.0,0.04575,0.1,0.0,0.122,0.0,0.0,0.04575,0.0,0.0,0.1,1.0,0.26775,0.26775
2007-10-19,0.0,0.0,0.04575,0.1,0.0,0.122,0.0,0.0,0.04575,0.0,0.0,0.1,0.5,0.26775,0.26775
2007-10-26,0.0,0.0,0.04575,0.1,0.0,0.122,0.0,0.0,0.04575,0.0,0.0,0.1,1.0,0.26775,0.26775
2007-11-02,0.0,0.0,0.14575,0.0,0.0,0.122,0.0,0.0,0.04575,0.1,0.0,0.0,0.5,0.26775,0.26775
2007-11-09,0.0,0.0,0.14575,0.0,0.0,0.122,0.0,0.0,0.04575,0.1,0.0,0.0,0.5,0.26775,0.26775
2007-11-16,0.0,0.0,0.14575,0.0,0.0,0.122,0.0,0.0,0.04575,0.1,0.0,0.0,0.5,0.26775,0.26775
2007-11-23,0.0,0.0,0.14575,0.0,0.0,0.122,0.0,0.0,0.04575,0.1,0.0,0.0,0.25,0.26775,0.26775
2007-11-30,0.0,0.0,0.14575,0.0,0.0,0.122,0.0,0.0,0.04575,0.1,0.0,0.0,0.25,0.26775,0.26775
2007-12-07,0.0,0.0,0.14575,0.0,0.0,0.122,0.0,0.0,0.04575,0.1,0.0,0.0,0.5,0.26775,0.26775
2007-12-14,0.0,0.0,0.14575,0.0,0.0,0.122,0.0,0.0,0.04575,0.1,0.0,0.0,0.25,0.26775,0.26775
2007-12-21,0.0,0.0,0.14575,0.0,0.0,0.122,0.0,0.0,0.04575,0.1,0.0,0.0,0.5,0.26775,0.26775
2007-12-28,0.0,0.0,0.14575,0.0,0.0,0.122,0.0,0.0,0.04575,0.1,0.0,0.0,0.5,0.26775,0.26775
2008-01-04,0.0,0.0,0.14575,0.0,0.0,0.122,0.0,0.0,0.04575,0.1,0.0,0.0,0.25,0.26775,0.26775
2008-01-11,0.0,0.0,0.14575,0.0,0.0,0.122,0.0,0.0,0.04575,0.1,0.0,0.0,0.25,0.26775,0.26775
2008-01-18,0.0,0.0,0.14575,0.0,0.0,0.122,0.0,0.0,0.04575,0.1,0.0,0.0,0.25,0.26775,0.26775
2008-01-25,0.0,0.0,0.14575,0.0,0.0,0.122,0.0,0.0,0.04575,0.1,0.0,0.0,0.25,0.26775,0.26775
2008-02-01,0.0,0.0,0.14575,0.0,0.0,0.122,0.0,0.0,0.04575,0.1,0.0,0.0,0.25,0.26775,0.26775
2008-02-08,0.0,0.0,0.14575,0.0,0.0,0.122,0.0,0.0,0.04575,0.1,0.0,0.0,0.25,0.26775,0.26775
2008-02-15,0.0,0.0,0.14575,0.0,0.0,0.122,0.0,0.0,0.04575,0.1,0.0,0.0,0.25,0.26775,0.26775
2008-02-22,0.0,0.0,0.14575,0.0,0.0,0.122,0.0,0.0,0.04575,0.1,0.0,0.0,0.25,0.26775,0.26775
2008-02-29,0.0,0.0,0.14575,0.0,0.0,0.122,0.0,0.0,0.04575,0.1,0.0,0.0,0.25,0.26775,0.26775
2008-03-07,0.0,0.0,0.14575,0.0,0.0,0.122,0.0,0.0,0.04575,0.1,0.0,0.0,0.25,0.26775,0.26775
2008-03-14,0.0,0.0,0.14575,0.0,0.0,0.122,0.0,0.0,0.04575,0.1,0.0,0.0,0.25,0.26775,0.26775
2008-03-21,0.0,0.0,0.14575,0.0,0.0,0.122,0.0,0.0,0.04575,0.1,0.0,0.0,0.25,0.26775,0.26775
2008-03-28,0.0,0.0,0.14575,0.0,0.0,0.122,0.0,0.0,0.04575,0.1,0.0,0.0,0.25,0.26775,0.26775
2008-04-04,0.0,0.0,0.14575,0.0,0.0,0.122,0.0,0.0,0.04575,0.1,0.0,0.0,0.5,0.26775,0.26775
2008-04-11,0.0,0.0,0.14575,0.0,0.0,0.122,0.0,0.0,0.04575,0.1,0.0,0.0,0.25,0.26775,0.26775
2008-04-18,0.0,0.0,0.14575,0.0,0.0,0.122,0.0,0.0,0.04575,0.1,0.0,0.0,0.5,0.26775,0.26775
2008-04-25,0.0,0.0,0.14575,0.0,0.0,0.122,0.0,0.0,0.04575,0.1,0.0,0.0,0.5,0.26775,0.26775
2008-05-02,0.0,0.0,0.04575,0.1,0.1,0.122,0.0,0.0,0.04575,0.0,0.0,0.1,0.5,0.36775,0.36775
2008-05-09,0.0,0.0,0.04575,0.1,0.1,0.122,0.0,0.0,0.04575,0.0,0.0,0.1,0.5,0.36775,0.36775
2008-05-16,0.0,0.0,0.04575,0.1,0.1,0.122,0.0,0.0,0.04575,0.0,0.0,0.1,0.5,0.36775,0.36775
2008-05-23,0.0,0.0,0.04575,0.1,0.1,0.122,0.0,0.0,0.04575,0.0,0.0,0.1,0.5,0.36775,0.36775
2008-05-30,0.0,0.0,0.04575,0.1,0.1,0.122,0.0,0.0,0.04575,0.0,0.0,0.1,0.5,0.36775,0.36775
2008-06-06,0.0,0.0,0.14575,0.0,0.1,0.122,0.0,0.0,0.04575,0.1,0.0,0.0,0.25,0.36775,0.36775
2008-06-13,0.0,0.0,0.14575,0.0,0.1,0.122,0.0,0.0,0.04575,0.1,0.0,0.0,0.5,0.36775,0.36775
2008-06-20,0.0,0.0,0.14575,0.0,0.1,0.122,0.0,0.0,0.04575,0.1,0.0,0.0,0.25,0.36775,0.36775
2008-06-27,0.0,0.0,0.14575,0.0,0.1,0.122,0.0,0.0,0.04575,0.1,0.0,0.0,0.25,0.36775,0.36775
2008-07-04,0.0,0.0,0.14575,0.0,0.1,0.122,0.0,0.0,0.04575,0.1,0.0,0.0,0.25,0.36775,0.36775
2008-07-11,0.0,0.0,0.14575,0.0,0.1,0.122,0.0,0.0,0.04575,0.1,0.0,0.0,0.25,0.36775,0.36775
2008-07-18,0.0,0.0,0.14575,0.0,0.1,0.122,0.0,0.0,0.04575,0.1,0.0,0.0,0.25,0.36775,0.36775
2008-07-25,0.0,0.0,0.14575,0.0,0.1,0.122,0.0,0.0,0.04575,0.1,0.0,0.0,0.25,0.36775,0.36775
2008-08-01,0.0,0.0,0.04575,0.0,0.0,0.122,0.0,0.0,0.04575,0.0,0.0,0.0,0.5,0.16775,0.16775
2008-08-08,0.0,0.0,0.04575,0.0,0.0,0.122,0.0,0.0,0.04575,0.0,0.0,0.0,0.5,0.16775,0.16775
2008-08-15,0.0,0.0,0.04575,0.0,0.0,0.122,0.0,0.0,0.04575,0.0,0.0,0.0,0.5,0.16775,0.16775
2008-08-22,0.0,0.0,0.04575,0.0,0.0,0.122,0.0,0.0,0.04575,0.0,0.0,0.0,0.5,0.16775,0.16775
2008-08-29,0.0,0.0,0.04575,0.0,0.0,0.122,0.0,0.0,0.04575,0.0,0.0,0.0,0.5,0.16775,0.16775
2008-09-05,0.0,0.0,0.04575,0.0,0.0,0.122,0.0,0.0,0.04575,0.0,0.0,0.0,0.25,0.16775,0.16775
2008-09-12,0.0,0.0,0.04575,0.0,0.0,0.122,0.0,0.0,0.04575,0.0,0.0,0.0,0.25,0.16775,0.16775
2008-09-19,0.0,0.0,0.04575,0.0,0.0,0.122,0.0,0.0,0.04575,0.0,0.0,0.0,0.25,0.16775,0.16775
2008-09-26,0.0,0.0,0.04575,0.0,0.0,0.122,0.0,0.0,0.04575,0.0,0.0,0.0,0.25,0.16775,0.16775
2008-10-03,0.0,0.0,0.14575,0.0,0.0,0.122,0.0,0.0,0.04575,0.1,0.0,0.0,0.25,0.26775,0.26775
2008-10-10,0.0,0.0,0.14575,0.0,0.0,0.122,0.0,0.0,0.04575,0.1,0.0,0.0,0.25,0.26775,0.26775
2008-10-17,0.0,0.0,0.14575,0.0,0.0,0.122,0.0,0.0,0.04575,0.1,0.0,0.0,0.25,0.26775,0.26775
2008-10-24,0.0,0.0,0.14575,0.0,0.0,0.122,0.0,0.0,0.04575,0.1,0.0,0.0,0.25,0.26775,0.26775
2008-10-31,0.0,0.0,0.14575,0.0,0.0,0.122,0.0,0.0,0.04575,0.1,0.0,0.0,0.25,0.26775,0.26775
2008-11-07,0.0,0.0,0.04575,0.0,0.0,0.122,0.0,0.0,0.04575,0.0,0.0,0.0,0.25,0.16775,0.16775
2008-11-14,0.0,0.0,0.04575,0.0,0.0,0.122,0.0,0.0,0.04575,0.0,0.0,0.0,0.25,0.16775,0.16775
2008-11-21,0.0,0.0,0.04575,0.0,0.0,0.122,0.0,0.0,0.04575,0.0,0.0,0.0,0.25,0.16775,0.16775
2008-11-28,0.0,0.0,0.04575,0.0,0.0,0.122,0.0,0.0,0.04575,0.0,0.0,0.0,0.25,0.16775,0.16775
2008-12-05,0.0,0.0,0.04575,0.1,0.0,0.122,0.0,0.0,0.04575,0.0,0.0,0.1,0.25,0.26775,0.26775
2008-12-12,0.0,0.0,0.04575,0.1,0.0,0.122,0.0,0.0,0.04575,0.0,0.0,0.1,0.25,0.26775,0.26775
2008-12-19,0.0,0.0,0.04575,0.1,0.0,0.122,0.0,0.0,0.04575,0.0,0.0,0.1,0.25,0.26775,0.26775
2008-12-26,0.0,0.0,0.04575,0.1,0.0,0.122,0.0,0.0,0.04575,0.0,0.0,0.1,0.25,0.26775,0.26775
2009-01-02,0.0,0.0,0.04575,0.1,0.0,0.122,0.0,0.0,0.04575,0.0,0.0,0.1,0.25,0.26775,0.26775
2009-01-09,0.0,0.0,0.04575,0.1,0.0,0.122,0.0,0.0,0.04575,0.0,0.0,0.1,0.25,0.26775,0.26775
2009-01-16,0.0,0.0,0.04575,0.1,0.0,0.122,0.0,0.0,0.04575,0.0,0.0,0.1,0.25,0.26775,0.26775
2009-01-23,0.0,0.0,0.04575,0.1,0.0,0.122,0.0,0.0,0.04575,0.0,0.0,0.1,0.25,0.26775,0.26775
2009-01-30,0.0,0.0,0.04575,0.1,0.0,0.122,0.0,0.0,0.04575,0.0,0.0,0.1,0.25,0.26775,0.26775
2009-02-06,0.0,0.0,0.04575,0.1,0.0,0.122,0.0,0.0,0.04575,0.0,0.0,0.1,0.25,0.26775,0.26775
2009-02-13,0.0,0.0,0.04575,0.1,0.0,0.122,0.0,0.0,0.04575,0.0,0.0,0.1,0.25,0.26775,0.26775
2009-02-20,0.0,0.0,0.04575,0.1,0.0,0.122,0.0,0.0,0.04575,0.0,0.0,0.1,0.25,0.26775,0.26775
2009-02-27,0.0,0.0,0.04575,0.1,0.0,0.122,0.0,0.0,0.04575,0.0,0.0,0.1,0.25,0.26775,0.26775
2009-03-06,0.0,0.0,0.04575,0.1,0.0,0.122,0.0,0.0,0.04575,0.0,0.0,0.1,0.25,0.26775,0.26775
2009-03-13,0.0,0.0,0.04575,0.1,0.0,0.122,0.0,0.0,0.04575,0.0,0.0,0.1,0.25,0.26775,0.26775
2009-03-20,0.0,0.0,0.04575,0.1,0.0,0.122,0.0,0.0,0.04575,0.0,0.0,0.1,0.25,0.26775,0.26775
2009-03-27,0.0,0.0,0.04575,0.1,0.0,0.122,0.0,0.0,0.04575,0.0,0.0,0.1,0.25,0.26775,0.26775
2009-04-03,0.0,0.0,0.04575,0.1,0.0,0.122,0.0,0.0,0.04575,0.0,0.0,0.1,0.25,0.26775,0.26775
2009-04-10,0.0,0.0,0.04575,0.1,0.0,0.122,0.0,0.0,0.04575,0.0,0.0,0.1,0.25,0.26775,0.26775
2009-04-17,0.0,0.0,0.04575,0.1,0.0,0.122,0.0,0.0,0.04575,0.0,0.0,0.1,0.25,0.26775,0.26775
2009-04-24,0.0,0.0,0.04575,0.1,0.0,0.122,0.0,0.0,0.04575,0.0,0.0,0.1,0.25,0.26775,0.26775
2009-05-01,0.0,0.0,0.04575,0.0,0.0,0.122,0.0,0.0,0.04575,0.0,0.0,0.0,0.25,0.16775,0.16775
2009-05-08,0.0,0.0,0.04575,0.0,0.0,0.122,0.0,0.0,0.04575,0.0,0.0,0.0,0.25,0.16775,0.16775
2009-05-15,0.0,0.0,0.04575,0.0,0.0,0.122,0.0,0.0,0.04575,0.0,0.0,0.0,0.25,0.16775,0.16775
2009-05-22,0.0,0.0,0.04575,0.0,0.0,0.122,0.0,0.0,0.04575,0.0,0.0,0.0,0.25,0.16775,0.16775
2009-05-29,0.0,0.0,0.04575,0.0,0.0,0.122,0.0,0.0,0.04575,0.0,0.0,0.0,0.25,0.16775,0.16775
2009-06-05,0.0,0.0,0.04575,0.0,0.0,0.122,0.0,0.0,0.04575,0.0,0.0,0.0,0.25,0.16775,0.16775
2009-06-12,0.0,0.0,0.04575,0.0,0.0,0.122,0.0,0.0,0.04575,0.0,0.0,0.0,0.25,0.16775,0.16775
2009-06-19,0.0,0.0,0.04575,0.0,0.0,0.122,0.0,0.0,0.04575,0.0,0.0,0.0,0.25,0.16775,0.16775
2009-06-26,0.0,0.0,0.04575,0.0,0.0,0.122,0.0,0.0,0.04575,0.0,0.0,0.0,0.25,0.16775,0.16775
2009-07-03,0.0,0.0,0.04575,0.0,0.0,0.122,0.0,0.0,0.04575,0.0,0.0,0.0,0.25,0.16775,0.16775
2009-07-10,0.0,0.0,0.04575,0.0,0.0,0.122,0.0,0.0,0.04575,0.0,0.0,0.0,0.25,0.16775,0.16775
2009-07-17,0.0,0.0,0.04575,0.0,0.0,0.122,0.0,0.0,0.04575,0.0,0.0,0.0,0.25,0.16775,0.16775
2009-07-24,0.0,0.0,0.04575,0.0,0.0,0.122,0.0,0.0,0.04575,0.0,0.0,0.0,0.5,0.16775,0.16775
2009-07-31,0.0,0.0,0.04575,0.0,0.0,0.122,0.0,0.0,0.04575,0.0,0.0,0.0,0.25,0.16775,0.16775
2009-08-07,0.1,0.0,0.14575,0.0,0.1,0.122,0.0,0.1,0.04575,0.1,0.0,0.0,0.25,0.46775,0.46775
2009-08-14,0.1,0.0,0.14575,0.0,0.1,0.122,0.0,0.1,0.04575,0.1,0.0,0.0,0.25,0.46775,0.46775
2009-08-21,0.1,0.0,0.14575,0.0,0.1,0.122,0.0,0.1,0.04575,0.1,0.0,0.0,0.25,0.46775,0.46775
2009-08-28,0.1,0.0,0.14575,0.0,0.1,0.122,0.0,0.1,0.04575,0.1,0.0,0.0,0.25,0.46775,0.46775
2009-09-04,0.1,0.0,0.14575,0.0,0.0,0.122,0.0,0.1,0.04575,0.1,0.0,0.0,0.25,0.36775,0.36775
2009-09-11,0.1,0.0,0.14575,0.0,0.0,0.122,0.0,0.1,0.04575,0.1,0.0,0.0,0.25,0.36775,0.36775
2009-09-18,0.1,0.0,0.14575,0.0,0.0,0.122,0.0,0.1,0.04575,0.1,0.0,0.0,0.25,0.36775,0.36775
2009-09-25,0.1,0.0,0.14575,0.0,0.0,0.122,0.0,0.1,0.04575,0.1,0.0,0.0,0.25,0.36775,0.36775
2009-10-02,0.1,0.0,0.14575,0.0,0.0,0.122,0.0,0.1,0.04575,0.1,0.0,0.0,0.25,0.36775,0.36775
2009-10-09,0.1,0.0,0.14575,0.0,0.0,0.122,0.0,0.1,0.04575,0.1,0.0,0.0,0.5,0.36775,0.36775
2009-10-16,0.1,0.0,0.14575,0.0,0.0,0.122,0.0,0.1,0.04575,0.1,0.0,0.0,0.5,0.36775,0.36775
2009-10-23,0.1,0.0,0.14575,0.0,0.0,0.122,0.0,0.1,0.04575,0.1,0.0,0.0,0.5,0.36775,0.36775
2009-10-30,0.1,0.0,0.14575,0.0,0.0,0.122,0.0,0.1,0.04575,0.1,0.0,0.0,0.25,0.36775,0.36775
2009-11-06,0.1,0.0,-0.05425000000000001,0.0,0.0,0.122,0.0,0.1,0.04575,-0.1,0.0,0.0,0.25,0.27625,0.36775
2009-11-13,0.1,0.0,-0.05425000000000001,0.0,0.0,0.122,0.0,0.1,0.04575,-0.1,0.0,0.0,0.5,0.27625,0.36775
2009-11-20,0.1,0.0,-0.05425000000000001,0.0,0.0,0.122,0.0,0.1,0.04575,-0.1,0.0,0.0,0.5,0.27625,0.36775
2009-11-27,0.1,0.0,-0.05425000000000001,0.0,0.0,0.122,0.0,0.1,0.04575,-0.1,0.0,0.0,0.25,0.27625,0.36775
2009-12-04,0.1,0.0,-0.05425000000000001,0.0,0.0,0.122,0.0,0.1,0.04575,-0.1,0.0,0.0,0.5,0.27625,0.36775
2009-12-11,0.1,0.0,-0.05425000000000001,0.0,0.0,0.122,0.0,0.1,0.04575,-0.1,0.0,0.0,0.5,0.27625,0.36775
2009-12-18,0.1,0.0,-0.05425000000000001,0.0,0.0,0.122,0.0,0.1,0.04575,-0.1,0.0,0.0,0.5,0.27625,0.36775
2009-12-25,0.1,0.0,-0.05425000000000001,0.0,0.0,0.122,0.0,0.1,0.04575,-0.1,0.0,0.0,0.5,0.27625,0.36775
2010-01-01,0.1,0.0,0.04575,0.0,0.0,0.122,0.0,0.1,0.04575,0.0,0.0,0.0,1.0,0.26775,0.26775
2010-01-08,0.1,0.0,0.04575,0.0,0.0,0.122,0.0,0.1,0.04575,0.0,0.0,0.0,1.0,0.26775,0.26775
2010-01-15,0.1,0.0,0.04575,0.0,0.0,0.122,0.0,0.1,0.04575,0.0,0.0,0.0,1.0,0.26775,0.26775
2010-01-22,0.1,0.0,0.04575,0.0,0.0,0.122,0.0,0.1,0.04575,0.0,0.0,0.0,0.5,0.26775,0.26775
2010-01-29,0.1,0.0,0.04575,0.0,0.0,0.122,0.0,0.1,0.04575,0.0,0.0,0.0,0.5,0.26775,0.26775
2010-02-05,0.0,0.0,0.04575,0.1,0.0,0.122,0.0,0.0,0.04575,0.0,0.0,0.1,0.5,0.26775,0.26775
2010-02-12,0.0,0.0,0.04575,0.1,0.0,0.122,0.0,0.0,0.04575,0.0,0.0,0.1,0.5,0.26775,0.26775
2010-02-19,0.0,0.0,0.04575,0.1,0.0,0.122,0.0,0.0,0.04575,0.0,0.0,0.1,0.5,0.26775,0.26775
2010-02-26,0.0,0.0,0.04575,0.1,0.0,0.122,0.0,0.0,0.04575,0.0,0.0,0.1,1.0,0.26775,0.26775
2010-03-05,0.1,0.0,0.04575,0.1,0.0,0.122,0.0,0.1,0.04575,0.0,0.0,0.1,1.0,0.36775,0.36775
2010-03-12,0.1,0.0,0.04575,0.1,0.0,0.122,0.0,0.1,0.04575,0.0,0.0,0.1,1.0,0.36775,0.36775
2010-03-19,0.1,0.0,0.04575,0.1,0.0,0.122,0.0,0.1,0.04575,0.0,0.0,0.1,1.0,0.36775,0.36775
2010-03-26,0.1,0.0,0.04575,0.1,0.0,0.122,0.0,0.1,0.04575,0.0,0.0,0.1,1.0,0.36775,0.36775
2010-04-02,0.1,0.0,-0.05425000000000001,0.0,0.0,0.122,0.0,0.1,0.04575,-0.1,0.0,0.0,1.0,0.27625,0.36775
2010-04-09,0.1,0.0,-0.05425000000000001,0.0,0.0,0.122,0.0,0.1,0.04575,-0.1,0.0,0.0,1.0,0.27625,0.36775
2010-04-16,0.1,0.0,-0.05425000000000001,0.0,0.0,0.122,0.0,0.1,0.04575,-0.1,0.0,0.0,1.0,0.27625,0.36775
2010-04-23,0.1,0.0,-0.05425000000000001,0.0,0.0,0.122,0.0,0.1,0.04575,-0.1,0.0,0.0,1.0,0.27625,0.36775
2010-04-30,0.1,0.0,-0.05425000000000001,0.0,0.0,0.122,0.0,0.1,0.04575,-0.1,0.0,0.0,1.0,0.27625,0.36775
2010-05-07,0.1,0.0,0.04575,0.0,0.0,0.122,0.0,0.1,0.04575,0.0,0.0,0.0,0.5,0.26775,0.26775
2010-05-14,0.1,0.0,0.04575,0.0,0.0,0.122,0.0,0.1,0.04575,0.0,0.0,0.0,0.5,0.26775,0.26775
2010-05-21,0.1,0.0,0.04575,0.0,0.0,0.122,0.0,0.1,0.04575,0.0,0.0,0.0,0.25,0.26775,0.26775
2010-05-28,0.1,0.0,0.04575,0.0,0.0,0.122,0.0,0.1,0.04575,0.0,0.0,0.0,0.25,0.26775,0.26775
2010-06-04,0.1,0.0,0.04575,0.0,0.0,0.122,0.0,0.1,0.04575,0.0,0.0,0.0,0.25,0.26775,0.26775
2010-06-11,0.1,0.0,0.04575,0.0,0.0,0.122,0.0,0.1,0.04575,0.0,0.0,0.0,0.25,0.26775,0.26775
2010-06-18,0.1,0.0,0.04575,0.0,0.0,0.122,0.0,0.1,0.04575,0.0,0.0,0.0,0.25,0.26775,0.26775
2010-06-25,0.1,0.0,0.04575,0.0,0.0,0.122,0.0,0.1,0.04575,0.0,0.0,0.0,0.25,0.26775,0.26775
2010-07-02,0.1,0.0,0.04575,0.0,0.0,0.122,0.0,0.1,0.04575,0.0,0.0,0.0,0.25,0.26775,0.26775
2010-07-09,0.1,0.0,0.04575,0.0,0.0,0.122,0.0,0.1,0.04575,0.0,0.0,0.0,0.25,0.26775,0.26775
2010-07-16,0.1,0.0,0.04575,0.0,0.0,0.122,0.0,0.1,0.04575,0.0,0.0,0.0,0.25,0.26775,0.26775
2010-07-23,0.1,0.0,0.04575,0.0,0.0,0.122,0.0,0.1,0.04575,0.0,0.0,0.0,0.5,0.26775,0.26775
2010-07-30,0.1,0.0,0.04575,0.0,0.0,0.122,0.0,0.1,0.04575,0.0,0.0,0.0,0.5,0.26775,0.26775
2010-08-06,0.1,0.0,0.04575,0.0,0.0,0.122,0.0,0.1,0.04575,0.0,0.0,0.0,0.5,0.26775,0.26775
2010-08-13,0.1,0.0,0.04575,0.0,0.0,0.122,0.0,0.1,0.04575,0.0,0.0,0.0,0.25,0.26775,0.26775
2010-08-20,0.1,0.0,0.04575,0.0,0.0,0.122,0.0,0.1,0.04575,0.0,0.0,0.0,0.25,0.26775,0.26775
2010-08-27,0.1,0.0,0.04575,0.0,0.0,0.122,0.0,0.1,0.04575,0.0,0.0,0.0,0.25,0.26775,0.26775
2010-09-03,0.1,0.0,0.04575,0.0,0.0,0.122,0.0,0.1,0.04575,0.0,0.0,0.0,0.5,0.26775,0.26775
2010-09-10,0.1,0.0,0.04575,0.0,0.0,0.122,0.0,0.1,0.04575,0.0,0.0,0.0,0.5,0.26775,0.26775
2010-09-17,0.1,0.0,0.04575,0.0,0.0,0.122,0.0,0.1,0.04575,0.0,0.0,0.0,0.5,0.26775,0.26775
2010-09-24,0.1,0.0,0.04575,0.0,0.0,0.122,0.0,0.1,0.04575,0.0,0.0,0.0,0.5,0.26775,0.26775
2010-10-01,0.1,0.0,0.04575,0.0,0.0,0.122,0.0,0.1,0.04575,0.0,0.0,0.0,0.5,0.26775,0.26775
2010-10-08,0.1,0.0,0.04575,0.0,0.0,0.122,0.0,0.1,0.04575,0.0,0.0,0.0,0.5,0.26775,0.26775
2010-10-15,0.1,0.0,0.04575,0.0,0.0,0.122,0.0,0.1,0.04575,0.0,0.0,0.0,0.5,0.26775,0.26775
2010-10-22,0.1,0.0,0.04575,0.0,0.0,0.122,0.0,0.1,0.04575,0.0,0.0,0.0,0.5,0.26775,0.26775
2010-10-29,0.1,0.0,0.04575,0.0,0.0,0.122,0.0,0.1,0.04575,0.0,0.0,0.0,0.5,0.26775,0.26775
2010-11-05,0.1,0.0,0.14575,0.0,0.0,0.122,0.0,0.1,0.04575,0.1,0.0,0.0,0.5,0.36775,0.36775
2010-11-12,0.1,0.0,0.14575,0.0,0.0,0.122,0.0,0.1,0.04575,0.1,0.0,0.0,0.5,0.36775,0.36775
2010-11-19,0.1,0.0,0.14575,0.0,0.0,0.122,0.0,0.1,0.04575,0.1,0.0,0.0,0.5,0.36775,0.36775
2010-11-26,0.1,0.0,0.14575,0.0,0.0,0.122,0.0,0.1,0.04575,0.1,0.0,0.0,0.5,0.36775,0.36775
2010-12-03,0.1,0.0,0.14575,0.0,0.1,0.122,0.0,0.1,0.04575,0.1,0.0,0.0,0.5,0.46775,0.46775
2010-12-10,0.1,0.0,0.14575,0.0,0.1,0.122,0.0,0.1,0.04575,0.1,0.0,0.0,0.5,0.46775,0.46775
2010-12-17,0.1,0.0,0.14575,0.0,0.1,0.122,0.0,0.1,0.04575,0.1,0.0,0.0,1.0,0.46775,0.46775
2010-12-24,0.1,0.0,0.14575,0.0,0.1,0.122,0.0,0.1,0.04575,0.1,0.0,0.0,1.0,0.46775,0.46775
2010-12-31,0.1,0.0,0.14575,0.0,0.1,0.122,0.0,0.1,0.04575,0.1,0.0,0.0,1.0,0.46775,0.46775
2011-01-07,0.1,0.0,0.14575,0.0,0.1,0.122,0.0,0.1,0.04575,0.1,0.0,0.0,1.0,0.46775,0.46775
2011-01-14,0.1,0.0,0.14575,0.0,0.1,0.122,0.0,0.1,0.04575,0.1,0.0,0.0,0.5,0.46775,0.46775
2011-01-21,0.1,0.0,0.14575,0.0305,0.1,0.122,0.0,0.1,0.04575,0.1,0.0305,0.0,1.0,0.49824999999999997,0.49824999999999997
2011-01-28,0.1,0.0,0.14575,0.0305,0.1,0.122,0.0,0.1,0.04575,0.1,0.0305,0.0,1.0,0.49824999999999997,0.49824999999999997
2011-02-04,0.1,0.0,0.14575,0.0305,0.1,0.122,0.0,0.1,0.04575,0.1,0.0305,0.0,1.0,0.49824999999999997,0.49824999999999997
2011-02-11,0.1,0.0,0.14575,0.0305,0.1,0.122,0.0,0.1,0.04575,0.1,0.0305,0.0,1.0,0.49824999999999997,0.49824999999999997
2011-02-18,0.1,0.0,0.14575,0.0305,0.1,0.122,0.0,0.1,0.04575,0.1,0.0305,0.0,1.0,0.49824999999999997,0.49824999999999997
2011-02-25,0.1,0.0,0.14575,0.0305,0.1,0.122,0.0,0.1,0.04575,0.1,0.0305,0.0,1.0,0.49824999999999997,0.49824999999999997
2011-03-04,0.1,0.0,0.14575,0.1305,0.1,0.122,0.0,0.1,0.04575,0.1,0.0305,0.1,1.0,0.59825,0.59825
2011-03-11,0.1,0.0,0.14575,0.1305,0.1,0.122,0.0,0.1,0.04575,0.1,0.0305,0.1,1.0,0.59825,0.59825
2011-03-18,0.1,0.0,0.14575,0.1305,0.1,0.122,0.0,0.1,0.04575,0.1,0.0305,0.1,0.5,0.59825,0.59825
2011-03-25,0.1,0.0,0.14575,0.1305,0.1,0.122,0.0,0.1,0.04575,0.1,0.0305,0.1,1.0,0.59825,0.59825
2011-04-01,0.1,0.0,0.04575,0.0305,0.1,0.122,0.0,0.1,0.04575,0.0,0.0305,0.0,1.0,0.39825,0.39825
2011-04-08,0.1,0.0,0.04575,0.0305,0.1,0.122,0.0,0.1,0.04575,0.0,0.0305,0.0,1.0,0.39825,0.39825
2011-04-15,0.1,0.0,0.04575,0.0305,0.1,0.122,0.0,0.1,0.04575,0.0,0.0305,0.0,1.0,0.39825,0.39825
2011-04-22,0.1,0.0,0.04575,0.0305,0.1,0.122,0.0,0.1,0.04575,0.0,0.0305,0.0,1.0,0.39825,0.39825
2011-04-29,0.1,0.0,0.04575,0.0305,0.1,0.122,0.0,0.1,0.04575,0.0,0.0305,0.0,1.0,0.39825,0.39825
2011-05-06,0.0,0.0,0.14575,0.1305,0.0,0.122,0.0,0.0,0.04575,0.1,0.0305,0.1,1.0,0.39825,0.39825
2011-05-13,0.0,0.0,0.14575,0.1305,0.0,0.122,0.0,0.0,0.04575,0.1,0.0305,0.1,1.0,0.39825,0.39825
2011-05-20,0.0,0.0,0.14575,0.1305,0.0,0.122,0.0,0.0,0.04575,0.1,0.0305,0.1,1.0,0.39825,0.39825
2011-05-27,0.0,0.0,0.14575,0.1305,0.0,0.122,0.0,0.0,0.04575,0.1,0.0305,0.1,1.0,0.39825,0.39825
2011-06-03,0.1,0.0,0.14575,0.0305,0.0,0.122,0.0,0.1,0.04575,0.1,0.0305,0.0,0.5,0.39825,0.39825
2011-06-10,0.1,0.0,0.14575,0.0,0.0,0.122,0.0,0.1,0.04575,0.1,0.0,0.0,1.0,0.36775,0.36775
2011-06-17,0.1,0.0,0.14575,0.0,0.0,0.122,0.0,0.1,0.04575,0.1,0.0,0.0,0.5,0.36775,0.36775
2011-06-24,0.1,0.0,0.14575,0.0,0.0,0.122,0.0,0.1,0.04575,0.1,0.0,0.0,0.5,0.36775,0.36775
2011-07-01,0.1,0.0,0.14575,0.0,0.0,0.122,0.0,0.1,0.04575,0.1,0.0,0.0,1.0,0.36775,0.36775
2011-07-08,0.1,0.0,0.14575,0.0,0.0,0.122,0.0,0.1,0.04575,0.1,0.0,0.0,0.5,0.36775,0.36775
2011-07-15,0.1,0.0,0.14575,0.0,0.0,0.122,0.0,0.1,0.04575,0.1,0.0,0.0,0.5,0.36775,0.36775
2011-07-22,0.1,0.0,0.14575,0.0,0.0,0.122,0.0,0.1,0.04575,0.1,0.0,0.0,0.5,0.36775,0.36775
2011-07-29,0.1,0.0,0.14575,0.0,0.0,0.122,0.0,0.1,0.04575,0.1,0.0,0.0,0.25,0.36775,0.36775
2011-08-05,0.0,0.0,0.04575,0.0305,0.0,0.122,0.0,0.0,0.04575,0.0,0.0305,0.0,0.25,0.19824999999999998,0.19824999999999998
2011-08-12,0.0,0.0,0.04575,0.0305,0.0,0.122,0.0,0.0,0.04575,0.0,0.0305,0.0,0.25,0.19824999999999998,0.19824999999999998
2011-08-19,0.0,0.0,0.04575,0.0305,0.0,0.122,0.0,0.0,0.04575,0.0,0.0305,0.0,0.25,0.19824999999999998,0.19824999999999998
2011-08-26,0.0,0.0,0.04575,0.0305,0.0,0.122,0.0,0.0,0.04575,0.0,0.0305,0.0,0.25,0.19824999999999998,0.19824999999999998
2011-09-02,0.0,0.0,0.04575,0.0305,0.0,0.122,0.0,0.0,0.04575,0.0,0.0305,0.0,0.25,0.19824999999999998,0.19824999999999998
2011-09-09,0.0,0.0,0.04575,0.0305,0.0,0.122,0.0,0.0,0.04575,0.0,0.0305,0.0,0.25,0.19824999999999998,0.19824999999999998
2011-09-16,0.0,0.0,0.04575,0.0305,0.0,0.122,0.0,0.0,0.04575,0.0,0.0305,0.0,0.25,0.19824999999999998,0.19824999999999998
2011-09-23,0.0,0.0,0.04575,0.0,0.0,0.122,0.0,0.0,0.04575,0.0,0.0,0.0,0.25,0.16775,0.16775
2011-09-30,0.0,0.0,0.04575,0.0,0.0,0.122,0.0,0.0,0.04575,0.0,0.0,0.0,0.25,0.16775,0.16775
2011-10-07,0.0,0.0,0.04575,0.0,0.0,0.122,0.0,0.0,0.04575,0.0,0.0,0.0,0.25,0.16775,0.16775
2011-10-14,0.0,0.0,0.04575,0.0,0.0,0.122,0.0,0.0,0.04575,0.0,0.0,0.0,0.25,0.16775,0.16775
2011-10-21,0.0,0.0,0.04575,0.0,0.0,0.122,0.0,0.0,0.04575,0.0,0.0,0.0,0.25,0.16775,0.16775
2011-10-28,0.0,0.0,0.04575,0.0,0.0,0.122,0.0,0.0,0.04575,0.0,0.0,0.0,0.25,0.16775,0.16775
2011-11-04,0.0,0.0,0.04575,0.0,0.1,0.122,0.0,0.0,0.04575,0.0,0.0,0.0,0.25,0.26775,0.26775
2011-11-11,0.0,0.0,0.04575,0.0,0.1,0.122,0.0,0.0,0.04575,0.0,0.0,0.0,0.25,0.26775,0.26775
2011-11-18,0.0,0.0,0.04575,0.0,0.1,0.122,0.0,0.0,0.04575,0.0,0.0,0.0,0.25,0.26775,0.26775
2011-11-25,0.0,0.0,0.04575,0.0,0.1,0.122,0.0,0.0,0.04575,0.0,0.0,0.0,0.25,0.26775,0.26775
2011-12-02,0.1,0.0,0.04575,0.0,0.1,0.122,0.0,0.1,0.04575,0.0,0.0,0.0,0.25,0.36775,0.36775
2011-12-09,0.1,0.0,0.04575,0.0,0.1,0.122,0.0,0.1,0.04575,0.0,0.0,0.0,0.25,0.36775,0.36775
2011-12-16,0.1,0.0,0.04575,0.0,0.1,0.122,0.0,0.1,0.04575,0.0,0.0,0.0,0.25,0.36775,0.36775
2011-12-23,0.1,0.0,0.04575,0.0,0.1,0.122,0.0,0.1,0.04575,0.0,0.0,0.0,0.5,0.36775,0.36775
2011-12-30,0.1,0.0,0.04575,0.0,0.1,0.122,0.0,0.1,0.04575,0.0,0.0,0.0,0.5,0.36775,0.36775
2012-01-06,0.1,0.0,0.04575,0.0,0.0,0.122,0.0,0.1,0.04575,0.0,0.0,0.0,0.5,0.26775,0.26775
2012-01-13,0.1,0.0,0.04575,0.0,0.0,0.122,0.0,0.1,0.04575,0.0,0.0,0.0,0.5,0.26775,0.26775
2012-01-20,0.1,0.0,0.04575,0.0,0.0,0.122,0.0,0.1,0.04575,0.0,0.0,0.0,0.5,0.26775,0.26775
2012-01-27,0.1,0.0,0.04575,0.0,0.0,0.122,0.0,0.1,0.04575,0.0,0.0,0.0,0.5,0.26775,0.26775
2012-02-03,0.1,0.0,0.04575,0.0,0.0,0.122,0.0,0.1,0.04575,0.0,0.0,0.0,0.5,0.26775,0.26775
2012-02-10,0.1,0.0,0.04575,0.0,0.0,0.122,0.0,0.1,0.04575,0.0,0.0,0.0,0.5,0.26775,0.26775
2012-02-17,0.1,0.0,0.04575,0.0,0.0,0.122,0.0,0.1,0.04575,0.0,0.0,0.0,0.5,0.26775,0.26775
2012-02-24,0.1,0.0,0.04575,0.0,0.0,0.122,0.0,0.1,0.04575,0.0,0.0,0.0,0.5,0.26775,0.26775
2012-03-02,0.1,0.0,0.04575,0.0,0.0,0.122,0.0,0.1,0.04575,0.0,0.0,0.0,0.5,0.26775,0.26775
2012-03-09,0.1,0.0,0.04575,0.0,0.0,0.122,0.0,0.1,0.04575,0.0,0.0,0.0,0.5,0.26775,0.26775
2012-03-16,0.1,0.0,0.04575,0.0,0.0,0.122,0.0,0.1,0.04575,0.0,0.0,0.0,0.5,0.26775,0.26775
2012-03-23,0.1,0.0,0.04575,0.0,0.0,0.122,0.0,0.1,0.04575,0.0,0.0,0.0,0.5,0.26775,0.26775
2012-03-30,0.1,0.0,0.04575,0.0,0.0,0.122,0.0,0.1,0.04575,0.0,0.0,0.0,0.5,0.26775,0.26775
2012-04-06,0.1,0.0,0.04575,0.0,0.0,0.122,0.0,0.1,0.04575,0.0,0.0,0.0,0.5,0.26775,0.26775
2012-04-13,0.1,0.0,0.04575,0.0,0.0,0.122,0.0,0.1,0.04575,0.0,0.0,0.0,0.5,0.26775,0.26775
2012-04-20,0.1,0.0,0.04575,0.0,0.0,0.122,0.0,0.1,0.04575,0.0,0.0,0.0,0.5,0.26775,0.26775
2012-04-27,0.1,0.0,0.04575,0.0,0.0,0.122,0.0,0.1,0.04575,0.0,0.0,0.0,0.5,0.26775,0.26775
2012-05-04,0.1,0.0,0.04575,0.0,0.0,0.122,0.0,0.1,0.04575,0.0,0.0,0.0,0.5,0.26775,0.26775
2012-05-11,0.1,0.0,0.04575,0.0,0.0,0.122,0.0,0.1,0.04575,0.0,0.0,0.0,0.5,0.26775,0.26775
2012-05-18,0.1,0.0,0.04575,0.0,0.0,0.122,0.0,0.1,0.04575,0.0,0.0,0.0,0.25,0.26775,0.26775
2012-05-25,0.1,0.0,0.04575,0.0,0.0,0.122,0.0,0.1,0.04575,0.0,0.0,0.0,0.5,0.26775,0.26775
2012-06-01,0.1,0.0,0.04575,0.0,0.0,0.122,0.0,0.1,0.04575,0.0,0.0,0.0,0.25,0.26775,0.26775
2012-06-08,0.1,0.0,0.04575,0.0,0.0,0.122,0.0,0.1,0.04575,0.0,0.0,0.0,0.5,0.26775,0.26775
2012-06-15,0.1,0.0,0.04575,0.0,0.0,0.122,0.0,0.1,0.04575,0.0,0.0,0.0,0.5,0.26775,0.26775
2012-06-22,0.1,0.0,0.04575,0.0,0.0,0.122,0.0,0.1,0.04575,0.0,0.0,0.0,0.5,0.26775,0.26775
2012-06-29,0.1,0.0,0.04575,0.0,0.0,0.122,0.0,0.1,0.04575,0.0,0.0,0.0,0.5,0.26775,0.26775
2012-07-06,0.1,0.0,0.04575,0.0,0.0,0.122,0.0,0.1,0.04575,0.0,0.0,0.0,0.5,0.26775,0.26775
2012-07-13,0.1,0.0,0.04575,0.0,0.0,0.122,0.0,0.1,0.04575,0.0,0.0,0.0,0.5,0.26775,0.26775
2012-07-20,0.1,0.0,0.04575,0.0,0.0,0.122,0.0,0.1,0.04575,0.0,0.0,0.0,0.5,0.26775,0.26775
2012-07-27,0.1,0.0,0.04575,0.0,0.0,0.122,0.0,0.1,0.04575,0.0,0.0,0.0,0.5,0.26775,0.26775
2012-08-03,0.1,0.0,0.04575,0.0,0.0,0.122,0.0,0.1,0.04575,0.0,0.0,0.0,0.5,0.26775,0.26775
2012-08-10,0.1,0.0,0.04575,0.0,0.0,0.122,0.0,0.1,0.04575,0.0,0.0,0.0,0.5,0.26775,0.26775
2012-08-17,0.1,0.0,0.04575,0.0,0.0,0.122,0.0,0.1,0.04575,0.0,0.0,0.0,0.5,0.26775,0.26775
2012-08-24,0.1,0.0,0.04575,0.0,0.0,0.122,0.0,0.1,0.04575,0.0,0.0,0.0,0.5,0.26775,0.26775
2012-08-31,0.1,0.0,0.04575,0.0,0.0,0.122,0.0,0.1,0.04575,0.0,0.0,0.0,0.5,0.26775,0.26775
2012-09-07,0.1,0.0,0.04575,0.0,0.0,0.122,0.0,0.1,0.04575,0.0,0.0,0.0,0.5,0.26775,0.26775
2012-09-14,0.1,0.0,0.04575,0.0,0.0,0.122,0.0,0.1,0.04575,0.0,0.0,0.0,0.5,0.26775,0.26775
2012-09-21,0.1,0.0,0.04575,0.0,0.0,0.122,0.0,0.1,0.04575,0.0,0.0,0.0,0.5,0.26775,0.26775
2012-09-28,0.1,0.0,0.04575,0.0,0.0,0.122,0.0,0.1,0.04575,0.0,0.0,0.0,0.5,0.26775,0.26775
2012-10-05,0.1,0.0,0.04575,0.0,0.0,0.122,0.0,0.1,0.04575,0.0,0.0,0.0,0.5,0.26775,0.26775
2012-10-12,0.1,0.0,0.04575,0.0,0.0,0.122,0.0,0.1,0.04575,0.0,0.0,0.0,0.5,0.26775,0.26775
2012-10-19,0.1,0.0,0.04575,0.0,0.0,0.122,0.0,0.1,0.04575,0.0,0.0,0.0,1.0,0.26775,0.26775
2012-10-26,0.1,0.0,0.04575,0.0,0.0,0.122,0.0,0.1,0.04575,0.0,0.0,0.0,1.0,0.26775,0.26775
2012-11-02,0.1,0.0,0.04575,0.0,0.0,0.122,0.0,0.1,0.04575,0.0,0.0,0.0,1.0,0.26775,0.26775
2012-11-09,0.1,0.0,0.04575,0.0,0.0,0.122,0.0,0.1,0.04575,0.0,0.0,0.0,1.0,0.26775,0.26775
2012-11-16,0.1,0.0,0.04575,0.0,0.0,0.122,0.0,0.1,0.04575,0.0,0.0,0.0,0.5,0.26775,0.26775
2012-11-23,0.1,0.0,0.04575,0.0,0.0,0.122,0.0,0.1,0.04575,0.0,0.0,0.0,0.5,0.26775,0.26775
2012-11-30,0.1,0.0,0.04575,0.0,0.0,0.122,0.0,0.1,0.04575,0.0,0.0,0.0,0.5,0.26775,0.26775
2012-12-07,0.1,0.0,0.04575,0.0,0.0,0.122,0.0,0.1,0.04575,0.0,0.0,0.0,0.5,0.26775,0.26775
2012-12-14,0.1,0.0,0.04575,0.0,0.0,0.122,0.0,0.1,0.04575,0.0,0.0,0.0,0.5,0.26775,0.26775
2012-12-21,0.1,0.0,0.04575,0.0,0.0,0.122,0.0,0.1,0.04575,0.0,0.0,0.0,0.5,0.26775,0.26775
2012-12-28,0.1,0.0,0.04575,0.0,0.0,0.122,0.0,0.1,0.04575,0.0,0.0,0.0,1.0,0.26775,0.26775
2013-01-04,0.0,0.0,0.04575,0.0,0.0,0.122,0.0,0.0,0.04575,0.0,0.0,0.0,1.0,0.16775,0.16775
2013-01-11,0.0,0.0,0.04575,0.0,0.0,0.122,0.0,0.0,0.04575,0.0,0.0,0.0,1.0,0.16775,0.16775
2013-01-18,0.0,0.0,0.04575,0.0,0.0,0.122,0.0,0.0,0.04575,0.0,0.0,0.0,1.0,0.16775,0.16775
2013-01-25,0.0,0.0,0.04575,0.0,0.0,0.122,0.0,0.0,0.04575,0.0,0.0,0.0,1.0,0.16775,0.16775
2013-02-01,0.1,0.0,0.04575,0.0,0.0,0.122,0.0,0.1,0.04575,0.0,0.0,0.0,1.0,0.26775,0.26775
2013-02-08,0.1,0.0,0.04575,0.0,0.0,0.122,0.0,0.1,0.04575,0.0,0.0,0.0,0.5,0.26775,0.26775
2013-02-15,0.1,0.0,0.04575,0.0,0.0,0.122,0.0,0.1,0.04575,0.0,0.0,0.0,1.0,0.26775,0.26775
2013-02-22,0.1,0.0,0.04575,0.0,0.0,0.122,0.0,0.1,0.04575,0.0,0.0,0.0,0.5,0.26775,0.26775
2013-03-01,0.1,0.0,0.04575,0.0,0.0,0.122,0.0,0.1,0.04575,0.0,0.0,0.0,0.5,0.26775,0.26775
2013-03-08,0.1,0.0,0.04575,0.0,0.0,0.122,0.0,0.1,0.04575,0.0,0.0,0.0,0.5,0.26775,0.26775
2013-03-15,0.1,0.0,0.04575,0.0,0.0,0.122,0.0,0.1,0.04575,0.0,0.0,0.0,0.5,0.26775,0.26775
2013-03-22,0.1,0.0,0.04575,0.0,0.0,0.122,0.0,0.1,0.04575,0.0,0.0,0.0,0.5,0.26775,0.26775
2013-03-29,0.1,0.0,0.04575,0.0,0.0,0.122,0.0,0.1,0.04575,0.0,0.0,0.0,0.5,0.26775,0.26775
2013-04-05,0.0,0.0,0.04575,0.0,0.0,0.122,0.0,0.0,0.04575,0.0,0.0,0.0,1.0,0.16775,0.16775
2013-04-12,0.0,0.0,0.04575,0.0,0.0,0.122,0.0,0.0,0.04575,0.0,0.0,0.0,1.0,0.16775,0.16775
2013-04-19,0.0,0.0,0.04575,0.0,0.0,0.122,0.0,0.0,0.04575,0.0,0.0,0.0,1.0,0.16775,0.16775
2013-04-26,0.0,0.0,0.04575,0.0,0.0,0.122,0.0,0.0,0.04575,0.0,0.0,0.0,1.0,0.16775,0.16775
2013-05-03,0.1,0.0,0.04575,0.0,0.0,0.122,0.0,0.1,0.04575,0.0,0.0,0.0,1.0,0.26775,0.26775
2013-05-10,0.1,0.0,0.04575,0.0,0.0,0.122,0.0,0.1,0.04575,0.0,0.0,0.0,1.0,0.26775,0.26775
2013-05-17,0.1,0.0,0.04575,0.0,0.0,0.122,0.0,0.1,0.04575,0.0,0.0,0.0,1.0,0.26775,0.26775
2013-05-24,0.1,0.0,0.04575,0.0,0.0,0.122,0.0,0.1,0.04575,0.0,0.0,0.0,1.0,0.26775,0.26775
2013-05-31,0.1,0.0,0.04575,0.0,0.0,0.122,0.0,0.1,0.04575,0.0,0.0,0.0,1.0,0.26775,0.26775
2013-06-07,0.1,0.0,0.04575,0.0,0.1,0.122,0.0,0.1,0.04575,0.0,0.0,0.0,0.5,0.36775,0.36775
2013-06-14,0.1,0.0,0.04575,0.0,0.1,0.122,0.0,0.1,0.04575,0.0,0.0,0.0,0.5,0.36775,0.36775
2013-06-21,0.1,0.0,0.04575,0.0,0.1,0.122,0.0,0.1,0.04575,0.0,0.0,0.0,0.5,0.36775,0.36775
2013-06-28,0.1,0.0,0.04575,0.0,0.1,0.122,0.0,0.1,0.04575,0.0,0.0,0.0,1.0,0.36775,0.36775
2013-07-05,0.1,0.0,0.04575,0.0,0.1,0.122,0.0,0.1,0.04575,0.0,0.0,0.0,1.0,0.36775,0.36775
2013-07-12,0.1,0.0,0.04575,0.0,0.1,0.122,0.0,0.1,0.04575,0.0,0.0,0.0,1.0,0.36775,0.36775
2013-07-19,0.1,0.0,0.04575,0.0,0.1,0.122,0.0,0.1,0.04575,0.0,0.0,0.0,1.0,0.36775,0.36775
2013-07-26,0.1,0.0,0.04575,0.0,0.1,0.122,0.0,0.1,0.04575,0.0,0.0,0.0,1.0,0.36775,0.36775
2013-08-02,0.0,0.0,0.04575,0.0,0.1,0.122,0.0,0.0,0.04575,0.0,0.0,0.0,1.0,0.26775,0.26775
2013-08-09,0.0,0.0,0.04575,0.0,0.1,0.122,0.0,0.0,0.04575,0.0,0.0,0.0,1.0,0.26775,0.26775
2013-08-16,0.0,0.0,0.04575,0.0,0.1,0.122,0.0,0.0,0.04575,0.0,0.0,0.0,1.0,0.26775,0.26775
2013-08-23,0.0,0.0,0.04575,0.0,0.1,0.122,0.0,0.0,0.04575,0.0,0.0,0.0,1.0,0.26775,0.26775
2013-08-30,0.0,0.0,0.04575,0.0,0.1,0.122,0.0,0.0,0.04575,0.0,0.0,0.0,1.0,0.26775,0.26775
2013-09-06,0.0,0.0,0.04575,0.0,0.1,0.122,0.0,0.0,0.04575,0.0,0.0,0.0,1.0,0.26775,0.26775
2013-09-13,0.0,0.0,0.04575,0.0,0.1,0.122,0.0,0.0,0.04575,0.0,0.0,0.0,1.0,0.26775,0.26775
2013-09-20,0.0,0.0,0.04575,0.0,0.1,0.122,0.0,0.0,0.04575,0.0,0.0,0.0,1.0,0.26775,0.26775
2013-09-27,0.0,0.0,0.04575,0.0,0.1,0.122,0.0,0.0,0.04575,0.0,0.0,0.0,1.0,0.26775,0.26775
2013-10-04,0.0,0.0,0.04575,0.0,0.0,0.122,0.0,0.0,0.04575,0.0,0.0,0.0,1.0,0.16775,0.16775
2013-10-11,0.0,0.0,0.04575,0.0,0.0,0.122,0.0,0.0,0.04575,0.0,0.0,0.0,1.0,0.16775,0.16775
2013-10-18,0.0,0.0,0.04575,0.0,0.0,0.122,0.0,0.0,0.04575,0.0,0.0,0.0,1.0,0.16775,0.16775
2013-10-25,0.0,0.0,0.04575,0.0,0.0,0.122,0.0,0.0,0.04575,0.0,0.0,0.0,1.0,0.16775,0.16775
2013-11-01,0.0,0.0,0.04575,0.0,0.0,0.122,0.0,0.0,0.04575,0.0,0.0,0.0,1.0,0.16775,0.16775
2013-11-08,0.0,0.0,0.04575,0.0,0.0,0.122,0.0,0.0,0.04575,0.0,0.0,0.0,1.0,0.16775,0.16775
2013-11-15,0.0,0.0,0.04575,0.0,0.0,0.122,0.0,0.0,0.04575,0.0,0.0,0.0,1.0,0.16775,0.16775
2013-11-22,0.0,0.0,0.04575,0.0,0.0,0.122,0.0,0.0,0.04575,0.0,0.0,0.0,1.0,0.16775,0.16775
2013-11-29,0.0,0.0,0.04575,0.0,0.0,0.122,0.0,0.0,0.04575,0.0,0.0,0.0,1.0,0.16775,0.16775
2013-12-06,0.1,0.0,0.04575,0.0,0.0,0.122,0.0,0.1,0.04575,0.0,0.0,0.0,1.0,0.26775,0.26775
2013-12-13,0.1,0.0,0.04575,0.0,0.0,0.122,0.0,0.1,0.04575,0.0,0.0,0.0,1.0,0.26775,0.26775
2013-12-20,0.1,0.0,0.04575,0.0,0.0,0.122,0.0,0.1,0.04575,0.0,0.0,0.0,1.0,0.26775,0.26775
2013-12-27,0.1,0.0,0.04575,0.0,0.0,0.122,0.0,0.1,0.04575,0.0,0.0,0.0,1.0,0.26775,0.26775
2014-01-03,0.0,0.0,0.04575,0.0,0.1,0.122,0.0,0.0,0.04575,0.0,0.0,0.0,1.0,0.26775,0.26775
2014-01-10,0.0,0.0,0.04575,0.0,0.1,0.122,0.0,0.0,0.04575,0.0,0.0,0.0,1.0,0.26775,0.26775
2014-01-17,0.0,0.0,0.04575,0.0,0.1,0.122,0.0,0.0,0.04575,0.0,0.0,0.0,1.0,0.26775,0.26775
2014-01-24,0.0,0.0,0.04575,0.0,0.1,0.122,0.0,0.0,0.04575,0.0,0.0,0.0,1.0,0.26775,0.26775
2014-01-31,0.0,0.0,0.04575,0.0,0.1,0.122,0.0,0.0,0.04575,0.0,0.0,0.0,1.0,0.26775,0.26775
2014-02-07,0.0,0.0,0.04575,0.0,0.1,0.122,0.0,0.0,0.04575,0.0,0.0,0.0,1.0,0.26775,0.26775
2014-02-14,0.0,0.0,0.04575,0.0,0.1,0.122,0.0,0.0,0.04575,0.0,0.0,0.0,1.0,0.26775,0.26775
2014-02-21,0.0,0.0,0.04575,0.0,0.1,0.122,0.0,0.0,0.04575,0.0,0.0,0.0,1.0,0.26775,0.26775
2014-02-28,0.0,0.0,0.04575,0.0,0.1,0.122,0.0,0.0,0.04575,0.0,0.0,0.0,1.0,0.26775,0.26775
2014-03-07,0.0,0.0,0.04575,0.0,0.1,0.122,0.0,0.0,0.04575,0.0,0.0,0.0,1.0,0.26775,0.26775
2014-03-14,0.0,0.0,0.04575,0.0,0.1,0.122,0.0,0.0,0.04575,0.0,0.0,0.0,1.0,0.26775,0.26775
2014-03-21,0.0,0.0,0.04575,0.0,0.1,0.122,0.0,0.0,0.04575,0.0,0.0,0.0,1.0,0.26775,0.26775
2014-03-28,0.0,0.0,0.04575,0.0,0.1,0.122,0.0,0.0,0.04575,0.0,0.0,0.0,1.0,0.26775,0.26775
2014-04-04,0.1,0.0,0.04575,0.0,0.0,0.122,0.0,0.1,0.04575,0.0,0.0,0.0,1.0,0.26775,0.26775
2014-04-11,0.1,0.0,0.04575,0.0,0.0,0.122,0.0,0.1,0.04575,0.0,0.0,0.0,1.0,0.26775,0.26775
2014-04-18,0.1,0.0,0.04575,0.0,0.0,0.122,0.0,0.1,0.04575,0.0,0.0,0.0,1.0,0.26775,0.26775
2014-04-25,0.1,0.0,0.04575,0.0,0.0,0.122,0.0,0.1,0.04575,0.0,0.0,0.0,1.0,0.26775,0.26775
2014-05-02,0.1,0.0,0.04575,0.1,0.0,0.122,0.0,0.1,0.04575,0.0,0.0,0.1,1.0,0.36775,0.36775
2014-05-09,0.1,0.0,0.04575,0.1,0.0,0.122,0.0,0.1,0.04575,0.0,0.0,0.1,1.0,0.36775,0.36775
2014-05-16,0.1,0.0,0.04575,0.1,0.0,0.122,0.0,0.1,0.04575,0.0,0.0,0.1,1.0,0.36775,0.36775
2014-05-23,0.1,0.0,0.04575,0.1,0.0,0.122,0.0,0.1,0.04575,0.0,0.0,0.1,1.0,0.36775,0.36775
2014-05-30,0.1,0.0,0.04575,0.1,0.0,0.122,0.0,0.1,0.04575,0.0,0.0,0.1,1.0,0.36775,0.36775
2014-06-06,0.1,0.0,0.04575,0.1,0.0,0.122,0.0,0.1,0.04575,0.0,0.0,0.1,1.0,0.36775,0.36775
2014-06-13,0.1,0.0,0.04575,0.1,0.0,0.122,0.0,0.1,0.04575,0.0,0.0,0.1,1.0,0.36775,0.36775
2014-06-20,0.1,0.0,0.04575,0.1,0.0,0.122,0.0,0.1,0.04575,0.0,0.0,0.1,1.0,0.36775,0.36775
2014-06-27,0.1,0.0,0.04575,0.1,0.0,0.122,0.0,0.1,0.04575,0.0,0.0,0.1,1.0,0.36775,0.36775
2014-07-04,0.1,0.0,0.04575,0.1,0.0,0.122,0.0,0.1,0.04575,0.0,0.0,0.1,1.0,0.36775,0.36775
2014-07-11,0.1,0.0,0.04575,0.1,0.0,0.122,0.0,0.1,0.04575,0.0,0.0,0.1,1.0,0.36775,0.36775
2014-07-18,0.1,0.0,0.04575,0.1,0.0,0.122,0.0,0.1,0.04575,0.0,0.0,0.1,1.0,0.36775,0.36775
2014-07-25,0.1,0.0,0.04575,0.1,0.0,0.122,0.0,0.1,0.04575,0.0,0.0,0.1,1.0,0.36775,0.36775
2014-08-01,0.1,0.0,0.04575,0.1,0.0,0.122,0.0,0.1,0.04575,0.0,0.0,0.1,1.0,0.36775,0.36775
2014-08-08,0.1,0.0,0.04575,0.1,0.0,0.122,0.0,0.1,0.04575,0.0,0.0,0.1,1.0,0.36775,0.36775
2014-08-15,0.1,0.0,0.04575,0.1,0.0,0.122,0.0,0.1,0.04575,0.0,0.0,0.1,1.0,0.36775,0.36775
2014-08-22,0.1,0.0,0.04575,0.1,0.0,0.122,0.0,0.1,0.04575,0.0,0.0,0.1,1.0,0.36775,0.36775
2014-08-29,0.1,0.0,0.04575,0.1,0.0,0.122,0.0,0.1,0.04575,0.0,0.0,0.1,1.0,0.36775,0.36775
2014-09-05,0.1,0.0,0.04575,0.0,0.1,0.122,0.0,0.1,0.04575,0.0,0.0,0.0,1.0,0.36775,0.36775
2014-09-12,0.1,0.0,0.04575,0.0,0.1,0.122,0.0,0.1,0.04575,0.0,0.0,0.0,1.0,0.36775,0.36775
2014-09-19,0.1,0.0,0.04575,0.0,0.1,0.122,0.0,0.1,0.04575,0.0,0.0,0.0,1.0,0.36775,0.36775
2014-09-26,0.1,0.0,0.04575,0.0,0.1,0.122,0.0,0.1,0.04575,0.0,0.0,0.0,1.0,0.36775,0.36775
2014-10-03,0.1,0.0,0.04575,0.0,0.0,0.122,0.0,0.1,0.04575,0.0,0.0,0.0,1.0,0.26775,0.26775
2014-10-10,0.1,0.0,0.04575,0.0,0.0,0.122,0.0,0.1,0.04575,0.0,0.0,0.0,1.0,0.26775,0.26775
2014-10-17,0.1,0.0,0.04575,0.0,0.0,0.122,0.0,0.1,0.04575,0.0,0.0,0.0,1.0,0.26775,0.26775
2014-10-24,0.1,0.0,0.04575,0.0,0.0,0.122,0.0,0.1,0.04575,0.0,0.0,0.0,1.0,0.26775,0.26775
2014-10-31,0.1,0.0,0.04575,0.0,0.0,0.122,0.0,0.1,0.04575,0.0,0.0,0.0,1.0,0.26775,0.26775
2014-11-07,0.0,0.0,0.04575,0.0,0.0,0.122,0.0,0.0,0.04575,0.0,0.0,0.0,1.0,0.16775,0.16775
2014-11-14,0.0,0.0,0.04575,0.0,0.0,0.122,0.0,0.0,0.04575,0.0,0.0,0.0,1.0,0.16775,0.16775
2014-11-21,0.0,0.0,0.04575,0.0,0.0,0.122,0.0,0.0,0.04575,0.0,0.0,0.0,1.0,0.16775,0.16775
2014-11-28,0.0,0.0,0.04575,0.0,0.0,0.122,0.0,0.0,0.04575,0.0,0.0,0.0,1.0,0.16775,0.16775
2014-12-05,0.1,0.0,0.04575,0.0,0.0,0.122,0.0,0.1,0.04575,0.0,0.0,0.0,1.0,0.26775,0.26775
2014-12-12,0.1,0.0,0.04575,0.0,0.0,0.122,0.0,0.1,0.04575,0.0,0.0,0.0,1.0,0.26775,0.26775
2014-12-19,0.1,0.0,0.04575,0.0,0.0,0.122,0.0,0.1,0.04575,0.0,0.0,0.0,1.0,0.26775,0.26775
2014-12-26,0.1,0.0,0.04575,0.0,0.0,0.122,0.0,0.1,0.04575,0.0,0.0,0.0,1.0,0.26775,0.26775
2015-01-02,0.1,0.0,0.04575,0.0,0.0,0.122,0.0,0.1,0.04575,0.0,0.0,0.0,1.0,0.26775,0.26775
2015-01-09,0.1,0.0,0.04575,0.0,0.0,0.122,0.0,0.1,0.04575,0.0,0.0,0.0,1.0,0.26775,0.26775
2015-01-16,0.1,0.0,0.04575,0.0,0.0,0.122,0.0,0.1,0.04575,0.0,0.0,0.0,1.0,0.26775,0.26775
2015-01-23,0.1,0.0,0.04575,0.0,0.0,0.122,0.0,0.1,0.04575,0.0,0.0,0.0,1.0,0.26775,0.26775
2015-01-30,0.1,0.0,0.04575,0.0,0.0,0.122,0.0,0.1,0.04575,0.0,0.0,0.0,1.0,0.26775,0.26775
2015-02-06,0.1,0.0,0.04575,0.0,0.0,0.122,0.0,0.1,0.04575,0.0,0.0,0.0,1.0,0.26775,0.26775
2015-02-13,0.1,0.0,0.04575,0.0,0.0,0.122,0.0,0.1,0.04575,0.0,0.0,0.0,1.0,0.26775,0.26775
2015-02-20,0.1,0.0,0.04575,0.0,0.0,0.122,0.0,0.1,0.04575,0.0,0.0,0.0,1.0,0.26775,0.26775
2015-02-27,0.1,0.0,0.04575,0.0,0.0,0.122,0.0,0.1,0.04575,0.0,0.0,0.0,1.0,0.26775,0.26775
2015-03-06,0.1,0.0,0.04575,0.0,0.0,0.122,0.0,0.1,0.04575,0.0,0.0,0.0,1.0,0.26775,0.26775
2015-03-13,0.1,0.0,0.04575,0.0,0.0,0.122,0.0,0.1,0.04575,0.0,0.0,0.0,1.0,0.26775,0.26775
2015-03-20,0.1,0.0,0.04575,0.0,0.0,0.122,0.0,0.1,0.04575,0.0,0.0,0.0,1.0,0.26775,0.26775
2015-03-27,0.1,0.0,0.04575,0.0,0.0,0.122,0.0,0.1,0.04575,0.0,0.0,0.0,1.0,0.26775,0.26775
2015-04-03,0.0,0.0,0.04575,0.0,0.0,0.122,0.0,0.0,0.04575,0.0,0.0,0.0,1.0,0.16775,0.16775
2015-04-10,0.0,0.0,0.04575,0.0,0.0,0.122,0.0,0.0,0.04575,0.0,0.0,0.0,1.0,0.16775,0.16775
2015-04-17,0.0,0.0,0.04575,0.0,0.0,0.122,0.0,0.0,0.04575,0.0,0.0,0.0,1.0,0.16775,0.16775
2015-04-24,0.0,0.0,0.04575,0.0,0.0,0.122,0.0,0.0,0.04575,0.0,0.0,0.0,1.0,0.16775,0.16775
2015-05-01,0.1,0.0,0.04575,0.0,0.0,0.122,0.0,0.1,0.04575,0.0,0.0,0.0,1.0,0.26775,0.26775
2015-05-08,0.1,0.0,0.04575,0.0,0.0,0.122,0.0,0.1,0.04575,0.0,0.0,0.0,1.0,0.26775,0.26775
2015-05-15,0.1,0.0,0.04575,0.0,0.0,0.122,0.0,0.1,0.04575,0.0,0.0,0.0,1.0,0.26775,0.26775
2015-05-22,0.1,0.0,0.04575,0.0,0.0,0.122,0.0,0.1,0.04575,0.0,0.0,0.0,1.0,0.26775,0.26775
2015-05-29,0.1,0.0,0.04575,0.0,0.0,0.122,0.0,0.1,0.04575,0.0,0.0,0.0,1.0,0.26775,0.26775
2015-06-05,0.1,0.0,0.04575,0.0,0.0,0.122,0.0,0.1,0.04575,0.0,0.0,0.0,1.0,0.26775,0.26775
2015-06-12,0.1,0.0,0.04575,0.0,0.0,0.122,0.0,0.1,0.04575,0.0,0.0,0.0,1.0,0.26775,0.26775
2015-06-19,0.1,0.0,0.04575,0.0,0.0,0.122,0.0,0.1,0.04575,0.0,0.0,0.0,0.5,0.26775,0.26775
2015-06-26,0.1,0.0,0.04575,0.0,0.0,0.122,0.0,0.1,0.04575,0.0,0.0,0.0,0.5,0.26775,0.26775
2015-07-03,0.1,0.0,0.04575,0.0,0.0,0.122,0.0,0.1,0.04575,0.0,0.0,0.0,0.5,0.26775,0.26775
2015-07-10,0.1,0.0,0.04575,0.0,0.0,0.122,0.0,0.1,0.04575,0.0,0.0,0.0,0.5,0.26775,0.26775
2015-07-17,0.1,0.0,0.04575,0.0,0.0,0.122,0.0,0.1,0.04575,0.0,0.0,0.0,0.5,0.26775,0.26775
2015-07-24,0.1,0.0,0.04575,0.0,0.0,0.122,0.0,0.1,0.04575,0.0,0.0,0.0,0.5,0.26775,0.26775
2015-07-31,0.1,0.0,0.04575,0.0,0.0,0.122,0.0,0.1,0.04575,0.0,0.0,0.0,0.5,0.26775,0.26775
2015-08-07,0.1,0.0,0.04575,0.0,0.0,0.122,0.0,0.1,0.04575,0.0,0.0,0.0,0.5,0.26775,0.26775
2015-08-14,0.1,0.0,0.04575,0.0,0.0,0.122,0.0,0.1,0.04575,0.0,0.0,0.0,0.5,0.26775,0.26775
2015-08-21,0.1,0.0,0.04575,0.0,0.0,0.122,0.0,0.1,0.04575,0.0,0.0,0.0,0.25,0.26775,0.26775
2015-08-28,0.1,0.0,0.04575,0.0,0.0,0.122,0.0,0.1,0.04575,0.0,0.0,0.0,0.25,0.26775,0.26775
2015-09-04,0.0,0.0,0.04575,0.0,0.0,0.122,0.0,0.0,0.04575,0.0,0.0,0.0,0.25,0.16775,0.16775
2015-09-11,0.0,0.0,0.04575,0.0,0.0,0.122,0.0,0.0,0.04575,0.0,0.0,0.0,0.25,0.16775,0.16775
2015-09-18,0.0,0.0,0.04575,0.0,0.0,0.122,0.0,0.0,0.04575,0.0,0.0,0.0,0.5,0.16775,0.16775
2015-09-25,0.0,0.0,0.04575,0.0,0.0,0.122,0.0,0.0,0.04575,0.0,0.0,0.0,0.25,0.16775,0.16775
2015-10-02,0.1,0.0,0.04575,0.0,0.0,0.122,0.0,0.1,0.04575,0.0,0.0,0.0,0.5,0.26775,0.26775
2015-10-09,0.1,0.0,0.04575,0.0,0.0,0.122,0.0,0.1,0.04575,0.0,0.0,0.0,0.5,0.26775,0.26775
2015-10-16,0.1,0.0,0.04575,0.0,0.0,0.122,0.0,0.1,0.04575,0.0,0.0,0.0,0.5,0.26775,0.26775
2015-10-23,0.1,0.0,0.04575,0.0,0.0,0.122,0.0,0.1,0.04575,0.0,0.0,0.0,0.5,0.26775,0.26775
2015-10-30,0.1,0.0,0.04575,0.0,0.0,0.122,0.0,0.1,0.04575,0.0,0.0,0.0,0.5,0.26775,0.26775
2015-11-06,0.1,0.0,0.04575,0.0,0.1,0.122,0.0,0.1,0.04575,0.0,0.0,0.0,0.5,0.36775,0.36775
2015-11-13,0.1,0.0,0.04575,0.0,0.1,0.122,0.0,0.1,0.04575,0.0,0.0,0.0,0.5,0.36775,0.36775
2015-11-20,0.1,0.0,0.04575,0.0,0.1,0.122,0.0,0.1,0.04575,0.0,0.0,0.0,0.5,0.36775,0.36775
2015-11-27,0.1,0.0,0.04575,0.0,0.1,0.122,0.0,0.1,0.04575,0.0,0.0,0.0,0.5,0.36775,0.36775
2015-12-04,0.1,0.0,0.04575,0.0,0.0,0.122,0.0,0.1,0.04575,0.0,0.0,0.0,0.5,0.26775,0.26775
2015-12-11,0.1,0.0,0.04575,0.0,0.0,0.122,0.0,0.1,0.04575,0.0,0.0,0.0,0.25,0.26775,0.26775
2015-12-18,0.1,0.0,0.04575,0.0,0.0,0.122,0.0,0.1,0.04575,0.0,0.0,0.0,0.5,0.26775,0.26775
2015-12-25,0.1,0.0,0.04575,0.0,0.0,0.122,0.0,0.1,0.04575,0.0,0.0,0.0,0.5,0.26775,0.26775
2016-01-01,0.0,0.0,0.04575,0.0,0.0,0.122,0.0,0.0,0.04575,0.0,0.0,0.0,0.5,0.16775,0.16775
2016-01-08,0.0,0.0,0.04575,0.0,0.0,0.122,0.0,0.0,0.04575,0.0,0.0,0.0,0.25,0.16775,0.16775
2016-01-15,0.0,0.0,0.04575,0.0,0.0,0.122,0.0,0.0,0.04575,0.0,0.0,0.0,0.25,0.16775,0.16775
2016-01-22,0.0,0.0,0.04575,0.0,0.0,0.122,0.0,0.0,0.04575,0.0,0.0,0.0,0.5,0.16775,0.16775
2016-01-29,0.0,0.0,0.04575,0.0,0.0,0.122,0.0,0.0,0.04575,0.0,0.0,0.0,0.5,0.16775,0.16775
2016-02-05,0.0,0.0,0.04575,0.1,0.0,0.122,0.0,0.0,0.04575,0.0,0.0,0.1,0.25,0.26775,0.26775
2016-02-12,0.0,0.0,0.04575,0.1,0.0,0.122,0.0,0.0,0.04575,0.0,0.0,0.1,0.25,0.26775,0.26775
2016-02-19,0.0,0.0,0.04575,0.1,0.0,0.122,0.0,0.0,0.04575,0.0,0.0,0.1,0.5,0.26775,0.26775
2016-02-26,0.0,0.0,0.04575,0.1,0.0,0.122,0.0,0.0,0.04575,0.0,0.0,0.1,0.5,0.26775,0.26775
2016-03-04,0.1,0.0,0.04575,0.1,0.0,0.122,0.0,0.1,0.04575,0.0,0.0,0.1,0.5,0.36775,0.36775
2016-03-11,0.1,0.0,0.04575,0.1,0.0,0.122,0.0,0.1,0.04575,0.0,0.0,0.1,0.5,0.36775,0.36775
2016-03-18,0.1,0.0,0.04575,0.1,0.0,0.122,0.0,0.1,0.04575,0.0,0.0,0.1,0.5,0.36775,0.36775
2016-03-25,0.1,0.0,0.04575,0.1,0.0,0.122,0.0,0.1,0.04575,0.0,0.0,0.1,0.5,0.36775,0.36775
2016-04-01,0.1,0.0,0.04575,0.1,0.0,0.122,0.0,0.1,0.04575,0.0,0.0,0.1,0.5,0.36775,0.36775
2016-04-08,0.1,0.0,0.04575,0.1,0.0,0.122,0.0,0.1,0.04575,0.0,0.0,0.1,0.5,0.36775,0.36775
2016-04-15,0.1,0.0,0.04575,0.1,0.0,0.122,0.0,0.1,0.04575,0.0,0.0,0.1,0.5,0.36775,0.36775
2016-04-22,0.1,0.0,0.04575,0.1,0.0,0.122,0.0,0.1,0.04575,0.0,0.0,0.1,0.5,0.36775,0.36775
2016-04-29,0.1,0.0,0.04575,0.1,0.0,0.122,0.0,0.1,0.04575,0.0,0.0,0.1,0.5,0.36775,0.36775
2016-05-06,0.1,0.0,0.04575,0.0,0.0,0.122,0.0,0.1,0.04575,0.0,0.0,0.0,0.5,0.26775,0.26775
2016-05-13,0.1,0.0,0.04575,0.0,0.0,0.122,0.0,0.1,0.04575,0.0,0.0,0.0,0.5,0.26775,0.26775
2016-05-20,0.1,0.0,0.04575,0.0,0.0,0.122,0.0,0.1,0.04575,0.0,0.0,0.0,0.5,0.26775,0.26775
2016-05-27,0.1,0.0,0.04575,0.0,0.0,0.122,0.0,0.1,0.04575,0.0,0.0,0.0,1.0,0.26775,0.26775
2016-06-03,0.1,0.0,0.04575,0.1,0.0,0.122,0.0,0.1,0.04575,0.0,0.0,0.1,0.5,0.36775,0.36775
2016-06-10,0.1,0.0,0.04575,0.1,0.0,0.122,0.0,0.1,0.04575,0.0,0.0,0.1,0.5,0.36775,0.36775
2016-06-17,0.1,0.0,0.04575,0.1,0.0,0.122,0.0,0.1,0.04575,0.0,0.0,0.1,0.5,0.36775,0.36775
2016-06-24,0.1,0.0,0.04575,0.1,0.0,0.122,0.0,0.1,0.04575,0.0,0.0,0.1,0.25,0.36775,0.36775
2016-07-01,0.1,0.0,0.04575,0.1,0.0,0.122,0.0,0.1,0.04575,0.0,0.0,0.1,0.5,0.36775,0.36775
2016-07-08,0.1,0.0,0.04575,0.1,0.0,0.122,0.0,0.1,0.04575,0.0,0.0,0.1,1.0,0.36775,0.36775
2016-07-15,0.1,0.0,0.04575,0.1,0.0,0.122,0.0,0.1,0.04575,0.0,0.0,0.1,1.0,0.36775,0.36775
2016-07-22,0.1,0.0,0.04575,0.1,0.0,0.122,0.0,0.1,0.04575,0.0,0.0,0.1,1.0,0.36775,0.36775
2016-07-29,0.1,0.0,0.04575,0.1,0.0,0.122,0.0,0.1,0.04575,0.0,0.0,0.1,1.0,0.36775,0.36775
2016-08-05,0.1,0.0,0.04575,0.1,0.0,0.122,0.0,0.1,0.04575,0.0,0.0,0.1,1.0,0.36775,0.36775
2016-08-12,0.1,0.0,0.04575,0.1,0.0,0.122,0.0,0.1,0.04575,0.0,0.0,0.1,1.0,0.36775,0.36775
2016-08-19,0.1,0.0,0.04575,0.1,0.0,0.122,0.0,0.1,0.04575,0.0,0.0,0.1,1.0,0.36775,0.36775
2016-08-26,0.1,0.0,0.04575,0.1,0.0,0.122,0.0,0.1,0.04575,0.0,0.0,0.1,1.0,0.36775,0.36775
2016-09-02,0.1,0.0,0.04575,0.0,0.0,0.122,0.0,0.1,0.04575,0.0,0.0,0.0,1.0,0.26775,0.26775
2016-09-09,0.1,0.0,0.04575,0.0,0.0,0.122,0.0,0.1,0.04575,0.0,0.0,0.0,1.0,0.26775,0.26775
2016-09-16,0.1,0.0,0.04575,0.0,0.0,0.122,0.0,0.1,0.04575,0.0,0.0,0.0,1.0,0.26775,0.26775
2016-09-23,0.1,0.0,0.04575,0.0,0.0,0.122,0.0,0.1,0.04575,0.0,0.0,0.0,1.0,0.26775,0.26775
2016-09-30,0.1,0.0,0.04575,0.0,0.0,0.122,0.0,0.1,0.04575,0.0,0.0,0.0,1.0,0.26775,0.26775
2016-10-07,0.1,0.0,0.04575,0.0,0.1,0.122,0.0,0.1,0.04575,0.0,0.0,0.0,1.0,0.36775,0.36775
2016-10-14,0.1,0.0,0.04575,0.0,0.1,0.122,0.0,0.1,0.04575,0.0,0.0,0.0,1.0,0.36775,0.36775
2016-10-21,0.1,0.0,0.04575,0.0,0.1,0.122,0.0,0.1,0.04575,0.0,0.0,0.0,1.0,0.36775,0.36775
2016-10-28,0.1,0.0,0.04575,0.0,0.1,0.122,0.0,0.1,0.04575,0.0,0.0,0.0,1.0,0.36775,0.36775
2016-11-04,0.1,0.0,0.04575,0.0,0.1,0.122,0.0,0.1,0.04575,0.0,0.0,0.0,0.5,0.36775,0.36775
2016-11-11,0.1,0.0,0.04575,0.0,0.1,0.122,0.0,0.1,0.04575,0.0,0.0,0.0,1.0,0.36775,0.36775
2016-11-18,0.1,0.0,0.04575,0.0,0.1,0.122,0.0,0.1,0.04575,0.0,0.0,0.0,1.0,0.36775,0.36775
2016-11-25,0.1,0.0,0.04575,0.0,0.1,0.122,0.0,0.1,0.04575,0.0,0.0,0.0,1.0,0.36775,0.36775
2016-12-02,0.0,0.0,0.04575,0.0,0.0,0.122,0.0,0.0,0.04575,0.0,0.0,0.0,1.0,0.16775,0.16775
2016-12-09,0.0,0.0,0.04575,0.0,0.0,0.122,0.0,0.0,0.04575,0.0,0.0,0.0,1.0,0.16775,0.16775
2016-12-16,0.0,0.0,0.04575,0.0,0.0,0.122,0.0,0.0,0.04575,0.0,0.0,0.0,1.0,0.16775,0.16775
2016-12-23,0.0,0.0,0.04575,0.0,0.0,0.122,0.0,0.0,0.04575,0.0,0.0,0.0,1.0,0.16775,0.16775
2016-12-30,0.0,0.0,0.04575,0.0,0.0,0.122,0.0,0.0,0.04575,0.0,0.0,0.0,1.0,0.16775,0.16775
2017-01-06,0.1,0.0,0.04575,0.0,0.0,0.122,0.0,0.1,0.04575,0.0,0.0,0.0,1.0,0.26775,0.26775
2017-01-13,0.1,0.0,0.04575,0.0,0.0,0.122,0.0,0.1,0.04575,0.0,0.0,0.0,1.0,0.26775,0.26775
2017-01-20,0.1,0.0,0.04575,0.0,0.0,0.122,0.0,0.1,0.04575,0.0,0.0,0.0,1.0,0.26775,0.26775
2017-01-27,0.1,0.0,0.04575,0.0,0.0,0.122,0.0,0.1,0.04575,0.0,0.0,0.0,1.0,0.26775,0.26775
2017-02-03,0.1,0.0,0.04575,0.0,0.0,0.122,0.0,0.1,0.04575,0.0,0.0,0.0,1.0,0.26775,0.26775
2017-02-10,0.1,0.0,0.04575,0.0,0.0,0.122,0.0,0.1,0.04575,0.0,0.0,0.0,1.0,0.26775,0.26775
2017-02-17,0.1,0.0,0.04575,0.0,0.0,0.122,0.0,0.1,0.04575,0.0,0.0,0.0,1.0,0.26775,0.26775
2017-02-24,0.1,0.0,0.04575,0.0,0.0,0.122,0.0,0.1,0.04575,0.0,0.0,0.0,1.0,0.26775,0.26775
2017-03-03,0.1,0.0,0.04575,0.0,0.0,0.122,0.0,0.1,0.04575,0.0,0.0,0.0,1.0,0.26775,0.26775
2017-03-10,0.1,0.0,0.04575,0.0,0.0,0.122,0.0,0.1,0.04575,0.0,0.0,0.0,1.0,0.26775,0.26775
2017-03-17,0.1,0.0,0.04575,0.0,0.0,0.122,0.0,0.1,0.04575,0.0,0.0,0.0,1.0,0.26775,0.26775
2017-03-24,0.1,0.0,0.04575,0.0,0.0,0.122,0.0,0.1,0.04575,0.0,0.0,0.0,1.0,0.26775,0.26775
2017-03-31,0.1,0.0,0.04575,0.0,0.0,0.122,0.0,0.1,0.04575,0.0,0.0,0.0,1.0,0.26775,0.26775
2017-04-07,0.1,0.0,0.04575,0.0,0.0,0.122,0.0,0.1,0.04575,0.0,0.0,0.0,1.0,0.26775,0.26775
2017-04-14,0.1,0.0,0.04575,0.0,0.0,0.122,0.0,0.1,0.04575,0.0,0.0,0.0,1.0,0.26775,0.26775
2017-04-21,0.1,0.0,0.04575,0.0,0.0,0.122,0.0,0.1,0.04575,0.0,0.0,0.0,1.0,0.26775,0.26775
2017-04-28,0.1,0.0,0.04575,0.0,0.0,0.122,0.0,0.1,0.04575,0.0,0.0,0.0,1.0,0.26775,0.26775
2017-05-05,0.1,0.0,0.04575,0.0,0.0,0.122,0.0,0.1,0.04575,0.0,0.0,0.0,1.0,0.26775,0.26775
2017-05-12,0.1,0.0,0.04575,0.0,0.0,0.122,0.0,0.1,0.04575,0.0,0.0,0.0,1.0,0.26775,0.26775
2017-05-19,0.1,0.0,0.04575,0.0,0.0,0.122,0.0,0.1,0.04575,0.0,0.0,0.0,1.0,0.26775,0.26775
2017-05-26,0.1,0.0,0.04575,0.0,0.0,0.122,0.0,0.1,0.04575,0.0,0.0,0.0,1.0,0.26775,0.26775
2017-06-02,0.1,0.0,0.04575,0.0,0.0,0.122,0.0,0.1,0.04575,0.0,0.0,0.0,1.0,0.26775,0.26775
2017-06-09,0.1,0.0,0.04575,0.0,0.0,0.122,0.0,0.1,0.04575,0.0,0.0,0.0,1.0,0.26775,0.26775
2017-06-16,0.1,0.0,0.04575,0.0,0.0,0.122,0.0,0.1,0.04575,0.0,0.0,0.0,1.0,0.26775,0.26775
2017-06-23,0.1,0.0,0.04575,0.0,0.0,0.122,0.0,0.1,0.04575,0.0,0.0,0.0,1.0,0.26775,0.26775
2017-06-30,0.1,0.0,0.04575,0.0,0.0,0.122,0.0,0.1,0.04575,0.0,0.0,0.0,1.0,0.26775,0.26775
2017-07-07,0.1,0.0,0.14575,0.0,0.0,0.122,0.0,0.1,0.04575,0.1,0.0,0.0,1.0,0.36775,0.36775
2017-07-14,0.1,0.0,0.14575,0.0,0.0,0.122,0.0,0.1,0.04575,0.1,0.0,0.0,1.0,0.36775,0.36775
2017-07-21,0.1,0.0,0.14575,0.0,0.0,0.122,0.0,0.1,0.04575,0.1,0.0,0.0,1.0,0.36775,0.36775
2017-07-28,0.1,0.0,0.14575,0.0,0.0,0.122,0.0,0.1,0.04575,0.1,0.0,0.0,1.0,0.36775,0.36775
2017-08-04,0.1,0.0,0.14575,0.0,0.0,0.122,0.0,0.1,0.04575,0.1,0.0,0.0,1.0,0.36775,0.36775
2017-08-11,0.1,0.0,0.14575,0.0,0.0,0.122,0.0,0.1,0.04575,0.1,0.0,0.0,1.0,0.36775,0.36775
2017-08-18,0.1,0.0,0.14575,0.0,0.0,0.122,0.0,0.1,0.04575,0.1,0.0,0.0,1.0,0.36775,0.36775
2017-08-25,0.1,0.0,0.14575,0.0,0.0,0.122,0.0,0.1,0.04575,0.1,0.0,0.0,1.0,0.36775,0.36775
2017-09-01,0.1,0.0,0.14575,0.0,0.0,0.122,0.0,0.1,0.04575,0.1,0.0,0.0,1.0,0.36775,0.36775
2017-09-08,0.1,0.0,0.14575,0.0,0.0,0.122,0.0,0.1,0.04575,0.1,0.0,0.0,1.0,0.36775,0.36775
2017-09-15,0.1,0.0,0.14575,0.0,0.0,0.122,0.0,0.1,0.04575,0.1,0.0,0.0,1.0,0.36775,0.36775
2017-09-22,0.1,0.0,0.14575,0.0,0.0,0.122,0.0,0.1,0.04575,0.1,0.0,0.0,1.0,0.36775,0.36775
2017-09-29,0.1,0.0,0.14575,0.0,0.0,0.122,0.0,0.1,0.04575,0.1,0.0,0.0,1.0,0.36775,0.36775
2017-10-06,0.2887002365895183,0.0,0.14575,0.0,0.0,0.122,0.18870023658951832,0.1,0.04575,0.1,0.0,0.0,1.0,0.5564502365895183,0.5564502365895183
2017-10-13,0.2887002365895183,0.0,0.14575,0.0,0.0,0.122,0.18870023658951832,0.1,0.04575,0.1,0.0,0.0,1.0,0.5564502365895183,0.5564502365895183
2017-10-20,0.2887002365895183,0.0,0.14575,0.0,0.0,0.122,0.18870023658951832,0.1,0.04575,0.1,0.0,0.0,1.0,0.5564502365895183,0.5564502365895183
2017-10-27,0.2887002365895183,0.0,0.14575,0.0,0.0,0.122,0.18870023658951832,0.1,0.04575,0.1,0.0,0.0,1.0,0.5564502365895183,0.5564502365895183
2017-11-03,0.1,0.0,0.14575,0.0,0.1,0.122,0.0,0.1,0.04575,0.1,0.0,0.0,1.0,0.46775,0.46775
2017-11-10,0.2887002365895183,0.2992997634104817,0.14575,0.0,0.1,0.122,0.18870023658951832,0.1,0.04575,0.1,0.0,0.0,1.0,0.9557500000000001,0.95575
2017-11-17,0.2887002365895183,0.2992997634104817,0.14575,0.0,0.1,0.122,0.18870023658951832,0.1,0.04575,0.1,0.0,0.0,1.0,0.9557500000000001,0.95575
2017-11-24,0.1,0.2992997634104817,0.14575,0.0,0.1,0.122,0.0,0.1,0.04575,0.1,0.0,0.0,1.0,0.7670497634104816,0.7670497634104817
2017-12-01,0.1,0.2992997634104817,0.14575,0.1,0.0,0.122,0.0,0.1,0.04575,0.1,0.0,0.1,1.0,0.7670497634104816,0.7670497634104817
2017-12-08,0.1,0.2992997634104817,0.14575,0.1,0.0,0.122,0.0,0.1,0.04575,0.1,0.0,0.1,1.0,0.7670497634104816,0.7670497634104817
2017-12-15,0.2887002365895183,0.2992997634104817,0.14575,0.1,0.0,0.122,0.18870023658951832,0.1,0.04575,0.1,0.0,0.1,1.0,0.9557500000000001,0.95575
2017-12-22,0.2887002365895183,0.2992997634104817,0.14575,0.1,0.0,0.122,0.18870023658951832,0.1,0.04575,0.1,0.0,0.1,1.0,0.9557500000000001,0.95575
2017-12-29,0.2887002365895183,0.2992997634104817,0.14575,0.1,0.0,0.122,0.18870023658951832,0.1,0.04575,0.1,0.0,0.1,1.0,0.9557500000000001,0.95575
2018-01-05,0.2887002365895183,0.2992997634104817,0.14575,-0.1,0.0,0.122,0.18870023658951832,0.1,0.04575,0.1,0.0,-0.1,1.0,0.9557500000000001,0.95575
2018-01-12,0.2887002365895183,0.2992997634104817,0.14575,-0.1,0.0,0.122,0.18870023658951832,0.1,0.04575,0.1,0.0,-0.1,1.0,0.9557500000000001,0.95575
2018-01-19,0.2887002365895183,0.2992997634104817,0.14575,-0.1,0.0,0.122,0.18870023658951832,0.1,0.04575,0.1,0.0,-0.1,1.0,0.9557500000000001,0.95575
2018-01-26,0.2887002365895183,0.2992997634104817,0.14575,-0.1,0.0,0.122,0.18870023658951832,0.1,0.04575,0.1,0.0,-0.1,1.0,0.9557500000000001,0.95575
2018-02-02,0.18870023658951832,0.2992997634104817,0.14575,-0.1,0.0,0.122,0.18870023658951832,0.0,0.04575,0.1,0.0,-0.1,1.0,0.85575,0.8557499999999999
2018-02-09,0.09435011829475916,0.14964988170524085,0.14575,-0.1,0.0,0.122,0.09435011829475916,0.0,0.04575,0.1,0.0,-0.1,0.5,0.61175,0.61175
2018-02-16,0.18870023658951832,0.0,0.14575,-0.1,0.0,0.122,0.18870023658951832,0.0,0.04575,0.1,0.0,-0.1,1.0,0.5564502365895183,0.5564502365895183
2018-02-23,0.18870023658951832,0.2992997634104817,0.14575,-0.1,0.0,0.122,0.18870023658951832,0.0,0.04575,0.1,0.0,-0.1,1.0,0.85575,0.8557499999999999
2018-03-02,0.2887002365895183,0.2992997634104817,0.04575,0.0,0.0,0.122,0.18870023658951832,0.1,0.04575,0.0,0.0,0.0,1.0,0.75575,0.75575
2018-03-09,0.1,0.2992997634104817,0.04575,0.0,0.0,0.122,0.0,0.1,0.04575,0.0,0.0,0.0,1.0,0.5670497634104816,0.5670497634104816
2018-03-16,0.1,0.2992997634104817,0.04575,0.0,0.0,0.122,0.0,0.1,0.04575,0.0,0.0,0.0,1.0,0.5670497634104816,0.5670497634104816
2018-03-23,0.1,0.0,0.04575,0.0,0.0,0.122,0.0,0.1,0.04575,0.0,0.0,0.0,0.5,0.26775,0.26775
2018-03-30,0.1,0.0,0.04575,0.0,0.0,0.122,0.0,0.1,0.04575,0.0,0.0,0.0,1.0,0.26775,0.26775
2018-04-06,0.1,0.0,0.04575,0.0,0.0,0.122,0.0,0.1,0.04575,0.0,0.0,0.0,1.0,0.26775,0.26775
2018-04-13,0.1,0.2992997634104817,0.04575,0.0,0.0,0.122,0.0,0.1,0.04575,0.0,0.0,0.0,1.0,0.5670497634104816,0.5670497634104816
2018-04-20,0.1,0.2992997634104817,0.04575,0.0,0.0,0.122,0.0,0.1,0.04575,0.0,0.0,0.0,1.0,0.5670497634104816,0.5670497634104816
2018-04-27,0.1,0.2992997634104817,0.04575,0.0,0.0,0.122,0.0,0.1,0.04575,0.0,0.0,0.0,1.0,0.5670497634104816,0.5670497634104816
2018-05-04,0.1,0.2992997634104817,0.04575,0.0,0.0,0.122,0.0,0.1,0.04575,0.0,0.0,0.0,1.0,0.5670497634104816,0.5670497634104816
2018-05-11,0.1,0.2992997634104817,0.04575,0.0,0.0,0.122,0.0,0.1,0.04575,0.0,0.0,0.0,1.0,0.5670497634104816,0.5670497634104816
2018-05-18,0.1,0.2992997634104817,0.04575,0.0,0.0,0.122,0.0,0.1,0.04575,0.0,0.0,0.0,1.0,0.5670497634104816,0.5670497634104816
2018-05-25,0.2887002365895183,0.2992997634104817,0.04575,0.0,0.0,0.122,0.18870023658951832,0.1,0.04575,0.0,0.0,0.0,1.0,0.75575,0.75575
2018-06-01,0.2887002365895183,0.2992997634104817,0.04575,-0.1,0.0,0.122,0.18870023658951832,0.1,0.04575,0.0,0.0,-0.1,1.0,0.85575,0.85575
2018-06-08,0.2887002365895183,0.2992997634104817,0.04575,-0.1,0.0,0.122,0.18870023658951832,0.1,0.04575,0.0,0.0,-0.1,1.0,0.85575,0.85575
2018-06-15,0.2887002365895183,0.2992997634104817,0.04575,-0.1,0.0,0.122,0.18870023658951832,0.1,0.04575,0.0,0.0,-0.1,1.0,0.85575,0.85575
2018-06-22,0.2887002365895183,0.2992997634104817,0.04575,-0.1,0.0,0.122,0.18870023658951832,0.1,0.04575,0.0,0.0,-0.1,1.0,0.85575,0.85575
2018-06-29,0.2887002365895183,0.2992997634104817,0.04575,-0.1,0.0,0.122,0.18870023658951832,0.1,0.04575,0.0,0.0,-0.1,1.0,0.85575,0.85575
2018-07-06,0.2887002365895183,0.2992997634104817,0.04575,-0.1,0.0,0.122,0.18870023658951832,0.1,0.04575,0.0,0.0,-0.1,1.0,0.85575,0.85575
2018-07-13,0.2887002365895183,0.2992997634104817,0.04575,-0.1,0.0,0.122,0.18870023658951832,0.1,0.04575,0.0,0.0,-0.1,1.0,0.85575,0.85575
2018-07-20,0.2887002365895183,0.0,0.04575,-0.1,0.0,0.122,0.18870023658951832,0.1,0.04575,0.0,0.0,-0.1,1.0,0.5564502365895183,0.5564502365895183
2018-07-27,0.2887002365895183,0.2992997634104817,0.04575,-0.1,0.0,0.122,0.18870023658951832,0.1,0.04575,0.0,0.0,-0.1,1.0,0.85575,0.85575
2018-08-03,0.2887002365895183,0.2992997634104817,0.04575,-0.1,0.0,0.122,0.18870023658951832,0.1,0.04575,0.0,0.0,-0.1,1.0,0.85575,0.85575
2018-08-10,0.2887002365895183,0.0,0.04575,-0.1,0.0,0.122,0.18870023658951832,0.1,0.04575,0.0,0.0,-0.1,1.0,0.5564502365895183,0.5564502365895183
2018-08-17,0.2887002365895183,0.2992997634104817,0.04575,-0.1,0.0,0.122,0.18870023658951832,0.1,0.04575,0.0,0.0,-0.1,1.0,0.85575,0.85575
2018-08-24,0.2887002365895183,0.2992997634104817,0.04575,-0.1,0.0,0.122,0.18870023658951832,0.1,0.04575,0.0,0.0,-0.1,1.0,0.85575,0.85575
2018-08-31,0.2887002365895183,0.2992997634104817,0.04575,-0.1,0.0,0.122,0.18870023658951832,0.1,0.04575,0.0,0.0,-0.1,1.0,0.85575,0.85575
2018-09-07,0.2887002365895183,0.2992997634104817,0.04575,-0.1,0.0,0.122,0.18870023658951832,0.1,0.04575,0.0,0.0,-0.1,1.0,0.85575,0.85575
2018-09-14,0.2887002365895183,0.2992997634104817,0.04575,-0.1,0.0,0.122,0.18870023658951832,0.1,0.04575,0.0,0.0,-0.1,1.0,0.85575,0.85575
2018-09-21,0.2887002365895183,0.2992997634104817,0.04575,-0.1,0.0,0.122,0.18870023658951832,0.1,0.04575,0.0,0.0,-0.1,1.0,0.85575,0.85575
2018-09-28,0.2887002365895183,0.2992997634104817,0.04575,-0.1,0.0,0.122,0.18870023658951832,0.1,0.04575,0.0,0.0,-0.1,1.0,0.85575,0.85575
2018-10-05,0.2887002365895183,0.2992997634104817,0.04575,-0.1,0.0,0.122,0.18870023658951832,0.1,0.04575,0.0,0.0,-0.1,1.0,0.85575,0.85575
2018-10-12,0.1,0.2992997634104817,0.04575,-0.1,0.0,0.122,0.0,0.1,0.04575,0.0,0.0,-0.1,1.0,0.6670497634104817,0.6670497634104817
2018-10-19,0.1,0.2992997634104817,0.04575,-0.1,0.0,0.122,0.0,0.1,0.04575,0.0,0.0,-0.1,1.0,0.6670497634104817,0.6670497634104817
2018-10-26,0.19435011829475918,0.0,0.04575,-0.1,0.0,0.122,0.09435011829475916,0.1,0.04575,0.0,0.0,-0.1,0.5,0.46210011829475917,0.46210011829475917
2018-11-02,0.2887002365895183,0.0,0.04575,0.0,0.0,0.122,0.18870023658951832,0.1,0.04575,0.0,0.0,0.0,1.0,0.45645023658951833,0.45645023658951833
2018-11-09,0.1,0.2992997634104817,0.04575,0.0,0.0,0.122,0.0,0.1,0.04575,0.0,0.0,0.0,1.0,0.5670497634104816,0.5670497634104816
2018-11-16,0.1,0.2992997634104817,0.04575,0.0,0.0,0.122,0.0,0.1,0.04575,0.0,0.0,0.0,1.0,0.5670497634104816,0.5670497634104816
2018-11-23,0.2887002365895183,0.2992997634104817,0.04575,0.0,0.0,0.122,0.18870023658951832,0.1,0.04575,0.0,0.0,0.0,1.0,0.75575,0.75575
2018-11-30,0.2887002365895183,0.2992997634104817,0.04575,0.0,0.0,0.122,0.18870023658951832,0.1,0.04575,0.0,0.0,0.0,1.0,0.75575,0.75575
2018-12-07,0.09435011829475916,0.0,0.04575,0.1,0.0,0.122,0.09435011829475916,0.0,0.04575,0.0,0.0,0.1,0.5,0.3621001182947592,0.3621001182947592
2018-12-14,0.18870023658951832,0.2992997634104817,0.04575,0.1,0.0,0.122,0.18870023658951832,0.0,0.04575,0.0,0.0,0.1,1.0,0.7557499999999999,0.7557499999999999
2018-12-21,0.09435011829475916,0.14964988170524085,0.04575,0.1,0.0,0.122,0.09435011829475916,0.0,0.04575,0.0,0.0,0.1,0.5,0.51175,0.51175
2018-12-28,0.09435011829475916,0.0,0.04575,0.1,0.0,0.122,0.09435011829475916,0.0,0.04575,0.0,0.0,0.1,0.5,0.3621001182947592,0.3621001182947592
2019-01-04,0.18870023658951832,0.2992997634104817,0.04575,0.1,0.0,0.122,0.18870023658951832,0.0,0.04575,0.0,0.0,0.1,1.0,0.7557499999999999,0.7557499999999999
2019-01-11,0.18870023658951832,0.2992997634104817,0.04575,0.1,0.0,0.122,0.18870023658951832,0.0,0.04575,0.0,0.0,0.1,1.0,0.7557499999999999,0.7557499999999999
2019-01-18,0.18870023658951832,0.2992997634104817,0.04575,0.1,0.0,0.122,0.18870023658951832,0.0,0.04575,0.0,0.0,0.1,1.0,0.7557499999999999,0.7557499999999999
2019-01-25,0.18870023658951832,0.2992997634104817,0.04575,0.1,0.0,0.122,0.18870023658951832,0.0,0.04575,0.0,0.0,0.1,1.0,0.7557499999999999,0.7557499999999999
2019-02-01,0.2887002365895183,0.2992997634104817,0.04575,0.0,0.0,0.122,0.18870023658951832,0.1,0.04575,0.0,0.0,0.0,1.0,0.75575,0.75575
2019-02-08,0.2887002365895183,0.2992997634104817,0.04575,0.0,0.0,0.122,0.18870023658951832,0.1,0.04575,0.0,0.0,0.0,1.0,0.75575,0.75575
2019-02-15,0.2887002365895183,0.2992997634104817,0.04575,0.0,0.0,0.122,0.18870023658951832,0.1,0.04575,0.0,0.0,0.0,1.0,0.75575,0.75575
2019-02-22,0.2887002365895183,0.2992997634104817,0.04575,0.0,0.0,0.122,0.18870023658951832,0.1,0.04575,0.0,0.0,0.0,1.0,0.75575,0.75575
2019-03-01,0.2887002365895183,0.0,0.04575,0.0,0.0,0.122,0.18870023658951832,0.1,0.04575,0.0,0.0,0.0,1.0,0.45645023658951833,0.45645023658951833
2019-03-08,0.2887002365895183,0.0,0.04575,0.0,0.0,0.122,0.18870023658951832,0.1,0.04575,0.0,0.0,0.0,1.0,0.45645023658951833,0.45645023658951833
2019-03-15,0.2887002365895183,0.0,0.04575,0.0,0.0,0.122,0.18870023658951832,0.1,0.04575,0.0,0.0,0.0,1.0,0.45645023658951833,0.45645023658951833
2019-03-22,0.2887002365895183,0.0,0.04575,0.0,0.0,0.122,0.18870023658951832,0.1,0.04575,0.0,0.0,0.0,1.0,0.45645023658951833,0.45645023658951833
2019-03-29,0.1,0.0,0.04575,0.0,0.0,0.122,0.0,0.1,0.04575,0.0,0.0,0.0,1.0,0.26775,0.26775
2019-04-05,0.1,0.0,0.04575,0.0,0.0,0.122,0.0,0.1,0.04575,0.0,0.0,0.0,1.0,0.26775,0.26775
2019-04-12,0.1,0.2992997634104817,0.04575,0.0,0.0,0.122,0.0,0.1,0.04575,0.0,0.0,0.0,1.0,0.5670497634104816,0.5670497634104816
2019-04-19,0.1,0.2992997634104817,0.04575,0.0,0.0,0.122,0.0,0.1,0.04575,0.0,0.0,0.0,1.0,0.5670497634104816,0.5670497634104816
2019-04-26,0.1,0.0,0.04575,0.0,0.0,0.122,0.0,0.1,0.04575,0.0,0.0,0.0,1.0,0.26775,0.26775
2019-05-03,0.1,0.2992997634104817,0.04575,0.0,0.0,0.122,0.0,0.1,0.04575,0.0,0.0,0.0,1.0,0.5670497634104816,0.5670497634104816
2019-05-10,0.1,0.2992997634104817,0.04575,0.0,0.0,0.122,0.0,0.1,0.04575,0.0,0.0,0.0,1.0,0.5670497634104816,0.5670497634104816
2019-05-17,0.1,0.2992997634104817,0.04575,0.0,0.0,0.122,0.0,0.1,0.04575,0.0,0.0,0.0,1.0,0.5670497634104816,0.5670497634104816
2019-05-24,0.1,0.2992997634104817,0.04575,0.0,0.0,0.122,0.0,0.1,0.04575,0.0,0.0,0.0,1.0,0.5670497634104816,0.5670497634104816
2019-05-31,0.1,0.0,0.04575,0.0,0.0,0.122,0.0,0.1,0.04575,0.0,0.0,0.0,1.0,0.26775,0.26775
2019-06-07,0.18870023658951832,-0.2992997634104817,0.04575,0.0,0.0,0.122,0.18870023658951832,0.0,0.04575,0.0,0.0,0.0,1.0,0.6557499999999999,0.6557499999999999
2019-06-14,0.18870023658951832,-0.2992997634104817,0.04575,0.0,0.0,0.122,0.18870023658951832,0.0,0.04575,0.0,0.0,0.0,1.0,0.6557499999999999,0.6557499999999999
2019-06-21,0.18870023658951832,0.0,0.04575,0.0,0.0,0.122,0.18870023658951832,0.0,0.04575,0.0,0.0,0.0,1.0,0.3564502365895183,0.3564502365895183
2019-06-28,0.18870023658951832,0.0,0.04575,0.0,0.0,0.122,0.18870023658951832,0.0,0.04575,0.0,0.0,0.0,1.0,0.3564502365895183,0.3564502365895183
2019-07-05,0.18870023658951832,0.2992997634104817,0.04575,0.1,0.0,0.122,0.18870023658951832,0.0,0.04575,0.0,0.0,0.1,1.0,0.7557499999999999,0.7557499999999999
2019-07-12,0.18870023658951832,0.2992997634104817,0.04575,0.1,0.0,0.122,0.18870023658951832,0.0,0.04575,0.0,0.0,0.1,1.0,0.7557499999999999,0.7557499999999999
2019-07-19,0.18870023658951832,0.2992997634104817,0.04575,0.1,0.0,0.122,0.18870023658951832,0.0,0.04575,0.0,0.0,0.1,1.0,0.7557499999999999,0.7557499999999999
2019-07-26,0.18870023658951832,0.2992997634104817,0.04575,0.1,0.0,0.122,0.18870023658951832,0.0,0.04575,0.0,0.0,0.1,1.0,0.7557499999999999,0.7557499999999999
2019-08-02,0.1,0.0,0.04575,0.1,0.0,0.122,0.0,0.1,0.04575,0.0,0.0,0.1,1.0,0.36775,0.36775
2019-08-09,0.2887002365895183,0.2992997634104817,0.04575,0.1,0.0,0.122,0.18870023658951832,0.1,0.04575,0.0,0.0,0.1,1.0,0.85575,0.85575
2019-08-16,0.2887002365895183,0.2992997634104817,0.04575,0.1,0.0,0.122,0.18870023658951832,0.1,0.04575,0.0,0.0,0.1,1.0,0.85575,0.85575
2019-08-23,0.2887002365895183,0.2992997634104817,0.04575,0.1,0.0,0.122,0.18870023658951832,0.1,0.04575,0.0,0.0,0.1,1.0,0.85575,0.85575
2019-08-30,0.2887002365895183,0.2992997634104817,0.04575,0.1,0.0,0.122,0.18870023658951832,0.1,0.04575,0.0,0.0,0.1,1.0,0.85575,0.85575
2019-09-06,0.2887002365895183,0.2992997634104817,0.04575,0.1,0.0,0.122,0.18870023658951832,0.1,0.04575,0.0,0.0,0.1,1.0,0.85575,0.85575
2019-09-13,0.2887002365895183,0.2992997634104817,0.04575,0.1,0.0,0.122,0.18870023658951832,0.1,0.04575,0.0,0.0,0.1,1.0,0.85575,0.85575
2019-09-20,0.2887002365895183,0.2992997634104817,0.04575,0.1,0.0,0.122,0.18870023658951832,0.1,0.04575,0.0,0.0,0.1,1.0,0.85575,0.85575
2019-09-27,0.2887002365895183,0.2992997634104817,0.04575,0.1,0.0,0.122,0.18870023658951832,0.1,0.04575,0.0,0.0,0.1,1.0,0.85575,0.85575
2019-10-04,0.1,0.2992997634104817,0.04575,0.1,0.0,0.122,0.0,0.1,0.04575,0.0,0.0,0.1,1.0,0.6670497634104817,0.6670497634104817
2019-10-11,0.2887002365895183,0.2992997634104817,0.04575,0.1,0.0,0.122,0.18870023658951832,0.1,0.04575,0.0,0.0,0.1,1.0,0.85575,0.85575
2019-10-18,0.2887002365895183,0.0,0.04575,0.1,0.0,0.122,0.18870023658951832,0.1,0.04575,0.0,0.0,0.1,1.0,0.5564502365895183,0.5564502365895183
2019-10-25,0.2887002365895183,0.2992997634104817,0.04575,0.1,0.0,0.122,0.18870023658951832,0.1,0.04575,0.0,0.0,0.1,1.0,0.85575,0.85575
2019-11-01,0.18870023658951832,0.2992997634104817,0.04575,0.1,0.0,0.122,0.18870023658951832,0.0,0.04575,0.0,0.0,0.1,1.0,0.7557499999999999,0.7557499999999999
2019-11-08,0.18870023658951832,0.0,0.04575,0.1,0.0,0.122,0.18870023658951832,0.0,0.04575,0.0,0.0,0.1,1.0,0.45645023658951833,0.45645023658951833
2019-11-15,0.18870023658951832,0.0,0.04575,0.1,0.0,0.122,0.18870023658951832,0.0,0.04575,0.0,0.0,0.1,1.0,0.45645023658951833,0.45645023658951833
2019-11-22,0.18870023658951832,0.2992997634104817,0.04575,0.1,0.0,0.122,0.18870023658951832,0.0,0.04575,0.0,0.0,0.1,1.0,0.7557499999999999,0.7557499999999999
2019-11-29,0.18870023658951832,0.2992997634104817,0.04575,0.1,0.0,0.122,0.18870023658951832,0.0,0.04575,0.0,0.0,0.1,1.0,0.7557499999999999,0.7557499999999999
2019-12-06,0.18870023658951832,0.0,0.04575,0.1,0.0,0.122,0.18870023658951832,0.0,0.04575,0.0,0.0,0.1,1.0,0.45645023658951833,0.45645023658951833
2019-12-13,0.18870023658951832,0.0,0.04575,0.1,0.0,0.122,0.18870023658951832,0.0,0.04575,0.0,0.0,0.1,1.0,0.45645023658951833,0.45645023658951833
2019-12-20,0.18870023658951832,0.2992997634104817,0.04575,0.1,0.0,0.122,0.18870023658951832,0.0,0.04575,0.0,0.0,0.1,1.0,0.7557499999999999,0.7557499999999999
2019-12-27,0.18870023658951832,0.2992997634104817,0.04575,0.1,0.0,0.122,0.18870023658951832,0.0,0.04575,0.0,0.0,0.1,1.0,0.7557499999999999,0.7557499999999999
2020-01-03,0.18870023658951832,0.2992997634104817,0.04575,0.0,0.0,0.122,0.18870023658951832,0.0,0.04575,0.0,0.0,0.0,1.0,0.6557499999999999,0.6557499999999999
2020-01-10,0.18870023658951832,0.2992997634104817,0.04575,0.0,0.0,0.122,0.18870023658951832,0.0,0.04575,0.0,0.0,0.0,1.0,0.6557499999999999,0.6557499999999999
2020-01-17,0.18870023658951832,0.2992997634104817,0.04575,0.0,0.0,0.122,0.18870023658951832,0.0,0.04575,0.0,0.0,0.0,1.0,0.6557499999999999,0.6557499999999999
2020-01-24,0.18870023658951832,0.2992997634104817,0.04575,0.0,0.0,0.122,0.18870023658951832,0.0,0.04575,0.0,0.0,0.0,1.0,0.6557499999999999,0.6557499999999999
2020-01-31,0.18870023658951832,0.2992997634104817,0.04575,0.0,0.0,0.122,0.18870023658951832,0.0,0.04575,0.0,0.0,0.0,1.0,0.6557499999999999,0.6557499999999999
2020-02-07,0.18870023658951832,0.2992997634104817,0.04575,0.0,0.0,0.122,0.18870023658951832,0.0,0.04575,0.0,0.0,0.0,1.0,0.6557499999999999,0.6557499999999999
2020-02-14,0.18870023658951832,0.0,0.04575,0.0,0.0,0.122,0.18870023658951832,0.0,0.04575,0.0,0.0,0.0,1.0,0.3564502365895183,0.3564502365895183
2020-02-21,0.18870023658951832,0.0,0.04575,0.0,0.0,0.122,0.18870023658951832,0.0,0.04575,0.0,0.0,0.0,1.0,0.3564502365895183,0.3564502365895183
2020-02-28,0.09435011829475916,0.0,0.04575,0.0,0.0,0.122,0.09435011829475916,0.0,0.04575,0.0,0.0,0.0,0.5,0.26210011829475915,0.26210011829475915
2020-03-06,0.09435011829475916,0.0,0.04575,0.0,0.0,0.122,0.09435011829475916,0.0,0.04575,0.0,0.0,0.0,0.5,0.26210011829475915,0.26210011829475915
2020-03-13,0.0,0.0,0.04575,0.0,0.0,0.122,0.0,0.0,0.04575,0.0,0.0,0.0,0.25,0.16775,0.16775
2020-03-20,0.04717505914737958,0.07482494085262043,0.04575,0.0,0.0,0.122,0.04717505914737958,0.0,0.04575,0.0,0.0,0.0,0.25,0.28975,0.28975
2020-03-27,0.04717505914737958,0.07482494085262043,0.04575,0.0,0.0,0.122,0.04717505914737958,0.0,0.04575,0.0,0.0,0.0,0.25,0.28975,0.28975
2020-04-03,0.04717505914737958,0.0,0.04575,0.0,0.0,0.122,0.04717505914737958,0.0,0.04575,0.0,0.0,0.0,0.25,0.21492505914737958,0.21492505914737958
2020-04-10,0.04717505914737958,0.07482494085262043,0.04575,0.0,0.0,0.122,0.04717505914737958,0.0,0.04575,0.0,0.0,0.0,0.25,0.28975,0.28975
2020-04-17,0.04717505914737958,0.07482494085262043,0.04575,0.0,0.0,0.122,0.04717505914737958,0.0,0.04575,0.0,0.0,0.0,0.25,0.28975,0.28975
2020-04-24,0.04717505914737958,0.07482494085262043,0.04575,0.0,0.0,0.122,0.04717505914737958,0.0,0.04575,0.0,0.0,0.0,0.25,0.28975,0.28975
2020-05-01,0.04717505914737958,0.07482494085262043,0.04575,0.1,0.0,0.122,0.04717505914737958,0.0,0.04575,0.0,0.0,0.1,0.25,0.38975000000000004,0.38975000000000004
2020-05-08,0.04717505914737958,0.07482494085262043,0.04575,0.1,0.0,0.122,0.04717505914737958,0.0,0.04575,0.0,0.0,0.1,0.25,0.38975000000000004,0.38975000000000004
2020-05-15,0.04717505914737958,0.07482494085262043,0.04575,0.1,0.0,0.122,0.04717505914737958,0.0,0.04575,0.0,0.0,0.1,0.25,0.38975000000000004,0.38975000000000004
2020-05-22,0.04717505914737958,0.07482494085262043,0.04575,0.1,0.0,0.122,0.04717505914737958,0.0,0.04575,0.0,0.0,0.1,0.25,0.38975000000000004,0.38975000000000004
2020-05-29,0.04717505914737958,0.07482494085262043,0.04575,0.1,0.0,0.122,0.04717505914737958,0.0,0.04575,0.0,0.0,0.1,0.25,0.38975000000000004,0.38975000000000004
2020-06-05,0.04717505914737958,0.0,0.04575,0.1,0.0,0.122,0.04717505914737958,0.0,0.04575,0.0,0.0,0.1,0.25,0.31492505914737956,0.31492505914737956
2020-06-12,0.04717505914737958,0.07482494085262043,0.04575,0.1,0.0,0.122,0.04717505914737958,0.0,0.04575,0.0,0.0,0.1,0.25,0.38975000000000004,0.38975000000000004
2020-06-19,0.04717505914737958,0.07482494085262043,0.04575,0.1,0.0,0.122,0.04717505914737958,0.0,0.04575,0.0,0.0,0.1,0.25,0.38975000000000004,0.38975000000000004
2020-06-26,0.04717505914737958,0.0,0.04575,0.1,0.0,0.122,0.04717505914737958,0.0,0.04575,0.0,0.0,0.1,0.25,0.31492505914737956,0.31492505914737956
2020-07-03,0.04717505914737958,0.0,0.04575,0.1305,0.0,0.122,0.04717505914737958,0.0,0.04575,0.0,0.0305,0.1,0.25,0.3454250591473796,0.3454250591473796
2020-07-10,0.09435011829475916,0.14964988170524085,0.04575,0.1305,0.0,0.122,0.09435011829475916,0.0,0.04575,0.0,0.0305,0.1,0.5,0.54225,0.54225
2020-07-17,0.09435011829475916,0.14964988170524085,0.04575,0.1305,0.0,0.122,0.09435011829475916,0.0,0.04575,0.0,0.0305,0.1,0.5,0.54225,0.54225
2020-07-24,0.09435011829475916,0.14964988170524085,0.04575,0.1305,0.0,0.122,0.09435011829475916,0.0,0.04575,0.0,0.0305,0.1,0.5,0.54225,0.54225
2020-07-31,0.09435011829475916,0.14964988170524085,0.04575,0.1305,0.0,0.122,0.09435011829475916,0.0,0.04575,0.0,0.0305,0.1,0.5,0.54225,0.54225
2020-08-07,0.09435011829475916,0.14964988170524085,0.04575,0.1305,0.0,0.122,0.09435011829475916,0.0,0.04575,0.0,0.0305,0.1,0.5,0.54225,0.54225
2020-08-14,0.09435011829475916,0.14964988170524085,0.04575,0.1305,0.0,0.122,0.09435011829475916,0.0,0.04575,0.0,0.0305,0.1,0.5,0.54225,0.54225
2020-08-21,0.09435011829475916,0.14964988170524085,0.04575,0.1305,0.0,0.122,0.09435011829475916,0.0,0.04575,0.0,0.0305,0.1,0.5,0.54225,0.54225
2020-08-28,0.09435011829475916,0.14964988170524085,0.04575,0.1305,0.0,0.122,0.09435011829475916,0.0,0.04575,0.0,0.0305,0.1,0.5,0.54225,0.54225
2020-09-04,0.09435011829475916,0.14964988170524085,0.04575,0.1305,0.0,0.122,0.09435011829475916,0.0,0.04575,0.0,0.0305,0.1,0.5,0.54225,0.54225
2020-09-11,0.09435011829475916,0.14964988170524085,0.04575,0.1,0.0,0.122,0.09435011829475916,0.0,0.04575,0.0,0.0,0.1,0.5,0.51175,0.51175
2020-09-18,0.09435011829475916,0.0,0.04575,0.1,0.0,0.122,0.09435011829475916,0.0,0.04575,0.0,0.0,0.1,0.5,0.3621001182947592,0.3621001182947592
2020-09-25,0.09435011829475916,0.14964988170524085,0.04575,0.1,0.0,0.122,0.09435011829475916,0.0,0.04575,0.0,0.0,0.1,0.5,0.51175,0.51175
2020-10-02,0.09435011829475916,0.14964988170524085,0.04575,0.1,0.0,0.122,0.09435011829475916,0.0,0.04575,0.0,0.0,0.1,0.5,0.51175,0.51175
2020-10-09,0.09435011829475916,0.0,0.04575,0.1,0.0,0.122,0.09435011829475916,0.0,0.04575,0.0,0.0,0.1,0.5,0.3621001182947592,0.3621001182947592
2020-10-16,0.09435011829475916,0.14964988170524085,0.04575,0.1,0.0,0.122,0.09435011829475916,0.0,0.04575,0.0,0.0,0.1,0.5,0.51175,0.51175
2020-10-23,0.09435011829475916,0.14964988170524085,0.04575,0.1,0.0,0.122,0.09435011829475916,0.0,0.04575,0.0,0.0,0.1,0.5,0.51175,0.51175
2020-10-30,0.0,0.14964988170524085,0.04575,0.1,0.0,0.122,0.0,0.0,0.04575,0.0,0.0,0.1,0.5,0.4173998817052409,0.4173998817052409
2020-11-06,0.1,0.14964988170524085,0.04575,0.1,0.1,0.122,0.0,0.1,0.04575,0.0,0.0,0.1,0.5,0.6173998817052408,0.6173998817052408
2020-11-13,0.19435011829475918,0.0,0.04575,0.1,0.1,0.122,0.09435011829475916,0.1,0.04575,0.0,0.0,0.1,0.5,0.5621001182947591,0.5621001182947591
2020-11-20,0.19435011829475918,0.14964988170524085,0.04575,0.1,0.1,0.122,0.09435011829475916,0.1,0.04575,0.0,0.0,0.1,0.5,0.71175,0.71175
2020-11-27,0.2887002365895183,0.2992997634104817,0.04575,0.1,0.1,0.122,0.18870023658951832,0.1,0.04575,0.0,0.0,0.1,1.0,0.95575,0.95575
2020-12-04,0.2887002365895183,0.2992997634104817,0.04575,0.0,0.0,0.122,0.18870023658951832,0.1,0.04575,0.0,0.0,0.0,1.0,0.75575,0.75575
2020-12-11,0.19435011829475918,0.14964988170524085,0.04575,0.0,0.0,0.122,0.09435011829475916,0.1,0.04575,0.0,0.0,0.0,0.5,0.51175,0.51175
2020-12-18,0.2887002365895183,0.2992997634104817,0.04575,0.0,0.0,0.122,0.18870023658951832,0.1,0.04575,0.0,0.0,0.0,1.0,0.75575,0.75575
2020-12-25,0.2887002365895183,0.2992997634104817,0.04575,0.0,0.0,0.122,0.18870023658951832,0.1,0.04575,0.0,0.0,0.0,1.0,0.75575,0.75575
2021-01-01,0.19435011829475918,0.14964988170524085,0.04575,0.0,0.0,0.122,0.09435011829475916,0.1,0.04575,0.0,0.0,0.0,0.5,0.51175,0.51175
2021-01-08,0.2887002365895183,0.2992997634104817,0.04575,0.0,0.0,0.122,0.18870023658951832,0.1,0.04575,0.0,0.0,0.0,1.0,0.75575,0.75575
2021-01-15,0.19435011829475918,0.14964988170524085,0.04575,0.0,0.0,0.122,0.09435011829475916,0.1,0.04575,0.0,0.0,0.0,0.5,0.51175,0.51175
2021-01-22,0.2887002365895183,0.2992997634104817,0.04575,0.0,0.0,0.122,0.18870023658951832,0.1,0.04575,0.0,0.0,0.0,1.0,0.75575,0.75575
2021-01-29,0.19435011829475918,0.14964988170524085,0.04575,0.0,0.0,0.122,0.09435011829475916,0.1,0.04575,0.0,0.0,0.0,0.5,0.51175,0.51175
2021-02-05,0.2887002365895183,0.2992997634104817,0.04575,0.0,0.0,0.122,0.18870023658951832,0.1,0.04575,0.0,0.0,0.0,1.0,0.75575,0.75575
2021-02-12,0.2887002365895183,0.2992997634104817,0.04575,0.0,0.0,0.122,0.18870023658951832,0.1,0.04575,0.0,0.0,0.0,1.0,0.75575,0.75575
2021-02-19,0.2887002365895183,0.2992997634104817,0.04575,0.0,0.0,0.122,0.18870023658951832,0.1,0.04575,0.0,0.0,0.0,1.0,0.75575,0.75575
2021-02-26,0.19435011829475918,0.14964988170524085,0.04575,0.0,0.0,0.122,0.09435011829475916,0.1,0.04575,0.0,0.0,0.0,0.5,0.51175,0.51175
2021-03-05,0.19435011829475918,0.14964988170524085,0.04575,-0.1,0.0,0.122,0.09435011829475916,0.1,0.04575,0.0,0.0,-0.1,0.5,0.61175,0.61175
2021-03-12,0.2887002365895183,0.2992997634104817,0.04575,-0.1,0.0,0.122,0.18870023658951832,0.1,0.04575,0.0,0.0,-0.1,1.0,0.85575,0.85575
2021-03-19,0.1,0.2992997634104817,0.04575,-0.1,0.0,0.122,0.0,0.1,0.04575,0.0,0.0,-0.1,1.0,0.6670497634104817,0.6670497634104817
2021-03-26,0.2887002365895183,0.2992997634104817,0.04575,-0.1,0.0,0.122,0.18870023658951832,0.1,0.04575,0.0,0.0,-0.1,1.0,0.85575,0.85575
2021-04-02,0.2887002365895183,0.2992997634104817,0.04575,-0.1,0.1,0.122,0.18870023658951832,0.1,0.04575,0.0,0.0,-0.1,1.0,0.95575,0.95575
2021-04-09,0.2887002365895183,0.2992997634104817,0.04575,-0.1,0.1,0.122,0.18870023658951832,0.1,0.04575,0.0,0.0,-0.1,1.0,0.95575,0.95575
2021-04-16,0.2887002365895183,0.2992997634104817,0.04575,-0.1,0.1,0.122,0.18870023658951832,0.1,0.04575,0.0,0.0,-0.1,1.0,0.95575,0.95575
2021-04-23,0.2887002365895183,0.0,0.04575,-0.1,0.1,0.122,0.18870023658951832,0.1,0.04575,0.0,0.0,-0.1,1.0,0.6564502365895183,0.6564502365895183
2021-04-30,0.2887002365895183,0.0,0.04575,-0.1,0.1,0.122,0.18870023658951832,0.1,0.04575,0.0,0.0,-0.1,1.0,0.6564502365895183,0.6564502365895183
2021-05-07,0.2887002365895183,0.0,0.04575,-0.1,0.1,0.122,0.18870023658951832,0.1,0.04575,0.0,0.0,-0.1,1.0,0.6564502365895183,0.6564502365895183
2021-05-14,0.2887002365895183,0.2992997634104817,0.04575,-0.1,0.1,0.122,0.18870023658951832,0.1,0.04575,0.0,0.0,-0.1,1.0,0.95575,0.95575
2021-05-21,0.2887002365895183,0.2992997634104817,0.04575,-0.1,0.1,0.122,0.18870023658951832,0.1,0.04575,0.0,0.0,-0.1,1.0,0.95575,0.95575
2021-05-28,0.2887002365895183,0.2992997634104817,0.04575,-0.1,0.1,0.122,0.18870023658951832,0.1,0.04575,0.0,0.0,-0.1,1.0,0.95575,0.95575
2021-06-04,0.2887002365895183,0.2992997634104817,0.04575,-0.1,0.0,0.122,0.18870023658951832,0.1,0.04575,0.0,0.0,-0.1,1.0,0.85575,0.85575
2021-06-11,0.2887002365895183,0.2992997634104817,0.04575,-0.1,0.0,0.122,0.18870023658951832,0.1,0.04575,0.0,0.0,-0.1,1.0,0.85575,0.85575
2021-06-18,0.2887002365895183,0.2992997634104817,0.04575,-0.1,0.0,0.122,0.18870023658951832,0.1,0.04575,0.0,0.0,-0.1,1.0,0.85575,0.85575
2021-06-25,0.2887002365895183,0.2992997634104817,0.04575,-0.1,0.0,0.122,0.18870023658951832,0.1,0.04575,0.0,0.0,-0.1,1.0,0.85575,0.85575
2021-07-02,0.1,0.2992997634104817,0.04575,-0.1,0.0,0.122,0.0,0.1,0.04575,0.0,0.0,-0.1,1.0,0.6670497634104817,0.6670497634104817
2021-07-09,0.1,0.2992997634104817,0.04575,-0.1,0.0,0.122,0.0,0.1,0.04575,0.0,0.0,-0.1,1.0,0.6670497634104817,0.6670497634104817
2021-07-16,0.2887002365895183,0.2992997634104817,0.04575,-0.1,0.0,0.122,0.18870023658951832,0.1,0.04575,0.0,0.0,-0.1,1.0,0.85575,0.85575
2021-07-23,0.2887002365895183,0.2992997634104817,0.04575,-0.1,0.0,0.122,0.18870023658951832,0.1,0.04575,0.0,0.0,-0.1,1.0,0.85575,0.85575
2021-07-30,0.1,0.2992997634104817,0.04575,-0.1,0.0,0.122,0.0,0.1,0.04575,0.0,0.0,-0.1,1.0,0.6670497634104817,0.6670497634104817
2021-08-06,0.2887002365895183,0.2992997634104817,0.04575,-0.1,0.0,0.122,0.18870023658951832,0.1,0.04575,0.0,0.0,-0.1,1.0,0.85575,0.85575
2021-08-13,0.2887002365895183,0.2992997634104817,0.04575,-0.1,0.0,0.122,0.18870023658951832,0.1,0.04575,0.0,0.0,-0.1,1.0,0.85575,0.85575
2021-08-20,0.2887002365895183,0.2992997634104817,0.04575,-0.1,0.0,0.122,0.18870023658951832,0.1,0.04575,0.0,0.0,-0.1,1.0,0.85575,0.85575
2021-08-27,0.2887002365895183,0.2992997634104817,0.04575,-0.1,0.0,0.122,0.18870023658951832,0.1,0.04575,0.0,0.0,-0.1,1.0,0.85575,0.85575
2021-09-03,0.1,0.2992997634104817,0.04575,-0.1,0.0,0.122,0.0,0.1,0.04575,0.0,0.0,-0.1,1.0,0.6670497634104817,0.6670497634104817
2021-09-10,0.2887002365895183,0.2992997634104817,0.04575,-0.1,0.0,0.122,0.18870023658951832,0.1,0.04575,0.0,0.0,-0.1,1.0,0.85575,0.85575
2021-09-17,0.2887002365895183,0.2992997634104817,0.04575,-0.1,0.0,0.122,0.18870023658951832,0.1,0.04575,0.0,0.0,-0.1,1.0,0.85575,0.85575
2021-09-24,0.1,0.2992997634104817,0.04575,-0.1,0.0,0.122,0.0,0.1,0.04575,0.0,0.0,-0.1,1.0,0.6670497634104817,0.6670497634104817
2021-10-01,0.2887002365895183,0.0,0.04575,-0.1,0.1,0.122,0.18870023658951832,0.1,0.04575,0.0,0.0,-0.1,1.0,0.6564502365895183,0.6564502365895183
2021-10-08,0.2887002365895183,0.2992997634104817,0.04575,-0.1,0.1,0.122,0.18870023658951832,0.1,0.04575,0.0,0.0,-0.1,1.0,0.95575,0.95575
2021-10-15,0.2887002365895183,0.2992997634104817,0.04575,-0.1,0.1,0.122,0.18870023658951832,0.1,0.04575,0.0,0.0,-0.1,1.0,0.95575,0.95575
2021-10-22,0.2887002365895183,0.2992997634104817,0.04575,-0.1,0.1,0.122,0.18870023658951832,0.1,0.04575,0.0,0.0,-0.1,1.0,0.95575,0.95575
2021-10-29,0.2887002365895183,0.2992997634104817,0.04575,-0.1,0.1,0.122,0.18870023658951832,0.1,0.04575,0.0,0.0,-0.1,1.0,0.95575,0.95575
2021-11-05,0.18870023658951832,0.2992997634104817,0.04575,0.0,0.1,0.122,0.18870023658951832,0.0,0.04575,0.0,0.0,0.0,1.0,0.7557499999999999,0.7557499999999999
2021-11-12,0.18870023658951832,0.2992997634104817,0.04575,0.0,0.1,0.122,0.18870023658951832,0.0,0.04575,0.0,0.0,0.0,1.0,0.7557499999999999,0.7557499999999999
2021-11-19,0.18870023658951832,0.2992997634104817,0.04575,0.0,0.1,0.122,0.18870023658951832,0.0,0.04575,0.0,0.0,0.0,1.0,0.7557499999999999,0.7557499999999999
2021-11-26,0.09435011829475916,0.14964988170524085,0.04575,0.0,0.1,0.122,0.09435011829475916,0.0,0.04575,0.0,0.0,0.0,0.5,0.51175,0.51175
2021-12-03,0.19435011829475918,0.14964988170524085,0.04575,0.0,0.1,0.122,0.09435011829475916,0.1,0.04575,0.0,0.0,0.0,0.5,0.61175,0.61175
2021-12-10,0.1,0.2992997634104817,0.04575,0.0,0.1,0.122,0.0,0.1,0.04575,0.0,0.0,0.0,1.0,0.6670497634104817,0.6670497634104817
2021-12-17,0.1,0.0,0.04575,0.0,0.1,0.122,0.0,0.1,0.04575,0.0,0.0,0.0,1.0,0.36775,0.36775
2021-12-24,0.2887002365895183,0.0,0.04575,0.0,0.1,0.122,0.18870023658951832,0.1,0.04575,0.0,0.0,0.0,1.0,0.5564502365895183,0.5564502365895183
2021-12-31,0.2887002365895183,0.0,0.04575,0.0,0.1,0.122,0.18870023658951832,0.1,0.04575,0.0,0.0,0.0,1.0,0.5564502365895183,0.5564502365895183
2022-01-07,0.2887002365895183,0.0,0.04575,0.1,0.1,0.122,0.18870023658951832,0.1,0.04575,0.0,0.0,0.1,1.0,0.6564502365895183,0.6564502365895183
2022-01-14,0.2887002365895183,0.0,0.04575,0.1,0.1,0.122,0.18870023658951832,0.1,0.04575,0.0,0.0,0.1,1.0,0.6564502365895183,0.6564502365895183
2022-01-21,0.1,0.0,0.04575,0.1,0.1,0.122,0.0,0.1,0.04575,0.0,0.0,0.1,0.5,0.46775,0.46775
2022-01-28,0.19435011829475918,0.0,0.04575,0.1,0.1,0.122,0.09435011829475916,0.1,0.04575,0.0,0.0,0.1,0.5,0.5621001182947591,0.5621001182947591
2022-02-04,0.19435011829475918,0.14964988170524085,0.04575,0.0,0.1,0.122,0.09435011829475916,0.1,0.04575,0.0,0.0,0.0,0.5,0.61175,0.61175
2022-02-11,0.19435011829475918,0.14964988170524085,0.04575,0.0,0.1,0.122,0.09435011829475916,0.1,0.04575,0.0,0.0,0.0,0.5,0.61175,0.61175
2022-02-18,0.19435011829475918,0.0,0.04575,0.0,0.1,0.122,0.09435011829475916,0.1,0.04575,0.0,0.0,0.0,0.5,0.46210011829475917,0.46210011829475917
2022-02-25,0.19435011829475918,0.0,0.04575,0.0,0.1,0.122,0.09435011829475916,0.1,0.04575,0.0,0.0,0.0,0.5,0.46210011829475917,0.46210011829475917
2022-03-04,0.09435011829475916,0.0,0.04575,0.0,0.0,0.122,0.09435011829475916,0.0,0.04575,0.0,0.0,0.0,0.5,0.26210011829475915,0.26210011829475915
2022-03-11,0.09435011829475916,0.0,0.04575,0.0,0.0,0.122,0.09435011829475916,0.0,0.04575,0.0,0.0,0.0,0.5,0.26210011829475915,0.26210011829475915
2022-03-18,0.09435011829475916,0.0,0.04575,0.0,0.0,0.122,0.09435011829475916,0.0,0.04575,0.0,0.0,0.0,0.5,0.26210011829475915,0.26210011829475915
2022-03-25,0.18870023658951832,0.0,0.04575,0.0,0.0,0.122,0.18870023658951832,0.0,0.04575,0.0,0.0,0.0,1.0,0.3564502365895183,0.3564502365895183
2022-04-01,0.18870023658951832,0.2992997634104817,0.04575,0.0,0.0,0.122,0.18870023658951832,0.0,0.04575,0.0,0.0,0.0,1.0,0.6557499999999999,0.6557499999999999
2022-04-08,0.18870023658951832,0.2992997634104817,0.04575,0.0,0.0,0.122,0.18870023658951832,0.0,0.04575,0.0,0.0,0.0,1.0,0.6557499999999999,0.6557499999999999
2022-04-15,0.09435011829475916,0.0,0.04575,0.0,0.0,0.122,0.09435011829475916,0.0,0.04575,0.0,0.0,0.0,0.5,0.26210011829475915,0.26210011829475915
2022-04-22,0.0,0.14964988170524085,0.04575,0.0,0.0,0.122,0.0,0.0,0.04575,0.0,0.0,0.0,0.5,0.31739988170524086,0.31739988170524086
2022-04-29,0.0,0.14964988170524085,0.04575,0.0,0.0,0.122,0.0,0.0,0.04575,0.0,0.0,0.0,0.5,0.31739988170524086,0.31739988170524086
2022-05-06,0.09435011829475916,0.0,0.04575,0.0,0.0,0.122,0.09435011829475916,0.0,0.04575,0.0,0.0,0.0,0.5,0.26210011829475915,0.26210011829475915
2022-05-13,0.09435011829475916,0.0,0.04575,0.0,0.0,0.122,0.09435011829475916,0.0,0.04575,0.0,0.0,0.0,0.5,0.26210011829475915,0.26210011829475915
2022-05-20,0.09435011829475916,0.0,0.04575,0.0,0.0,0.122,0.09435011829475916,0.0,0.04575,0.0,0.0,0.0,0.5,0.26210011829475915,0.26210011829475915
2022-05-27,0.09435011829475916,0.0,0.04575,0.0,0.0,0.122,0.09435011829475916,0.0,0.04575,0.0,0.0,0.0,0.5,0.26210011829475915,0.26210011829475915
2022-06-03,0.09435011829475916,0.14964988170524085,0.04575,0.0,0.0,0.122,0.09435011829475916,0.0,0.04575,0.0,0.0,0.0,0.5,0.41175,0.41175
2022-06-10,0.09435011829475916,0.14964988170524085,0.04575,0.0,0.0,0.122,0.09435011829475916,0.0,0.04575,0.0,0.0,0.0,0.5,0.41175,0.41175
2022-06-17,0.09435011829475916,0.0,0.04575,0.0,0.0,0.122,0.09435011829475916,0.0,0.04575,0.0,0.0,0.0,0.5,0.26210011829475915,0.26210011829475915
2022-06-24,0.09435011829475916,0.14964988170524085,0.04575,0.0,0.0,0.122,0.09435011829475916,0.0,0.04575,0.0,0.0,0.0,0.5,0.41175,0.41175
2022-07-01,0.09435011829475916,0.14964988170524085,0.04575,0.0,0.0,0.122,0.09435011829475916,0.0,0.04575,0.0,0.0,0.0,0.5,0.41175,0.41175
2022-07-08,0.09435011829475916,0.14964988170524085,0.04575,0.0,0.0,0.122,0.09435011829475916,0.0,0.04575,0.0,0.0,0.0,0.5,0.41175,0.41175
2022-07-15,0.09435011829475916,0.14964988170524085,0.04575,0.0,0.0,0.122,0.09435011829475916,0.0,0.04575,0.0,0.0,0.0,0.5,0.41175,0.41175
2022-07-22,0.09435011829475916,0.14964988170524085,0.04575,0.0305,0.0,0.122,0.09435011829475916,0.0,0.04575,0.0,0.0305,0.0,0.5,0.44225000000000003,0.44225000000000003
2022-07-29,0.18870023658951832,0.2992997634104817,0.04575,0.0305,0.0,0.122,0.18870023658951832,0.0,0.04575,0.0,0.0305,0.0,1.0,0.6862499999999999,0.6862499999999999
2022-08-05,0.18870023658951832,0.0,0.04575,0.0305,0.0,0.122,0.18870023658951832,0.0,0.04575,0.0,0.0305,0.0,1.0,0.3869502365895183,0.3869502365895183
2022-08-12,0.18870023658951832,0.2992997634104817,0.04575,0.0305,0.0,0.122,0.18870023658951832,0.0,0.04575,0.0,0.0305,0.0,1.0,0.6862499999999999,0.6862499999999999
2022-08-19,0.18870023658951832,0.2992997634104817,0.04575,0.0305,0.0,0.122,0.18870023658951832,0.0,0.04575,0.0,0.0305,0.0,1.0,0.6862499999999999,0.6862499999999999
2022-08-26,0.09435011829475916,0.0,0.04575,0.0305,0.0,0.122,0.09435011829475916,0.0,0.04575,0.0,0.0305,0.0,0.5,0.2926001182947592,0.2926001182947592
2022-09-02,0.09435011829475916,0.0,0.14575,0.0305,0.0,0.122,0.09435011829475916,0.0,0.04575,0.1,0.0305,0.0,0.5,0.39260011829475916,0.39260011829475916
2022-09-09,0.0,0.14964988170524085,0.14575,0.0305,0.0,0.122,0.0,0.0,0.04575,0.1,0.0305,0.0,0.5,0.44789988170524087,0.44789988170524087
2022-09-16,0.09435011829475916,0.14964988170524085,0.14575,0.0305,0.0,0.122,0.09435011829475916,0.0,0.04575,0.1,0.0305,0.0,0.5,0.54225,0.54225
2022-09-23,0.09435011829475916,0.14964988170524085,0.14575,0.0305,0.0,0.122,0.09435011829475916,0.0,0.04575,0.1,0.0305,0.0,0.5,0.54225,0.54225
2022-09-30,0.09435011829475916,0.14964988170524085,0.14575,0.0305,0.0,0.122,0.09435011829475916,0.0,0.04575,0.1,0.0305,0.0,0.5,0.54225,0.54225
2022-10-07,0.09435011829475916,0.14964988170524085,0.14575,0.0305,0.0,0.122,0.09435011829475916,0.0,0.04575,0.1,0.0305,0.0,0.5,0.54225,0.54225
2022-10-14,0.09435011829475916,0.14964988170524085,0.14575,0.0305,0.0,0.122,0.09435011829475916,0.0,0.04575,0.1,0.0305,0.0,0.5,0.54225,0.54225
2022-10-21,0.09435011829475916,0.14964988170524085,0.14575,0.0305,0.0,0.122,0.09435011829475916,0.0,0.04575,0.1,0.0305,0.0,0.5,0.54225,0.54225
2022-10-28,0.09435011829475916,0.14964988170524085,0.14575,0.0305,0.0,0.122,0.09435011829475916,0.0,0.04575,0.1,0.0305,0.0,0.5,0.54225,0.54225
2022-11-04,0.09435011829475916,0.14964988170524085,0.14575,0.0305,0.0,0.122,0.09435011829475916,0.0,0.04575,0.1,0.0305,0.0,0.5,0.54225,0.54225
2022-11-11,0.09435011829475916,0.14964988170524085,0.14575,0.0305,0.0,0.122,0.09435011829475916,0.0,0.04575,0.1,0.0305,0.0,0.5,0.54225,0.54225
2022-11-18,0.09435011829475916,0.0,0.14575,0.0305,0.0,0.122,0.09435011829475916,0.0,0.04575,0.1,0.0305,0.0,0.5,0.39260011829475916,0.39260011829475916
2022-11-25,0.18870023658951832,0.2992997634104817,0.14575,0.0305,0.0,0.122,0.18870023658951832,0.0,0.04575,0.1,0.0305,0.0,1.0,0.78625,0.7862499999999999
2022-12-02,0.2887002365895183,0.2992997634104817,0.04575,0.0305,0.0,0.122,0.18870023658951832,0.1,0.04575,0.0,0.0305,0.0,1.0,0.78625,0.78625
2022-12-09,0.19435011829475918,0.14964988170524085,0.04575,0.0305,0.0,0.122,0.09435011829475916,0.1,0.04575,0.0,0.0305,0.0,0.5,0.54225,0.54225
2022-12-16,0.19435011829475918,0.14964988170524085,0.04575,0.0305,0.0,0.122,0.09435011829475916,0.1,0.04575,0.0,0.0305,0.0,0.5,0.54225,0.54225
2022-12-23,0.2887002365895183,0.0,0.04575,0.0,0.0,0.122,0.18870023658951832,0.1,0.04575,0.0,0.0,0.0,1.0,0.45645023658951833,0.45645023658951833
2022-12-30,0.2887002365895183,0.0,0.04575,0.0,0.0,0.122,0.18870023658951832,0.1,0.04575,0.0,0.0,0.0,1.0,0.45645023658951833,0.45645023658951833
2023-01-06,0.1,0.2992997634104817,0.04575,0.0,0.0,0.122,0.0,0.1,0.04575,0.0,0.0,0.0,1.0,0.5670497634104816,0.5670497634104816
2023-01-13,0.2887002365895183,0.2992997634104817,0.04575,0.0,0.0,0.122,0.18870023658951832,0.1,0.04575,0.0,0.0,0.0,1.0,0.75575,0.75575
2023-01-20,0.2887002365895183,0.0,0.04575,0.0,0.0,0.122,0.18870023658951832,0.1,0.04575,0.0,0.0,0.0,1.0,0.45645023658951833,0.45645023658951833
2023-01-27,0.2887002365895183,0.2992997634104817,0.04575,0.0,0.0,0.122,0.18870023658951832,0.1,0.04575,0.0,0.0,0.0,1.0,0.75575,0.75575
2023-02-03,0.2887002365895183,0.2992997634104817,0.04575,0.0,0.0,0.122,0.18870023658951832,0.1,0.04575,0.0,0.0,0.0,1.0,0.75575,0.75575
2023-02-10,0.2887002365895183,0.0,0.04575,0.0,0.0,0.122,0.18870023658951832,0.1,0.04575,0.0,0.0,0.0,1.0,0.45645023658951833,0.45645023658951833
2023-02-17,0.2887002365895183,0.2992997634104817,0.04575,0.0,0.0,0.122,0.18870023658951832,0.1,0.04575,0.0,0.0,0.0,1.0,0.75575,0.75575
2023-02-24,0.2887002365895183,0.2992997634104817,0.04575,0.0,0.0,0.122,0.18870023658951832,0.1,0.04575,0.0,0.0,0.0,1.0,0.75575,0.75575
2023-03-03,0.2887002365895183,0.2992997634104817,0.04575,0.0,0.0,0.122,0.18870023658951832,0.1,0.04575,0.0,0.0,0.0,1.0,0.75575,0.75575
2023-03-10,0.1,0.14964988170524085,0.04575,0.0,0.0,0.122,0.0,0.1,0.04575,0.0,0.0,0.0,0.5,0.41739988170524084,0.41739988170524084
2023-03-17,0.19435011829475918,0.14964988170524085,0.04575,0.0,0.0,0.122,0.09435011829475916,0.1,0.04575,0.0,0.0,0.0,0.5,0.51175,0.51175
2023-03-24,0.2887002365895183,0.2992997634104817,0.04575,0.0,0.0,0.122,0.18870023658951832,0.1,0.04575,0.0,0.0,0.0,1.0,0.75575,0.75575
2023-03-31,0.2887002365895183,0.2992997634104817,0.04575,0.0,0.0,0.122,0.18870023658951832,0.1,0.04575,0.0,0.0,0.0,1.0,0.75575,0.75575
2023-04-07,0.18870023658951832,0.2992997634104817,0.04575,0.0,0.0,0.122,0.18870023658951832,0.0,0.04575,0.0,0.0,0.0,1.0,0.6557499999999999,0.6557499999999999
2023-04-14,0.18870023658951832,0.0,0.04575,0.0,0.0,0.122,0.18870023658951832,0.0,0.04575,0.0,0.0,0.0,1.0,0.3564502365895183,0.3564502365895183
2023-04-21,0.18870023658951832,0.0,0.04575,0.0,0.0,0.122,0.18870023658951832,0.0,0.04575,0.0,0.0,0.0,1.0,0.3564502365895183,0.3564502365895183
2023-04-28,0.18870023658951832,0.2992997634104817,0.04575,0.0,0.0,0.122,0.18870023658951832,0.0,0.04575,0.0,0.0,0.0,1.0,0.6557499999999999,0.6557499999999999
2023-05-05,0.2887002365895183,0.2992997634104817,0.04575,0.0,0.0,0.122,0.18870023658951832,0.1,0.04575,0.0,0.0,0.0,1.0,0.75575,0.75575
2023-05-12,0.2887002365895183,0.2992997634104817,0.04575,0.0,0.0,0.122,0.18870023658951832,0.1,0.04575,0.0,0.0,0.0,1.0,0.75575,0.75575
2023-05-19,0.2887002365895183,0.2992997634104817,0.04575,0.0,0.0,0.122,0.18870023658951832,0.1,0.04575,0.0,0.0,0.0,1.0,0.75575,0.75575
2023-05-26,0.2887002365895183,0.2992997634104817,0.04575,0.0,0.0,0.122,0.18870023658951832,0.1,0.04575,0.0,0.0,0.0,1.0,0.75575,0.75575
2023-06-02,0.18870023658951832,0.2992997634104817,0.04575,0.0,0.0,0.122,0.18870023658951832,0.0,0.04575,0.0,0.0,0.0,1.0,0.6557499999999999,0.6557499999999999
2023-06-09,0.18870023658951832,0.2992997634104817,0.04575,0.0,0.0,0.122,0.18870023658951832,0.0,0.04575,0.0,0.0,0.0,1.0,0.6557499999999999,0.6557499999999999
2023-06-16,0.18870023658951832,0.2992997634104817,0.04575,0.0,0.0,0.122,0.18870023658951832,0.0,0.04575,0.0,0.0,0.0,1.0,0.6557499999999999,0.6557499999999999
2023-06-23,0.18870023658951832,0.2992997634104817,0.04575,0.0,0.0,0.122,0.18870023658951832,0.0,0.04575,0.0,0.0,0.0,1.0,0.6557499999999999,0.6557499999999999
2023-06-30,0.18870023658951832,0.2992997634104817,0.04575,0.0,0.0,0.122,0.18870023658951832,0.0,0.04575,0.0,0.0,0.0,1.0,0.6557499999999999,0.6557499999999999
2023-07-07,0.2887002365895183,0.2992997634104817,0.04575,0.0,0.0,0.122,0.18870023658951832,0.1,0.04575,0.0,0.0,0.0,1.0,0.75575,0.75575
2023-07-14,0.2887002365895183,0.2992997634104817,0.04575,0.0,0.0,0.122,0.18870023658951832,0.1,0.04575,0.0,0.0,0.0,1.0,0.75575,0.75575
2023-07-21,0.2887002365895183,0.2992997634104817,0.04575,0.0,0.0,0.122,0.18870023658951832,0.1,0.04575,0.0,0.0,0.0,1.0,0.75575,0.75575
2023-07-28,0.2887002365895183,0.2992997634104817,0.04575,0.0,0.0,0.122,0.18870023658951832,0.1,0.04575,0.0,0.0,0.0,1.0,0.75575,0.75575
2023-08-04,0.2887002365895183,0.2992997634104817,0.04575,0.0,0.0,0.122,0.18870023658951832,0.1,0.04575,0.0,0.0,0.0,1.0,0.75575,0.75575
2023-08-11,0.2887002365895183,0.2992997634104817,0.04575,0.0,0.0,0.122,0.18870023658951832,0.1,0.04575,0.0,0.0,0.0,1.0,0.75575,0.75575
2023-08-18,0.2887002365895183,0.0,0.04575,0.0,0.0,0.122,0.18870023658951832,0.1,0.04575,0.0,0.0,0.0,1.0,0.45645023658951833,0.45645023658951833
2023-08-25,0.2887002365895183,0.2992997634104817,0.04575,0.0,0.0,0.122,0.18870023658951832,0.1,0.04575,0.0,0.0,0.0,1.0,0.75575,0.75575
2023-09-01,0.18870023658951832,0.2992997634104817,0.04575,0.0,0.0,0.122,0.18870023658951832,0.0,0.04575,0.0,0.0,0.0,1.0,0.6557499999999999,0.6557499999999999
2023-09-08,0.18870023658951832,0.2992997634104817,0.04575,0.0,0.0,0.122,0.18870023658951832,0.0,0.04575,0.0,0.0,0.0,1.0,0.6557499999999999,0.6557499999999999
2023-09-15,0.18870023658951832,0.2992997634104817,0.04575,0.0,0.0,0.122,0.18870023658951832,0.0,0.04575,0.0,0.0,0.0,1.0,0.6557499999999999,0.6557499999999999
2023-09-22,0.18870023658951832,0.2992997634104817,0.04575,0.0,0.0,0.122,0.18870023658951832,0.0,0.04575,0.0,0.0,0.0,1.0,0.6557499999999999,0.6557499999999999
2023-09-29,0.18870023658951832,0.2992997634104817,0.04575,0.0,0.0,0.122,0.18870023658951832,0.0,0.04575,0.0,0.0,0.0,1.0,0.6557499999999999,0.6557499999999999
2023-10-06,0.2887002365895183,0.0,0.14575,0.0,0.0,0.122,0.18870023658951832,0.1,0.04575,0.1,0.0,0.0,1.0,0.5564502365895183,0.5564502365895183
2023-10-13,0.1,0.2992997634104817,0.14575,0.0,0.0,0.122,0.0,0.1,0.04575,0.1,0.0,0.0,1.0,0.6670497634104816,0.6670497634104817
2023-10-20,0.2887002365895183,0.2992997634104817,0.14575,0.0,0.0,0.122,0.18870023658951832,0.1,0.04575,0.1,0.0,0.0,1.0,0.8557500000000001,0.85575
2023-10-27,0.2887002365895183,0.2992997634104817,0.14575,0.0,0.0,0.122,0.18870023658951832,0.1,0.04575,0.1,0.0,0.0,1.0,0.8557500000000001,0.85575
2023-11-03,0.2887002365895183,0.2992997634104817,0.14575,0.0,0.0,0.122,0.18870023658951832,0.1,0.04575,0.1,0.0,0.0,1.0,0.8557500000000001,0.85575
2023-11-10,0.2887002365895183,0.2992997634104817,0.14575,0.0,0.0,0.122,0.18870023658951832,0.1,0.04575,0.1,0.0,0.0,1.0,0.8557500000000001,0.85575
2023-11-17,0.2887002365895183,0.2992997634104817,0.14575,0.0,0.0,0.122,0.18870023658951832,0.1,0.04575,0.1,0.0,0.0,1.0,0.8557500000000001,0.85575
2023-11-24,0.2887002365895183,0.2992997634104817,0.14575,0.0,0.0,0.122,0.18870023658951832,0.1,0.04575,0.1,0.0,0.0,1.0,0.8557500000000001,0.85575
2023-12-01,0.2887002365895183,0.2992997634104817,0.04575,0.0,0.0,0.122,0.18870023658951832,0.1,0.04575,0.0,0.0,0.0,1.0,0.75575,0.75575
2023-12-08,0.2887002365895183,0.2992997634104817,0.04575,0.0,0.0,0.122,0.18870023658951832,0.1,0.04575,0.0,0.0,0.0,1.0,0.75575,0.75575
2023-12-15,0.2887002365895183,0.2992997634104817,0.04575,0.0,0.0,0.122,0.18870023658951832,0.1,0.04575,0.0,0.0,0.0,1.0,0.75575,0.75575
2023-12-22,0.2887002365895183,0.2992997634104817,0.04575,0.0,0.0,0.122,0.18870023658951832,0.1,0.04575,0.0,0.0,0.0,1.0,0.75575,0.75575
2023-12-29,0.2887002365895183,0.2992997634104817,0.04575,0.0,0.0,0.122,0.18870023658951832,0.1,0.04575,0.0,0.0,0.0,1.0,0.75575,0.75575
2024-01-05,0.2887002365895183,0.2992997634104817,0.04575,0.0,0.0,0.122,0.18870023658951832,0.1,0.04575,0.0,0.0,0.0,1.0,0.75575,0.75575
2024-01-12,0.2887002365895183,0.2992997634104817,0.04575,0.0,0.0,0.122,0.18870023658951832,0.1,0.04575,0.0,0.0,0.0,1.0,0.75575,0.75575
2024-01-19,0.2887002365895183,0.2992997634104817,0.04575,0.0,0.0,0.122,0.18870023658951832,0.1,0.04575,0.0,0.0,0.0,1.0,0.75575,0.75575
2024-01-26,0.1,0.2992997634104817,0.04575,0.0,0.0,0.122,0.0,0.1,0.04575,0.0,0.0,0.0,1.0,0.5670497634104816,0.5670497634104816
2024-02-02,0.2887002365895183,0.2992997634104817,0.04575,0.0,0.0,0.122,0.18870023658951832,0.1,0.04575,0.0,0.0,0.0,1.0,0.75575,0.75575
2024-02-09,0.2887002365895183,0.2992997634104817,0.04575,0.0,0.0,0.122,0.18870023658951832,0.1,0.04575,0.0,0.0,0.0,1.0,0.75575,0.75575
2024-02-16,0.2887002365895183,0.2992997634104817,0.04575,0.0,0.0,0.122,0.18870023658951832,0.1,0.04575,0.0,0.0,0.0,1.0,0.75575,0.75575
2024-02-23,0.2887002365895183,0.2992997634104817,0.04575,0.0,0.0,0.122,0.18870023658951832,0.1,0.04575,0.0,0.0,0.0,1.0,0.75575,0.75575
2024-03-01,0.2887002365895183,0.2992997634104817,0.04575,0.0,0.0,0.122,0.18870023658951832,0.1,0.04575,0.0,0.0,0.0,1.0,0.75575,0.75575
2024-03-08,0.2887002365895183,0.2992997634104817,0.04575,0.0,0.0,0.122,0.18870023658951832,0.1,0.04575,0.0,0.0,0.0,1.0,0.75575,0.75575
2024-03-15,0.2887002365895183,0.0,0.04575,0.0,0.0,0.122,0.18870023658951832,0.1,0.04575,0.0,0.0,0.0,1.0,0.45645023658951833,0.45645023658951833
2024-03-22,0.2887002365895183,0.0,0.04575,0.0,0.0,0.122,0.18870023658951832,0.1,0.04575,0.0,0.0,0.0,1.0,0.45645023658951833,0.45645023658951833
2024-03-29,0.2887002365895183,0.2992997634104817,0.04575,0.0,0.0,0.122,0.18870023658951832,0.1,0.04575,0.0,0.0,0.0,1.0,0.75575,0.75575
2024-04-05,0.2887002365895183,0.2992997634104817,0.04575,0.0,0.0,0.122,0.18870023658951832,0.1,0.04575,0.0,0.0,0.0,1.0,0.75575,0.75575
2024-04-12,0.1,0.2992997634104817,0.04575,0.0,0.0,0.122,0.0,0.1,0.04575,0.0,0.0,0.0,1.0,0.5670497634104816,0.5670497634104816
2024-04-19,0.1,0.2992997634104817,0.04575,0.0,0.0,0.122,0.0,0.1,0.04575,0.0,0.0,0.0,1.0,0.5670497634104816,0.5670497634104816
2024-04-26,0.1,0.2992997634104817,0.04575,0.0,0.0,0.122,0.0,0.1,0.04575,0.0,0.0,0.0,1.0,0.5670497634104816,0.5670497634104816
2024-05-03,0.1,0.2992997634104817,0.04575,0.0,0.0,0.122,0.0,0.1,0.04575,0.0,0.0,0.0,1.0,0.5670497634104816,0.5670497634104816
2024-05-10,0.2887002365895183,0.2992997634104817,0.04575,0.0,0.0,0.122,0.18870023658951832,0.1,0.04575,0.0,0.0,0.0,1.0,0.75575,0.75575
2024-05-17,0.2887002365895183,0.2992997634104817,0.04575,0.0,0.0,0.122,0.18870023658951832,0.1,0.04575,0.0,0.0,0.0,1.0,0.75575,0.75575
2024-05-24,0.2887002365895183,0.0,0.04575,0.0,0.0,0.122,0.18870023658951832,0.1,0.04575,0.0,0.0,0.0,1.0,0.45645023658951833,0.45645023658951833
2024-05-31,0.2887002365895183,0.2992997634104817,0.04575,0.0,0.0,0.122,0.18870023658951832,0.1,0.04575,0.0,0.0,0.0,1.0,0.75575,0.75575
2024-06-07,0.1,0.2992997634104817,0.04575,0.0,0.0,0.122,0.0,0.1,0.04575,0.0,0.0,0.0,1.0,0.5670497634104816,0.5670497634104816
2024-06-14,0.1,0.0,0.04575,0.0,0.0,0.122,0.0,0.1,0.04575,0.0,0.0,0.0,1.0,0.26775,0.26775
2024-06-21,0.1,0.2992997634104817,0.04575,0.0,0.0,0.122,0.0,0.1,0.04575,0.0,0.0,0.0,1.0,0.5670497634104816,0.5670497634104816
2024-06-28,0.2887002365895183,0.2992997634104817,0.04575,0.0,0.0,0.122,0.18870023658951832,0.1,0.04575,0.0,0.0,0.0,1.0,0.75575,0.75575
2024-07-05,0.2887002365895183,0.2992997634104817,0.14575,0.0,0.0,0.122,0.18870023658951832,0.1,0.04575,0.1,0.0,0.0,1.0,0.8557500000000001,0.85575
2024-07-12,0.2887002365895183,0.2992997634104817,0.14575,0.0,0.0,0.122,0.18870023658951832,0.1,0.04575,0.1,0.0,0.0,1.0,0.8557500000000001,0.85575
2024-07-19,0.2887002365895183,0.2992997634104817,0.14575,0.0,0.0,0.122,0.18870023658951832,0.1,0.04575,0.1,0.0,0.0,1.0,0.8557500000000001,0.85575
2024-07-26,0.1,0.2992997634104817,0.14575,0.0,0.0,0.122,0.0,0.1,0.04575,0.1,0.0,0.0,1.0,0.6670497634104816,0.6670497634104817
2024-08-02,0.1,0.14964988170524085,0.04575,0.0,0.0,0.122,0.0,0.1,0.04575,0.0,0.0,0.0,0.5,0.41739988170524084,0.41739988170524084
2024-08-09,0.2887002365895183,0.2992997634104817,0.04575,0.0,0.0,0.122,0.18870023658951832,0.1,0.04575,0.0,0.0,0.0,1.0,0.75575,0.75575
2024-08-16,0.2887002365895183,0.2992997634104817,0.04575,0.0,0.0,0.122,0.18870023658951832,0.1,0.04575,0.0,0.0,0.0,1.0,0.75575,0.75575
2024-08-23,0.2887002365895183,0.2992997634104817,0.04575,0.0,0.0,0.122,0.18870023658951832,0.1,0.04575,0.0,0.0,0.0,1.0,0.75575,0.75575
2024-08-30,0.2887002365895183,0.2992997634104817,0.04575,0.0,0.0,0.122,0.18870023658951832,0.1,0.04575,0.0,0.0,0.0,1.0,0.75575,0.75575
2024-09-06,0.19435011829475918,0.14964988170524085,0.04575,0.0,0.0,0.122,0.09435011829475916,0.1,0.04575,0.0,0.0,0.0,0.5,0.51175,0.51175
2024-09-13,0.2887002365895183,0.0,0.04575,0.0,0.0,0.122,0.18870023658951832,0.1,0.04575,0.0,0.0,0.0,1.0,0.45645023658951833,0.45645023658951833
2024-09-20,0.1,0.2992997634104817,0.04575,0.0,0.0,0.122,0.0,0.1,0.04575,0.0,0.0,0.0,1.0,0.5670497634104816,0.5670497634104816
2024-09-27,0.2887002365895183,0.2992997634104817,0.04575,0.0,0.0,0.122,0.18870023658951832,0.1,0.04575,0.0,0.0,0.0,1.0,0.75575,0.75575
2024-10-04,0.2887002365895183,0.2992997634104817,0.04575,0.0,0.0,0.122,0.18870023658951832,0.1,0.04575,0.0,0.0,0.0,1.0,0.75575,0.75575
2024-10-11,0.2887002365895183,0.2992997634104817,0.04575,0.0,0.0,0.122,0.18870023658951832,0.1,0.04575,0.0,0.0,0.0,1.0,0.75575,0.75575
2024-10-18,0.2887002365895183,0.2992997634104817,0.04575,0.0,0.0,0.122,0.18870023658951832,0.1,0.04575,0.0,0.0,0.0,1.0,0.75575,0.75575
2024-10-25,0.2887002365895183,0.2992997634104817,0.04575,0.0,0.0,0.122,0.18870023658951832,0.1,0.04575,0.0,0.0,0.0,1.0,0.75575,0.75575
2024-11-01,0.2887002365895183,0.2992997634104817,0.04575,0.0,0.0,0.122,0.18870023658951832,0.1,0.04575,0.0,0.0,0.0,1.0,0.75575,0.75575
2024-11-08,0.1,0.2992997634104817,0.04575,0.0,0.0,0.122,0.0,0.1,0.04575,0.0,0.0,0.0,1.0,0.5670497634104816,0.5670497634104816
2024-11-15,0.2887002365895183,0.2992997634104817,0.04575,0.0,0.0,0.122,0.18870023658951832,0.1,0.04575,0.0,0.0,0.0,1.0,0.75575,0.75575
2024-11-22,0.2887002365895183,0.2992997634104817,0.04575,0.0,0.0,0.122,0.18870023658951832,0.1,0.04575,0.0,0.0,0.0,1.0,0.75575,0.75575
2024-11-29,0.2887002365895183,0.2992997634104817,0.04575,0.0,0.0,0.122,0.18870023658951832,0.1,0.04575,0.0,0.0,0.0,1.0,0.75575,0.75575
2024-12-06,0.2887002365895183,0.2992997634104817,0.04575,0.0,0.1,0.122,0.18870023658951832,0.1,0.04575,0.0,0.0,0.0,1.0,0.85575,0.85575
2024-12-13,0.2887002365895183,0.2992997634104817,0.04575,0.0,0.1,0.122,0.18870023658951832,0.1,0.04575,0.0,0.0,0.0,1.0,0.85575,0.85575
2024-12-20,0.2887002365895183,0.2992997634104817,0.04575,0.0,0.1,0.122,0.18870023658951832,0.1,0.04575,0.0,0.0,0.0,1.0,0.85575,0.85575
2024-12-27,0.1,0.2992997634104817,0.04575,0.0,0.1,0.122,0.0,0.1,0.04575,0.0,0.0,0.0,1.0,0.6670497634104817,0.6670497634104817
2025-01-03,0.2887002365895183,0.2992997634104817,0.04575,0.0,0.0,0.122,0.18870023658951832,0.1,0.04575,0.0,0.0,0.0,1.0,0.75575,0.75575
2025-01-10,0.2887002365895183,0.2992997634104817,0.04575,0.0,0.0,0.122,0.18870023658951832,0.1,0.04575,0.0,0.0,0.0,1.0,0.75575,0.75575
2025-01-17,0.2887002365895183,0.2992997634104817,0.04575,0.0,0.0,0.122,0.18870023658951832,0.1,0.04575,0.0,0.0,0.0,1.0,0.75575,0.75575
2025-01-24,0.2887002365895183,0.2992997634104817,0.04575,0.0,0.0,0.122,0.18870023658951832,0.1,0.04575,0.0,0.0,0.0,1.0,0.75575,0.75575
2025-01-31,0.2887002365895183,0.2992997634104817,0.04575,0.0,0.0,0.122,0.18870023658951832,0.1,0.04575,0.0,0.0,0.0,1.0,0.75575,0.75575
2025-02-07,0.18870023658951832,0.2992997634104817,0.04575,0.0,0.0,0.122,0.18870023658951832,0.0,0.04575,0.0,0.0,0.0,1.0,0.6557499999999999,0.6557499999999999
2025-02-14,0.0,0.2992997634104817,0.04575,0.0,0.0,0.122,0.0,0.0,0.04575,0.0,0.0,0.0,1.0,0.4670497634104817,0.4670497634104817
2025-02-21,0.18870023658951832,0.2992997634104817,0.04575,0.0,0.0,0.122,0.18870023658951832,0.0,0.04575,0.0,0.0,0.0,1.0,0.6557499999999999,0.6557499999999999
2025-02-28,0.18870023658951832,0.2992997634104817,0.04575,0.0,0.0,0.122,0.18870023658951832,0.0,0.04575,0.0,0.0,0.0,1.0,0.6557499999999999,0.6557499999999999
2025-03-07,0.19435011829475918,0.14964988170524085,0.04575,0.0,0.0,0.122,0.09435011829475916,0.1,0.04575,0.0,0.0,0.0,0.5,0.51175,0.51175
2025-03-14,0.2887002365895183,0.2992997634104817,0.04575,0.0,0.0,0.122,0.18870023658951832,0.1,0.04575,0.0,0.0,0.0,1.0,0.75575,0.75575
2025-03-21,0.2887002365895183,0.0,0.04575,0.0,0.0,0.122,0.18870023658951832,0.1,0.04575,0.0,0.0,0.0,1.0,0.45645023658951833,0.45645023658951833
2025-03-28,0.2887002365895183,0.0,0.04575,0.0,0.0,0.122,0.18870023658951832,0.1,0.04575,0.0,0.0,0.0,1.0,0.45645023658951833,0.45645023658951833
2025-04-04,0.09435011829475916,0.0,0.04575,0.0,0.0,0.122,0.09435011829475916,0.0,0.04575,0.0,0.0,0.0,0.5,0.26210011829475915,0.26210011829475915
2025-04-11,0.09435011829475916,0.14964988170524085,0.04575,0.0,0.0,0.122,0.09435011829475916,0.0,0.04575,0.0,0.0,0.0,0.5,0.41175,0.41175
2025-04-18,0.09435011829475916,0.14964988170524085,0.04575,0.0,0.0,0.122,0.09435011829475916,0.0,0.04575,0.0,0.0,0.0,0.5,0.41175,0.41175
2025-04-25,0.09435011829475916,0.14964988170524085,0.04575,0.0,0.0,0.122,0.09435011829475916,0.0,0.04575,0.0,0.0,0.0,0.5,0.41175,0.41175
2025-05-02,0.19435011829475918,0.14964988170524085,0.04575,0.0,0.0,0.122,0.09435011829475916,0.1,0.04575,0.0,0.0,0.0,0.5,0.51175,0.51175
2025-05-09,0.2887002365895183,0.2992997634104817,0.04575,0.0305,0.0,0.122,0.18870023658951832,0.1,0.04575,0.0,0.0305,0.0,1.0,0.78625,0.78625
2025-05-16,0.2887002365895183,0.2992997634104817,0.04575,0.0305,0.0,0.122,0.18870023658951832,0.1,0.04575,0.0,0.0305,0.0,1.0,0.78625,0.78625
2025-05-23,0.19435011829475918,0.14964988170524085,0.04575,0.0305,0.0,0.122,0.09435011829475916,0.1,0.04575,0.0,0.0305,0.0,0.5,0.54225,0.54225
2025-05-30,0.2887002365895183,0.2992997634104817,0.04575,0.0305,0.0,0.122,0.18870023658951832,0.1,0.04575,0.0,0.0305,0.0,1.0,0.78625,0.78625
2025-06-06,0.2887002365895183,0.2992997634104817,0.14575,0.0305,0.0,0.122,0.18870023658951832,0.1,0.04575,0.1,0.0305,0.0,1.0,0.8862500000000001,0.88625
2025-06-13,0.2887002365895183,0.2992997634104817,0.14575,0.0305,0.0,0.122,0.18870023658951832,0.1,0.04575,0.1,0.0305,0.0,1.0,0.8862500000000001,0.88625
2025-06-20,0.2887002365895183,0.2992997634104817,0.14575,0.0305,0.0,0.122,0.18870023658951832,0.1,0.04575,0.1,0.0305,0.0,1.0,0.8862500000000001,0.88625
2025-06-27,0.2887002365895183,0.2992997634104817,0.14575,0.0305,0.0,0.122,0.18870023658951832,0.1,0.04575,0.1,0.0305,0.0,1.0,0.8862500000000001,0.88625
2025-07-04,0.2887002365895183,0.2992997634104817,0.14575,0.0305,0.0,0.122,0.18870023658951832,0.1,0.04575,0.1,0.0305,0.0,1.0,0.8862500000000001,0.88625
2025-07-11,0.2887002365895183,0.2992997634104817,0.14575,0.0305,0.0,0.122,0.18870023658951832,0.1,0.04575,0.1,0.0305,0.0,1.0,0.8862500000000001,0.88625
2025-07-18,0.2887002365895183,0.2992997634104817,0.14575,0.0305,0.0,0.122,0.18870023658951832,0.1,0.04575,0.1,0.0305,0.0,1.0,0.8862500000000001,0.88625
2025-07-25,0.2887002365895183,0.2992997634104817,0.14575,0.0305,0.0,0.122,0.18870023658951832,0.1,0.04575,0.1,0.0305,0.0,1.0,0.8862500000000001,0.88625
2025-08-01,0.2887002365895183,0.2992997634104817,0.14575,0.0305,0.0,0.122,0.18870023658951832,0.1,0.04575,0.1,0.0305,0.0,1.0,0.8862500000000001,0.88625
2025-08-08,0.2887002365895183,0.2992997634104817,0.14575,0.0,0.0,0.122,0.18870023658951832,0.1,0.04575,0.1,0.0,0.0,1.0,0.8557500000000001,0.85575
2025-08-15,0.2887002365895183,0.2992997634104817,0.14575,0.0,0.0,0.122,0.18870023658951832,0.1,0.04575,0.1,0.0,0.0,1.0,0.8557500000000001,0.85575
2025-08-22,0.2887002365895183,0.2992997634104817,0.14575,0.0,0.0,0.122,0.18870023658951832,0.1,0.04575,0.1,0.0,0.0,1.0,0.8557500000000001,0.85575
2025-08-29,0.2887002365895183,0.2992997634104817,0.14575,0.0,0.0,0.122,0.18870023658951832,0.1,0.04575,0.1,0.0,0.0,1.0,0.8557500000000001,0.85575
2025-09-05,0.2887002365895183,0.2992997634104817,0.14575,0.1,0.0,0.122,0.18870023658951832,0.1,0.04575,0.1,0.0,0.1,1.0,0.9557500000000001,0.95575
2025-09-12,0.2887002365895183,0.2992997634104817,0.14575,0.1,0.0,0.122,0.18870023658951832,0.1,0.04575,0.1,0.0,0.1,1.0,0.9557500000000001,0.95575
2025-09-19,0.2887002365895183,0.2992997634104817,0.14575,0.1,0.0,0.122,0.18870023658951832,0.1,0.04575,0.1,0.0,0.1,1.0,0.9557500000000001,0.95575
2025-09-26,0.2887002365895183,0.0,0.14575,0.1,0.0,0.122,0.18870023658951832,0.1,0.04575,0.1,0.0,0.1,1.0,0.6564502365895183,0.6564502365895183
2025-10-03,0.2887002365895183,0.2992997634104817,0.14575,0.1,0.0,0.122,0.18870023658951832,0.1,0.04575,0.1,0.0,0.1,1.0,0.9557500000000001,0.95575
2025-10-10,0.2887002365895183,0.2992997634104817,0.14575,0.1,0.0,0.122,0.18870023658951832,0.1,0.04575,0.1,0.0,0.1,1.0,0.9557500000000001,0.95575
2025-10-17,0.2887002365895183,0.2992997634104817,0.14575,0.1,0.0,0.122,0.18870023658951832,0.1,0.04575,0.1,0.0,0.1,1.0,0.9557500000000001,0.95575
2025-10-24,0.2887002365895183,0.2992997634104817,0.14575,0.1,0.0,0.122,0.18870023658951832,0.1,0.04575,0.1,0.0,0.1,1.0,0.9557500000000001,0.95575
2025-10-31,0.2887002365895183,0.2992997634104817,0.14575,0.1,0.0,0.122,0.18870023658951832,0.1,0.04575,0.1,0.0,0.1,1.0,0.9557500000000001,0.95575
2025-11-07,0.2887002365895183,0.2992997634104817,0.04575,0.0,0.0,0.122,0.18870023658951832,0.1,0.04575,0.0,0.0,0.0,1.0,0.75575,0.75575
2025-11-14,0.2887002365895183,0.0,0.04575,0.0,0.0,0.122,0.18870023658951832,0.1,0.04575,0.0,0.0,0.0,1.0,0.45645023658951833,0.45645023658951833
2025-11-21,0.19435011829475918,0.14964988170524085,0.04575,0.0,0.0,0.122,0.09435011829475916,0.1,0.04575,0.0,0.0,0.0,0.5,0.51175,0.51175
2025-11-28,0.2887002365895183,0.2992997634104817,0.04575,0.0,0.0,0.122,0.18870023658951832,0.1,0.04575,0.0,0.0,0.0,1.0,0.75575,0.75575
2025-12-05,0.355366903256185,0.2992997634104817,0.04575,0.0,0.0,0.122,0.18870023658951832,0.16666666666666666,0.04575,0.0,0.0,0.0,1.0,0.8224166666666667,0.8224166666666667
2025-12-12,0.355366903256185,0.2992997634104817,0.04575,0.0,0.0,0.122,0.18870023658951832,0.16666666666666666,0.04575,0.0,0.0,0.0,1.0,0.8224166666666667,0.8224166666666667
2025-12-19,0.355366903256185,0.2992997634104817,0.04575,0.0,0.0,0.122,0.18870023658951832,0.16666666666666666,0.04575,0.0,0.0,0.0,1.0,0.8224166666666667,0.8224166666666667
2025-12-26,0.16666666666666666,0.2992997634104817,0.04575,0.0,0.0,0.122,0.0,0.16666666666666666,0.04575,0.0,0.0,0.0,1.0,0.6337164300771483,0.6337164300771483
2026-01-02,0.18870023658951832,0.2992997634104817,0.04575,0.0,0.0,0.122,0.18870023658951832,0.0,0.04575,0.0,0.0,0.0,1.0,0.6557499999999999,0.6557499999999999
2026-01-09,0.18870023658951832,0.2992997634104817,0.04575,0.0,0.0,0.122,0.18870023658951832,0.0,0.04575,0.0,0.0,0.0,1.0,0.6557499999999999,0.6557499999999999
2026-01-16,0.18870023658951832,0.2992997634104817,0.04575,0.0,0.0,0.122,0.18870023658951832,0.0,0.04575,0.0,0.0,0.0,1.0,0.6557499999999999,0.6557499999999999
2026-01-23,0.18870023658951832,0.2992997634104817,0.04575,0.0,0.0,0.122,0.18870023658951832,0.0,0.04575,0.0,0.0,0.0,1.0,0.6557499999999999,0.6557499999999999
2026-01-30,0.18870023658951832,0.2992997634104817,0.04575,0.0,0.0,0.122,0.18870023658951832,0.0,0.04575,0.0,0.0,0.0,1.0,0.6557499999999999,0.6557499999999999
2026-02-06,0.2887002365895183,0.2992997634104817,0.04575,0.0,0.0,0.122,0.18870023658951832,0.1,0.04575,0.0,0.0,0.0,1.0,0.75575,0.75575
2026-02-13,0.2887002365895183,0.2992997634104817,0.04575,0.0,0.0,0.122,0.18870023658951832,0.1,0.04575,0.0,0.0,0.0,1.0,0.75575,0.75575
2026-02-20,0.2887002365895183,0.2992997634104817,0.04575,0.0,0.0,0.122,0.18870023658951832,0.1,0.04575,0.0,0.0,0.0,1.0,0.75575,0.75575
2026-02-27,0.2887002365895183,0.2992997634104817,0.04575,0.0,0.0,0.122,0.18870023658951832,0.1,0.04575,0.0,0.0,0.0,1.0,0.75575,0.75575
2026-03-06,0.19435011829475918,0.14964988170524085,0.04575,0.0,0.0,0.122,0.09435011829475916,0.1,0.04575,0.0,0.0,0.0,0.5,0.51175,0.51175
2026-03-13,0.19435011829475918,0.14964988170524085,0.04575,0.0,0.0,0.122,0.09435011829475916,0.1,0.04575,0.0,0.0,0.0,0.5,0.51175,0.51175
2026-03-20,0.19435011829475918,0.14964988170524085,0.04575,0.0,0.0,0.122,0.09435011829475916,0.1,0.04575,0.0,0.0,0.0,0.5,0.51175,0.51175
2026-03-27,0.19435011829475918,0.14964988170524085,0.04575,0.0,0.0,0.122,0.09435011829475916,0.1,0.04575,0.0,0.0,0.0,0.5,0.51175,0.51175
2026-04-03,0.09435011829475916,0.14964988170524085,0.04575,0.0,0.0,0.122,0.09435011829475916,0.0,0.04575,0.0,0.0,0.0,0.5,0.41175,0.41175
2026-04-10,0.18870023658951832,0.2992997634104817,0.04575,0.0,0.0,0.122,0.18870023658951832,0.0,0.04575,0.0,0.0,0.0,1.0,0.6557499999999999,0.6557499999999999
2026-04-17,0.18870023658951832,0.2992997634104817,0.04575,0.0,0.0,0.122,0.18870023658951832,0.0,0.04575,0.0,0.0,0.0,1.0,0.6557499999999999,0.6557499999999999
2026-04-24,0.18870023658951832,0.2992997634104817,0.04575,0.0,0.0,0.122,0.18870023658951832,0.0,0.04575,0.0,0.0,0.0,1.0,0.6557499999999999,0.6557499999999999
2026-05-01,0.18870023658951832,0.2992997634104817,0.04575,0.0,0.0,0.122,0.18870023658951832,0.0,0.04575,0.0,0.0,0.0,1.0,0.6557499999999999,0.6557499999999999
2026-05-08,0.18870023658951832,0.2992997634104817,0.04575,0.0,0.0,0.122,0.18870023658951832,0.0,0.04575,0.0,0.0,0.0,1.0,0.6557499999999999,0.6557499999999999
2026-05-15,0.18870023658951832,0.2992997634104817,0.04575,0.0,0.0,0.122,0.18870023658951832,0.0,0.04575,0.0,0.0,0.0,1.0,0.6557499999999999,0.6557499999999999
2026-05-22,0.18870023658951832,0.2992997634104817,0.04575,0.0,0.0,0.122,0.18870023658951832,0.0,0.04575,0.0,0.0,0.0,1.0,0.6557499999999999,0.6557499999999999
2026-05-29,0.18870023658951832,0.2992997634104817,0.04575,0.0,0.0,0.122,0.18870023658951832,0.0,0.04575,0.0,0.0,0.0,1.0,0.6557499999999999,0.6557499999999999
2026-06-05,0.18870023658951832,0.2992997634104817,0.04575,0.0,0.0,0.122,0.18870023658951832,0.0,0.04575,0.0,0.0,0.0,1.0,0.6557499999999999,0.6557499999999999
2026-06-12,0.18870023658951832,0.2992997634104817,0.04575,0.0,0.0,0.122,0.18870023658951832,0.0,0.04575,0.0,0.0,0.0,1.0,0.6557499999999999,0.6557499999999999
2026-06-19,0.18870023658951832,0.0,0.04575,0.0,0.0,0.122,0.18870023658951832,0.0,0.04575,0.0,0.0,0.0,1.0,0.3564502365895183,0.3564502365895183
2026-06-26,0.18870023658951832,0.0,0.04575,0.0,0.0,0.122,0.18870023658951832,0.0,0.04575,0.0,0.0,0.0,1.0,0.3564502365895183,0.3564502365895183
2026-07-03,0.18870023658951832,0.2992997634104817,0.04575,0.0,0.0,0.122,0.18870023658951832,0.0,0.04575,0.0,0.0,0.0,1.0,0.6557499999999999,0.6557499999999999
2026-07-10,0.18870023658951832,0.2992997634104817,0.04575,0.0,0.0,0.122,0.18870023658951832,0.0,0.04575,0.0,0.0,0.0,1.0,0.6557499999999999,0.6557499999999999
2026-07-17,0.18870023658951832,0.0,0.04575,0.0,0.0,0.122,0.18870023658951832,0.0,0.04575,0.0,0.0,0.0,1.0,0.3564502365895183,0.3564502365895183
2026-07-24,0.18870023658951832,0.0,0.04575,0.0,0.0,0.122,0.18870023658951832,0.0,0.04575,0.0,0.0,0.0,1.0,0.3564502365895183,0.3564502365895183
2026-07-31,0.18870023658951832,0.0,0.04575,0.0,0.0,0.122,0.18870023658951832,0.0,0.04575,0.0,0.0,0.0,1.0,0.3564502365895183,0.3564502365895183
2026-08-07,0.18870023658951832,0.0,0.04575,0.0,0.0,0.122,0.18870023658951832,0.0,0.04575,0.0,0.0,0.0,1.0,0.3564502365895183,0.3564502365895183
