date,sleeve,variant,status,typ,tier,fired,position,fwd_ret_1m,monthly_return
1990-01-01,SPY,without_cells,abstain,12,,False,0,-0.02800247,0.0
1990-02-01,SPY,without_cells,emitted,0,tier4,False,0,0.02423967,0.0
1990-03-01,SPY,without_cells,abstain,9,,False,0,-0.00082728,0.0
1990-04-01,SPY,without_cells,abstain,9,,False,0,0.03569105,0.0
1990-05-01,SPY,without_cells,emitted,12,tier2,False,0,0.02895075,0.0
1990-06-01,SPY,without_cells,emitted,12,tier2,False,0,-0.00099892,0.0
1990-07-01,SPY,without_cells,emitted,12,tier2,False,0,-0.08132656,0.0
1990-08-01,SPY,without_cells,emitted,12,tier2,False,0,-0.04637944,0.0
1990-09-01,SPY,without_cells,abstain,1,,False,0,-0.02628325,0.0
1990-10-01,SPY,without_cells,abstain,1,,False,0,0.02660198,0.0
1990-11-01,SPY,without_cells,abstain,1,,False,0,0.04269086,0.0
1990-12-01,SPY,without_cells,abstain,1,,False,0,-0.00991635,0.0
1991-01-01,SPY,without_cells,abstain,1,,False,0,0.11296814,0.0
1991-02-01,SPY,without_cells,abstain,21,,False,0,0.02765969,0.0
1991-03-01,SPY,without_cells,emitted,24,tier4,False,0,0.01987751,0.0
1991-04-01,SPY,without_cells,emitted,24,tier2,False,0,-0.00445112,0.0
1991-05-01,SPY,without_cells,emitted,24,tier2,False,0,0.00079367,0.0
1991-06-01,SPY,without_cells,emitted,24,tier2,False,0,0.00512834,0.0
1991-07-01,SPY,without_cells,emitted,24,tier2,False,0,0.02411698,0.0
1991-08-01,SPY,without_cells,emitted,12,tier4,False,0,-0.00564972,0.0
1991-09-01,SPY,without_cells,emitted,12,tier4,False,0,-0.00082645,0.0
1991-10-01,SPY,without_cells,emitted,12,tier4,False,0,-0.00248139,0.0
1991-11-01,SPY,without_cells,emitted,12,tier4,False,0,0.00671124,0.0
1991-12-01,SPY,without_cells,emitted,12,tier4,False,0,0.07096342,0.0
1992-01-01,SPY,without_cells,emitted,24,tier2,False,0,-0.00845991,0.0
1992-02-01,SPY,without_cells,abstain,12,,False,0,-0.01260423,0.0
1992-03-01,SPY,without_cells,emitted,12,tier2,False,0,0.00012274,0.0
1992-04-01,SPY,without_cells,emitted,12,tier2,False,0,0.01816352,0.0
1992-05-01,SPY,without_cells,abstain,22,,False,0,-0.01576625,0.0
1992-06-01,SPY,without_cells,pulled,13,,True,1,0.01660666,0.01660666
1992-07-01,SPY,without_cells,pulled,13,,True,1,0.00693892,0.00693892
1992-08-01,SPY,without_cells,pulled,14,,True,1,0.00131601,0.00131601
1992-09-01,SPY,without_cells,pulled,14,,True,1,-0.01428981,-0.01428981
1992-10-01,SPY,without_cells,pulled,14,,True,1,0.02506667,0.02506667
1992-11-01,SPY,without_cells,pulled,14,,True,1,0.0302715,0.0302715
1992-12-01,SPY,without_cells,pulled,14,,True,1,-0.00094114,-0.00094114
1993-01-01,SPY,without_cells,pulled,14,,True,1,0.0148657,0.0148657
1993-02-01,SPY,without_cells,pulled,14,,True,1,0.01915327,0.01915327
1993-03-01,SPY,without_cells,pulled,14,,True,1,-0.01572774,-0.01572774
1993-04-01,SPY,without_cells,pulled,13,,True,1,0.00489754,0.00489754
1993-05-01,SPY,without_cells,pulled,13,,True,1,0.00631106,0.00631106
1993-06-01,SPY,without_cells,pulled,13,,True,1,-0.00171852,-0.00171852
1993-07-01,SPY,without_cells,pulled,13,,True,1,0.01529209,0.01529209
1993-08-01,SPY,without_cells,pulled,13,,True,1,0.01125228,0.01125228
1993-09-01,SPY,without_cells,pulled,13,,True,1,0.0101472,0.0101472
1993-10-01,SPY,without_cells,pulled,13,,True,1,-0.00217719,-0.00217719
1993-11-01,SPY,without_cells,pulled,14,,True,1,0.00661064,0.00661064
1993-12-01,SPY,without_cells,pulled,14,,True,1,0.01510892,0.01510892
1994-01-01,SPY,without_cells,pulled,14,,True,1,-0.00298104,-0.00298104
1994-02-01,SPY,without_cells,pulled,14,,True,1,-0.01647653,-0.01647653
1994-03-01,SPY,without_cells,pulled,14,,True,1,-0.0357474,-0.0357474
1994-04-01,SPY,without_cells,pulled,14,,True,1,0.00820607,0.00820607
1994-05-01,SPY,without_cells,pulled,14,,True,1,0.0087159,0.0087159
1994-06-01,SPY,without_cells,pulled,14,,True,1,-0.00754128,-0.00754128
1994-07-01,SPY,without_cells,abstain,2,,False,0,0.02844484,0.0
1994-08-01,SPY,without_cells,pulled,14,,True,1,0.00585904,0.00585904
1994-09-01,SPY,without_cells,pulled,14,,True,1,-0.00674576,-0.00674576
1994-10-01,SPY,without_cells,pulled,14,,True,1,-0.00603695,-0.00603695
1994-11-01,SPY,without_cells,pulled,14,,True,1,-0.01262446,-0.01262446
1994-12-01,SPY,without_cells,pulled,14,,True,1,0.02210066,0.02210066
1995-01-01,SPY,without_cells,pulled,14,,True,1,0.0358302,0.0358302
1995-02-01,SPY,without_cells,pulled,14,,True,1,0.02330262,0.02330262
1995-03-01,SPY,without_cells,pulled,14,,True,1,0.02993004,0.02993004
1995-04-01,SPY,without_cells,abstain,17,,False,0,0.03130476,0.0
1995-05-01,SPY,without_cells,pulled,26,,True,1,0.02966725,0.02966725
1995-06-01,SPY,without_cells,pulled,26,,True,1,0.03341059,0.03341059
1995-07-01,SPY,without_cells,pulled,26,,True,1,0.0031218,0.0031218
1995-08-01,SPY,without_cells,pulled,26,,True,1,0.03516303,0.03516303
1995-09-01,SPY,without_cells,pulled,25,,True,1,0.00717038,0.00717038
1995-10-01,SPY,without_cells,pulled,25,,True,1,0.02163247,0.02163247
1995-11-01,SPY,without_cells,pulled,25,,True,1,0.03197152,0.03197152
1995-12-01,SPY,without_cells,pulled,25,,True,1,-0.00024407,-0.00024407
1996-01-01,SPY,without_cells,abstain,16,,False,0,0.0571596,0.0
1996-02-01,SPY,without_cells,pulled,25,,True,1,-0.00380269,-0.00380269
1996-03-01,SPY,without_cells,abstain,15,,False,0,0.00015454,0.0
1996-04-01,SPY,without_cells,abstain,16,,False,0,0.02172536,0.0
1996-05-01,SPY,without_cells,abstain,16,,False,0,0.01099466,0.0
1996-06-01,SPY,without_cells,pulled,13,,True,1,-0.0365445,-0.0365445
1996-07-01,SPY,without_cells,pulled,13,,True,1,0.02889437,0.02889437
1996-08-01,SPY,without_cells,pulled,13,,True,1,0.01841009,0.01841009
1996-09-01,SPY,without_cells,pulled,13,,True,1,0.03938478,0.03938478
1996-10-01,SPY,without_cells,pulled,13,,True,1,0.04876971,0.04876971
1996-11-01,SPY,without_cells,abstain,17,,False,0,0.01030353,0.0
1996-12-01,SPY,without_cells,abstain,17,,False,0,0.03090481,0.0
1997-01-01,SPY,without_cells,pulled,26,,True,1,0.04198533,0.04198533
1997-02-01,SPY,without_cells,pulled,26,,True,1,-0.0078032,-0.0078032
1997-03-01,SPY,without_cells,pulled,26,,True,1,-0.03563674,-0.03563674
1997-04-01,SPY,without_cells,pulled,14,,True,1,0.09053186,0.09053186
1997-05-01,SPY,without_cells,pulled,25,,True,1,0.05185514,0.05185514
1997-06-01,SPY,without_cells,pulled,25,,True,1,0.05591756,0.05591756
1997-07-01,SPY,without_cells,pulled,25,,True,1,0.00210745,0.00210745
1997-08-01,SPY,without_cells,pulled,25,,True,1,0.01054743,0.01054743
1997-09-01,SPY,without_cells,pulled,25,,True,1,0.01509039,0.01509039
1997-10-01,SPY,without_cells,pulled,25,,True,1,-0.0128685,-0.0128685
1997-11-01,SPY,without_cells,pulled,25,,True,1,0.0249755,0.0249755
1997-12-01,SPY,without_cells,abstain,16,,False,0,0.00102871,0.0
1998-01-01,SPY,without_cells,pulled,13,,True,1,0.06267647,0.06267647
1998-02-01,SPY,without_cells,abstain,16,,False,0,0.05185887,0.0
1998-03-01,SPY,without_cells,pulled,25,,True,1,0.03284641,0.03284641
1998-04-01,SPY,without_cells,pulled,25,,True,1,-0.00339867,-0.00339867
1998-05-01,SPY,without_cells,pulled,25,,True,1,-2.707e-05,-2.707e-05
1998-06-01,SPY,without_cells,pulled,25,,True,1,0.04347748,0.04347748
1998-07-01,SPY,without_cells,pulled,25,,True,1,-0.0708641,-0.0708641
1998-08-01,SPY,without_cells,pulled,13,,True,1,-0.05023171,-0.05023171
1998-09-01,SPY,without_cells,abstain,1,,False,0,0.01159077,0.0
1998-10-01,SPY,without_cells,abstain,1,,False,0,0.10843899,0.0
1998-11-01,SPY,without_cells,pulled,13,,True,1,0.03986264,0.03986264
1998-12-01,SPY,without_cells,pulled,13,,True,1,0.04934246,0.04934246
1999-01-01,SPY,without_cells,pulled,13,,True,1,-0.00175373,-0.00175373
1999-02-01,SPY,without_cells,pulled,25,,True,1,0.02814099,0.02814099
1999-03-01,SPY,without_cells,pulled,25,,True,1,0.04143064,0.04143064
1999-04-01,SPY,without_cells,pulled,25,,True,1,-0.00201534,-0.00201534
1999-05-01,SPY,without_cells,pulled,25,,True,1,-0.00714677,-0.00714677
1999-06-01,SPY,without_cells,pulled,26,,True,1,0.04418737,0.04418737
1999-07-01,SPY,without_cells,pulled,26,,True,1,-0.03874032,-0.03874032
1999-08-01,SPY,without_cells,pulled,14,,True,1,-0.00702077,-0.00702077
1999-09-01,SPY,without_cells,pulled,14,,True,1,-0.01377668,-0.01377668
1999-10-01,SPY,without_cells,pulled,14,,True,1,0.06999177,0.06999177
1999-11-01,SPY,without_cells,pulled,14,,True,1,0.02708843,0.02708843
1999-12-01,SPY,without_cells,pulled,14,,True,1,-0.00216284,-0.00216284
2000-01-01,SPY,without_cells,pulled,14,,True,1,-0.02575776,-0.02575776
2000-02-01,SPY,without_cells,pulled,14,,True,1,0.03840532,0.03840532
2000-03-01,SPY,without_cells,pulled,14,,True,1,0.01327823,0.01327823
2000-04-01,SPY,without_cells,abstain,17,,False,0,-0.02934253,0.0
2000-05-01,SPY,without_cells,pulled,14,,True,1,0.03065253,0.03065253
2000-06-01,SPY,without_cells,pulled,13,,True,1,0.00755151,0.00755151
2000-07-01,SPY,without_cells,pulled,13,,True,1,0.00845893,0.00845893
2000-08-01,SPY,without_cells,pulled,13,,True,1,-0.01172028,-0.01172028
2000-09-01,SPY,without_cells,pulled,13,,True,1,-0.0530704,-0.0530704
2000-10-01,SPY,without_cells,abstain,1,,False,0,-0.00870416,0.0
2000-11-01,SPY,without_cells,abstain,1,,False,0,-0.03418624,0.0
2000-12-01,SPY,without_cells,emitted,0,tier4,False,0,0.00353137,0.0
2001-01-01,SPY,without_cells,emitted,0,tier4,False,0,-0.02237147,0.0
2001-02-01,SPY,without_cells,emitted,0,tier4,False,0,-0.09182462,0.0
2001-03-01,SPY,without_cells,emitted,0,tier4,False,0,0.00336468,0.0
2001-04-01,SPY,without_cells,emitted,0,tier4,False,0,0.06768137,0.0
2001-05-01,SPY,without_cells,emitted,0,tier4,False,0,-0.02492187,0.0
2001-06-01,SPY,without_cells,emitted,0,tier4,False,0,-0.02765781,0.0
2001-07-01,SPY,without_cells,emitted,0,tier4,False,0,-0.0215451,0.0
2001-08-01,SPY,without_cells,emitted,0,tier4,False,0,-0.11358507,0.0
2001-09-01,SPY,without_cells,abstain,0,tier4,False,0,0.0305847,0.0
2001-10-01,SPY,without_cells,abstain,0,tier4,False,0,0.04931311,0.0
2001-11-01,SPY,without_cells,abstain,0,tier2,False,0,0.0134994,0.0
2001-12-01,SPY,without_cells,abstain,0,tier2,False,0,-0.00412252,0.0
2002-01-01,SPY,without_cells,abstain,0,tier4,False,0,-0.03467782,0.0
2002-02-01,SPY,without_cells,abstain,0,tier2,False,0,0.04826151,0.0
2002-03-01,SPY,without_cells,emitted,24,tier2,False,0,-0.03628043,0.0
2002-04-01,SPY,without_cells,emitted,12,tier4,False,0,-0.02939034,0.0
2002-05-01,SPY,without_cells,abstain,1,,False,0,-0.06044012,0.0
2002-06-01,SPY,without_cells,abstain,1,,False,0,-0.10890318,0.0
2002-07-01,SPY,without_cells,abstain,2,,False,0,0.009916,0.0
2002-08-01,SPY,without_cells,abstain,2,,False,0,-0.04902745,0.0
2002-09-01,SPY,without_cells,abstain,2,,False,0,-0.01518766,0.0
2002-10-01,SPY,without_cells,abstain,2,,False,0,0.06470636,0.0
2002-11-01,SPY,without_cells,emitted,2,tier4,False,0,-0.0118141,0.0
2002-12-01,SPY,without_cells,abstain,1,,False,0,-0.0037145,0.0
2003-01-01,SPY,without_cells,pulled,13,,True,1,-0.06564788,-0.06564788
2003-02-01,SPY,without_cells,abstain,1,,False,0,0.01146912,0.0
2003-03-01,SPY,without_cells,pulled,13,,True,1,0.05126206,0.05126206
2003-04-01,SPY,without_cells,pulled,13,,True,1,0.051605,0.051605
2003-05-01,SPY,without_cells,pulled,14,,True,1,0.05560067,0.05560067
2003-06-01,SPY,without_cells,pulled,26,,True,1,0.00459514,0.00459514
2003-07-01,SPY,without_cells,pulled,26,,True,1,-0.00303262,-0.00303262
2003-08-01,SPY,without_cells,pulled,26,,True,1,0.03022647,0.03022647
2003-09-01,SPY,without_cells,pulled,26,,True,1,0.01892215,0.01892215
2003-10-01,SPY,without_cells,pulled,26,,True,1,0.01075352,0.01075352
2003-11-01,SPY,without_cells,pulled,26,,True,1,0.02927898,0.02927898
2003-12-01,SPY,without_cells,pulled,26,,True,1,0.04800859,0.04800859
2004-01-01,SPY,without_cells,pulled,26,,True,1,0.00957157,0.00957157
2004-02-01,SPY,without_cells,pulled,26,,True,1,-0.01695004,-0.01695004
2004-03-01,SPY,without_cells,abstain,17,,False,0,0.00834534,0.0
2004-04-01,SPY,without_cells,pulled,14,,True,1,-0.02698172,-0.02698172
2004-05-01,SPY,without_cells,pulled,14,,True,1,0.02718584,0.02718584
2004-06-01,SPY,without_cells,pulled,14,,True,1,-0.02375614,-0.02375614
2004-07-01,SPY,without_cells,abstain,2,,False,0,-0.0152914,0.0
2004-08-01,SPY,without_cells,abstain,2,,False,0,0.02637427,0.0
2004-09-01,SPY,without_cells,pulled,14,,True,1,-0.00040263,-0.00040263
2004-10-01,SPY,without_cells,pulled,4,,True,1,0.04630284,0.04630284
2004-11-01,SPY,without_cells,pulled,13,,True,1,0.02589526,0.02589526
2004-12-01,SPY,without_cells,pulled,13,,True,1,-0.01484311,-0.01484311
2005-01-01,SPY,without_cells,pulled,13,,True,1,0.01542225,0.01542225
2005-02-01,SPY,without_cells,abstain,16,,False,0,-0.00394288,0.0
2005-03-01,SPY,without_cells,pulled,13,,True,1,-0.02550004,-0.02550004
2005-04-01,SPY,without_cells,pulled,13,,True,1,0.01189423,0.01189423
2005-05-01,SPY,without_cells,pulled,13,,True,1,0.02034321,0.02034321
2005-06-01,SPY,without_cells,pulled,13,,True,1,0.01662716,0.01662716
2005-07-01,SPY,without_cells,pulled,13,,True,1,0.00166088,0.00166088
2005-08-01,SPY,without_cells,pulled,13,,True,1,0.00134774,0.00134774
2005-09-01,SPY,without_cells,pulled,13,,True,1,-0.02770164,-0.02770164
2005-10-01,SPY,without_cells,pulled,14,,True,1,0.03809692,0.03809692
2005-11-01,SPY,without_cells,pulled,14,,True,1,0.01996169,0.01996169
2005-12-01,SPY,without_cells,pulled,14,,True,1,0.01320054,0.01320054
2006-01-01,SPY,without_cells,pulled,14,,True,1,-0.00162661,-0.00162661
2006-02-01,SPY,without_cells,pulled,14,,True,1,0.0133866,0.0133866
2006-03-01,SPY,without_cells,pulled,14,,True,1,0.00651599,0.00651599
2006-04-01,SPY,without_cells,abstain,16,,False,0,-0.00933826,0.0
2006-05-01,SPY,without_cells,pulled,13,,True,1,-0.02855792,-0.02855792
2006-06-01,SPY,without_cells,pulled,4,,True,1,0.00564169,0.00564169
2006-07-01,SPY,without_cells,pulled,4,,True,1,0.02135308,0.02135308
2006-08-01,SPY,without_cells,pulled,13,,True,1,0.02376568,0.02376568
2006-09-01,SPY,without_cells,pulled,13,,True,1,0.03463506,0.03463506
2006-10-01,SPY,without_cells,pulled,14,,True,1,0.01852748,0.01852748
2006-11-01,SPY,without_cells,abstain,17,,False,0,0.02000518,0.0
2006-12-01,SPY,without_cells,pulled,26,,True,1,0.00546448,0.00546448
2007-01-01,SPY,without_cells,pulled,26,,True,1,0.01449275,0.01449275
2007-02-01,SPY,without_cells,pulled,25,,True,1,-0.0261974,-0.0261974
2007-03-01,SPY,without_cells,pulled,13,,True,1,0.04029283,0.04029283
2007-04-01,SPY,without_cells,pulled,13,,True,1,0.03245334,0.03245334
2007-05-01,SPY,without_cells,pulled,13,,True,1,0.00201834,0.00201834
2007-06-01,SPY,without_cells,pulled,13,,True,1,0.00430593,0.00430593
2007-07-01,SPY,without_cells,pulled,13,,True,1,-0.04345996,-0.04345996
2007-08-01,SPY,without_cells,pulled,13,,True,1,0.02921725,0.02921725
2007-09-01,SPY,without_cells,abstain,12,tier2,False,0,0.02841456,0.0
2007-10-01,SPY,without_cells,emitted,12,tier4,False,0,-0.04953691,0.0
2007-11-01,SPY,without_cells,abstain,3,,False,0,0.01081735,0.0
2007-12-01,SPY,without_cells,abstain,3,,False,0,-0.06791417,0.0
2008-01-01,SPY,without_cells,abstain,0,tier4,False,0,-0.01732716,0.0
2008-02-01,SPY,without_cells,abstain,0,tier4,False,0,-0.02799531,0.0
2008-03-01,SPY,without_cells,abstain,0,tier4,False,0,0.04064726,0.0
2008-04-01,SPY,without_cells,emitted,0,tier2,False,0,0.02389691,0.0
2008-05-01,SPY,without_cells,abstain,0,,False,0,-0.04416271,0.0
2008-06-01,SPY,without_cells,emitted,0,tier4,False,0,-0.0625685,0.0
2008-07-01,SPY,without_cells,emitted,0,tier4,False,0,0.01919941,0.0
2008-08-01,SPY,without_cells,emitted,0,tier2,False,0,-0.05034843,0.0
2008-09-01,SPY,without_cells,emitted,0,tier2,False,0,-0.20391142,0.0
2008-10-01,SPY,without_cells,emitted,0,tier4,False,0,-0.08852188,0.0
2008-11-01,SPY,without_cells,emitted,0,tier4,False,0,-0.00620583,0.0
2008-12-01,SPY,without_cells,emitted,0,tier2,False,0,-0.01365149,0.0
2009-01-01,SPY,without_cells,abstain,0,,False,0,-0.06972204,0.0
2009-02-01,SPY,without_cells,abstain,0,,False,0,-0.05973449,0.0
2009-03-01,SPY,without_cells,abstain,0,,False,0,0.12021714,0.0
2009-04-01,SPY,without_cells,abstain,0,,False,0,0.06397453,0.0
2009-05-01,SPY,without_cells,emitted,12,tier2,False,0,0.02627409,0.0
2009-06-01,SPY,without_cells,emitted,12,tier2,False,0,0.0104738,0.0
2009-07-01,SPY,without_cells,abstain,21,,False,0,0.07897886,0.0
2009-08-01,SPY,without_cells,pulled,26,,True,1,0.03448447,0.03448447
2009-09-01,SPY,without_cells,pulled,26,,True,1,0.02212436,0.02212436
2009-10-01,SPY,without_cells,pulled,26,,True,1,0.01911657,0.01911657
2009-11-01,SPY,without_cells,pulled,26,,True,1,0.0205042,0.0205042
2009-12-01,SPY,without_cells,pulled,26,,True,1,0.01188782,0.01188782
2010-01-01,SPY,without_cells,pulled,26,,True,1,-0.03063422,-0.03063422
2010-02-01,SPY,without_cells,abstain,23,tier2,False,0,0.05774175,0.0
2010-03-01,SPY,without_cells,pulled,26,,True,1,0.03929517,0.03929517
2010-04-01,SPY,without_cells,pulled,26,,True,1,-0.06035145,-0.06035145
2010-05-01,SPY,without_cells,pulled,14,,True,1,-0.03706469,-0.03706469
2010-06-01,SPY,without_cells,pulled,14,,True,1,-0.00328607,-0.00328607
2010-07-01,SPY,without_cells,pulled,14,,True,1,0.00692721,0.00692721
2010-08-01,SPY,without_cells,pulled,14,,True,1,0.03200647,0.03200647
2010-09-01,SPY,without_cells,pulled,13,,True,1,0.0441145,0.0441145
2010-10-01,SPY,without_cells,pulled,13,,True,1,0.0233104,0.0233104
2010-11-01,SPY,without_cells,pulled,13,,True,1,0.03556623,0.03556623
2010-12-01,SPY,without_cells,pulled,25,,True,1,0.03309626,0.03309626
2011-01-01,SPY,without_cells,pulled,25,,True,1,0.03001668,0.03001668
2011-02-01,SPY,without_cells,pulled,25,,True,1,-0.0125878,-0.0125878
2011-03-01,SPY,without_cells,pulled,25,,True,1,0.02071308,0.02071308
2011-04-01,SPY,without_cells,pulled,25,,True,1,0.00510698,0.00510698
2011-05-01,SPY,without_cells,abstain,16,,False,0,-0.03812271,0.0
2011-06-01,SPY,without_cells,pulled,13,,True,1,0.0294417,0.0294417
2011-07-01,SPY,without_cells,pulled,13,,True,1,-0.10555468,-0.10555468
2011-08-01,SPY,without_cells,abstain,1,tier4,False,0,-0.00964305,0.0
2011-09-01,SPY,without_cells,abstain,1,tier4,False,0,0.02840154,0.0
2011-10-01,SPY,without_cells,emitted,1,tier2,False,0,0.01590431,0.0
2011-11-01,SPY,without_cells,emitted,1,tier2,False,0,0.01377994,0.0
2011-12-01,SPY,without_cells,pulled,4,,True,1,0.04605411,0.04605411
2012-01-01,SPY,without_cells,pulled,4,,True,1,0.03991296,0.03991296
2012-02-01,SPY,without_cells,pulled,25,,True,1,0.0271721,0.0271721
2012-03-01,SPY,without_cells,pulled,25,,True,1,-0.00202269,-0.00202269
2012-04-01,SPY,without_cells,pulled,25,,True,1,-0.03257287,-0.03257287
2012-05-01,SPY,without_cells,pulled,13,,True,1,-0.01326355,-0.01326355
2012-06-01,SPY,without_cells,pulled,13,,True,1,0.02742769,0.02742769
2012-07-01,SPY,without_cells,pulled,13,,True,1,0.03211549,0.03211549
2012-08-01,SPY,without_cells,pulled,13,,True,1,0.02847982,0.02847982
2012-09-01,SPY,without_cells,pulled,13,,True,1,-0.00387967,-0.00387967
2012-10-01,SPY,without_cells,pulled,13,,True,1,-0.03012199,-0.03012199
2012-11-01,SPY,without_cells,pulled,13,,True,1,0.01992098,0.01992098
2012-12-01,SPY,without_cells,pulled,13,,True,1,0.04085665,0.04085665
2013-01-01,SPY,without_cells,abstain,16,,False,0,0.02155499,0.0
2013-02-01,SPY,without_cells,pulled,13,,True,1,0.02547097,0.02547097
2013-03-01,SPY,without_cells,pulled,13,,True,1,0.01281249,0.01281249
2013-04-01,SPY,without_cells,abstain,16,,False,0,0.04401859,0.0
2013-05-01,SPY,without_cells,pulled,25,,True,1,-0.01284881,-0.01284881
2013-06-01,SPY,without_cells,pulled,25,,True,1,0.03083205,0.03083205
2013-07-01,SPY,without_cells,pulled,25,,True,1,0.00084498,0.00084498
2013-08-01,SPY,without_cells,abstain,16,,False,0,0.01022699,0.0
2013-09-01,SPY,without_cells,abstain,16,,False,0,0.0194764,0.0
2013-10-01,SPY,without_cells,abstain,16,,False,0,0.03692377,0.0
2013-11-01,SPY,without_cells,abstain,16,,False,0,0.01359095,0.0
2013-12-01,SPY,without_cells,pulled,25,,True,1,0.00806514,0.00806514
2014-01-01,SPY,without_cells,abstain,16,,False,0,-0.00291929,0.0
2014-02-01,SPY,without_cells,abstain,16,,False,0,0.02558006,0.0
2014-03-01,SPY,without_cells,abstain,16,,False,0,0.0003971,0.0
2014-04-01,SPY,without_cells,pulled,13,,True,1,0.01368371,0.01368371
2014-05-01,SPY,without_cells,pulled,13,,True,1,0.03033173,0.03033173
2014-06-01,SPY,without_cells,pulled,13,,True,1,0.0133584,0.0133584
2014-07-01,SPY,without_cells,pulled,13,,True,1,-0.00586387,-0.00586387
2014-08-01,SPY,without_cells,pulled,13,,True,1,0.01616085,0.01616085
2014-09-01,SPY,without_cells,pulled,13,,True,1,-0.02807503,-0.02807503
2014-10-01,SPY,without_cells,pulled,13,,True,1,0.05538722,0.05538722
2014-11-01,SPY,without_cells,abstain,16,,False,0,0.00474427,0.0
2014-12-01,SPY,without_cells,pulled,13,,True,1,-0.01270038,-0.01270038
2015-01-01,SPY,without_cells,pulled,13,,True,1,0.02663472,0.02663472
2015-02-01,SPY,without_cells,pulled,13,,True,1,-0.00106138,-0.00106138
2015-03-01,SPY,without_cells,pulled,13,,True,1,0.00714907,0.00714907
2015-04-01,SPY,without_cells,abstain,16,,False,0,0.00815329,0.0
2015-05-01,SPY,without_cells,pulled,13,,True,1,-0.00598975,-0.00598975
2015-06-01,SPY,without_cells,pulled,13,,True,1,-0.00245321,-0.00245321
2015-07-01,SPY,without_cells,pulled,13,,True,1,-0.02591517,-0.02591517
2015-08-01,SPY,without_cells,pulled,13,,True,1,-0.0467971,-0.0467971
2015-09-01,SPY,without_cells,emitted,1,tier4,False,0,0.0413493,0.0
2015-10-01,SPY,without_cells,pulled,13,,True,1,0.02756308,0.02756308
2015-11-01,SPY,without_cells,pulled,13,,True,1,-0.01275581,-0.01275581
2015-12-01,SPY,without_cells,pulled,13,,True,1,-0.06595654,-0.06595654
2016-01-01,SPY,without_cells,emitted,1,tier4,False,0,-0.00739081,0.0
2016-02-01,SPY,without_cells,emitted,1,tier4,False,0,0.06171433,0.0
2016-03-01,SPY,without_cells,pulled,13,,True,1,0.02650412,0.02650412
2016-04-01,SPY,without_cells,pulled,13,,True,1,-0.00481321,-0.00481321
2016-05-01,SPY,without_cells,pulled,13,,True,1,0.00887899,0.00887899
2016-06-01,SPY,without_cells,pulled,13,,True,1,0.03119646,0.03119646
2016-07-01,SPY,without_cells,pulled,25,,True,1,0.01026106,0.01026106
2016-08-01,SPY,without_cells,pulled,25,,True,1,-0.00610793,-0.00610793
2016-09-01,SPY,without_cells,pulled,13,,True,1,-0.00679894,-0.00679894
2016-10-01,SPY,without_cells,pulled,13,,True,1,0.01025189,0.01025189
2016-11-01,SPY,without_cells,pulled,13,,True,1,0.03770918,0.03770918
2016-12-01,SPY,without_cells,emitted,22,tier2,False,0,0.01268122,0.0
2017-01-01,SPY,without_cells,pulled,13,,True,1,0.02408225,0.02408225
2017-02-01,SPY,without_cells,pulled,13,,True,1,0.01584181,0.01584181
2017-03-01,SPY,without_cells,pulled,25,,True,1,-0.00317303,-0.00317303
2017-04-01,SPY,without_cells,pulled,25,,True,1,0.01527565,0.01527565
2017-05-01,SPY,without_cells,pulled,25,,True,1,0.01613125,0.01613125
2017-06-01,SPY,without_cells,pulled,13,,True,1,0.00826215,0.00826215
2017-07-01,SPY,without_cells,pulled,13,,True,1,0.00086386,0.00086386
2017-08-01,SPY,without_cells,pulled,13,,True,1,0.01490909,0.01490909
2017-09-01,SPY,without_cells,pulled,13,,True,1,0.02573771,0.02573771
2017-10-01,SPY,without_cells,pulled,13,,True,1,0.01431756,0.01431756
2017-11-01,SPY,without_cells,pulled,13,,True,1,0.02727087,0.02727087
2017-12-01,SPY,without_cells,pulled,25,,True,1,0.04708858,0.04708858
2018-01-01,SPY,without_cells,pulled,25,,True,1,-0.03033909,-0.03033909
2018-02-01,SPY,without_cells,emitted,16,tier4,False,0,-0.0008835,0.0
2018-03-01,SPY,without_cells,pulled,13,,True,1,-0.01818135,-0.01818135
2018-04-01,SPY,without_cells,pulled,13,,True,1,0.01803567,0.01803567
2018-05-01,SPY,without_cells,pulled,13,,True,1,0.01956698,0.01956698
2018-06-01,SPY,without_cells,pulled,13,,True,1,0.01426471,0.01426471
2018-07-01,SPY,without_cells,pulled,13,,True,1,0.02297361,0.02297361
2018-08-01,SPY,without_cells,pulled,13,,True,1,0.01528438,0.01528438
2018-09-01,SPY,without_cells,pulled,13,,True,1,-0.03999311,-0.03999311
2018-10-01,SPY,without_cells,pulled,13,,True,1,-0.02234101,-0.02234101
2018-11-01,SPY,without_cells,pulled,13,,True,1,-0.05725554,-0.05725554
2018-12-01,SPY,without_cells,emitted,1,tier4,False,0,0.01561167,0.0
2019-01-01,SPY,without_cells,emitted,1,tier4,False,0,0.05655847,0.0
2019-02-01,SPY,without_cells,pulled,4,,True,1,0.01783031,0.01783031
2019-03-01,SPY,without_cells,pulled,4,,True,1,0.0355994,0.0355994
2019-04-01,SPY,without_cells,pulled,13,,True,1,-0.01690543,-0.01690543
2019-05-01,SPY,without_cells,pulled,13,,True,1,0.01242158,0.01242158
2019-06-01,SPY,without_cells,emitted,16,tier2,False,0,0.03665654,0.0
2019-07-01,SPY,without_cells,emitted,16,tier2,False,0,-0.03291446,0.0
2019-08-01,SPY,without_cells,pulled,13,,True,1,0.02921756,0.02921756
2019-09-01,SPY,without_cells,pulled,13,,True,1,-0.00150093,-0.00150093
2019-10-01,SPY,without_cells,pulled,13,,True,1,0.04272605,0.04272605
2019-11-01,SPY,without_cells,abstain,16,tier4,False,0,0.02313921,0.0
2019-12-01,SPY,without_cells,abstain,16,tier4,False,0,0.03193621,0.0
2020-01-01,SPY,without_cells,abstain,16,tier4,False,0,-0.00027108,0.0
2020-02-01,SPY,without_cells,abstain,16,tier4,False,0,-0.1906807,0.0
2020-03-01,SPY,without_cells,emitted,0,tier4,False,0,0.04131423,0.0
2020-04-01,SPY,without_cells,emitted,0,tier4,False,0,0.05707501,0.0
2020-05-01,SPY,without_cells,emitted,0,tier4,False,0,0.06338024,0.0
2020-06-01,SPY,without_cells,abstain,12,,False,0,0.03316246,0.0
2020-07-01,SPY,without_cells,abstain,12,,False,0,0.05739176,0.0
2020-08-01,SPY,without_cells,abstain,12,,False,0,-0.00772275,0.0
2020-09-01,SPY,without_cells,abstain,24,,False,0,0.01580283,0.0
2020-10-01,SPY,without_cells,abstain,24,,False,0,0.03811129,0.0
2020-11-01,SPY,without_cells,pulled,25,,True,1,0.0412279,0.0412279
2020-12-01,SPY,without_cells,pulled,25,,True,1,0.02663875,0.02663875
2021-01-01,SPY,without_cells,pulled,25,,True,1,0.02363986,0.02363986
2021-02-01,SPY,without_cells,pulled,25,,True,1,0.00697222,0.00697222
2021-03-01,SPY,without_cells,pulled,26,,True,1,0.05898669,0.05898669
2021-04-01,SPY,without_cells,pulled,26,,True,1,0.006441,0.006441
2021-05-01,SPY,without_cells,pulled,26,,True,1,0.0169488,0.0169488
2021-06-01,SPY,without_cells,pulled,26,,True,1,0.02954432,0.02954432
2021-07-01,SPY,without_cells,pulled,26,,True,1,0.02073773,0.02073773
2021-08-01,SPY,without_cells,pulled,26,,True,1,-0.00194491,-0.00194491
2021-09-01,SPY,without_cells,pulled,26,,True,1,0.00341101,0.00341101
2021-10-01,SPY,without_cells,pulled,14,,True,1,0.04633335,0.04633335
2021-11-01,SPY,without_cells,abstain,17,,False,0,0.00158248,0.0
2021-12-01,SPY,without_cells,pulled,14,,True,1,-0.02159618,-0.02159618
2022-01-01,SPY,without_cells,pulled,13,,True,1,-0.03013567,-0.03013567
2022-02-01,SPY,without_cells,pulled,4,,True,1,-0.01008014,-0.01008014
2022-03-01,SPY,without_cells,emitted,1,tier4,False,0,7.01e-06,0.0
2022-04-01,SPY,without_cells,emitted,1,tier2,False,0,-0.07991627,0.0
2022-05-01,SPY,without_cells,emitted,1,tier2,False,0,-0.03500018,0.0
2022-06-01,SPY,without_cells,emitted,1,tier4,False,0,0.00327853,0.0
2022-07-01,SPY,without_cells,emitted,1,tier2,False,0,0.06310087,0.0
2022-08-01,SPY,without_cells,emitted,1,tier2,False,0,-0.07407428,0.0
2022-09-01,SPY,without_cells,emitted,1,tier2,False,0,-0.03232538,0.0
2022-10-01,SPY,without_cells,emitted,1,tier4,False,0,0.05137815,0.0
2022-11-01,SPY,without_cells,emitted,1,tier2,False,0,-0.0013038,0.0
2022-12-01,SPY,without_cells,pulled,13,,True,1,0.01233917,0.01233917
2023-01-01,SPY,without_cells,pulled,13,,True,1,0.03005265,0.03005265
2023-02-01,SPY,without_cells,pulled,4,,True,1,-0.02723877,-0.02723877
2023-03-01,SPY,without_cells,pulled,13,,True,1,0.03852991,0.03852991
2023-04-01,SPY,without_cells,emitted,16,tier4,False,0,0.00599442,0.0
2023-05-01,SPY,without_cells,pulled,13,,True,1,0.04804422,0.04804422
2023-06-01,SPY,without_cells,emitted,16,tier2,False,0,0.03744273,0.0
2023-07-01,SPY,without_cells,pulled,25,,True,1,-0.01125021,-0.01125021
2023-08-01,SPY,without_cells,pulled,13,,True,1,-0.01082787,-0.01082787
2023-09-01,SPY,without_cells,emitted,16,tier2,False,0,-0.03168317,0.0
2023-10-01,SPY,without_cells,pulled,13,,True,1,0.04465789,0.04465789
2023-11-01,SPY,without_cells,pulled,13,,True,1,0.05044506,0.05044506
2023-12-01,SPY,without_cells,pulled,13,,True,1,0.02786787,0.02786787
2024-01-01,SPY,without_cells,pulled,13,,True,1,0.04077312,0.04077312
2024-02-01,SPY,without_cells,pulled,25,,True,1,0.03164649,0.03164649
2024-03-01,SPY,without_cells,pulled,25,,True,1,-0.01123275,-0.01123275
2024-04-01,SPY,without_cells,pulled,25,,True,1,0.02400644,0.02400644
2024-05-01,SPY,without_cells,pulled,25,,True,1,0.03436625,0.03436625
2024-06-01,SPY,without_cells,pulled,25,,True,1,0.02268898,0.02268898
2024-07-01,SPY,without_cells,pulled,25,,True,1,-0.01079631,-0.01079631
2024-08-01,SPY,without_cells,pulled,13,,True,1,0.02611178,0.02611178
2024-09-01,SPY,without_cells,pulled,13,,True,1,0.03043073,0.03043073
2024-10-01,SPY,without_cells,pulled,25,,True,1,0.02375498,0.02375498
2024-11-01,SPY,without_cells,pulled,25,,True,1,0.0136583,0.0136583
2024-12-01,SPY,without_cells,pulled,25,,True,1,-0.00522268,-0.00522268
2025-01-01,SPY,without_cells,pulled,13,,True,1,0.0098962,0.0098962
2025-02-01,SPY,without_cells,emitted,16,tier4,False,0,-0.05873901,0.0
2025-03-01,SPY,without_cells,pulled,13,,True,1,-0.05532874,-0.05532874
2025-04-01,SPY,without_cells,emitted,1,tier2,False,0,0.08220955,0.0
2025-05-01,SPY,without_cells,pulled,4,,True,1,0.03769317,0.03769317
2025-06-01,SPY,without_cells,pulled,13,,True,1,0.04420379,0.04420379
2025-07-01,SPY,without_cells,pulled,13,,True,1,0.01785935,0.01785935
2025-08-01,SPY,without_cells,pulled,13,,True,1,0.02731627,0.02731627
2025-09-01,SPY,without_cells,pulled,25,,True,1,0.02303664,0.02303664
2025-10-01,SPY,without_cells,pulled,25,,True,1,0.00077112,0.00077112
2025-11-01,SPY,without_cells,pulled,25,,True,1,0.01663575,0.01663575
2025-12-01,SPY,without_cells,pulled,25,,True,1,0.01110408,0.01110408
2026-01-01,SPY,without_cells,emitted,16,tier4,False,0,-0.0050967,0.0
2026-02-01,SPY,without_cells,pulled,13,,True,1,-0.03472497,-0.03472497
2026-03-01,SPY,without_cells,pulled,13,,True,1,0.04547182,0.04547182
2026-04-01,SPY,without_cells,abstain,-1,,False,0,0.06547986,0.0
2026-05-01,SPY,without_cells,abstain,-1,,False,0,0.00505647,0.0
2026-06-01,SPY,without_cells,abstain,-1,,False,0,0.00420216,0.0
2026-07-01,SPY,without_cells,abstain,-1,,False,0,0.01592775,0.0
2026-08-01,SPY,without_cells,abstain,-1,,False,0,,0.0
1990-01-01,Gold,without_cells,abstain,5,,False,0,0.03233831,0.0
1990-02-01,Gold,without_cells,emitted,14,tier2,False,0,-0.05301205,0.0
1990-03-01,Gold,without_cells,pulled,1,,True,1,-0.04580153,-0.04580153
1990-04-01,Gold,without_cells,abstain,13,,False,0,-0.01066667,0.0
1990-05-01,Gold,without_cells,abstain,13,,False,0,-0.05121294,0.0
1990-06-01,Gold,without_cells,abstain,13,,False,0,0.02840909,0.0
1990-07-01,Gold,without_cells,abstain,12,,False,0,0.07458564,0.0
1990-08-01,Gold,without_cells,emitted,9,tier4,False,0,-0.00257069,0.0
1990-09-01,Gold,without_cells,pulled,0,,True,-1,-0.01804124,0.01804124
1990-10-01,Gold,without_cells,pulled,0,,True,-1,0.00524934,-0.00524934
1990-11-01,Gold,without_cells,pulled,0,,True,-1,-0.0078329,0.0078329
1990-12-01,Gold,without_cells,pulled,0,,True,-1,0.00789474,-0.00789474
1991-01-01,Gold,without_cells,pulled,0,,True,-1,-0.05483029,0.05483029
1991-02-01,Gold,without_cells,pulled,0,,True,-1,0.00276243,-0.00276243
1991-03-01,Gold,without_cells,emitted,12,tier4,False,0,-0.0137741,0.0
1991-04-01,Gold,without_cells,pulled,24,,True,1,-0.0027933,-0.0027933
1991-05-01,Gold,without_cells,emitted,25,tier2,False,0,0.02521008,0.0
1991-06-01,Gold,without_cells,emitted,25,tier2,False,0,0.00546448,0.0
1991-07-01,Gold,without_cells,emitted,25,tier2,False,0,-0.0326087,0.0
1991-08-01,Gold,without_cells,emitted,25,tier4,False,0,-0.01966292,0.0
1991-09-01,Gold,without_cells,emitted,25,tier4,False,0,0.02578797,0.0
1991-10-01,Gold,without_cells,abstain,13,tier4,False,0,0.00558659,0.0
1991-11-01,Gold,without_cells,emitted,12,tier4,False,0,0.00277778,0.0
1991-12-01,Gold,without_cells,abstain,9,tier4,False,0,-0.01939058,0.0
1992-01-01,Gold,without_cells,pulled,0,,True,-1,-0.00564972,0.00564972
1992-02-01,Gold,without_cells,abstain,9,tier4,False,0,-0.02272727,0.0
1992-03-01,Gold,without_cells,abstain,12,tier2,False,0,-0.01744186,0.0
1992-04-01,Gold,without_cells,emitted,25,tier4,False,0,-0.00295858,0.0
1992-05-01,Gold,without_cells,abstain,25,tier3,False,0,0.00890208,0.0
1992-06-01,Gold,without_cells,abstain,22,,False,0,0.03823529,0.0
1992-07-01,Gold,without_cells,abstain,22,,False,0,-0.03116147,0.0
1992-08-01,Gold,without_cells,abstain,12,,False,0,0.00877193,0.0
1992-09-01,Gold,without_cells,pulled,0,,True,-1,-0.00289855,0.00289855
1992-10-01,Gold,without_cells,abstain,9,tier4,False,0,-0.02325581,0.0
1992-11-01,Gold,without_cells,abstain,21,,False,0,-0.00595238,0.0
1992-12-01,Gold,without_cells,pulled,24,,True,1,-0.01497006,-0.01497006
1993-01-01,Gold,without_cells,pulled,24,,True,1,0.0,0.0
1993-02-01,Gold,without_cells,pulled,24,,True,1,0.00303951,0.00303951
1993-03-01,Gold,without_cells,pulled,24,,True,-1,0.03636364,-0.03636364
1993-04-01,Gold,without_cells,pulled,24,,True,1,0.07309942,0.07309942
1993-05-01,Gold,without_cells,abstain,12,,False,0,0.00817439,0.0
1993-06-01,Gold,without_cells,abstain,12,,False,0,0.06216216,0.0
1993-07-01,Gold,without_cells,abstain,12,,False,0,-0.03307888,0.0
1993-08-01,Gold,without_cells,abstain,12,tier4,False,0,-0.06578947,0.0
1993-09-01,Gold,without_cells,emitted,13,tier4,False,0,0.01690141,0.0
1993-10-01,Gold,without_cells,abstain,25,tier2,False,0,0.03601108,0.0
1993-11-01,Gold,without_cells,abstain,25,tier2,False,0,0.02406417,0.0
1993-12-01,Gold,without_cells,abstain,25,tier4,False,0,0.00261097,0.0
1994-01-01,Gold,without_cells,abstain,25,tier4,False,0,-0.0078125,0.0
1994-02-01,Gold,without_cells,abstain,25,tier2,False,0,0.00787402,0.0
1994-03-01,Gold,without_cells,abstain,22,,False,0,-0.02083333,0.0
1994-04-01,Gold,without_cells,abstain,25,,False,0,0.00531915,0.0
1994-05-01,Gold,without_cells,abstain,12,tier2,False,0,0.01851852,0.0
1994-06-01,Gold,without_cells,emitted,13,tier2,False,0,0.0,0.0
1994-07-01,Gold,without_cells,abstain,10,,False,0,-0.01298701,0.0
1994-08-01,Gold,without_cells,emitted,12,tier4,False,0,0.03684211,0.0
1994-09-01,Gold,without_cells,emitted,12,tier4,False,0,-0.01015228,0.0
1994-10-01,Gold,without_cells,emitted,9,tier2,False,0,-0.01282051,0.0
1994-11-01,Gold,without_cells,emitted,9,tier2,False,0,-0.01298701,0.0
1994-12-01,Gold,without_cells,emitted,12,tier2,False,0,-0.00526316,0.0
1995-01-01,Gold,without_cells,abstain,21,,False,0,-0.0026455,0.0
1995-02-01,Gold,without_cells,emitted,12,tier4,False,0,0.01591512,0.0
1995-03-01,Gold,without_cells,abstain,12,tier4,False,0,0.02088773,0.0
1995-04-01,Gold,without_cells,emitted,9,tier4,False,0,-0.01278772,0.0
1995-05-01,Gold,without_cells,emitted,9,tier4,False,0,0.00518135,0.0
1995-06-01,Gold,without_cells,pulled,0,,True,-1,-0.00257732,0.00257732
1995-07-01,Gold,without_cells,pulled,1,,True,-1,-0.01033592,0.01033592
1995-08-01,Gold,without_cells,pulled,1,,True,-1,0.0,-0.0
1995-09-01,Gold,without_cells,emitted,13,tier2,False,0,0.0,0.0
1995-10-01,Gold,without_cells,abstain,25,,False,0,0.0078329,0.0
1995-11-01,Gold,without_cells,emitted,26,tier4,False,0,0.00518135,0.0
1995-12-01,Gold,without_cells,emitted,26,tier4,False,0,0.02835052,0.0
1996-01-01,Gold,without_cells,emitted,26,tier4,False,0,0.01253133,0.0
1996-02-01,Gold,without_cells,abstain,25,,False,0,-0.01732673,0.0
1996-03-01,Gold,without_cells,abstain,25,,False,0,-0.01259446,0.0
1996-04-01,Gold,without_cells,abstain,25,,False,0,0.00255102,0.0
1996-05-01,Gold,without_cells,emitted,25,tier2,False,0,-0.02035623,0.0
1996-06-01,Gold,without_cells,abstain,25,,False,0,-0.00519481,0.0
1996-07-01,Gold,without_cells,abstain,25,,False,0,0.01044386,0.0
1996-08-01,Gold,without_cells,emitted,13,tier2,False,0,-0.01033592,0.0
1996-09-01,Gold,without_cells,emitted,13,tier4,False,0,-0.00522193,0.0
1996-10-01,Gold,without_cells,abstain,16,,False,0,-0.00787402,0.0
1996-11-01,Gold,without_cells,emitted,13,tier2,False,0,-0.02380952,0.0
1996-12-01,Gold,without_cells,emitted,13,tier4,False,0,-0.03794038,0.0
1997-01-01,Gold,without_cells,emitted,13,tier2,False,0,-0.02535211,0.0
1997-02-01,Gold,without_cells,abstain,25,,False,0,0.01445087,0.0
1997-03-01,Gold,without_cells,abstain,25,,False,0,-0.02279202,0.0
1997-04-01,Gold,without_cells,abstain,25,,False,0,0.0,0.0
1997-05-01,Gold,without_cells,abstain,25,,False,0,-0.0058309,0.0
1997-06-01,Gold,without_cells,emitted,26,tier4,False,0,-0.04692082,0.0
1997-07-01,Gold,without_cells,emitted,26,tier4,False,0,-0.00307692,0.0
1997-08-01,Gold,without_cells,emitted,26,tier4,False,0,-0.00308642,0.0
1997-09-01,Gold,without_cells,emitted,26,tier4,False,0,0.00619195,0.0
1997-10-01,Gold,without_cells,abstain,17,,False,0,-0.05538462,0.0
1997-11-01,Gold,without_cells,emitted,14,tier4,False,0,-0.05537459,0.0
1997-12-01,Gold,without_cells,emitted,26,tier2,False,0,0.00344828,0.0
1998-01-01,Gold,without_cells,emitted,26,tier2,False,0,0.01718213,0.0
1998-02-01,Gold,without_cells,abstain,17,,False,0,-0.00337838,0.0
1998-03-01,Gold,without_cells,abstain,17,,False,0,0.0440678,0.0
1998-04-01,Gold,without_cells,emitted,26,tier4,False,0,-0.02922078,0.0
1998-05-01,Gold,without_cells,emitted,26,tier4,False,0,-0.02341137,0.0
1998-06-01,Gold,without_cells,abstain,17,,False,0,0.00684932,0.0
1998-07-01,Gold,without_cells,abstain,17,,False,0,-0.03401361,0.0
1998-08-01,Gold,without_cells,emitted,26,tier4,False,0,0.01760563,0.0
1998-09-01,Gold,without_cells,emitted,26,tier2,False,0,0.02422145,0.0
1998-10-01,Gold,without_cells,abstain,14,tier4,False,0,-0.00337838,0.0
1998-11-01,Gold,without_cells,abstain,5,,False,0,-0.01016949,0.0
1998-12-01,Gold,without_cells,abstain,5,,False,0,-0.01712329,0.0
1999-01-01,Gold,without_cells,abstain,2,tier4,False,0,0.0,0.0
1999-02-01,Gold,without_cells,emitted,2,tier2,False,0,-0.01045296,0.0
1999-03-01,Gold,without_cells,abstain,5,tier4,False,0,-0.00704225,0.0
1999-04-01,Gold,without_cells,emitted,14,tier2,False,0,-0.0177305,0.0
1999-05-01,Gold,without_cells,emitted,26,tier4,False,0,-0.05776173,0.0
1999-06-01,Gold,without_cells,abstain,17,,False,0,-0.01532567,0.0
1999-07-01,Gold,without_cells,emitted,26,tier4,False,0,0.0,0.0
1999-08-01,Gold,without_cells,abstain,17,,False,0,0.04669261,0.0
1999-09-01,Gold,without_cells,emitted,14,tier2,False,0,0.16356877,0.0
1999-10-01,Gold,without_cells,abstain,4,,False,0,-0.06389776,0.0
1999-11-01,Gold,without_cells,emitted,13,tier2,False,0,-0.03412969,0.0
1999-12-01,Gold,without_cells,emitted,13,tier2,False,0,0.00353357,0.0
2000-01-01,Gold,without_cells,pulled,1,,True,1,0.0528169,0.0528169
2000-02-01,Gold,without_cells,emitted,13,tier2,False,0,-0.04347826,0.0
2000-03-01,Gold,without_cells,abstain,16,,False,0,-0.02797203,0.0
2000-04-01,Gold,without_cells,emitted,25,tier2,False,0,-0.01079137,0.0
2000-05-01,Gold,without_cells,emitted,25,tier4,False,0,0.03636364,0.0
2000-06-01,Gold,without_cells,emitted,26,tier4,False,0,-0.01052632,0.0
2000-07-01,Gold,without_cells,emitted,25,tier4,False,0,-0.02872343,0.0
2000-08-01,Gold,without_cells,emitted,25,tier4,False,0,0.01131802,0.0
2000-09-01,Gold,without_cells,emitted,25,tier4,False,0,-0.0140794,0.0
2000-10-01,Gold,without_cells,emitted,25,tier4,False,0,-0.03368734,0.0
2000-11-01,Gold,without_cells,emitted,25,tier4,False,0,0.01818878,0.0
2000-12-01,Gold,without_cells,emitted,25,tier2,False,0,-0.00111655,0.0
2001-01-01,Gold,without_cells,emitted,25,tier2,False,0,0.0003726,0.0
2001-02-01,Gold,without_cells,emitted,13,tier4,False,0,-0.01229046,0.0
2001-03-01,Gold,without_cells,abstain,17,tier4,False,0,-0.03619912,0.0
2001-04-01,Gold,without_cells,emitted,26,tier2,False,0,0.03442875,0.0
2001-05-01,Gold,without_cells,emitted,14,tier2,False,0,0.0075643,0.0
2001-06-01,Gold,without_cells,abstain,17,tier4,False,0,0.01126126,0.0
2001-07-01,Gold,without_cells,emitted,26,tier2,False,0,-0.00742391,0.0
2001-08-01,Gold,without_cells,emitted,26,tier2,False,0,0.01570685,0.0
2001-09-01,Gold,without_cells,abstain,14,tier4,False,0,0.07584685,0.0
2001-10-01,Gold,without_cells,abstain,5,tier4,False,0,-0.04277892,0.0
2001-11-01,Gold,without_cells,abstain,14,tier4,False,0,-0.01001079,0.0
2001-12-01,Gold,without_cells,emitted,14,tier2,False,0,0.00722282,0.0
2002-01-01,Gold,without_cells,emitted,14,tier2,False,0,0.02545718,0.0
2002-02-01,Gold,without_cells,emitted,17,tier4,False,0,0.04195804,0.0
2002-03-01,Gold,without_cells,emitted,26,tier4,False,0,0.01744971,0.0
2002-04-01,Gold,without_cells,abstain,17,tier2,False,0,0.01945908,0.0
2002-05-01,Gold,without_cells,abstain,14,tier4,False,0,0.05693952,0.0
2002-06-01,Gold,without_cells,emitted,5,tier4,False,0,-0.03887362,0.0
2002-07-01,Gold,without_cells,pulled,1,,True,1,-0.03184713,-0.03184713
2002-08-01,Gold,without_cells,pulled,1,,True,1,0.03092103,0.03092103
2002-09-01,Gold,without_cells,pulled,1,,True,1,0.02393108,0.02393108
2002-10-01,Gold,without_cells,pulled,1,,True,1,-0.00654411,-0.00654411
2002-11-01,Gold,without_cells,pulled,1,,True,1,-0.00376406,-0.00376406
2002-12-01,Gold,without_cells,abstain,14,tier2,False,0,0.08973551,0.0
2003-01-01,Gold,without_cells,abstain,5,tier4,False,0,0.0713666,0.0
2003-02-01,Gold,without_cells,emitted,2,tier4,False,0,-0.05825236,0.0
2003-03-01,Gold,without_cells,emitted,2,tier4,False,0,-0.04266903,0.0
2003-04-01,Gold,without_cells,emitted,2,tier4,False,0,0.02333239,0.0
2003-05-01,Gold,without_cells,pulled,1,,True,1,0.06986259,0.06986259
2003-06-01,Gold,without_cells,emitted,2,tier2,False,0,-0.03989073,0.0
2003-07-01,Gold,without_cells,emitted,2,tier2,False,0,-0.01508249,0.0
2003-08-01,Gold,without_cells,abstain,5,tier2,False,0,0.07830109,0.0
2003-09-01,Gold,without_cells,abstain,5,tier2,False,0,0.0297427,0.0
2003-10-01,Gold,without_cells,emitted,2,tier4,False,0,-0.01899555,0.0
2003-11-01,Gold,without_cells,abstain,5,tier4,False,0,0.06816979,0.0
2003-12-01,Gold,without_cells,pulled,1,,True,1,0.05388622,0.05388622
2004-01-01,Gold,without_cells,pulled,1,,True,1,-0.06055604,-0.06055604
2004-02-01,Gold,without_cells,pulled,0,,True,-1,0.00150483,-0.00150483
2004-03-01,Gold,without_cells,pulled,0,,True,-1,0.07137491,-0.07137491
2004-04-01,Gold,without_cells,emitted,9,tier2,False,0,-0.09537164,0.0
2004-05-01,Gold,without_cells,abstain,13,tier2,False,0,0.01963826,0.0
2004-06-01,Gold,without_cells,abstain,13,tier2,False,0,0.00354788,0.0
2004-07-01,Gold,without_cells,abstain,16,,False,0,-0.01085856,0.0
2004-08-01,Gold,without_cells,abstain,16,,False,0,0.0436558,0.0
2004-09-01,Gold,without_cells,emitted,13,tier4,False,0,0.0261742,0.0
2004-10-01,Gold,without_cells,emitted,13,tier4,False,0,0.01859353,0.0
2004-11-01,Gold,without_cells,pulled,1,,True,1,0.0624854,0.0624854
2004-12-01,Gold,without_cells,pulled,1,,True,1,-0.05572685,-0.05572685
2005-01-01,Gold,without_cells,pulled,1,,True,1,-0.01842786,-0.01842786
2005-02-01,Gold,without_cells,pulled,1,,True,1,0.02875477,0.02875477
2005-03-01,Gold,without_cells,pulled,1,,True,1,-0.01617002,-0.01617002
2005-04-01,Gold,without_cells,abstain,10,,False,0,0.0084527,0.0
2005-05-01,Gold,without_cells,abstain,12,tier2,False,0,-0.03306173,0.0
2005-06-01,Gold,without_cells,pulled,24,,True,-1,0.03009872,-0.03009872
2005-07-01,Gold,without_cells,abstain,25,tier4,False,0,0.00958393,0.0
2005-08-01,Gold,without_cells,abstain,25,tier4,False,0,0.02407963,0.0
2005-09-01,Gold,without_cells,abstain,25,tier4,False,0,0.05380967,0.0
2005-10-01,Gold,without_cells,abstain,25,tier4,False,0,-0.01566191,0.0
2005-11-01,Gold,without_cells,pulled,24,,True,1,0.0952485,0.0952485
2005-12-01,Gold,without_cells,abstain,22,,False,0,0.05611943,0.0
2006-01-01,Gold,without_cells,emitted,13,tier3,False,0,0.07292258,0.0
2006-02-01,Gold,without_cells,emitted,13,tier3,False,0,-0.01036183,0.0
2006-03-01,Gold,without_cells,emitted,13,tier3,False,0,0.04596278,0.0
2006-04-01,Gold,without_cells,emitted,13,tier3,False,0,0.11554118,0.0
2006-05-01,Gold,without_cells,abstain,4,,False,0,-0.04547532,0.0
2006-06-01,Gold,without_cells,pulled,1,,True,1,-0.00047799,-0.00047799
2006-07-01,Gold,without_cells,pulled,1,,True,1,0.03028854,0.03028854
2006-08-01,Gold,without_cells,emitted,13,tier3,False,0,-0.03388514,0.0
2006-09-01,Gold,without_cells,pulled,1,,True,1,-0.04276107,-0.04276107
2006-10-01,Gold,without_cells,pulled,1,,True,1,0.03162115,0.03162115
2006-11-01,Gold,without_cells,emitted,13,tier4,False,0,0.04557256,0.0
2006-12-01,Gold,without_cells,emitted,14,tier2,False,0,-0.01473554,0.0
2007-01-01,Gold,without_cells,emitted,14,tier2,False,0,0.03494964,0.0
2007-02-01,Gold,without_cells,abstain,17,tier4,False,0,0.00745355,0.0
2007-03-01,Gold,without_cells,abstain,17,tier4,False,0,0.00513366,0.0
2007-04-01,Gold,without_cells,abstain,14,tier2,False,0,0.01306897,0.0
2007-05-01,Gold,without_cells,abstain,4,,False,0,-0.00474498,0.0
2007-06-01,Gold,without_cells,emitted,13,tier2,False,0,-0.02190109,0.0
2007-07-01,Gold,without_cells,pulled,1,,True,1,0.01081489,0.01081489
2007-08-01,Gold,without_cells,pulled,1,,True,1,0.02848105,0.02848105
2007-09-01,Gold,without_cells,pulled,1,,True,1,0.09479855,0.09479855
2007-10-01,Gold,without_cells,emitted,2,tier4,False,0,0.05821734,0.0
2007-11-01,Gold,without_cells,pulled,1,,True,1,-0.00303532,-0.00303532
2007-12-01,Gold,without_cells,pulled,1,,True,1,0.08714958,0.08714958
2008-01-01,Gold,without_cells,pulled,1,,True,1,0.06032674,0.06032674
2008-02-01,Gold,without_cells,pulled,1,,True,1,0.08011443,0.08011443
2008-03-01,Gold,without_cells,pulled,1,,True,1,-0.10045846,-0.10045846
2008-04-01,Gold,without_cells,pulled,1,,True,1,-0.03850946,-0.03850946
2008-05-01,Gold,without_cells,emitted,13,tier4,False,0,0.05183178,0.0
2008-06-01,Gold,without_cells,pulled,1,,True,1,0.0555493,0.0555493
2008-07-01,Gold,without_cells,pulled,1,,True,1,-0.03554377,-0.03554377
2008-08-01,Gold,without_cells,emitted,13,tier4,False,0,-0.11441144,0.0
2008-09-01,Gold,without_cells,abstain,25,tier4,False,0,0.09403728,0.0
2008-10-01,Gold,without_cells,pulled,24,,True,1,-0.17633699,-0.17633699
2008-11-01,Gold,without_cells,abstain,25,,False,0,0.06782458,0.0
2008-12-01,Gold,without_cells,emitted,26,tier2,False,0,0.13452106,0.0
2009-01-01,Gold,without_cells,emitted,26,tier2,False,0,0.03174787,0.0
2009-02-01,Gold,without_cells,emitted,26,tier2,False,0,0.03562368,0.0
2009-03-01,Gold,without_cells,emitted,26,tier2,False,0,-0.01373805,0.0
2009-04-01,Gold,without_cells,emitted,26,tier2,False,0,-0.04157219,0.0
2009-05-01,Gold,without_cells,abstain,8,,False,0,0.10252366,0.0
2009-06-01,Gold,without_cells,emitted,2,tier4,False,0,-0.03842221,0.0
2009-07-01,Gold,without_cells,abstain,5,tier4,False,0,0.01657808,0.0
2009-08-01,Gold,without_cells,pulled,1,,True,1,-0.00198616,-0.00198616
2009-09-01,Gold,without_cells,pulled,1,,True,1,0.04692572,0.04692572
2009-10-01,Gold,without_cells,pulled,1,,True,1,0.05392699,0.05392699
2009-11-01,Gold,without_cells,pulled,0,,True,-1,0.13831398,-0.13831398
2009-12-01,Gold,without_cells,pulled,0,,True,-1,-0.06788427,0.06788427
2010-01-01,Gold,without_cells,emitted,9,tier2,False,0,-0.01198882,0.0
2010-02-01,Gold,without_cells,abstain,21,,False,0,0.01222494,0.0
2010-03-01,Gold,without_cells,abstain,21,,False,0,0.00653062,0.0
2010-04-01,Gold,without_cells,pulled,24,,True,-1,0.05119543,-0.05119543
2010-05-01,Gold,without_cells,abstain,25,,False,0,0.0355966,0.0
2010-06-01,Gold,without_cells,emitted,25,tier4,False,0,-0.01510451,0.0
2010-07-01,Gold,without_cells,emitted,25,tier4,False,0,-0.01898369,0.0
2010-08-01,Gold,without_cells,emitted,13,tier2,False,0,0.05315195,0.0
2010-09-01,Gold,without_cells,abstain,16,,False,0,0.05600572,0.0
2010-10-01,Gold,without_cells,emitted,13,tier3,False,0,0.02590987,0.0
2010-11-01,Gold,without_cells,pulled,1,,True,1,0.02747748,0.02747748
2010-12-01,Gold,without_cells,pulled,1,,True,1,0.02544506,0.02544506
2011-01-01,Gold,without_cells,pulled,1,,True,1,-0.05834388,-0.05834388
2011-02-01,Gold,without_cells,pulled,1,,True,1,0.06800536,0.06800536
2011-03-01,Gold,without_cells,pulled,1,,True,1,-0.00181728,-0.00181728
2011-04-01,Gold,without_cells,emitted,13,tier3,False,0,0.0900497,0.0
2011-05-01,Gold,without_cells,pulled,1,,True,1,-0.00918605,-0.00918605
2011-06-01,Gold,without_cells,pulled,1,,True,1,-0.03896523,-0.03896523
2011-07-01,Gold,without_cells,pulled,1,,True,1,0.09222151,0.09222151
2011-08-01,Gold,without_cells,emitted,2,tier2,False,0,0.1278567,0.0
2011-09-01,Gold,without_cells,abstain,5,tier2,False,0,-0.09309967,0.0
2011-10-01,Gold,without_cells,abstain,17,tier4,False,0,0.03321256,0.0
2011-11-01,Gold,without_cells,abstain,17,tier2,False,0,0.01420225,0.0
2011-12-01,Gold,without_cells,abstain,17,,False,0,-0.07814216,0.0
2012-01-01,Gold,without_cells,abstain,26,,False,0,0.09214229,0.0
2012-02-01,Gold,without_cells,abstain,26,,False,0,-0.0148818,0.0
2012-03-01,Gold,without_cells,emitted,26,tier2,False,0,-0.02533262,0.0
2012-04-01,Gold,without_cells,emitted,13,tier2,False,0,-0.00941881,0.0
2012-05-01,Gold,without_cells,emitted,13,tier2,False,0,-0.02479386,0.0
2012-06-01,Gold,without_cells,emitted,26,tier2,False,0,-0.01437831,0.0
2012-07-01,Gold,without_cells,emitted,26,tier4,False,0,0.00406962,0.0
2012-08-01,Gold,without_cells,emitted,26,tier4,False,0,0.05562142,0.0
2012-09-01,Gold,without_cells,abstain,17,tier2,False,0,0.05174551,0.0
2012-10-01,Gold,without_cells,abstain,14,tier4,False,0,-0.03729291,0.0
2012-11-01,Gold,without_cells,emitted,14,tier2,False,0,0.00320868,0.0
2012-12-01,Gold,without_cells,emitted,5,tier2,False,0,-0.01843449,0.0
2013-01-01,Gold,without_cells,emitted,14,tier2,False,0,-0.01096036,0.0
2013-02-01,Gold,without_cells,emitted,5,tier2,False,0,-0.05840422,0.0
2013-03-01,Gold,without_cells,abstain,17,tier2,False,0,0.01787644,0.0
2013-04-01,Gold,without_cells,abstain,26,tier4,False,0,-0.09606247,0.0
2013-05-01,Gold,without_cells,abstain,26,tier4,False,0,-0.02392318,0.0
2013-06-01,Gold,without_cells,abstain,26,tier4,False,0,-0.11036334,0.0
2013-07-01,Gold,without_cells,abstain,26,tier4,False,0,0.0438729,0.0
2013-08-01,Gold,without_cells,emitted,25,tier4,False,0,0.07704043,0.0
2013-09-01,Gold,without_cells,abstain,16,,False,0,-0.08923513,0.0
2013-10-01,Gold,without_cells,emitted,14,tier4,False,0,0.02107308,0.0
2013-11-01,Gold,without_cells,emitted,13,tier3,False,0,-0.06914929,0.0
2013-12-01,Gold,without_cells,emitted,14,tier2,False,0,0.00220891,0.0
2014-01-01,Gold,without_cells,emitted,14,tier4,False,0,0.02889798,0.0
2014-02-01,Gold,without_cells,emitted,14,tier2,False,0,0.07116784,0.0
2014-03-01,Gold,without_cells,emitted,14,tier4,False,0,-0.05221836,0.0
2014-04-01,Gold,without_cells,abstain,17,tier4,False,0,0.00273523,0.0
2014-05-01,Gold,without_cells,emitted,14,tier4,False,0,-0.0307069,0.0
2014-06-01,Gold,without_cells,abstain,13,tier4,False,0,0.0664952,0.0
2014-07-01,Gold,without_cells,emitted,13,tier3,False,0,-0.02472863,0.0
2014-08-01,Gold,without_cells,emitted,13,tier2,False,0,-0.02311381,0.0
2014-09-01,Gold,without_cells,abstain,16,,False,0,-0.03885414,0.0
2014-10-01,Gold,without_cells,emitted,25,tier4,False,0,-0.03721386,0.0
2014-11-01,Gold,without_cells,emitted,25,tier4,False,0,0.04155975,0.0
2014-12-01,Gold,without_cells,emitted,26,tier4,False,0,-0.02627258,0.0
2015-01-01,Gold,without_cells,emitted,26,tier4,False,0,0.07605392,0.0
2015-02-01,Gold,without_cells,emitted,26,tier4,False,0,-0.05367497,0.0
2015-03-01,Gold,without_cells,abstain,26,tier3,False,0,0.00033123,0.0
2015-04-01,Gold,without_cells,emitted,26,tier4,False,0,-0.02781225,0.0
2015-05-01,Gold,without_cells,emitted,26,tier2,False,0,0.01174972,0.0
2015-06-01,Gold,without_cells,emitted,26,tier2,False,0,-0.01624173,0.0
2015-07-01,Gold,without_cells,emitted,26,tier2,False,0,-0.06809237,0.0
2015-08-01,Gold,without_cells,emitted,25,tier4,False,0,0.0452542,0.0
2015-09-01,Gold,without_cells,emitted,13,tier2,False,0,-0.02151576,0.0
2015-10-01,Gold,without_cells,emitted,13,tier2,False,0,0.0193862,0.0
2015-11-01,Gold,without_cells,emitted,25,tier4,False,0,-0.06339144,0.0
2015-12-01,Gold,without_cells,emitted,25,tier4,False,0,0.01062223,0.0
2016-01-01,Gold,without_cells,abstain,26,tier4,False,0,0.04911176,0.0
2016-02-01,Gold,without_cells,abstain,26,tier4,False,0,0.09078821,0.0
2016-03-01,Gold,without_cells,emitted,17,tier4,False,0,-0.00658384,0.0
2016-04-01,Gold,without_cells,emitted,14,tier2,False,0,0.05931926,0.0
2016-05-01,Gold,without_cells,emitted,2,tier2,False,0,-0.06395299,0.0
2016-06-01,Gold,without_cells,abstain,5,tier4,False,0,0.10297873,0.0
2016-07-01,Gold,without_cells,emitted,2,tier2,False,0,0.01099729,0.0
2016-08-01,Gold,without_cells,emitted,2,tier2,False,0,-0.02900701,0.0
2016-09-01,Gold,without_cells,abstain,4,,False,0,-0.00243862,0.0
2016-10-01,Gold,without_cells,emitted,13,tier3,False,0,-0.01726507,0.0
2016-11-01,Gold,without_cells,emitted,25,tier3,False,0,-0.0928949,0.0
2016-12-01,Gold,without_cells,emitted,25,tier3,False,0,-0.00557031,0.0
2017-01-01,Gold,without_cells,abstain,25,tier4,False,0,0.03895204,0.0
2017-02-01,Gold,without_cells,emitted,25,tier4,False,0,0.03591577,0.0
2017-03-01,Gold,without_cells,emitted,25,tier4,False,0,0.00152136,0.0
2017-04-01,Gold,without_cells,emitted,25,tier4,False,0,0.00199872,0.0
2017-05-01,Gold,without_cells,emitted,13,tier3,False,0,0.0109311,0.0
2017-06-01,Gold,without_cells,emitted,13,tier3,False,0,-0.03875294,0.0
2017-07-01,Gold,without_cells,pulled,1,,True,1,0.04491333,0.04491333
2017-08-01,Gold,without_cells,pulled,1,,True,1,0.04078267,0.04078267
2017-09-01,Gold,without_cells,pulled,1,,True,1,-0.03910913,-0.03910913
2017-10-01,Gold,without_cells,pulled,1,,True,1,0.00110004,0.00110004
2017-11-01,Gold,without_cells,pulled,1,,True,1,0.00368894,0.00368894
2017-12-01,Gold,without_cells,pulled,1,,True,1,0.02729113,0.02729113
2018-01-01,Gold,without_cells,pulled,1,,True,1,0.02329306,0.02329306
2018-02-01,Gold,without_cells,pulled,1,,True,1,-0.03079671,-0.03079671
2018-03-01,Gold,without_cells,abstain,12,,False,0,0.03008669,0.0
2018-04-01,Gold,without_cells,abstain,12,,False,0,-0.02853731,0.0
2018-05-01,Gold,without_cells,emitted,13,tier2,False,0,-0.0069029,0.0
2018-06-01,Gold,without_cells,abstain,22,,False,0,-0.0424776,0.0
2018-07-01,Gold,without_cells,abstain,25,,False,0,-0.01766416,0.0
2018-08-01,Gold,without_cells,abstain,25,,False,0,-0.02069141,0.0
2018-09-01,Gold,without_cells,abstain,25,,False,0,-0.00469521,0.0
2018-10-01,Gold,without_cells,abstain,25,,False,0,0.04119284,0.0
2018-11-01,Gold,without_cells,abstain,25,,False,0,-0.00169901,0.0
2018-12-01,Gold,without_cells,abstain,25,,False,0,0.03817163,0.0
2019-01-01,Gold,without_cells,abstain,25,,False,0,0.028025,0.0
2019-02-01,Gold,without_cells,emitted,13,tier1,False,0,-0.01556686,0.0
2019-03-01,Gold,without_cells,emitted,13,tier4,False,0,-0.00617093,0.0
2019-04-01,Gold,without_cells,emitted,25,tier2,False,0,-0.0054331,0.0
2019-05-01,Gold,without_cells,emitted,13,tier2,False,0,0.03223032,0.0
2019-06-01,Gold,without_cells,emitted,13,tier2,False,0,0.04755427,0.0
2019-07-01,Gold,without_cells,emitted,13,tier2,False,0,0.02547636,0.0
2019-08-01,Gold,without_cells,emitted,25,tier2,False,0,0.08797241,0.0
2019-09-01,Gold,without_cells,emitted,13,tier2,False,0,-0.04133516,0.0
2019-10-01,Gold,without_cells,emitted,13,tier2,False,0,0.01754386,0.0
2019-11-01,Gold,without_cells,emitted,14,tier4,False,0,-0.03030501,0.0
2019-12-01,Gold,without_cells,emitted,14,tier4,False,0,0.0425357,0.0
2020-01-01,Gold,without_cells,emitted,17,tier2,False,0,0.03456868,0.0
2020-02-01,Gold,without_cells,emitted,14,tier2,False,0,0.00957399,0.0
2020-03-01,Gold,without_cells,emitted,14,tier2,False,0,-0.00885518,0.0
2020-04-01,Gold,without_cells,emitted,25,tier2,False,0,0.07369158,0.0
2020-05-01,Gold,without_cells,emitted,26,tier2,False,0,0.02555329,0.0
2020-06-01,Gold,without_cells,abstain,8,,False,0,0.02037053,0.0
2020-07-01,Gold,without_cells,abstain,8,,False,0,0.10873001,0.0
2020-08-01,Gold,without_cells,abstain,8,,False,0,0.001119,0.0
2020-09-01,Gold,without_cells,emitted,5,tier2,False,0,-0.03038305,0.0
2020-10-01,Gold,without_cells,emitted,2,tier4,False,0,-0.00943198,0.0
2020-11-01,Gold,without_cells,emitted,2,tier4,False,0,-0.04036185,0.0
2020-12-01,Gold,without_cells,emitted,2,tier4,False,0,0.07199161,0.0
2021-01-01,Gold,without_cells,emitted,2,tier4,False,0,-0.04314285,0.0
2021-02-01,Gold,without_cells,emitted,2,tier4,False,0,-0.0743229,0.0
2021-03-01,Gold,without_cells,emitted,5,tier2,False,0,0.00232221,0.0
2021-04-01,Gold,without_cells,emitted,5,tier2,False,0,0.03759052,0.0
2021-05-01,Gold,without_cells,abstain,2,tier2,False,0,0.06224182,0.0
2021-06-01,Gold,without_cells,abstain,5,tier2,False,0,-0.06674024,0.0
2021-07-01,Gold,without_cells,emitted,14,tier4,False,0,0.02376257,0.0
2021-08-01,Gold,without_cells,abstain,5,tier2,False,0,-0.00275012,0.0
2021-09-01,Gold,without_cells,emitted,14,tier2,False,0,-0.03094147,0.0
2021-10-01,Gold,without_cells,abstain,13,,False,0,0.02168468,0.0
2021-11-01,Gold,without_cells,abstain,13,,False,0,-0.00752047,0.0
2021-12-01,Gold,without_cells,emitted,25,tier4,False,0,0.00999105,0.0
2022-01-01,Gold,without_cells,abstain,13,,False,0,0.00050018,0.0
2022-02-01,Gold,without_cells,abstain,13,,False,0,0.07893127,0.0
2022-03-01,Gold,without_cells,abstain,13,,False,0,-0.01199549,0.0
2022-04-01,Gold,without_cells,emitted,12,tier2,False,0,-0.02985771,0.0
2022-05-01,Gold,without_cells,abstain,21,,False,0,-0.00993662,0.0
2022-06-01,Gold,without_cells,abstain,21,,False,0,-0.02408725,0.0
2022-07-01,Gold,without_cells,abstain,21,,False,0,-0.01662128,0.0
2022-08-01,Gold,without_cells,abstain,21,,False,0,-0.04092709,0.0
2022-09-01,Gold,without_cells,pulled,24,,True,1,-0.0021808,-0.0021808
2022-10-01,Gold,without_cells,pulled,24,,True,1,-0.02829466,-0.02829466
2022-11-01,Gold,without_cells,pulled,24,,True,1,0.0948936,0.0948936
2022-12-01,Gold,without_cells,abstain,21,,False,0,0.02143133,0.0
2023-01-01,Gold,without_cells,abstain,21,,False,0,0.0478883,0.0
2023-02-01,Gold,without_cells,abstain,12,,False,0,-0.04673726,0.0
2023-03-01,Gold,without_cells,emitted,9,tier4,False,0,0.07955601,0.0
2023-04-01,Gold,without_cells,emitted,9,tier4,False,0,-0.00025203,0.0
2023-05-01,Gold,without_cells,emitted,9,tier4,False,0,-0.00272261,0.0
2023-06-01,Gold,without_cells,emitted,21,tier2,False,0,-0.02846312,0.0
2023-07-01,Gold,without_cells,emitted,21,tier2,False,0,0.00988708,0.0
2023-08-01,Gold,without_cells,emitted,21,tier2,False,0,-0.0004637,0.0
2023-09-01,Gold,without_cells,abstain,21,,False,0,-0.0566038,0.0
2023-10-01,Gold,without_cells,pulled,24,,True,1,0.0813115,0.0813115
2023-11-01,Gold,without_cells,pulled,24,,True,1,0.04659387,0.04659387
2023-12-01,Gold,without_cells,abstain,21,tier2,False,0,-0.00318691,0.0
2024-01-01,Gold,without_cells,abstain,21,tier2,False,0,-0.00552214,0.0
2024-02-01,Gold,without_cells,abstain,21,tier4,False,0,0.01651237,0.0
2024-03-01,Gold,without_cells,abstain,21,tier4,False,0,0.07168532,0.0
2024-04-01,Gold,without_cells,emitted,12,tier3,False,0,0.02834782,0.0
2024-05-01,Gold,without_cells,emitted,12,tier3,False,0,0.02030532,0.0
2024-06-01,Gold,without_cells,emitted,21,tier2,False,0,-0.00809682,0.0
2024-07-01,Gold,without_cells,pulled,24,,True,1,0.0461419,0.0461419
2024-08-01,Gold,without_cells,abstain,25,,False,0,0.02254616,0.0
2024-09-01,Gold,without_cells,abstain,22,,False,0,0.0712479,0.0
2024-10-01,Gold,without_cells,abstain,13,,False,0,0.02673117,0.0
2024-11-01,Gold,without_cells,abstain,22,,False,0,-0.03786613,0.0
2024-12-01,Gold,without_cells,abstain,25,,False,0,0.00910851,0.0
2025-01-01,Gold,without_cells,abstain,25,,False,0,0.06581669,0.0
2025-02-01,Gold,without_cells,abstain,25,,False,0,0.01986663,0.0
2025-03-01,Gold,without_cells,abstain,25,,False,0,0.07912946,0.0
2025-04-01,Gold,without_cells,abstain,25,,False,0,0.02920905,0.0
2025-05-01,Gold,without_cells,abstain,13,,False,0,0.05003118,0.0
2025-06-01,Gold,without_cells,pulled,1,,True,1,-0.0100576,-0.0100576
2025-07-01,Gold,without_cells,pulled,1,,True,1,0.00329667,0.00329667
2025-08-01,Gold,without_cells,pulled,1,,True,1,0.06025031,0.06025031
2025-09-01,Gold,without_cells,pulled,1,,True,1,0.08962081,0.08962081
2025-10-01,Gold,without_cells,pulled,1,,True,1,0.03433744,0.03433744
2025-11-01,Gold,without_cells,abstain,13,,False,0,0.07851907,0.0
2026-01-01,Gold,without_cells,abstain,13,,False,0,0.07141204,0.0
2026-02-01,Gold,without_cells,abstain,13,,False,0,0.14535422,0.0
2026-03-01,Gold,without_cells,abstain,13,,False,0,-0.0965548,0.0
2026-04-01,Gold,without_cells,abstain,13,,False,0,-0.03204973,0.0
2026-05-01,Gold,without_cells,abstain,13,,False,0,-0.03341319,0.0
2026-06-01,Gold,without_cells,abstain,13,,False,0,-0.09092334,0.0
2026-07-01,Gold,without_cells,abstain,13,,False,0,0.0963302,0.0
2026-08-01,Gold,without_cells,abstain,13,,False,0,,0.0
2000-08-01,Silver,without_cells,abstain,-1,,False,0,0.01501022,0.0
2000-09-01,Silver,without_cells,abstain,-1,,False,0,-0.01958434,0.0
2000-10-01,Silver,without_cells,abstain,-1,,False,0,-0.02690582,0.0
2000-11-01,Silver,without_cells,abstain,-1,,False,0,-0.02806877,0.0
2000-12-01,Silver,without_cells,abstain,-1,,False,0,-0.02047409,0.0
2001-01-01,Silver,without_cells,abstain,-1,,False,0,0.05390536,0.0
2001-02-01,Silver,without_cells,abstain,-1,,False,0,-0.08246346,0.0
2001-03-01,Silver,without_cells,abstain,-1,,False,0,-0.02207056,0.0
2001-04-01,Silver,without_cells,abstain,-1,,False,0,0.01209866,0.0
2001-05-01,Silver,without_cells,abstain,-1,,False,0,0.01356322,0.0
2001-06-01,Silver,without_cells,abstain,-1,,False,0,-0.02993876,0.0
2001-07-01,Silver,without_cells,abstain,-1,,False,0,-0.01402851,0.0
2001-08-01,Silver,without_cells,abstain,-1,,False,0,-0.01778511,0.0
2001-09-01,Silver,without_cells,abstain,-1,,False,0,0.11999027,0.0
2001-10-01,Silver,without_cells,abstain,-1,,False,0,-0.09549469,0.0
2001-11-01,Silver,without_cells,abstain,-1,,False,0,0.00095322,0.0
2001-12-01,Silver,without_cells,abstain,-1,,False,0,0.0776191,0.0
2002-01-01,Silver,without_cells,abstain,-1,,False,0,-0.048608,0.0
2002-02-01,Silver,without_cells,abstain,-1,,False,0,0.05643278,0.0
2002-03-01,Silver,without_cells,abstain,-1,,False,0,0.0312157,0.0
2002-04-01,Silver,without_cells,abstain,-1,,False,0,-0.03453425,0.0
2002-05-01,Silver,without_cells,abstain,-1,,False,0,0.11901083,0.0
2002-06-01,Silver,without_cells,abstain,-1,,False,0,-0.03966056,0.0
2002-07-01,Silver,without_cells,abstain,-1,,False,0,-0.0589686,0.0
2002-08-01,Silver,without_cells,abstain,-1,,False,0,-0.0275109,0.0
2002-09-01,Silver,without_cells,abstain,-1,,False,0,0.00359223,0.0
2002-10-01,Silver,without_cells,abstain,-1,,False,0,0.00313208,0.0
2002-11-01,Silver,without_cells,abstain,-1,,False,0,-0.013827,0.0
2002-12-01,Silver,without_cells,abstain,-1,,False,0,0.08819536,0.0
2003-01-01,Silver,without_cells,abstain,-1,,False,0,0.00332508,0.0
2003-02-01,Silver,without_cells,abstain,-1,,False,0,-0.03541839,0.0
2003-03-01,Silver,without_cells,abstain,-1,,False,0,-0.04809963,0.0
2003-04-01,Silver,without_cells,abstain,-1,,False,0,0.07399054,0.0
2003-05-01,Silver,without_cells,abstain,-1,,False,0,-0.05461042,0.0
2003-06-01,Silver,without_cells,abstain,-1,,False,0,0.01621861,0.0
2003-07-01,Silver,without_cells,abstain,-1,,False,0,0.11346744,0.0
2003-08-01,Silver,without_cells,abstain,-1,,False,0,-0.02061654,0.0
2003-09-01,Silver,without_cells,abstain,-1,,False,0,0.02245389,0.0
2003-10-01,Silver,without_cells,abstain,-1,,False,0,-0.03509802,0.0
2003-11-01,Silver,without_cells,abstain,-1,,False,0,0.10648246,0.0
2003-12-01,Silver,without_cells,abstain,-1,,False,0,0.14471985,0.0
2004-01-01,Silver,without_cells,abstain,-1,,False,0,-0.0309642,0.0
2004-02-01,Silver,without_cells,abstain,-1,,False,0,0.14701987,0.0
2004-03-01,Silver,without_cells,abstain,-1,,False,0,0.17479792,0.0
2004-04-01,Silver,without_cells,abstain,-1,,False,0,-0.26084288,0.0
2004-05-01,Silver,without_cells,abstain,-1,,False,0,0.00565166,0.0
2004-06-01,Silver,without_cells,abstain,-1,,False,0,-0.0190083,0.0
2004-07-01,Silver,without_cells,abstain,-1,,False,0,0.11373213,0.0
2004-08-01,Silver,without_cells,abstain,-1,,False,0,0.02768534,0.0
2004-09-01,Silver,without_cells,abstain,-1,,False,0,0.01840129,0.0
2004-10-01,Silver,without_cells,abstain,-1,,False,0,0.05767558,0.0
2004-11-01,Silver,without_cells,abstain,-1,,False,0,0.09689765,0.0
2004-12-01,Silver,without_cells,abstain,-1,,False,0,-0.19299773,0.0
2005-01-01,Silver,without_cells,abstain,-1,,False,0,0.0375173,0.0
2005-02-01,Silver,without_cells,abstain,-1,,False,0,0.07574409,0.0
2005-03-01,Silver,without_cells,abstain,-1,,False,0,-0.03306132,0.0
2005-04-01,Silver,without_cells,abstain,-1,,False,0,-0.02145917,0.0
2005-05-01,Silver,without_cells,abstain,-1,,False,0,0.09766078,0.0
2005-06-01,Silver,without_cells,abstain,-1,,False,0,-0.08750667,0.0
2005-07-01,Silver,without_cells,abstain,-1,,False,0,0.06276461,0.0
2005-08-01,Silver,without_cells,abstain,-1,,False,0,-0.0432633,0.0
2005-09-01,Silver,without_cells,abstain,-1,,False,0,0.06273325,0.0
2005-10-01,Silver,without_cells,abstain,-1,,False,0,0.00526814,0.0
2005-11-01,Silver,without_cells,abstain,-1,,False,0,0.14203167,0.0
2005-12-01,Silver,without_cells,abstain,-1,,False,0,0.06918465,0.0
2006-01-01,Silver,without_cells,abstain,-1,,False,0,0.07406188,0.0
2006-02-01,Silver,without_cells,abstain,-1,,False,0,-0.00512297,0.0
2006-03-01,Silver,without_cells,abstain,-1,,False,0,0.207312,0.0
2006-04-01,Silver,without_cells,abstain,-1,,False,0,0.18160887,0.0
2006-05-01,Silver,without_cells,abstain,-1,,False,0,-0.14452785,0.0
2006-06-01,Silver,without_cells,abstain,-1,,False,0,-0.0858228,0.0
2006-07-01,Silver,without_cells,abstain,5,,False,0,0.07957163,0.0
2006-08-01,Silver,without_cells,pulled,8,,True,1,0.109021,0.109021
2006-09-01,Silver,without_cells,abstain,17,,False,0,-0.10948343,0.0
2006-10-01,Silver,without_cells,pulled,8,,True,1,0.0750649,0.0750649
2006-11-01,Silver,without_cells,abstain,13,,False,0,0.1279697,0.0
2006-12-01,Silver,without_cells,abstain,13,,False,0,-0.08482077,0.0
2007-01-01,Silver,without_cells,abstain,13,,False,0,0.06662507,0.0
2007-02-01,Silver,without_cells,abstain,21,,False,0,-0.01038621,0.0
2007-03-01,Silver,without_cells,abstain,21,,False,0,-0.01751659,0.0
2007-04-01,Silver,without_cells,abstain,24,,False,0,-0.00361095,0.0
2007-05-01,Silver,without_cells,abstain,13,,False,0,0.03291807,0.0
2007-06-01,Silver,without_cells,pulled,8,,True,1,-0.07740662,-0.07740662
2007-07-01,Silver,without_cells,pulled,8,,True,1,0.0210743,0.0210743
2007-08-01,Silver,without_cells,pulled,16,,True,1,-0.04709803,-0.04709803
2007-09-01,Silver,without_cells,pulled,16,,True,1,0.1179057,0.1179057
2007-10-01,Silver,without_cells,pulled,16,,True,1,0.03940566,0.03940566
2007-11-01,Silver,without_cells,abstain,21,,False,0,-0.01815002,0.0
2007-12-01,Silver,without_cells,abstain,21,,False,0,0.08250661,0.0
2008-01-01,Silver,without_cells,abstain,21,,False,0,0.10925032,0.0
2008-02-01,Silver,without_cells,abstain,21,,False,0,0.19311702,0.0
2008-03-01,Silver,without_cells,abstain,21,,False,0,-0.16031487,0.0
2008-04-01,Silver,without_cells,abstain,21,,False,0,-0.04354787,0.0
2008-05-01,Silver,without_cells,pulled,18,,True,1,0.04670928,0.04670928
2008-06-01,Silver,without_cells,abstain,9,,False,0,0.07858244,0.0
2008-07-01,Silver,without_cells,abstain,9,,False,0,-0.03950549,0.0
2008-08-01,Silver,without_cells,abstain,10,,False,0,-0.25347523,0.0
2008-09-01,Silver,without_cells,abstain,9,,False,0,-0.02528735,0.0
2008-10-01,Silver,without_cells,abstain,1,,False,0,-0.23349058,0.0
2008-11-01,Silver,without_cells,abstain,1,,False,0,-0.0410256,0.0
2008-12-01,Silver,without_cells,pulled,18,,True,1,0.22620317,0.22620317
2009-01-01,Silver,without_cells,pulled,18,,True,1,0.08242474,0.08242474
2009-02-01,Silver,without_cells,pulled,18,,True,1,0.05157134,0.05157134
2009-03-01,Silver,without_cells,pulled,18,,True,1,-0.00651341,-0.00651341
2009-04-01,Silver,without_cells,pulled,18,,True,1,-0.03740845,-0.03740845
2009-05-01,Silver,without_cells,abstain,9,,False,0,0.2600161,0.0
2009-06-01,Silver,without_cells,abstain,1,,False,0,-0.12623215,0.0
2009-07-01,Silver,without_cells,abstain,1,,False,0,0.03675401,0.0
2009-08-01,Silver,without_cells,abstain,1,,False,0,0.05545805,0.0
2009-09-01,Silver,without_cells,abstain,2,,False,0,0.09198533,0.0
2009-10-01,Silver,without_cells,abstain,2,,False,0,0.00079184,0.0
2009-11-01,Silver,without_cells,abstain,2,,False,0,0.16730574,0.0
2009-12-01,Silver,without_cells,abstain,5,,False,0,-0.09071949,0.0
2010-01-01,Silver,without_cells,abstain,5,,False,0,-0.04512618,0.0
2010-02-01,Silver,without_cells,pulled,8,,True,1,-0.01225007,-0.01225007
2010-03-01,Silver,without_cells,pulled,16,,True,1,0.086753,0.086753
2010-04-01,Silver,without_cells,abstain,17,,False,0,0.05241666,0.0
2010-05-01,Silver,without_cells,abstain,25,,False,0,-0.01451118,0.0
2010-06-01,Silver,without_cells,abstain,25,,False,0,-0.04207123,0.0
2010-07-01,Silver,without_cells,abstain,24,,False,0,0.03620493,0.0
2010-08-01,Silver,without_cells,abstain,24,,False,0,0.05194802,0.0
2010-09-01,Silver,without_cells,abstain,24,,False,0,0.13833367,0.0
2010-10-01,Silver,without_cells,abstain,24,,False,0,0.11394471,0.0
2010-11-01,Silver,without_cells,abstain,24,,False,0,0.15642823,0.0
2010-12-01,Silver,without_cells,abstain,24,,False,0,0.09539242,0.0
2011-01-01,Silver,without_cells,abstain,24,,False,0,-0.08271162,0.0
2011-02-01,Silver,without_cells,abstain,17,,False,0,0.2065629,0.0
2011-03-01,Silver,without_cells,pulled,8,,True,1,0.09649579,0.09649579
2011-04-01,Silver,without_cells,abstain,5,,False,0,0.22102975,0.0
2011-05-01,Silver,without_cells,pulled,8,,True,1,-0.18206086,-0.18206086
2011-06-01,Silver,without_cells,abstain,5,tier2,False,0,-0.10599907,0.0
2011-07-01,Silver,without_cells,emitted,5,tier2,False,0,0.16632041,0.0
2011-08-01,Silver,without_cells,abstain,21,,False,0,0.0555753,0.0
2011-09-01,Silver,without_cells,abstain,21,,False,0,-0.2587146,0.0
2011-10-01,Silver,without_cells,abstain,24,,False,0,0.06413009,0.0
2011-11-01,Silver,without_cells,abstain,21,tier2,False,0,-0.00082515,0.0
2011-12-01,Silver,without_cells,abstain,24,,False,0,-0.096712,0.0
2012-01-01,Silver,without_cells,abstain,24,,False,0,0.14373747,0.0
2012-02-01,Silver,without_cells,abstain,24,,False,0,0.0542661,0.0
2012-03-01,Silver,without_cells,abstain,24,,False,0,-0.0709893,0.0
2012-04-01,Silver,without_cells,abstain,24,,False,0,-0.06668075,0.0
2012-05-01,Silver,without_cells,abstain,24,,False,0,-0.07708006,0.0
2012-06-01,Silver,without_cells,emitted,24,tier4,False,0,-0.03610904,0.0
2012-07-01,Silver,without_cells,emitted,24,tier4,False,0,0.00178389,0.0
2012-08-01,Silver,without_cells,emitted,24,tier2,False,0,0.17556417,0.0
2012-09-01,Silver,without_cells,emitted,13,tier4,False,0,0.07830472,0.0
2012-10-01,Silver,without_cells,emitted,13,tier4,False,0,-0.0761159,0.0
2012-11-01,Silver,without_cells,abstain,21,,False,0,0.04514981,0.0
2012-12-01,Silver,without_cells,abstain,21,,False,0,-0.08102491,0.0
2013-01-01,Silver,without_cells,emitted,13,tier3,False,0,0.031985,0.0
2013-02-01,Silver,without_cells,abstain,5,,False,0,-0.10929182,0.0
2013-03-01,Silver,without_cells,abstain,5,,False,0,-0.01890971,0.0
2013-04-01,Silver,without_cells,abstain,5,,False,0,-0.16508436,0.0
2013-05-01,Silver,without_cells,abstain,5,,False,0,-0.02531646,0.0
2013-06-01,Silver,without_cells,abstain,5,,False,0,-0.13889503,0.0
2013-07-01,Silver,without_cells,abstain,5,,False,0,0.00281188,0.0
2013-08-01,Silver,without_cells,abstain,5,,False,0,0.24302831,0.0
2013-09-01,Silver,without_cells,abstain,5,,False,0,-0.13362314,0.0
2013-10-01,Silver,without_cells,emitted,5,tier2,False,0,0.03219089,0.0
2013-11-01,Silver,without_cells,emitted,5,tier4,False,0,-0.11791419,0.0
2013-12-01,Silver,without_cells,abstain,5,,False,0,0.04497477,0.0
2014-01-01,Silver,without_cells,abstain,5,,False,0,-0.03527712,0.0
2014-02-01,Silver,without_cells,abstain,5,,False,0,0.10619423,0.0
2014-03-01,Silver,without_cells,abstain,5,,False,0,-0.08294477,0.0
2014-04-01,Silver,without_cells,abstain,13,,False,0,-0.03457218,0.0
2014-05-01,Silver,without_cells,pulled,16,,True,1,-0.01474541,-0.01474541
2014-06-01,Silver,without_cells,pulled,16,,True,1,0.12603559,0.12603559
2014-07-01,Silver,without_cells,pulled,16,,True,1,-0.03488863,-0.03488863
2014-08-01,Silver,without_cells,pulled,16,,True,1,-0.06202054,-0.06202054
2014-09-01,Silver,without_cells,abstain,15,,False,0,-0.09758272,0.0
2014-10-01,Silver,without_cells,emitted,21,tier4,False,0,-0.06013945,0.0
2014-11-01,Silver,without_cells,emitted,24,tier2,False,0,0.02924275,0.0
2014-12-01,Silver,without_cells,emitted,24,tier2,False,0,-0.05490152,0.0
2015-01-01,Silver,without_cells,emitted,24,tier2,False,0,0.09539852,0.0
2015-02-01,Silver,without_cells,abstain,21,tier2,False,0,-0.04804183,0.0
2015-03-01,Silver,without_cells,emitted,21,tier2,False,0,0.03882496,0.0
2015-04-01,Silver,without_cells,emitted,21,tier2,False,0,-0.0547407,0.0
2015-05-01,Silver,without_cells,abstain,13,,False,0,0.03432434,0.0
2015-06-01,Silver,without_cells,emitted,10,tier4,False,0,-0.06673065,0.0
2015-07-01,Silver,without_cells,abstain,10,tier2,False,0,-0.06661524,0.0
2015-08-01,Silver,without_cells,emitted,10,tier4,False,0,0.00668229,0.0
2015-09-01,Silver,without_cells,abstain,10,tier4,False,0,-0.00732227,0.0
2015-10-01,Silver,without_cells,abstain,2,,False,0,0.06252589,0.0
2015-11-01,Silver,without_cells,abstain,2,,False,0,-0.08810743,0.0
2015-12-01,Silver,without_cells,abstain,2,,False,0,-0.01693347,0.0
2016-01-01,Silver,without_cells,abstain,2,,False,0,0.03705581,0.0
2016-02-01,Silver,without_cells,pulled,18,,True,1,0.02819452,0.02819452
2016-03-01,Silver,without_cells,pulled,18,,True,1,0.02097333,0.02097333
2016-04-01,Silver,without_cells,pulled,18,,True,1,0.17378011,0.17378011
2016-05-01,Silver,without_cells,abstain,9,,False,0,-0.09911645,0.0
2016-06-01,Silver,without_cells,pulled,18,,True,1,0.22871875,0.22871875
2016-07-01,Silver,without_cells,pulled,18,,True,1,0.04712441,0.04712441
2016-08-01,Silver,without_cells,pulled,18,,True,1,-0.07857316,-0.07857316
2016-09-01,Silver,without_cells,emitted,21,tier4,False,0,-0.00328792,0.0
2016-10-01,Silver,without_cells,abstain,12,,False,0,-0.0218143,0.0
2016-11-01,Silver,without_cells,abstain,5,,False,0,-0.10649987,0.0
2016-12-01,Silver,without_cells,abstain,5,,False,0,-0.0043221,0.0
2017-01-01,Silver,without_cells,abstain,5,,False,0,0.06505253,0.0
2017-02-01,Silver,without_cells,abstain,5,,False,0,0.05872564,0.0
2017-03-01,Silver,without_cells,abstain,5,,False,0,-0.01366376,0.0
2017-04-01,Silver,without_cells,abstain,5,,False,0,-0.07756579,0.0
2017-05-01,Silver,without_cells,abstain,5,,False,0,0.02759233,0.0
2017-06-01,Silver,without_cells,abstain,5,,False,0,-0.06994139,0.0
2017-07-01,Silver,without_cells,abstain,5,,False,0,0.04308786,0.0
2017-08-01,Silver,without_cells,emitted,13,tier2,False,0,0.05924194,0.0
2017-09-01,Silver,without_cells,abstain,13,,False,0,-0.06399914,0.0
2017-10-01,Silver,without_cells,abstain,13,,False,0,0.03298167,0.0
2017-11-01,Silver,without_cells,abstain,13,,False,0,-0.04873915,0.0
2017-12-01,Silver,without_cells,pulled,16,,True,1,0.05056141,0.05056141
2018-01-01,Silver,without_cells,pulled,8,,True,-1,-0.00017524,0.00017524
2018-02-01,Silver,without_cells,pulled,8,,True,-1,-0.05362772,0.05362772
2018-03-01,Silver,without_cells,abstain,5,,False,0,0.02635803,0.0
2018-04-01,Silver,without_cells,abstain,5,,False,0,-0.03536424,0.0
2018-05-01,Silver,without_cells,abstain,5,,False,0,0.02175952,0.0
2018-06-01,Silver,without_cells,pulled,8,,True,-1,-0.03929705,0.03929705
2018-07-01,Silver,without_cells,pulled,8,,True,-1,-0.02223071,0.02223071
2018-08-01,Silver,without_cells,pulled,8,,True,-1,-0.08659219,0.08659219
2018-09-01,Silver,without_cells,pulled,8,,True,-1,0.02567385,-0.02567385
2018-10-01,Silver,without_cells,pulled,8,,True,-1,0.02128693,-0.02128693
2018-11-01,Silver,without_cells,abstain,7,,False,0,-0.02362689,0.0
2018-12-01,Silver,without_cells,pulled,16,,True,1,0.08073154,0.08073154
2019-01-01,Silver,without_cells,pulled,16,,True,1,0.02174754,0.02174754
2019-02-01,Silver,without_cells,abstain,13,,False,0,-0.04477333,0.0
2019-03-01,Silver,without_cells,abstain,12,,False,0,-0.00777903,0.0
2019-04-01,Silver,without_cells,abstain,12,,False,0,-0.0269749,0.0
2019-05-01,Silver,without_cells,emitted,21,tier4,False,0,0.00396037,0.0
2019-06-01,Silver,without_cells,emitted,21,tier4,False,0,0.02740936,0.0
2019-07-01,Silver,without_cells,pulled,18,,True,1,0.06719187,0.06719187
2019-08-01,Silver,without_cells,pulled,18,,True,1,0.18348738,0.18348738
2019-09-01,Silver,without_cells,pulled,18,,True,1,-0.09838046,-0.09838046
2019-10-01,Silver,without_cells,pulled,18,,True,1,0.04662249,0.04662249
2019-11-01,Silver,without_cells,pulled,18,,True,1,-0.06487443,-0.06487443
2019-12-01,Silver,without_cells,pulled,18,,True,1,0.06711803,0.06711803
2020-01-01,Silver,without_cells,emitted,21,tier2,False,0,-0.0181454,0.0
2020-02-01,Silver,without_cells,emitted,21,tier4,False,0,-0.05447838,0.0
2020-03-01,Silver,without_cells,emitted,21,tier4,False,0,-0.16505792,0.0
2020-04-01,Silver,without_cells,emitted,21,tier4,False,0,0.06728424,0.0
2020-05-01,Silver,without_cells,pulled,18,,True,1,0.26273294,0.26273294
2020-06-01,Silver,without_cells,pulled,18,,True,1,-0.0338342,-0.0338342
2020-07-01,Silver,without_cells,pulled,18,,True,1,0.3450615,0.3450615
2020-08-01,Silver,without_cells,pulled,18,,True,1,0.16793771,0.16793771
2020-09-01,Silver,without_cells,pulled,18,,True,1,-0.15070558,-0.15070558
2020-10-01,Silver,without_cells,pulled,18,,True,1,-0.00772952,-0.00772952
2020-11-01,Silver,without_cells,pulled,18,,True,1,0.00112474,0.00112474
2020-12-01,Silver,without_cells,abstain,1,,False,0,0.13527231,0.0
2021-01-01,Silver,without_cells,abstain,2,,False,0,0.07748132,0.0
2021-02-01,Silver,without_cells,abstain,5,,False,0,-0.09357784,0.0
2021-03-01,Silver,without_cells,pulled,8,,True,-1,-0.06424738,0.06424738
2021-04-01,Silver,without_cells,pulled,8,,True,-1,0.08052943,-0.08052943
2021-05-01,Silver,without_cells,pulled,8,,True,-1,0.04231152,-0.04231152
2021-06-01,Silver,without_cells,pulled,8,,True,-1,-0.07150231,0.07150231
2021-07-01,Silver,without_cells,pulled,8,,True,-1,-0.01986583,0.01986583
2021-08-01,Silver,without_cells,pulled,8,,True,-1,-0.05399692,0.05399692
2021-09-01,Silver,without_cells,pulled,8,,True,-1,-0.06894982,0.06894982
2021-10-01,Silver,without_cells,pulled,8,,True,-1,0.06903594,-0.06903594
2021-11-01,Silver,without_cells,abstain,5,tier3,False,0,-0.07334605,0.0
2021-12-01,Silver,without_cells,abstain,13,,False,0,0.02201898,0.0
2022-01-01,Silver,without_cells,pulled,16,,True,1,-0.00851252,-0.00851252
2022-02-01,Silver,without_cells,abstain,5,tier4,False,0,0.130023,0.0
2022-03-01,Silver,without_cells,abstain,5,tier4,False,0,-0.03493382,0.0
2022-04-01,Silver,without_cells,abstain,5,tier4,False,0,-0.08513918,0.0
2022-05-01,Silver,without_cells,abstain,5,,False,0,-0.02927607,0.0
2022-06-01,Silver,without_cells,abstain,5,,False,0,-0.1045056,0.0
2022-07-01,Silver,without_cells,abstain,5,,False,0,0.03699548,0.0
2022-08-01,Silver,without_cells,emitted,5,tier1,False,0,-0.13635468,0.0
2022-09-01,Silver,without_cells,abstain,5,,False,0,0.16910708,0.0
2022-10-01,Silver,without_cells,abstain,5,,False,0,-0.04123002,0.0
2022-11-01,Silver,without_cells,abstain,5,,False,0,0.15066328,0.0
2022-12-01,Silver,without_cells,abstain,5,,False,0,0.06281755,0.0
2023-01-01,Silver,without_cells,abstain,5,,False,0,-0.0223617,0.0
2023-02-01,Silver,without_cells,abstain,2,,False,0,-0.10892395,0.0
2023-03-01,Silver,without_cells,abstain,4,,False,0,0.1422778,0.0
2023-04-01,Silver,without_cells,abstain,4,,False,0,0.0446097,0.0
2023-05-01,Silver,without_cells,emitted,5,tier2,False,0,-0.04534371,0.0
2023-06-01,Silver,without_cells,abstain,13,,False,0,-0.04100524,0.0
2023-07-01,Silver,without_cells,abstain,13,,False,0,0.0573026,0.0
2023-08-01,Silver,without_cells,abstain,13,,False,0,0.00099141,0.0
2023-09-01,Silver,without_cells,abstain,4,,False,0,-0.12438098,0.0
2023-10-01,Silver,without_cells,emitted,5,tier2,False,0,0.06913936,0.0
2023-11-01,Silver,without_cells,abstain,4,,False,0,0.12404678,0.0
2023-12-01,Silver,without_cells,abstain,13,,False,0,-0.06925765,0.0
2024-01-01,Silver,without_cells,abstain,4,,False,0,-0.02540769,0.0
2024-02-01,Silver,without_cells,emitted,4,tier4,False,0,0.0008647,0.0
2024-03-01,Silver,without_cells,abstain,1,,False,0,0.0779266,0.0
2024-04-01,Silver,without_cells,emitted,4,tier4,False,0,0.06151318,0.0
2024-05-01,Silver,without_cells,abstain,13,,False,0,0.15674432,0.0
2024-06-01,Silver,without_cells,abstain,13,,False,0,-0.04376494,0.0
2024-07-01,Silver,without_cells,abstain,13,,False,0,-0.03307167,0.0
2024-08-01,Silver,without_cells,abstain,12,,False,0,-0.01341284,0.0
2024-09-01,Silver,without_cells,abstain,13,,False,0,0.12500445,0.0
2024-10-01,Silver,without_cells,abstain,13,,False,0,0.03488631,0.0
2024-11-01,Silver,without_cells,abstain,13,,False,0,-0.0643169,0.0
2024-12-01,Silver,without_cells,abstain,13,,False,0,-0.02716016,0.0
2025-01-01,Silver,without_cells,abstain,13,,False,0,0.09351153,0.0
2025-02-01,Silver,without_cells,abstain,13,,False,0,-0.01111376,0.0
2025-03-01,Silver,without_cells,abstain,13,,False,0,0.06637111,0.0
2025-04-01,Silver,without_cells,abstain,13,,False,0,-0.05764394,0.0
2025-05-01,Silver,without_cells,emitted,4,tier4,False,0,0.07375192,0.0
2025-06-01,Silver,without_cells,emitted,4,tier4,False,0,0.04394876,0.0
2025-07-01,Silver,without_cells,abstain,13,,False,0,0.01953877,0.0
2025-08-01,Silver,without_cells,abstain,13,,False,0,0.1164542,0.0
2025-09-01,Silver,without_cells,pulled,16,,True,1,0.15142076,0.15142076
2025-10-01,Silver,without_cells,pulled,16,,True,1,0.01264537,0.01264537
2025-11-01,Silver,without_cells,abstain,13,,False,0,0.21988804,0.0
2025-12-01,Silver,without_cells,abstain,13,,False,0,0.20777844,0.0
2026-01-01,Silver,without_cells,abstain,13,,False,0,0.08818527,0.0
2026-02-01,Silver,without_cells,abstain,13,,False,0,0.14986059,0.0
2026-03-01,Silver,without_cells,abstain,13,,False,0,-0.14064837,0.0
2026-04-01,Silver,without_cells,abstain,13,,False,0,0.0011072,0.0
2026-05-01,Silver,without_cells,abstain,13,,False,0,-0.01242897,0.0
2026-06-01,Silver,without_cells,abstain,13,,False,0,-0.19894148,0.0
2026-07-01,Silver,without_cells,abstain,13,,False,0,0.08562877,0.0
2026-08-01,Silver,without_cells,emitted,4,tier2,False,0,,0.0
1990-01-01,WTI,without_cells,abstain,-1,,False,0,-0.00743007,0.0
1990-02-01,WTI,without_cells,abstain,-1,,False,0,-0.06693087,0.0
1990-03-01,WTI,without_cells,abstain,-1,,False,0,-0.03209061,0.0
1990-04-01,WTI,without_cells,abstain,-1,,False,0,-0.08532423,0.0
1990-05-01,WTI,without_cells,abstain,-1,,False,0,-0.06663113,0.0
1990-06-01,WTI,without_cells,abstain,-1,,False,0,-0.03255283,0.0
1990-07-01,WTI,without_cells,abstain,-1,,False,0,0.27449823,0.0
1990-08-01,WTI,without_cells,abstain,-1,,False,0,0.27142195,0.0
1990-09-01,WTI,without_cells,abstain,-1,,False,0,0.35081967,0.0
1990-10-01,WTI,without_cells,abstain,-1,,False,0,-0.04800431,0.0
1990-11-01,WTI,without_cells,abstain,-1,,False,0,-0.16713881,0.0
1990-12-01,WTI,without_cells,abstain,-1,,False,0,-0.09761905,0.0
1991-01-01,WTI,without_cells,abstain,-1,,False,0,-0.19600452,0.0
1991-02-01,WTI,without_cells,abstain,-1,,False,0,-0.08907642,0.0
1991-03-01,WTI,without_cells,abstain,-1,,False,0,-0.00772002,0.0
1991-04-01,WTI,without_cells,abstain,-1,,False,0,0.10373444,0.0
1991-05-01,WTI,without_cells,abstain,-1,,False,0,-0.0056391,0.0
1991-06-01,WTI,without_cells,abstain,13,,False,0,-0.01795841,0.0
1991-07-01,WTI,without_cells,abstain,13,,False,0,0.02646776,0.0
1991-08-01,WTI,without_cells,abstain,1,,False,0,0.04453821,0.0
1991-09-01,WTI,without_cells,abstain,0,,False,0,-0.00807899,0.0
1991-10-01,WTI,without_cells,abstain,0,,False,0,0.07918552,0.0
1991-11-01,WTI,without_cells,abstain,9,,False,0,-0.11530398,0.0
1991-12-01,WTI,without_cells,abstain,9,,False,0,-0.07914692,0.0
1992-01-01,WTI,without_cells,abstain,18,,False,0,-0.02367473,0.0
1992-02-01,WTI,without_cells,abstain,18,,False,0,-0.03215604,0.0
1992-03-01,WTI,without_cells,pulled,24,,True,1,0.08115468,0.08115468
1992-04-01,WTI,without_cells,pulled,24,,True,1,0.05188917,0.05188917
1992-05-01,WTI,without_cells,abstain,22,,False,0,0.05699234,0.0
1992-06-01,WTI,without_cells,abstain,1,,False,0,-0.00770276,0.0
1992-07-01,WTI,without_cells,abstain,0,,False,0,-0.01369863,0.0
1992-08-01,WTI,without_cells,abstain,0,,False,0,0.00555556,0.0
1992-09-01,WTI,without_cells,abstain,0,,False,0,0.00506446,0.0
1992-10-01,WTI,without_cells,abstain,10,,False,0,-0.04855703,0.0
1992-11-01,WTI,without_cells,pulled,25,,True,-1,-0.0582571,0.0582571
1992-12-01,WTI,without_cells,pulled,24,,True,1,-0.02709611,-0.02709611
1993-01-01,WTI,without_cells,pulled,25,,True,-1,0.0677877,-0.0677877
1993-02-01,WTI,without_cells,abstain,1,,False,0,0.01476378,0.0
1993-03-01,WTI,without_cells,abstain,2,,False,0,-0.00387973,0.0
1993-04-01,WTI,without_cells,abstain,1,,False,0,0.00194742,0.0
1993-05-01,WTI,without_cells,abstain,13,tier4,False,0,-0.01846453,0.0
1993-06-01,WTI,without_cells,pulled,25,,True,-1,-0.08712871,0.08712871
1993-07-01,WTI,without_cells,abstain,17,,False,0,-0.02928416,0.0
1993-08-01,WTI,without_cells,emitted,13,tier4,False,0,0.00111732,0.0
1993-09-01,WTI,without_cells,abstain,2,,False,0,0.03962054,0.0
1993-10-01,WTI,without_cells,emitted,13,tier4,False,0,-0.06065486,0.0
1993-11-01,WTI,without_cells,abstain,16,,False,0,-0.11714286,0.0
1993-12-01,WTI,without_cells,pulled,25,,True,-1,-0.06019417,0.06019417
1994-01-01,WTI,without_cells,abstain,17,,False,0,0.09573003,0.0
1994-02-01,WTI,without_cells,abstain,17,,False,0,-0.07102451,0.0
1994-03-01,WTI,without_cells,abstain,17,,False,0,0.06021651,0.0
1994-04-01,WTI,without_cells,abstain,26,,False,0,0.09636248,0.0
1994-05-01,WTI,without_cells,abstain,26,,False,0,0.06461001,0.0
1994-06-01,WTI,without_cells,abstain,8,,False,0,0.06724986,0.0
1994-07-01,WTI,without_cells,abstain,8,,False,0,0.05788934,0.0
1994-08-01,WTI,without_cells,abstain,5,,False,0,-0.15399516,0.0
1994-09-01,WTI,without_cells,abstain,8,,False,0,0.03949628,0.0
1994-10-01,WTI,without_cells,abstain,17,,False,0,0.02753304,0.0
1994-11-01,WTI,without_cells,abstain,17,,False,0,-0.04769561,0.0
1994-12-01,WTI,without_cells,abstain,17,,False,0,-0.01800788,0.0
1995-01-01,WTI,without_cells,abstain,8,,False,0,0.05902579,0.0
1995-02-01,WTI,without_cells,abstain,5,,False,0,-0.00919913,0.0
1995-03-01,WTI,without_cells,abstain,2,,False,0,0.04041507,0.0
1995-04-01,WTI,without_cells,abstain,2,,False,0,0.07769029,0.0
1995-05-01,WTI,without_cells,abstain,1,,False,0,-0.0798831,0.0
1995-06-01,WTI,without_cells,abstain,1,,False,0,-0.08258338,0.0
1995-07-01,WTI,without_cells,abstain,1,,False,0,0.01500289,0.0
1995-08-01,WTI,without_cells,emitted,13,tier4,False,0,0.02785674,0.0
1995-09-01,WTI,without_cells,abstain,22,,False,0,-0.02267699,0.0
1995-10-01,WTI,without_cells,emitted,13,tier4,False,0,0.00396152,0.0
1995-11-01,WTI,without_cells,abstain,1,tier4,False,0,0.03889515,0.0
1995-12-01,WTI,without_cells,abstain,1,tier4,False,0,0.0759631,0.0
1996-01-01,WTI,without_cells,abstain,1,tier4,False,0,-0.11094302,0.0
1996-02-01,WTI,without_cells,abstain,9,,False,0,0.10323313,0.0
1996-03-01,WTI,without_cells,pulled,25,,True,-1,0.14601542,-0.14601542
1996-04-01,WTI,without_cells,pulled,24,,True,1,-0.06639749,-0.06639749
1996-05-01,WTI,without_cells,pulled,25,,True,-1,-0.04565113,0.04565113
1996-06-01,WTI,without_cells,pulled,25,,True,-1,0.081571,-0.081571
1996-07-01,WTI,without_cells,abstain,16,,False,0,-0.02467412,0.0
1996-08-01,WTI,without_cells,emitted,13,tier2,False,0,0.11455847,0.0
1996-09-01,WTI,without_cells,emitted,13,tier2,False,0,0.04282655,0.0
1996-10-01,WTI,without_cells,abstain,10,,False,0,-0.05544148,0.0
1996-11-01,WTI,without_cells,abstain,1,tier2,False,0,0.07391304,0.0
1996-12-01,WTI,without_cells,abstain,1,tier4,False,0,0.03441296,0.0
1997-01-01,WTI,without_cells,emitted,13,tier2,False,0,-0.05283757,0.0
1997-02-01,WTI,without_cells,abstain,22,,False,0,-0.16322314,0.0
1997-03-01,WTI,without_cells,pulled,25,,True,-1,0.00246914,-0.00246914
1997-04-01,WTI,without_cells,emitted,17,tier4,False,0,-0.01970443,0.0
1997-05-01,WTI,without_cells,emitted,17,tier4,False,0,0.06281407,0.0
1997-06-01,WTI,without_cells,abstain,4,,False,0,-0.04917258,0.0
1997-07-01,WTI,without_cells,emitted,1,tier2,False,0,0.00795624,0.0
1997-08-01,WTI,without_cells,emitted,1,tier2,False,0,-0.02664036,0.0
1997-09-01,WTI,without_cells,emitted,13,tier2,False,0,0.06538267,0.0
1997-10-01,WTI,without_cells,emitted,13,tier2,False,0,-0.00523311,0.0
1997-11-01,WTI,without_cells,emitted,13,tier2,False,0,-0.10282162,0.0
1997-12-01,WTI,without_cells,emitted,13,tier2,False,0,-0.07196162,0.0
1998-01-01,WTI,without_cells,emitted,1,tier4,False,0,-0.01952901,0.0
1998-02-01,WTI,without_cells,abstain,4,,False,0,-0.10251904,0.0
1998-03-01,WTI,without_cells,emitted,13,tier2,False,0,0.02415144,0.0
1998-04-01,WTI,without_cells,abstain,22,,False,0,0.03569152,0.0
1998-05-01,WTI,without_cells,emitted,13,tier2,False,0,-0.07753846,0.0
1998-06-01,WTI,without_cells,emitted,13,tier2,False,0,-0.03468979,0.0
1998-07-01,WTI,without_cells,emitted,13,tier2,False,0,-0.03731859,0.0
1998-08-01,WTI,without_cells,emitted,1,tier2,False,0,-0.02225413,0.0
1998-09-01,WTI,without_cells,emitted,1,tier2,False,0,0.13950073,0.0
1998-10-01,WTI,without_cells,abstain,0,,False,0,-0.0689433,0.0
1998-11-01,WTI,without_cells,abstain,9,,False,0,-0.2200692,0.0
1998-12-01,WTI,without_cells,abstain,21,,False,0,0.10204082,0.0
1999-01-01,WTI,without_cells,pulled,24,,True,1,-0.00483092,-0.00483092
1999-02-01,WTI,without_cells,pulled,25,,True,1,-0.00647249,-0.00647249
1999-03-01,WTI,without_cells,pulled,25,,True,1,0.35586319,0.35586319
1999-04-01,WTI,without_cells,pulled,25,,True,1,0.13093093,0.13093093
1999-05-01,WTI,without_cells,pulled,25,,True,1,-0.133829,-0.133829
1999-06-01,WTI,without_cells,pulled,25,,True,1,0.1888412,0.1888412
1999-07-01,WTI,without_cells,abstain,26,,False,0,0.05518308,0.0
1999-08-01,WTI,without_cells,emitted,17,tier4,False,0,0.06500489,0.0
1999-09-01,WTI,without_cells,abstain,5,,False,0,0.1248279,0.0
1999-10-01,WTI,without_cells,emitted,17,tier4,False,0,-0.08445532,0.0
1999-11-01,WTI,without_cells,abstain,14,,False,0,0.11452763,0.0
1999-12-01,WTI,without_cells,pulled,25,,True,1,0.0219912,0.0219912
2000-01-01,WTI,without_cells,emitted,17,tier2,False,0,0.10641628,0.0
2000-02-01,WTI,without_cells,abstain,26,,False,0,0.12128713,0.0
2000-03-01,WTI,without_cells,emitted,17,tier2,False,0,-0.17123936,0.0
2000-04-01,WTI,without_cells,abstain,5,,False,0,-0.01674277,0.0
2000-05-01,WTI,without_cells,abstain,5,,False,0,0.16834365,0.0
2000-06-01,WTI,without_cells,abstain,5,,False,0,0.01888042,0.0
2000-07-01,WTI,without_cells,abstain,5,,False,0,0.04193756,0.0
2000-08-01,WTI,without_cells,emitted,1,tier4,False,0,0.04149772,0.0
2000-09-01,WTI,without_cells,emitted,1,tier4,False,0,-0.0368484,0.0
2000-10-01,WTI,without_cells,emitted,1,tier4,False,0,0.03265938,0.0
2000-11-01,WTI,without_cells,emitted,1,tier4,False,0,-0.0346386,0.0
2000-12-01,WTI,without_cells,emitted,1,tier4,False,0,-0.15132601,0.0
2001-01-01,WTI,without_cells,abstain,0,,False,0,0.09558818,0.0
2001-02-01,WTI,without_cells,abstain,0,,False,0,-0.07214764,0.0
2001-03-01,WTI,without_cells,emitted,9,tier4,False,0,-0.07450269,0.0
2001-04-01,WTI,without_cells,abstain,18,,False,0,0.13091053,0.0
2001-05-01,WTI,without_cells,abstain,18,,False,0,-0.0348998,0.0
2001-06-01,WTI,without_cells,abstain,18,,False,0,-0.0708915,0.0
2001-07-01,WTI,without_cells,abstain,21,,False,0,0.03159922,0.0
2001-08-01,WTI,without_cells,abstain,9,tier4,False,0,0.00597683,0.0
2001-09-01,WTI,without_cells,abstain,9,tier4,False,0,-0.13553656,0.0
2001-10-01,WTI,without_cells,abstain,9,tier4,False,0,-0.12414095,0.0
2001-11-01,WTI,without_cells,abstain,18,,False,0,-0.01471306,0.0
2001-12-01,WTI,without_cells,abstain,21,,False,0,0.04579393,0.0
2002-01-01,WTI,without_cells,pulled,24,,True,1,-0.02903382,-0.02903382
2002-02-01,WTI,without_cells,pulled,24,,True,1,0.09607848,0.09607848
2002-03-01,WTI,without_cells,pulled,25,,True,1,0.20125223,0.20125223
2002-04-01,WTI,without_cells,pulled,25,,True,1,-0.00446764,-0.00446764
2002-05-01,WTI,without_cells,pulled,25,,True,1,-0.06095734,-0.06095734
2002-06-01,WTI,without_cells,emitted,1,tier4,False,0,0.06770206,0.0
2002-07-01,WTI,without_cells,emitted,1,tier4,False,0,-0.01268184,0.0
2002-08-01,WTI,without_cells,emitted,1,tier2,False,0,0.04986784,0.0
2002-09-01,WTI,without_cells,emitted,1,tier2,False,0,0.10939183,0.0
2002-10-01,WTI,without_cells,emitted,1,tier2,False,0,-0.120013,0.0
2002-11-01,WTI,without_cells,abstain,18,,False,0,0.00405457,0.0
2002-12-01,WTI,without_cells,abstain,18,,False,0,0.16923644,0.0
2003-01-01,WTI,without_cells,abstain,18,,False,0,0.02857136,0.0
2003-02-01,WTI,without_cells,abstain,1,,False,0,0.09523818,0.0
2003-03-01,WTI,without_cells,abstain,1,,False,0,-0.17001115,0.0
2003-04-01,WTI,without_cells,abstain,4,tier4,False,0,-0.12592344,0.0
2003-05-01,WTI,without_cells,emitted,1,tier2,False,0,0.17979248,0.0
2003-06-01,WTI,without_cells,emitted,1,tier2,False,0,-0.01009441,0.0
2003-07-01,WTI,without_cells,abstain,18,,False,0,0.06282901,0.0
2003-08-01,WTI,without_cells,pulled,24,,True,1,-0.08975554,-0.08975554
2003-09-01,WTI,without_cells,pulled,24,,True,1,-0.00068006,-0.00068006
2003-10-01,WTI,without_cells,pulled,25,,True,1,-0.01667233,-0.01667233
2003-11-01,WTI,without_cells,emitted,13,tier1,False,0,0.03633222,0.0
2003-12-01,WTI,without_cells,pulled,25,,True,1,0.12787973,0.12787973
2004-01-01,WTI,without_cells,emitted,13,tier2,False,0,0.035524,0.0
2004-02-01,WTI,without_cells,abstain,1,tier4,False,0,0.05374503,0.0
2004-03-01,WTI,without_cells,abstain,1,tier4,False,0,-0.07026587,0.0
2004-04-01,WTI,without_cells,pulled,25,,True,1,0.11496932,0.11496932
2004-05-01,WTI,without_cells,pulled,25,,True,1,0.10782525,0.10782525
2004-06-01,WTI,without_cells,pulled,25,,True,1,-0.08480983,-0.08480983
2004-07-01,WTI,without_cells,emitted,17,tier2,False,0,0.13113056,0.0
2004-08-01,WTI,without_cells,abstain,5,,False,0,0.00410772,0.0
2004-09-01,WTI,without_cells,abstain,2,,False,0,0.13909088,0.0
2004-10-01,WTI,without_cells,abstain,5,,False,0,0.00019956,0.0
2004-11-01,WTI,without_cells,abstain,8,,False,0,-0.09255933,0.0
2004-12-01,WTI,without_cells,abstain,8,,False,0,-0.07408227,0.0
2005-01-01,WTI,without_cells,emitted,17,tier2,False,0,0.11870846,0.0
2005-02-01,WTI,without_cells,abstain,8,,False,0,0.09677422,0.0
2005-03-01,WTI,without_cells,emitted,17,tier2,False,0,0.10816564,0.0
2005-04-01,WTI,without_cells,abstain,8,,False,0,-0.11087833,0.0
2005-05-01,WTI,without_cells,abstain,8,,False,0,0.07227024,0.0
2005-06-01,WTI,without_cells,abstain,5,,False,0,0.07600736,0.0
2005-07-01,WTI,without_cells,abstain,5,,False,0,0.04799999,0.0
2005-08-01,WTI,without_cells,emitted,17,tier2,False,0,0.12830927,0.0
2005-09-01,WTI,without_cells,abstain,8,,False,0,-0.05757881,0.0
2005-10-01,WTI,without_cells,emitted,17,tier2,False,0,-0.08584088,0.0
2005-11-01,WTI,without_cells,emitted,17,tier2,False,0,-0.0230576,0.0
2005-12-01,WTI,without_cells,emitted,17,tier2,False,0,0.07986999,0.0
2006-01-01,WTI,without_cells,abstain,5,,False,0,0.05416532,0.0
2006-02-01,WTI,without_cells,abstain,14,,False,0,-0.06896028,0.0
2006-03-01,WTI,without_cells,emitted,17,tier2,False,0,0.07697267,0.0
2006-04-01,WTI,without_cells,emitted,17,tier2,False,0,0.10428528,0.0
2006-05-01,WTI,without_cells,abstain,14,,False,0,-0.04559024,0.0
2006-06-01,WTI,without_cells,emitted,17,tier2,False,0,0.0689509,0.0
2006-07-01,WTI,without_cells,abstain,14,,False,0,-0.00372388,0.0
2006-08-01,WTI,without_cells,abstain,4,,False,0,-0.07635831,0.0
2006-09-01,WTI,without_cells,abstain,1,,False,0,-0.11793617,0.0
2006-10-01,WTI,without_cells,emitted,13,tier2,False,0,-0.03801409,0.0
2006-11-01,WTI,without_cells,emitted,13,tier2,False,0,0.08039518,0.0
2006-12-01,WTI,without_cells,emitted,13,tier2,False,0,-0.03752169,0.0
2007-01-01,WTI,without_cells,emitted,13,tier2,False,0,-0.06142506,0.0
2007-02-01,WTI,without_cells,emitted,13,tier2,False,0,0.08202445,0.0
2007-03-01,WTI,without_cells,emitted,13,tier2,False,0,0.06354843,0.0
2007-04-01,WTI,without_cells,emitted,13,tier4,False,0,-0.02335458,0.0
2007-05-01,WTI,without_cells,abstain,13,,False,0,0.01055901,0.0
2007-06-01,WTI,without_cells,pulled,25,,True,1,0.09234779,0.09234779
2007-07-01,WTI,without_cells,emitted,13,tier4,False,0,0.07652276,0.0
2007-08-01,WTI,without_cells,abstain,10,,False,0,-0.01894678,0.0
2007-09-01,WTI,without_cells,abstain,1,,False,0,0.06872664,0.0
2007-10-01,WTI,without_cells,abstain,0,,False,0,0.16512962,0.0
2007-11-01,WTI,without_cells,abstain,0,,False,0,-0.04471067,0.0
2007-12-01,WTI,without_cells,abstain,0,,False,0,0.11544066,0.0
2008-01-01,WTI,without_cells,abstain,0,,False,0,-0.10700666,0.0
2008-02-01,WTI,without_cells,abstain,0,,False,0,0.15164116,0.0
2008-03-01,WTI,without_cells,abstain,0,,False,0,-0.0143484,0.0
2008-04-01,WTI,without_cells,abstain,18,,False,0,0.11427999,0.0
2008-05-01,WTI,without_cells,pulled,24,,True,1,0.13544264,0.13544264
2008-06-01,WTI,without_cells,pulled,24,,True,1,0.10339699,0.10339699
2008-07-01,WTI,without_cells,pulled,24,,True,1,-0.11257716,-0.11257716
2008-08-01,WTI,without_cells,abstain,13,,False,0,-0.12302158,0.0
2008-09-01,WTI,without_cells,abstain,0,,False,0,-0.10190503,0.0
2008-10-01,WTI,without_cells,abstain,18,,False,0,-0.35136506,0.0
2008-11-01,WTI,without_cells,abstain,18,,False,0,-0.22891568,0.0
2008-12-01,WTI,without_cells,abstain,18,,False,0,-0.05965906,0.0
2009-01-01,WTI,without_cells,abstain,18,tier4,False,0,-0.13508844,0.0
2009-02-01,WTI,without_cells,abstain,18,,False,0,0.0017465,0.0
2009-03-01,WTI,without_cells,abstain,17,,False,0,0.20523033,0.0
2009-04-01,WTI,without_cells,abstain,16,,False,0,0.09940073,0.0
2009-05-01,WTI,without_cells,abstain,12,,False,0,0.28909776,0.0
2009-06-01,WTI,without_cells,abstain,17,,False,0,0.01064444,0.0
2009-07-01,WTI,without_cells,abstain,17,,False,0,0.03275147,0.0
2009-08-01,WTI,without_cells,pulled,24,,True,1,-0.04931543,-0.04931543
2009-09-01,WTI,without_cells,emitted,9,tier2,False,0,0.04070531,0.0
2009-10-01,WTI,without_cells,abstain,21,,False,0,0.1032194,0.0
2009-11-01,WTI,without_cells,emitted,9,tier2,False,0,0.00307187,0.0
2009-12-01,WTI,without_cells,abstain,9,tier4,False,0,0.04006634,0.0
2010-01-01,WTI,without_cells,abstain,13,tier4,False,0,-0.08686053,0.0
2010-02-01,WTI,without_cells,abstain,17,,False,0,0.05736929,0.0
2010-03-01,WTI,without_cells,abstain,8,,False,0,0.07839906,0.0
2010-04-01,WTI,without_cells,abstain,8,,False,0,0.01555319,0.0
2010-05-01,WTI,without_cells,abstain,5,,False,0,-0.15790695,0.0
2010-06-01,WTI,without_cells,abstain,2,,False,0,0.00509776,0.0
2010-07-01,WTI,without_cells,abstain,1,tier4,False,0,0.11501028,0.0
2010-08-01,WTI,without_cells,emitted,1,tier2,False,0,-0.09134489,0.0
2010-09-01,WTI,without_cells,abstain,1,tier4,False,0,0.10377483,0.0
2010-10-01,WTI,without_cells,emitted,1,tier2,False,0,0.01679327,0.0
2010-11-01,WTI,without_cells,emitted,1,tier4,False,0,0.04581077,0.0
2010-12-01,WTI,without_cells,pulled,25,,True,1,0.05533145,0.05533145
2011-01-01,WTI,without_cells,pulled,24,,True,1,-0.00852,-0.00852
2011-02-01,WTI,without_cells,pulled,24,,True,1,0.09760935,0.09760935
2011-03-01,WTI,without_cells,pulled,24,,True,1,0.08340867,0.08340867
2011-04-01,WTI,without_cells,pulled,24,,True,1,0.05169533,0.05169533
2011-05-01,WTI,without_cells,abstain,18,,False,0,-0.11654331,0.0
2011-06-01,WTI,without_cells,abstain,9,tier4,False,0,-0.05334528,0.0
2011-07-01,WTI,without_cells,abstain,0,,False,0,-0.00052668,0.0
2011-08-01,WTI,without_cells,abstain,2,,False,0,-0.06280956,0.0
2011-09-01,WTI,without_cells,abstain,0,,False,0,-0.12729112,0.0
2011-10-01,WTI,without_cells,emitted,1,tier2,False,0,0.18786241,0.0
2011-11-01,WTI,without_cells,pulled,24,,True,1,0.08688572,0.08688572
2011-12-01,WTI,without_cells,pulled,24,,True,1,0.02754493,0.02754493
2012-01-01,WTI,without_cells,abstain,2,,False,0,-0.05196191,0.0
2012-02-01,WTI,without_cells,abstain,17,tier2,False,0,0.11504964,0.0
2012-03-01,WTI,without_cells,abstain,8,,False,0,-0.03316789,0.0
2012-04-01,WTI,without_cells,abstain,8,,False,0,0.00883779,0.0
2012-05-01,WTI,without_cells,abstain,5,,False,0,-0.21599472,0.0
2012-06-01,WTI,without_cells,abstain,2,,False,0,0.00624771,0.0
2012-07-01,WTI,without_cells,abstain,2,,False,0,0.06161198,0.0
2012-08-01,WTI,without_cells,emitted,12,tier2,False,0,0.07187042,0.0
2012-09-01,WTI,without_cells,emitted,9,tier2,False,0,-0.02959076,0.0
2012-10-01,WTI,without_cells,emitted,16,tier2,False,0,-0.05828295,0.0
2012-11-01,WTI,without_cells,abstain,5,,False,0,0.02296475,0.0
2012-12-01,WTI,without_cells,abstain,14,,False,0,0.04523523,0.0
2013-01-01,WTI,without_cells,emitted,12,tier2,False,0,0.0499355,0.0
2013-02-01,WTI,without_cells,abstain,13,,False,0,-0.0725171,0.0
2013-03-01,WTI,without_cells,emitted,12,tier2,False,0,0.07046757,0.0
2013-04-01,WTI,without_cells,emitted,1,tier4,False,0,-0.06222315,0.0
2013-05-01,WTI,without_cells,abstain,21,,False,0,0.02658462,0.0
2013-06-01,WTI,without_cells,pulled,24,,True,1,0.04858214,0.04858214
2013-07-01,WTI,without_cells,pulled,24,,True,1,0.10103074,0.10103074
2013-08-01,WTI,without_cells,pulled,24,,True,1,0.00602467,0.00602467
2013-09-01,WTI,without_cells,pulled,24,,True,1,-0.05988576,-0.05988576
2013-10-01,WTI,without_cells,abstain,13,,False,0,-0.07281458,0.0
2013-11-01,WTI,without_cells,emitted,1,tier2,False,0,-0.00835008,0.0
2013-12-01,WTI,without_cells,abstain,2,,False,0,0.01726714,0.0
2014-01-01,WTI,without_cells,pulled,24,,True,1,0.01037299,0.01037299
2014-02-01,WTI,without_cells,pulled,24,,True,1,0.08804312,0.08804312
2014-03-01,WTI,without_cells,pulled,24,,True,1,-0.04937095,-0.04937095
2014-04-01,WTI,without_cells,abstain,5,,False,0,-0.00320834,0.0
2014-05-01,WTI,without_cells,emitted,17,tier4,False,0,0.03067796,0.0
2014-06-01,WTI,without_cells,emitted,17,tier4,False,0,0.02800815,0.0
2014-07-01,WTI,without_cells,emitted,16,tier2,False,0,-0.0708183,0.0
2014-08-01,WTI,without_cells,emitted,16,tier2,False,0,-0.05108296,0.0
2014-09-01,WTI,without_cells,pulled,25,,True,1,-0.02314808,-0.02314808
2014-10-01,WTI,without_cells,emitted,10,tier2,False,0,-0.13170951,0.0
2014-11-01,WTI,without_cells,emitted,16,tier2,False,0,-0.12414317,0.0
2014-12-01,WTI,without_cells,abstain,8,,False,0,-0.23637683,0.0
2015-01-01,WTI,without_cells,abstain,17,,False,0,-0.05921425,0.0
2015-02-01,WTI,without_cells,abstain,17,,False,0,0.00040348,0.0
2015-03-01,WTI,without_cells,abstain,13,,False,0,0.01008268,0.0
2015-04-01,WTI,without_cells,emitted,14,tier2,False,0,0.18087445,0.0
2015-05-01,WTI,without_cells,emitted,14,tier4,False,0,0.01775147,0.0
2015-06-01,WTI,without_cells,emitted,14,tier4,False,0,-0.05382063,0.0
2015-07-01,WTI,without_cells,abstain,17,,False,0,-0.20698738,0.0
2015-08-01,WTI,without_cells,abstain,17,,False,0,0.0053133,0.0
2015-09-01,WTI,without_cells,abstain,13,,False,0,-0.01475442,0.0
2015-10-01,WTI,without_cells,abstain,13,,False,0,0.03129186,0.0
2015-11-01,WTI,without_cells,pulled,24,,True,1,-0.09297791,-0.09297791
2015-12-01,WTI,without_cells,abstain,8,,False,0,-0.12162486,0.0
2016-01-01,WTI,without_cells,abstain,8,,False,0,-0.13982584,0.0
2016-02-01,WTI,without_cells,abstain,2,,False,0,0.08791906,0.0
2016-03-01,WTI,without_cells,abstain,2,,False,0,0.06947672,0.0
2016-04-01,WTI,without_cells,emitted,1,tier2,False,0,0.21717852,0.0
2016-05-01,WTI,without_cells,emitted,16,tier2,False,0,0.09446181,0.0
2016-06-01,WTI,without_cells,emitted,1,tier4,False,0,-0.00040801,0.0
2016-07-01,WTI,without_cells,emitted,1,tier4,False,0,-0.1822821,0.0
2016-08-01,WTI,without_cells,emitted,1,tier4,False,0,0.07738388,0.0
2016-09-01,WTI,without_cells,abstain,13,,False,0,0.13090828,0.0
2016-10-01,WTI,without_cells,pulled,25,,True,1,-0.04384354,-0.04384354
2016-11-01,WTI,without_cells,pulled,25,,True,1,0.09406478,0.09406478
2016-12-01,WTI,without_cells,emitted,17,tier4,False,0,0.02487271,0.0
2017-01-01,WTI,without_cells,emitted,17,tier4,False,0,0.02961971,0.0
2017-02-01,WTI,without_cells,abstain,8,,False,0,-0.00092797,0.0
2017-03-01,WTI,without_cells,abstain,5,,False,0,-0.06669144,0.0
2017-04-01,WTI,without_cells,abstain,5,,False,0,-0.02786627,0.0
2017-05-01,WTI,without_cells,abstain,5,,False,0,-0.009828,0.0
2017-06-01,WTI,without_cells,abstain,5,,False,0,-0.02667496,0.0
2017-07-01,WTI,without_cells,abstain,8,,False,0,0.04440196,0.0
2017-08-01,WTI,without_cells,abstain,5,tier4,False,0,-0.03803903,0.0
2017-09-01,WTI,without_cells,abstain,13,,False,0,0.06957075,0.0
2017-10-01,WTI,without_cells,abstain,16,,False,0,0.0735468,0.0
2017-11-01,WTI,without_cells,pulled,25,,True,1,0.07476982,0.07476982
2017-12-01,WTI,without_cells,abstain,16,,False,0,0.03444137,0.0
2018-01-01,WTI,without_cells,emitted,17,tier2,False,0,0.08994541,0.0
2018-02-01,WTI,without_cells,emitted,17,tier4,False,0,-0.07310032,0.0
2018-03-01,WTI,without_cells,emitted,17,tier4,False,0,0.03312013,0.0
2018-04-01,WTI,without_cells,emitted,17,tier2,False,0,0.06729093,0.0
2018-05-01,WTI,without_cells,emitted,17,tier2,False,0,-0.02141268,0.0
2018-06-01,WTI,without_cells,abstain,17,,False,0,0.12353754,0.0
2018-07-01,WTI,without_cells,abstain,13,,False,0,-0.08493371,0.0
2018-08-01,WTI,without_cells,abstain,13,,False,0,0.0326633,0.0
2018-09-01,WTI,without_cells,abstain,13,,False,0,0.07771576,0.0
2018-10-01,WTI,without_cells,abstain,14,,False,0,-0.15418332,0.0
2018-11-01,WTI,without_cells,abstain,14,,False,0,-0.16862927,0.0
2018-12-01,WTI,without_cells,emitted,5,tier2,False,0,-0.1210576,0.0
2019-01-01,WTI,without_cells,emitted,1,tier2,False,0,0.18736565,0.0
2019-02-01,WTI,without_cells,emitted,1,tier2,False,0,0.009772,0.0
2019-03-01,WTI,without_cells,emitted,1,tier2,False,0,0.10376346,0.0
2019-04-01,WTI,without_cells,abstain,13,,False,0,0.03263514,0.0
2019-05-01,WTI,without_cells,abstain,10,,False,0,-0.16273583,0.0
2019-06-01,WTI,without_cells,emitted,1,tier4,False,0,0.10967136,0.0
2019-07-01,WTI,without_cells,emitted,1,tier4,False,0,-0.08698594,0.0
2019-08-01,WTI,without_cells,abstain,0,,False,0,-0.0001854,0.0
2019-09-01,WTI,without_cells,emitted,9,tier2,False,0,-0.00593251,0.0
2019-10-01,WTI,without_cells,emitted,9,tier2,False,0,0.04811641,0.0
2019-11-01,WTI,without_cells,abstain,21,,False,0,-0.00427049,0.0
2019-12-01,WTI,without_cells,abstain,21,,False,0,0.09328094,0.0
2020-01-01,WTI,without_cells,abstain,12,,False,0,-0.18094148,0.0
2020-02-01,WTI,without_cells,emitted,1,tier3,False,0,-0.0670525,0.0
2020-03-01,WTI,without_cells,abstain,0,,False,0,-0.56556151,0.0
2020-04-01,WTI,without_cells,abstain,18,,False,0,-0.02609546,0.0
2020-05-01,WTI,without_cells,abstain,18,,False,0,0.79170867,0.0
2020-06-01,WTI,without_cells,abstain,18,,False,0,0.1235892,0.0
2020-07-01,WTI,without_cells,abstain,2,,False,0,0.02988445,0.0
2020-08-01,WTI,without_cells,abstain,2,,False,0,0.04267252,0.0
2020-09-01,WTI,without_cells,emitted,1,tier3,False,0,-0.09448076,0.0
2020-10-01,WTI,without_cells,abstain,13,,False,0,-0.04932851,0.0
2020-11-01,WTI,without_cells,pulled,25,,True,1,0.21026888,0.21026888
2020-12-01,WTI,without_cells,abstain,13,,False,0,0.06891133,0.0
2021-01-01,WTI,without_cells,emitted,10,tier2,False,0,0.12452752,0.0
2021-02-01,WTI,without_cells,abstain,1,,False,0,0.13239963,0.0
2021-03-01,WTI,without_cells,abstain,21,,False,0,0.01335754,0.0
2021-04-01,WTI,without_cells,pulled,24,,True,1,0.04947107,0.04947107
2021-05-01,WTI,without_cells,pulled,24,,True,1,0.05008534,0.05008534
2021-06-01,WTI,without_cells,abstain,17,,False,0,0.11089784,0.0
2021-07-01,WTI,without_cells,abstain,17,,False,0,-0.05277151,0.0
2021-08-01,WTI,without_cells,abstain,17,,False,0,-0.03746851,0.0
2021-09-01,WTI,without_cells,abstain,16,,False,0,0.10628373,0.0
2021-10-01,WTI,without_cells,pulled,24,,True,1,0.10767009,0.10767009
2021-11-01,WTI,without_cells,pulled,25,,True,1,-0.21986916,-0.21986916
2021-12-01,WTI,without_cells,pulled,25,,True,1,0.16028675,0.16028675
2022-01-01,WTI,without_cells,pulled,25,,True,1,0.15930593,0.15930593
2022-02-01,WTI,without_cells,pulled,25,,True,1,0.17244906,0.17244906
2022-03-01,WTI,without_cells,emitted,17,tier2,False,0,-0.04003488,0.0
2022-04-01,WTI,without_cells,abstain,8,,False,0,0.05943388,0.0
2022-05-01,WTI,without_cells,abstain,8,,False,0,0.09593995,0.0
2022-06-01,WTI,without_cells,abstain,8,,False,0,-0.05925735,0.0
2022-07-01,WTI,without_cells,abstain,8,,False,0,-0.13409574,0.0
2022-08-01,WTI,without_cells,abstain,8,,False,0,-0.07753753,0.0
2022-09-01,WTI,without_cells,abstain,8,,False,0,-0.03440715,0.0
2022-10-01,WTI,without_cells,abstain,8,,False,0,0.05667829,0.0
2022-11-01,WTI,without_cells,abstain,17,,False,0,-0.08090983,0.0
2022-12-01,WTI,without_cells,abstain,5,,False,0,-0.05281951,0.0
2023-01-01,WTI,without_cells,abstain,5,,False,0,-0.00675935,0.0
2023-02-01,WTI,without_cells,abstain,4,,False,0,0.01675172,0.0
2023-03-01,WTI,without_cells,abstain,13,,False,0,0.0351396,0.0
2023-04-01,WTI,without_cells,abstain,13,,False,0,-0.05918919,0.0
2023-05-01,WTI,without_cells,abstain,4,,False,0,-0.07348672,0.0
2023-06-01,WTI,without_cells,abstain,13,,False,0,-0.00442222,0.0
2023-07-01,WTI,without_cells,emitted,16,tier4,False,0,0.16592637,0.0
2023-08-01,WTI,without_cells,emitted,16,tier4,False,0,0.05137029,0.0
2023-09-01,WTI,without_cells,abstain,13,,False,0,0.03822322,0.0
2023-10-01,WTI,without_cells,abstain,13,,False,0,-0.09434809,0.0
2023-11-01,WTI,without_cells,abstain,13,,False,0,-0.07918949,0.0
2023-12-01,WTI,without_cells,emitted,10,tier4,False,0,-0.04981777,0.0
2024-01-01,WTI,without_cells,emitted,10,tier4,False,0,0.04887756,0.0
2024-02-01,WTI,without_cells,abstain,13,,False,0,0.08331078,0.0
2024-03-01,WTI,without_cells,abstain,13,,False,0,0.04676751,0.0
2024-04-01,WTI,without_cells,abstain,13,,False,0,-0.05626567,0.0
2024-05-01,WTI,without_cells,abstain,13,,False,0,-0.06050631,0.0
2024-06-01,WTI,without_cells,abstain,13,,False,0,0.12341681,0.0
2024-07-01,WTI,without_cells,abstain,13,,False,0,-0.08479252,0.0
2024-08-01,WTI,without_cells,abstain,1,,False,0,-0.07823354,0.0
2024-09-01,WTI,without_cells,abstain,1,,False,0,-0.00725042,0.0
2024-10-01,WTI,without_cells,emitted,10,tier4,False,0,-0.00486902,0.0
2024-11-01,WTI,without_cells,abstain,13,,False,0,-0.02000287,0.0
2024-12-01,WTI,without_cells,pulled,25,,True,1,0.07386195,0.07386195
2025-01-01,WTI,without_cells,abstain,13,,False,0,0.00041032,0.0
2025-02-01,WTI,without_cells,abstain,13,,False,0,-0.06547295,0.0
2025-03-01,WTI,without_cells,abstain,13,,False,0,0.04139234,0.0
2025-04-01,WTI,without_cells,emitted,10,tier4,False,0,-0.16797747,0.0
2025-05-01,WTI,without_cells,abstain,13,,False,0,0.05536797,0.0
2025-06-01,WTI,without_cells,abstain,13,,False,0,0.04686495,0.0
2025-07-01,WTI,without_cells,abstain,13,,False,0,0.02872429,0.0
2025-08-01,WTI,without_cells,abstain,13,,False,0,-0.02584294,0.0
2025-09-01,WTI,without_cells,abstain,13,,False,0,-0.05808809,0.0
2025-10-01,WTI,without_cells,abstain,13,,False,0,-0.01181611,0.0
2025-11-01,WTI,without_cells,abstain,13,,False,0,-0.02833742,0.0
2025-12-01,WTI,without_cells,abstain,13,,False,0,-0.03371544,0.0
2026-01-01,WTI,without_cells,abstain,13,,False,0,0.08408932,0.0
2026-02-01,WTI,without_cells,abstain,13,,False,0,0.14628265,0.0
2026-03-01,WTI,without_cells,abstain,13,,False,0,0.40558751,0.0
2026-04-01,WTI,without_cells,abstain,13,,False,0,0.01817818,0.0
2026-05-01,WTI,without_cells,abstain,13,,False,0,-0.09593877,0.0
2026-06-01,WTI,without_cells,abstain,13,,False,0,-0.25585938,0.0
2026-07-01,WTI,without_cells,abstain,13,,False,0,,0.0
1990-01-01,USD,without_cells,emitted,12,tier4,False,0,-0.00849685,0.0
1990-02-01,USD,without_cells,emitted,12,tier2,False,0,0.01630382,0.0
1990-03-01,USD,without_cells,emitted,12,tier2,False,0,0.01210981,0.0
1990-04-01,USD,without_cells,emitted,13,tier2,False,0,-0.00717347,0.0
1990-05-01,USD,without_cells,emitted,13,tier2,False,0,-0.01288436,0.0
1990-06-01,USD,without_cells,abstain,1,,False,0,-0.01601198,0.0
1990-07-01,USD,without_cells,abstain,1,,False,0,-0.02754259,0.0
1990-08-01,USD,without_cells,abstain,1,,False,0,-0.00857061,0.0
1990-09-01,USD,without_cells,emitted,12,tier4,False,0,-0.02244971,0.0
1990-10-01,USD,without_cells,emitted,13,tier4,False,0,-0.02124624,0.0
1990-11-01,USD,without_cells,emitted,13,tier4,False,0,0.01261658,0.0
1990-12-01,USD,without_cells,emitted,13,tier2,False,0,-0.00729575,0.0
1991-01-01,USD,without_cells,emitted,13,tier4,False,0,-0.01330144,0.0
1991-02-01,USD,without_cells,emitted,1,tier2,False,0,0.02481104,0.0
1991-03-01,USD,without_cells,emitted,1,tier2,False,0,0.05162484,0.0
1991-04-01,USD,without_cells,emitted,1,tier2,False,0,-0.00164529,0.0
1991-05-01,USD,without_cells,emitted,0,tier4,False,0,0.01244712,0.0
1991-06-01,USD,without_cells,emitted,12,tier4,False,0,0.01809477,0.0
1991-07-01,USD,without_cells,emitted,12,tier2,False,0,-0.01486516,0.0
1991-08-01,USD,without_cells,emitted,12,tier2,False,0,-0.01003815,0.0
1991-09-01,USD,without_cells,emitted,12,tier2,False,0,-0.025962,0.0
1991-10-01,USD,without_cells,emitted,12,tier2,False,0,-0.00879059,0.0
1991-11-01,USD,without_cells,emitted,12,tier2,False,0,-0.00898061,0.0
1991-12-01,USD,without_cells,emitted,12,tier2,False,0,-0.02920975,0.0
1992-01-01,USD,without_cells,emitted,12,tier2,False,0,0.0264565,0.0
1992-02-01,USD,without_cells,abstain,12,tier3,False,0,0.02258462,0.0
1992-03-01,USD,without_cells,abstain,12,,False,0,0.01571654,0.0
1992-04-01,USD,without_cells,abstain,9,,False,0,-0.00993617,0.0
1992-05-01,USD,without_cells,abstain,9,,False,0,-0.01707328,0.0
1992-06-01,USD,without_cells,abstain,9,,False,0,-0.02998683,0.0
1992-07-01,USD,without_cells,abstain,12,,False,0,-0.00772816,0.0
1992-08-01,USD,without_cells,abstain,12,,False,0,-0.02804474,0.0
1992-09-01,USD,without_cells,abstain,12,,False,0,0.03205109,0.0
1992-10-01,USD,without_cells,abstain,12,,False,0,0.05505671,0.0
1992-11-01,USD,without_cells,abstain,12,,False,0,0.01832793,0.0
1992-12-01,USD,without_cells,emitted,12,tier4,False,0,0.01752983,0.0
1993-01-01,USD,without_cells,emitted,0,tier4,False,0,0.00073257,0.0
1993-02-01,USD,without_cells,emitted,12,tier2,False,0,-0.013259,0.0
1993-03-01,USD,without_cells,emitted,12,tier2,False,0,-0.02253961,0.0
1993-04-01,USD,without_cells,emitted,12,tier4,False,0,-0.01546173,0.0
1993-05-01,USD,without_cells,emitted,12,tier4,False,0,-0.00540426,0.0
1993-06-01,USD,without_cells,emitted,12,tier2,False,0,0.02893645,0.0
1993-07-01,USD,without_cells,abstain,24,,False,0,-0.00017409,0.0
1993-08-01,USD,without_cells,abstain,21,,False,0,0.00168765,0.0
1993-09-01,USD,without_cells,abstain,12,tier2,False,0,-0.00017717,0.0
1993-10-01,USD,without_cells,emitted,12,tier4,False,0,0.0140827,0.0
1993-11-01,USD,without_cells,emitted,12,tier4,False,0,0.00934711,0.0
1993-12-01,USD,without_cells,emitted,12,tier4,False,0,0.00715039,0.0
1994-01-01,USD,without_cells,abstain,12,tier4,False,0,-0.01571171,0.0
1994-02-01,USD,without_cells,abstain,12,tier4,False,0,-0.0050986,0.0
1994-03-01,USD,without_cells,abstain,12,,False,0,0.00175755,0.0
1994-04-01,USD,without_cells,abstain,12,,False,0,-0.01846272,0.0
1994-05-01,USD,without_cells,abstain,12,,False,0,0.00859604,0.0
1994-06-01,USD,without_cells,abstain,12,,False,0,-0.02770347,0.0
1994-07-01,USD,without_cells,abstain,12,,False,0,0.00100296,0.0
1994-08-01,USD,without_cells,abstain,12,,False,0,-0.00487139,0.0
1994-09-01,USD,without_cells,abstain,12,,False,0,-0.01200993,0.0
1994-10-01,USD,without_cells,abstain,12,,False,0,-0.02000044,0.0
1994-11-01,USD,without_cells,abstain,12,,False,0,0.03217635,0.0
1994-12-01,USD,without_cells,abstain,12,,False,0,0.00594139,0.0
1995-01-01,USD,without_cells,abstain,12,,False,0,-0.00708504,0.0
1995-02-01,USD,without_cells,abstain,12,,False,0,-0.01862025,0.0
1995-03-01,USD,without_cells,abstain,12,,False,0,-0.0460476,0.0
1995-04-01,USD,without_cells,abstain,12,,False,0,-0.0162623,0.0
1995-05-01,USD,without_cells,abstain,12,,False,0,0.01355798,0.0
1995-06-01,USD,without_cells,abstain,12,,False,0,-0.00794653,0.0
1995-07-01,USD,without_cells,abstain,12,,False,0,0.00684758,0.0
1995-08-01,USD,without_cells,abstain,12,,False,0,0.04185083,0.0
1995-09-01,USD,without_cells,abstain,12,,False,0,-0.00272279,0.0
1995-10-01,USD,without_cells,abstain,12,,False,0,0.00523936,0.0
1995-11-01,USD,without_cells,abstain,12,,False,0,0.00686624,0.0
1995-12-01,USD,without_cells,abstain,12,,False,0,0.00083731,0.0
1996-01-01,USD,without_cells,abstain,12,,False,0,0.02634315,0.0
1996-02-01,USD,without_cells,abstain,12,,False,0,-0.00891388,0.0
1996-03-01,USD,without_cells,abstain,12,,False,0,0.00041412,0.0
1996-04-01,USD,without_cells,abstain,12,,False,0,0.00650781,0.0
1996-05-01,USD,without_cells,abstain,12,,False,0,0.00371058,0.0
1996-06-01,USD,without_cells,abstain,12,,False,0,0.00038007,0.0
1996-07-01,USD,without_cells,abstain,12,,False,0,-0.0140505,0.0
1996-08-01,USD,without_cells,abstain,12,,False,0,0.00663761,0.0
1996-09-01,USD,without_cells,abstain,12,,False,0,0.01083685,0.0
1996-10-01,USD,without_cells,abstain,12,,False,0,-0.00773999,0.0
1996-11-01,USD,without_cells,abstain,12,,False,0,0.00696257,0.0
1996-12-01,USD,without_cells,abstain,12,,False,0,0.00961077,0.0
1997-01-01,USD,without_cells,emitted,0,tier4,False,0,0.03382365,0.0
1997-02-01,USD,without_cells,emitted,0,tier4,False,0,0.01510177,0.0
1997-03-01,USD,without_cells,emitted,0,tier4,False,0,-1.182e-05,0.0
1997-04-01,USD,without_cells,abstain,0,tier4,False,0,0.01997781,0.0
1997-05-01,USD,without_cells,abstain,0,tier4,False,0,-0.02166976,0.0
1997-06-01,USD,without_cells,emitted,0,tier4,False,0,-0.00258692,0.0
1997-07-01,USD,without_cells,emitted,0,tier4,False,0,0.03367721,0.0
1997-08-01,USD,without_cells,abstain,9,,False,0,0.00273467,0.0
1997-09-01,USD,without_cells,emitted,0,tier4,False,0,-0.01459405,0.0
1997-10-01,USD,without_cells,abstain,12,,False,0,-0.00475638,0.0
1997-11-01,USD,without_cells,abstain,0,tier2,False,0,0.02854406,0.0
1997-12-01,USD,without_cells,abstain,0,,False,0,0.01532276,0.0
1998-01-01,USD,without_cells,abstain,0,,False,0,-0.00187589,0.0
1998-02-01,USD,without_cells,abstain,0,,False,0,-0.00945514,0.0
1998-03-01,USD,without_cells,abstain,0,,False,0,0.02062307,0.0
1998-04-01,USD,without_cells,abstain,12,,False,0,-0.0120297,0.0
1998-05-01,USD,without_cells,abstain,12,,False,0,0.0190307,0.0
1998-06-01,USD,without_cells,abstain,12,,False,0,0.00689064,0.0
1998-07-01,USD,without_cells,abstain,12,,False,0,0.01778611,0.0
1998-08-01,USD,without_cells,abstain,12,,False,0,-0.01713348,0.0
1998-09-01,USD,without_cells,abstain,12,,False,0,-0.02627343,0.0
1998-10-01,USD,without_cells,abstain,12,,False,0,-0.03720609,0.0
1998-11-01,USD,without_cells,abstain,12,,False,0,0.02232932,0.0
1998-12-01,USD,without_cells,abstain,12,,False,0,-0.02525034,0.0
1999-01-01,USD,without_cells,abstain,12,,False,0,0.01708208,0.0
1999-02-01,USD,without_cells,abstain,12,,False,0,0.02842664,0.0
1999-03-01,USD,without_cells,abstain,12,,False,0,-0.00070465,0.0
1999-04-01,USD,without_cells,abstain,12,,False,0,-0.00398463,0.0
1999-05-01,USD,without_cells,abstain,9,,False,0,0.01187809,0.0
1999-06-01,USD,without_cells,abstain,0,,False,0,0.0063494,0.0
1999-07-01,USD,without_cells,abstain,0,,False,0,-0.02084518,0.0
1999-08-01,USD,without_cells,abstain,0,,False,0,-0.01095698,0.0
1999-09-01,USD,without_cells,abstain,12,,False,0,-0.01967357,0.0
1999-10-01,USD,without_cells,abstain,12,,False,0,0.00624423,0.0
1999-11-01,USD,without_cells,emitted,13,tier2,False,0,0.01534725,0.0
1999-12-01,USD,without_cells,abstain,12,,False,0,-0.01327111,0.0
2000-01-01,USD,without_cells,abstain,12,,False,0,0.03012036,0.0
2000-02-01,USD,without_cells,abstain,24,,False,0,0.00232309,0.0
2000-03-01,USD,without_cells,abstain,12,,False,0,0.0003675,0.0
2000-04-01,USD,without_cells,emitted,0,tier2,False,0,0.03346404,0.0
2000-05-01,USD,without_cells,abstain,10,,False,0,0.0002072,0.0
2000-06-01,USD,without_cells,abstain,12,,False,0,-0.01954403,0.0
2000-07-01,USD,without_cells,abstain,12,,False,0,0.02342327,0.0
2000-08-01,USD,without_cells,abstain,1,,False,0,0.00076415,0.0
2000-09-01,USD,without_cells,emitted,13,tier2,False,0,0.02213547,0.0
2000-10-01,USD,without_cells,abstain,12,,False,0,0.01374011,0.0
2000-11-01,USD,without_cells,abstain,12,,False,0,0.00091806,0.0
2000-12-01,USD,without_cells,abstain,12,,False,0,-0.02921616,0.0
2001-01-01,USD,without_cells,abstain,12,,False,0,0.00254704,0.0
2001-02-01,USD,without_cells,abstain,12,,False,0,0.0206151,0.0
2001-03-01,USD,without_cells,abstain,12,,False,0,0.04611139,0.0
2001-04-01,USD,without_cells,abstain,1,,False,0,-0.02271301,0.0
2001-05-01,USD,without_cells,abstain,12,,False,0,0.01747916,0.0
2001-06-01,USD,without_cells,abstain,12,,False,0,0.00523304,0.0
2001-07-01,USD,without_cells,abstain,13,tier4,False,0,-0.01113764,0.0
2001-08-01,USD,without_cells,abstain,13,tier4,False,0,-0.02141473,0.0
2001-09-01,USD,without_cells,abstain,12,,False,0,0.00533086,0.0
2001-10-01,USD,without_cells,abstain,24,,False,0,0.00967789,0.0
2001-11-01,USD,without_cells,abstain,12,,False,0,0.0090751,0.0
2001-12-01,USD,without_cells,abstain,12,,False,0,0.01208929,0.0
2002-01-01,USD,without_cells,abstain,12,,False,0,0.01911651,0.0
2002-02-01,USD,without_cells,abstain,12,,False,0,-0.00245105,0.0
2002-03-01,USD,without_cells,abstain,21,,False,0,-0.00860375,0.0
2002-04-01,USD,without_cells,abstain,12,,False,0,-0.02869587,0.0
2002-05-01,USD,without_cells,abstain,21,,False,0,-0.02642552,0.0
2002-06-01,USD,without_cells,abstain,24,,False,0,-0.0312274,0.0
2002-07-01,USD,without_cells,abstain,21,,False,0,0.01298785,0.0
2002-08-01,USD,without_cells,abstain,12,,False,0,-0.00426668,0.0
2002-09-01,USD,without_cells,abstain,12,,False,0,0.00824062,0.0
2002-10-01,USD,without_cells,abstain,12,,False,0,-0.0107506,0.0
2002-11-01,USD,without_cells,abstain,12,,False,0,0.00649922,0.0
2002-12-01,USD,without_cells,abstain,12,,False,0,-0.02983711,0.0
2003-01-01,USD,without_cells,abstain,12,,False,0,-0.02077147,0.0
2003-02-01,USD,without_cells,abstain,24,tier2,False,0,-0.01130122,0.0
2003-03-01,USD,without_cells,abstain,21,,False,0,-0.00380052,0.0
2003-04-01,USD,without_cells,abstain,13,,False,0,-0.02487569,0.0
2003-05-01,USD,without_cells,abstain,13,,False,0,-0.02965276,0.0
2003-06-01,USD,without_cells,abstain,24,tier4,False,0,0.00115634,0.0
2003-07-01,USD,without_cells,abstain,12,,False,0,0.026599,0.0
2003-08-01,USD,without_cells,abstain,9,,False,0,0.00326677,0.0
2003-09-01,USD,without_cells,abstain,12,,False,0,-0.04875409,0.0
2003-10-01,USD,without_cells,abstain,24,tier4,False,0,0.00529053,0.0
2003-11-01,USD,without_cells,abstain,12,,False,0,-0.02936045,0.0
2003-12-01,USD,without_cells,emitted,12,tier4,False,0,-0.03063568,0.0
2004-01-01,USD,without_cells,emitted,24,tier2,False,0,0.01212063,0.0
2004-02-01,USD,without_cells,emitted,24,tier2,False,0,0.00338815,0.0
2004-03-01,USD,without_cells,emitted,12,tier4,False,0,-0.01340358,0.0
2004-04-01,USD,without_cells,abstain,21,,False,0,0.04627008,0.0
2004-05-01,USD,without_cells,abstain,12,,False,0,-0.0130714,0.0
2004-06-01,USD,without_cells,abstain,12,,False,0,-0.00921833,0.0
2004-07-01,USD,without_cells,abstain,1,,False,0,0.00852148,0.0
2004-08-01,USD,without_cells,abstain,13,,False,0,-0.01138258,0.0
2004-09-01,USD,without_cells,abstain,12,,False,0,-0.016863,0.0
2004-10-01,USD,without_cells,abstain,12,,False,0,-0.02975907,0.0
2004-11-01,USD,without_cells,abstain,12,,False,0,-0.03832197,0.0
2004-12-01,USD,without_cells,abstain,25,,False,0,0.00329332,0.0
2005-01-01,USD,without_cells,abstain,13,,False,0,0.02518178,0.0
2005-02-01,USD,without_cells,abstain,12,,False,0,-0.00641354,0.0
2005-03-01,USD,without_cells,abstain,12,,False,0,0.00998486,0.0
2005-04-01,USD,without_cells,abstain,13,tier4,False,0,0.00611965,0.0
2005-05-01,USD,without_cells,abstain,13,tier4,False,0,0.02795352,0.0
2005-06-01,USD,without_cells,emitted,0,tier2,False,0,0.01603848,0.0
2005-07-01,USD,without_cells,abstain,12,,False,0,-0.01440672,0.0
2005-08-01,USD,without_cells,abstain,12,,False,0,-0.02161449,0.0
2005-09-01,USD,without_cells,emitted,13,tier4,False,0,0.02193702,0.0
2005-10-01,USD,without_cells,emitted,13,tier4,False,0,0.00495155,0.0
2005-11-01,USD,without_cells,emitted,13,tier4,False,0,0.01529382,0.0
2005-12-01,USD,without_cells,abstain,25,tier4,False,0,-0.00881985,0.0
2006-01-01,USD,without_cells,abstain,25,tier4,False,0,-0.0189893,0.0
2006-02-01,USD,without_cells,abstain,25,tier4,False,0,0.00532267,0.0
2006-03-01,USD,without_cells,emitted,25,tier2,False,0,0.00616904,0.0
2006-04-01,USD,without_cells,emitted,25,tier2,False,0,-0.04439569,0.0
2006-05-01,USD,without_cells,emitted,24,tier4,False,0,-0.01274509,0.0
2006-06-01,USD,without_cells,emitted,24,tier4,False,0,0.0095236,0.0
2006-07-01,USD,without_cells,emitted,25,tier2,False,0,0.00412773,0.0
2006-08-01,USD,without_cells,emitted,25,tier2,False,0,-0.00652381,0.0
2006-09-01,USD,without_cells,abstain,13,,False,0,0.00774288,0.0
2006-10-01,USD,without_cells,emitted,13,tier4,False,0,0.00040374,0.0
2006-11-01,USD,without_cells,emitted,0,tier4,False,0,-0.01935725,0.0
2006-12-01,USD,without_cells,abstain,12,,False,0,0.01640831,0.0
2007-01-01,USD,without_cells,abstain,12,,False,0,0.01086985,0.0
2007-02-01,USD,without_cells,abstain,12,,False,0,-0.00998949,0.0
2007-03-01,USD,without_cells,abstain,12,,False,0,-0.01134943,0.0
2007-04-01,USD,without_cells,abstain,21,,False,0,-0.0175203,0.0
2007-05-01,USD,without_cells,abstain,12,,False,0,-0.00440517,0.0
2007-06-01,USD,without_cells,abstain,13,,False,0,-0.00918149,0.0
2007-07-01,USD,without_cells,emitted,13,tier4,False,0,-0.00715146,0.0
2007-08-01,USD,without_cells,abstain,13,tier2,False,0,-0.00119727,0.0
2007-09-01,USD,without_cells,abstain,13,tier2,False,0,-0.03871479,0.0
2007-10-01,USD,without_cells,abstain,22,,False,0,-0.02274506,0.0
2007-11-01,USD,without_cells,emitted,25,tier4,False,0,0.00431975,0.0
2007-12-01,USD,without_cells,emitted,25,tier4,False,0,0.0035312,0.0
2008-01-01,USD,without_cells,emitted,25,tier4,False,0,-0.01465019,0.0
2008-02-01,USD,without_cells,emitted,25,tier4,False,0,-0.01838792,0.0
2008-03-01,USD,without_cells,emitted,25,tier2,False,0,-0.00117368,0.0
2008-04-01,USD,without_cells,emitted,25,tier2,False,0,0.00571166,0.0
2008-05-01,USD,without_cells,emitted,13,tier2,False,0,-0.00739042,0.0
2008-06-01,USD,without_cells,abstain,22,,False,0,0.00120676,0.0
2008-07-01,USD,without_cells,emitted,13,tier4,False,0,0.01149696,0.0
2008-08-01,USD,without_cells,emitted,13,tier2,False,0,0.0474158,0.0
2008-09-01,USD,without_cells,abstain,2,,False,0,0.01660266,0.0
2008-10-01,USD,without_cells,emitted,13,tier2,False,0,0.07881791,0.0
2008-11-01,USD,without_cells,abstain,1,,False,0,0.01527074,0.0
2008-12-01,USD,without_cells,emitted,0,tier4,False,0,-0.05177509,0.0
2009-01-01,USD,without_cells,abstain,9,,False,0,0.04800712,0.0
2009-02-01,USD,without_cells,abstain,12,,False,0,0.03446466,0.0
2009-03-01,USD,without_cells,emitted,24,tier4,False,0,-0.02947352,0.0
2009-04-01,USD,without_cells,abstain,12,,False,0,-0.02352741,0.0
2009-05-01,USD,without_cells,emitted,24,tier4,False,0,-0.06847714,0.0
2009-06-01,USD,without_cells,emitted,24,tier2,False,0,0.01490099,0.0
2009-07-01,USD,without_cells,abstain,12,,False,0,-0.03319898,0.0
2009-08-01,USD,without_cells,abstain,13,,False,0,0.01656489,0.0
2009-09-01,USD,without_cells,abstain,12,,False,0,-0.0217535,0.0
2009-10-01,USD,without_cells,abstain,12,,False,0,-0.01162459,0.0
2009-11-01,USD,without_cells,emitted,25,tier2,False,0,-0.02480757,0.0
2009-12-01,USD,without_cells,emitted,25,tier2,False,0,0.03185296,0.0
2010-01-01,USD,without_cells,emitted,25,tier2,False,0,0.0213129,0.0
2010-02-01,USD,without_cells,emitted,24,tier4,False,0,0.00627281,0.0
2010-03-01,USD,without_cells,emitted,24,tier4,False,0,-0.00627865,0.0
2010-04-01,USD,without_cells,abstain,21,,False,0,0.01550316,0.0
2010-05-01,USD,without_cells,abstain,21,,False,0,0.03997841,0.0
2010-06-01,USD,without_cells,abstain,12,,False,0,-0.0144592,0.0
2010-07-01,USD,without_cells,abstain,12,,False,0,-0.04174942,0.0
2010-08-01,USD,without_cells,emitted,12,tier4,False,0,0.01601606,0.0
2010-09-01,USD,without_cells,abstain,21,,False,0,-0.04224494,0.0
2010-10-01,USD,without_cells,emitted,24,tier2,False,0,-0.01239248,0.0
2010-11-01,USD,without_cells,emitted,24,tier2,False,0,0.03218456,0.0
2010-12-01,USD,without_cells,abstain,21,,False,0,-0.02284797,0.0
2011-01-01,USD,without_cells,emitted,24,tier4,False,0,-0.01485432,0.0
2011-02-01,USD,without_cells,abstain,22,,False,0,-0.00673048,0.0
2011-03-01,USD,without_cells,emitted,25,tier2,False,0,-0.00993283,0.0
2011-04-01,USD,without_cells,emitted,13,tier2,False,0,-0.03405135,0.0
2011-05-01,USD,without_cells,emitted,25,tier4,False,0,0.01908733,0.0
2011-06-01,USD,without_cells,emitted,13,tier2,False,0,-0.00309326,0.0
2011-07-01,USD,without_cells,emitted,13,tier2,False,0,-0.00492348,0.0
2011-08-01,USD,without_cells,emitted,25,tier2,False,0,0.00422791,0.0
2011-09-01,USD,without_cells,emitted,25,tier2,False,0,0.06253186,0.0
2011-10-01,USD,without_cells,emitted,25,tier2,False,0,-0.0204019,0.0
2011-11-01,USD,without_cells,abstain,13,,False,0,0.00588989,0.0
2011-12-01,USD,without_cells,abstain,21,,False,0,0.00846703,0.0
2012-01-01,USD,without_cells,emitted,12,tier3,False,0,-0.01046166,0.0
2012-02-01,USD,without_cells,emitted,12,tier3,False,0,0.00150121,0.0
2012-03-01,USD,without_cells,abstain,0,tier4,False,0,0.00461869,0.0
2012-04-01,USD,without_cells,abstain,12,,False,0,-0.00381491,0.0
2012-05-01,USD,without_cells,emitted,12,tier2,False,0,0.0457302,0.0
2012-06-01,USD,without_cells,emitted,0,tier2,False,0,-0.01196615,0.0
2012-07-01,USD,without_cells,abstain,12,,False,0,0.00103737,0.0
2012-08-01,USD,without_cells,emitted,0,tier2,False,0,-0.01366833,0.0
2012-09-01,USD,without_cells,abstain,12,,False,0,-0.01431868,0.0
2012-10-01,USD,without_cells,abstain,12,,False,0,0.00771034,0.0
2012-11-01,USD,without_cells,abstain,12,,False,0,-0.00090762,0.0
2012-12-01,USD,without_cells,abstain,12,,False,0,0.00235104,0.0
2013-01-01,USD,without_cells,abstain,12,,False,0,0.00072097,0.0
2013-02-01,USD,without_cells,abstain,12,,False,0,0.03752994,0.0
2013-03-01,USD,without_cells,abstain,1,,False,0,-0.00107111,0.0
2013-04-01,USD,without_cells,abstain,0,,False,0,-0.00802882,0.0
2013-05-01,USD,without_cells,abstain,0,,False,0,0.0154405,0.0
2013-06-01,USD,without_cells,abstain,0,,False,0,0.01018715,0.0
2013-07-01,USD,without_cells,abstain,0,,False,0,-0.00861224,0.0
2013-08-01,USD,without_cells,abstain,0,,False,0,0.00479879,0.0
2013-09-01,USD,without_cells,abstain,0,,False,0,-0.02447957,0.0
2013-10-01,USD,without_cells,abstain,0,,False,0,0.00752696,0.0
2013-11-01,USD,without_cells,abstain,0,,False,0,0.0088306,0.0
2013-12-01,USD,without_cells,emitted,0,tier4,False,0,-0.00077662,0.0
2014-01-01,USD,without_cells,abstain,12,,False,0,0.01215293,0.0
2014-02-01,USD,without_cells,abstain,12,,False,0,-0.00652965,0.0
2014-03-01,USD,without_cells,abstain,9,,False,0,-0.00349774,0.0
2014-04-01,USD,without_cells,abstain,12,,False,0,-0.00647028,0.0
2014-05-01,USD,without_cells,abstain,12,,False,0,0.00765061,0.0
2014-06-01,USD,without_cells,abstain,12,,False,0,-0.01286595,0.0
2014-07-01,USD,without_cells,abstain,12,,False,0,0.01914613,0.0
2014-08-01,USD,without_cells,abstain,12,,False,0,0.01592893,0.0
2014-09-01,USD,without_cells,abstain,0,,False,0,0.03361592,0.0
2014-10-01,USD,without_cells,abstain,0,,False,0,0.01624836,0.0
2014-11-01,USD,without_cells,abstain,0,,False,0,0.00764074,0.0
2014-12-01,USD,without_cells,abstain,12,,False,0,0.03400143,0.0
2015-01-01,USD,without_cells,abstain,0,,False,0,0.04013867,0.0
2015-02-01,USD,without_cells,abstain,12,,False,0,0.0073666,0.0
2015-03-01,USD,without_cells,abstain,9,,False,0,0.02149081,0.0
2015-04-01,USD,without_cells,abstain,12,,False,0,-0.02836206,0.0
2015-05-01,USD,without_cells,abstain,12,,False,0,0.02521282,0.0
2015-06-01,USD,without_cells,abstain,12,,False,0,-0.01085271,0.0
2015-07-01,USD,without_cells,abstain,12,,False,0,0.02158864,0.0
2015-08-01,USD,without_cells,abstain,0,,False,0,-0.01297492,0.0
2015-09-01,USD,without_cells,abstain,1,,False,0,0.00445749,0.0
2015-10-01,USD,without_cells,abstain,0,,False,0,0.00338969,0.0
2015-11-01,USD,without_cells,abstain,12,,False,0,0.02754815,0.0
2015-12-01,USD,without_cells,abstain,0,,False,0,0.0023559,0.0
2016-01-01,USD,without_cells,abstain,0,,False,0,0.00277184,0.0
2016-02-01,USD,without_cells,abstain,12,,False,0,-0.01827898,0.0
2016-03-01,USD,without_cells,abstain,12,,False,0,-0.03493699,0.0
2016-04-01,USD,without_cells,abstain,21,,False,0,-0.02574785,0.0
2016-05-01,USD,without_cells,abstain,24,,False,0,0.03423003,0.0
2016-06-01,USD,without_cells,emitted,24,tier2,False,0,-0.00804668,0.0
2016-07-01,USD,without_cells,abstain,24,tier4,False,0,0.00280336,0.0
2016-08-01,USD,without_cells,abstain,24,tier4,False,0,0.00127796,0.0
2016-09-01,USD,without_cells,abstain,12,,False,0,-0.00030025,0.0
2016-10-01,USD,without_cells,emitted,13,tier1,False,0,0.02075315,0.0
2016-11-01,USD,without_cells,emitted,13,tier1,False,0,0.02842635,0.0
2016-12-01,USD,without_cells,abstain,12,,False,0,0.01842004,0.0
2017-01-01,USD,without_cells,abstain,0,tier3,False,0,-0.031481,0.0
2017-02-01,USD,without_cells,abstain,0,tier3,False,0,0.01622698,0.0
2017-03-01,USD,without_cells,abstain,1,,False,0,-0.0073262,0.0
2017-04-01,USD,without_cells,abstain,1,,False,0,-0.00621636,0.0
2017-05-01,USD,without_cells,abstain,12,,False,0,-0.01572833,0.0
2017-06-01,USD,without_cells,abstain,12,,False,0,-0.01465959,0.0
2017-07-01,USD,without_cells,abstain,12,,False,0,-0.03156405,0.0
2017-08-01,USD,without_cells,abstain,12,,False,0,-0.00560397,0.0
2017-09-01,USD,without_cells,abstain,12,,False,0,0.01047435,0.0
2017-10-01,USD,without_cells,abstain,12,,False,0,0.01714544,0.0
2017-11-01,USD,without_cells,abstain,12,,False,0,-0.01928101,0.0
2017-12-01,USD,without_cells,abstain,12,,False,0,-0.01034717,0.0
2018-01-01,USD,without_cells,abstain,13,,False,0,-0.02973198,0.0
2018-02-01,USD,without_cells,abstain,13,,False,0,0.02302304,0.0
2018-03-01,USD,without_cells,abstain,13,,False,0,-0.00251555,0.0
2018-04-01,USD,without_cells,abstain,13,,False,0,0.01985575,0.0
2018-05-01,USD,without_cells,abstain,13,,False,0,0.01301084,0.0
2018-06-01,USD,without_cells,abstain,13,,False,0,0.01291767,0.0
2018-07-01,USD,without_cells,abstain,1,,False,0,-0.00577316,0.0
2018-08-01,USD,without_cells,abstain,1,,False,0,0.00912384,0.0
2018-09-01,USD,without_cells,abstain,0,tier3,False,0,-0.00605071,0.0
2018-10-01,USD,without_cells,emitted,0,tier4,False,0,0.0128383,0.0
2018-11-01,USD,without_cells,emitted,0,tier4,False,0,0.00450259,0.0
2018-12-01,USD,without_cells,abstain,9,,False,0,0.00410524,0.0
2019-01-01,USD,without_cells,abstain,12,,False,0,-0.01750565,0.0
2019-02-01,USD,without_cells,abstain,12,,False,0,0.01093694,0.0
2019-03-01,USD,without_cells,abstain,12,,False,0,0.00684334,0.0
2019-04-01,USD,without_cells,abstain,12,,False,0,0.00181835,0.0
2019-05-01,USD,without_cells,abstain,12,,False,0,0.00128408,0.0
2019-06-01,USD,without_cells,abstain,12,,False,0,-0.01171505,0.0
2019-07-01,USD,without_cells,abstain,12,,False,0,0.01491459,0.0
2019-08-01,USD,without_cells,abstain,12,,False,0,0.0034764,0.0
2019-09-01,USD,without_cells,emitted,25,tier2,False,0,0.00141391,0.0
2019-10-01,USD,without_cells,abstain,24,,False,0,-0.01606151,0.0
2019-11-01,USD,without_cells,abstain,24,,False,0,0.00862071,0.0
2019-12-01,USD,without_cells,abstain,12,,False,0,0.0115156,0.0
2020-01-01,USD,without_cells,abstain,12,,False,0,0.00993873,0.0
2020-02-01,USD,without_cells,abstain,13,,False,0,0.00600428,0.0
2020-03-01,USD,without_cells,abstain,13,,False,0,0.05974349,0.0
2020-04-01,USD,without_cells,abstain,13,,False,0,-0.00520303,0.0
2020-05-01,USD,without_cells,abstain,24,,False,0,-0.02339114,0.0
2020-06-01,USD,without_cells,abstain,24,,False,0,-0.0015615,0.0
2020-07-01,USD,without_cells,abstain,24,,False,0,-0.01893225,0.0
2020-08-01,USD,without_cells,abstain,24,,False,0,-0.01900305,0.0
2020-09-01,USD,without_cells,emitted,24,tier4,False,0,0.0099854,0.0
2020-10-01,USD,without_cells,emitted,24,tier4,False,0,-0.00416885,0.0
2020-11-01,USD,without_cells,abstain,21,,False,0,-0.02950718,0.0
2020-12-01,USD,without_cells,abstain,13,,False,0,-0.01417297,0.0
2021-01-01,USD,without_cells,abstain,13,,False,0,0.01089315,0.0
2021-02-01,USD,without_cells,abstain,1,,False,0,0.00095536,0.0
2021-03-01,USD,without_cells,abstain,1,,False,0,0.01077615,0.0
2021-04-01,USD,without_cells,abstain,1,,False,0,-0.01524456,0.0
2021-05-01,USD,without_cells,abstain,1,,False,0,-0.01339583,0.0
2021-06-01,USD,without_cells,abstain,13,,False,0,0.02022902,0.0
2021-07-01,USD,without_cells,abstain,2,,False,0,-0.00062888,0.0
2021-08-01,USD,without_cells,abstain,5,,False,0,0.0018115,0.0
2021-09-01,USD,without_cells,emitted,14,tier2,False,0,0.01334772,0.0
2021-10-01,USD,without_cells,emitted,14,tier2,False,0,-0.00151338,0.0
2021-11-01,USD,without_cells,emitted,14,tier2,False,0,0.01473031,0.0
2021-12-01,USD,without_cells,abstain,2,,False,0,-0.0041324,0.0
2022-01-01,USD,without_cells,abstain,14,,False,0,-0.00036045,0.0
2022-02-01,USD,without_cells,abstain,14,,False,0,0.00370725,0.0
2022-03-01,USD,without_cells,abstain,14,,False,0,-0.00271857,0.0
2022-04-01,USD,without_cells,abstain,14,,False,0,0.0381109,0.0
2022-05-01,USD,without_cells,abstain,14,,False,0,-0.0099022,0.0
2022-06-01,USD,without_cells,abstain,14,,False,0,0.02367741,0.0
2022-07-01,USD,without_cells,abstain,14,,False,0,-0.00078103,0.0
2022-08-01,USD,without_cells,abstain,5,,False,0,0.02462464,0.0
2022-09-01,USD,without_cells,abstain,2,,False,0,0.02154893,0.0
2022-10-01,USD,without_cells,abstain,2,,False,0,0.00249761,0.0
2022-11-01,USD,without_cells,abstain,2,,False,0,-0.04234109,0.0
2022-12-01,USD,without_cells,abstain,14,,False,0,0.00070489,0.0
2023-01-01,USD,without_cells,abstain,13,,False,0,-0.02837731,0.0
2023-02-01,USD,without_cells,abstain,13,,False,0,0.01693391,0.0
2023-03-01,USD,without_cells,abstain,13,,False,0,-0.01089488,0.0
2023-04-01,USD,without_cells,emitted,25,tier4,False,0,0.00103168,0.0
2023-05-01,USD,without_cells,emitted,25,tier3,False,0,0.00507018,0.0
2023-06-01,USD,without_cells,abstain,13,,False,0,-0.00697381,0.0
2023-07-01,USD,without_cells,abstain,13,,False,0,-0.00535265,0.0
2023-08-01,USD,without_cells,abstain,13,,False,0,0.01842903,0.0
2023-09-01,USD,without_cells,abstain,13,,False,0,0.01900894,0.0
2023-10-01,USD,without_cells,abstain,1,,False,0,0.0059949,0.0
2023-11-01,USD,without_cells,abstain,13,,False,0,-0.03109889,0.0
2023-12-01,USD,without_cells,abstain,13,,False,0,-0.0056177,0.0
2024-01-01,USD,without_cells,abstain,13,,False,0,0.00892859,0.0
2024-02-01,USD,without_cells,abstain,13,,False,0,0.00563102,0.0
2024-03-01,USD,without_cells,abstain,13,,False,0,0.00416491,0.0
2024-04-01,USD,without_cells,abstain,25,tier4,False,0,0.01235813,0.0
2024-05-01,USD,without_cells,abstain,25,tier2,False,0,-0.00541308,0.0
2024-06-01,USD,without_cells,abstain,25,tier4,False,0,0.01729288,0.0
2024-07-01,USD,without_cells,abstain,25,tier2,False,0,-0.00479968,0.0
2024-08-01,USD,without_cells,emitted,25,tier3,False,0,-0.00878507,0.0
2024-09-01,USD,without_cells,emitted,25,tier1,False,0,-0.00890202,0.0
2024-10-01,USD,without_cells,abstain,24,,False,0,0.02563521,0.0
2024-11-01,USD,without_cells,abstain,24,,False,0,0.01858541,0.0
2024-12-01,USD,without_cells,abstain,24,,False,0,0.01834855,0.0
2025-01-01,USD,without_cells,abstain,24,,False,0,-0.00270972,0.0
2025-02-01,USD,without_cells,emitted,25,tier2,False,0,-0.01052599,0.0
2025-03-01,USD,without_cells,emitted,25,tier2,False,0,-0.01030294,0.0
2025-04-01,USD,without_cells,emitted,25,tier2,False,0,-0.02604762,0.0
2025-05-01,USD,without_cells,emitted,25,tier2,False,0,-0.01585506,0.0
2025-06-01,USD,without_cells,emitted,25,tier2,False,0,-0.01522014,0.0
2025-07-01,USD,without_cells,emitted,25,tier2,False,0,0.01565731,0.0
2025-08-01,USD,without_cells,emitted,25,tier3,False,0,-0.00436012,0.0
2025-09-01,USD,without_cells,emitted,24,tier1,False,0,-0.00442065,0.0
2025-10-01,USD,without_cells,emitted,24,tier2,False,0,0.01082811,0.0
2025-11-01,USD,without_cells,emitted,25,tier3,False,0,-0.01519376,0.0
2026-01-01,USD,without_cells,emitted,25,tier3,False,0,-0.01040919,0.0
2026-02-01,USD,without_cells,emitted,25,tier3,False,0,0.00258616,0.0
2026-03-01,USD,without_cells,emitted,25,tier3,False,0,0.01224266,0.0
2026-04-01,USD,without_cells,emitted,25,tier3,False,0,-0.01437898,0.0
2026-05-01,USD,without_cells,emitted,25,tier3,False,0,0.00652659,0.0
2026-06-01,USD,without_cells,abstain,13,,False,0,0.01661725,0.0
2026-07-01,USD,without_cells,emitted,2,tier4,False,0,-0.00306739,0.0
2026-08-01,USD,without_cells,abstain,1,,False,0,,0.0
1990-01-01,SPY,with_cells,abstain,12,,False,0,-0.02800247,0.0
1990-02-01,SPY,with_cells,emitted,0,tier4,False,0,0.02423967,0.0
1990-03-01,SPY,with_cells,abstain,9,,False,0,-0.00082728,0.0
1990-04-01,SPY,with_cells,abstain,9,,False,0,0.03569105,0.0
1990-05-01,SPY,with_cells,emitted,12,tier2,False,0,0.02895075,0.0
1990-06-01,SPY,with_cells,emitted,12,tier2,False,0,-0.00099892,0.0
1990-07-01,SPY,with_cells,emitted,12,tier2,False,0,-0.08132656,0.0
1990-08-01,SPY,with_cells,emitted,12,tier2,False,0,-0.04637944,0.0
1990-09-01,SPY,with_cells,abstain,1,,False,0,-0.02628325,0.0
1990-10-01,SPY,with_cells,abstain,1,,False,0,0.02660198,0.0
1990-11-01,SPY,with_cells,abstain,1,,False,0,0.04269086,0.0
1990-12-01,SPY,with_cells,abstain,1,,False,0,-0.00991635,0.0
1991-01-01,SPY,with_cells,abstain,1,,False,0,0.11296814,0.0
1991-02-01,SPY,with_cells,abstain,21,,False,0,0.02765969,0.0
1991-03-01,SPY,with_cells,emitted,24,tier4,False,0,0.01987751,0.0
1991-04-01,SPY,with_cells,emitted,24,tier2,False,0,-0.00445112,0.0
1991-05-01,SPY,with_cells,emitted,24,tier2,False,0,0.00079367,0.0
1991-06-01,SPY,with_cells,emitted,24,tier2,False,0,0.00512834,0.0
1991-07-01,SPY,with_cells,emitted,24,tier2,False,0,0.02411698,0.0
1991-08-01,SPY,with_cells,emitted,12,tier4,False,0,-0.00564972,0.0
1991-09-01,SPY,with_cells,emitted,12,tier4,False,0,-0.00082645,0.0
1991-10-01,SPY,with_cells,emitted,12,tier4,False,0,-0.00248139,0.0
1991-11-01,SPY,with_cells,emitted,12,tier4,False,0,0.00671124,0.0
1991-12-01,SPY,with_cells,emitted,12,tier4,False,0,0.07096342,0.0
1992-01-01,SPY,with_cells,emitted,24,tier2,False,0,-0.00845991,0.0
1992-02-01,SPY,with_cells,abstain,12,,False,0,-0.01260423,0.0
1992-03-01,SPY,with_cells,emitted,12,tier2,False,0,0.00012274,0.0
1992-04-01,SPY,with_cells,emitted,12,tier2,False,0,0.01816352,0.0
1992-05-01,SPY,with_cells,abstain,22,,False,0,-0.01576625,0.0
1992-06-01,SPY,with_cells,pulled,13,,True,1,0.01660666,0.01660666
1992-07-01,SPY,with_cells,pulled,13,,True,1,0.00693892,0.00693892
1992-08-01,SPY,with_cells,pulled,14,,True,1,0.00131601,0.00131601
1992-09-01,SPY,with_cells,pulled,14,,True,1,-0.01428981,-0.01428981
1992-10-01,SPY,with_cells,pulled,14,,True,1,0.02506667,0.02506667
1992-11-01,SPY,with_cells,pulled,14,,True,1,0.0302715,0.0302715
1992-12-01,SPY,with_cells,pulled,14,,True,1,-0.00094114,-0.00094114
1993-01-01,SPY,with_cells,pulled,14,,True,1,0.0148657,0.0148657
1993-02-01,SPY,with_cells,pulled,14,,True,1,0.01915327,0.01915327
1993-03-01,SPY,with_cells,pulled,14,,True,1,-0.01572774,-0.01572774
1993-04-01,SPY,with_cells,pulled,13,,True,1,0.00489754,0.00489754
1993-05-01,SPY,with_cells,pulled,13,,True,1,0.00631106,0.00631106
1993-06-01,SPY,with_cells,pulled,13,,True,1,-0.00171852,-0.00171852
1993-07-01,SPY,with_cells,pulled,13,,True,1,0.01529209,0.01529209
1993-08-01,SPY,with_cells,pulled,13,,True,1,0.01125228,0.01125228
1993-09-01,SPY,with_cells,pulled,13,,True,1,0.0101472,0.0101472
1993-10-01,SPY,with_cells,pulled,13,,True,1,-0.00217719,-0.00217719
1993-11-01,SPY,with_cells,pulled,14,,True,1,0.00661064,0.00661064
1993-12-01,SPY,with_cells,pulled,14,,True,1,0.01510892,0.01510892
1994-01-01,SPY,with_cells,pulled,14,,True,1,-0.00298104,-0.00298104
1994-02-01,SPY,with_cells,pulled,14,,True,1,-0.01647653,-0.01647653
1994-03-01,SPY,with_cells,pulled,14,,True,1,-0.0357474,-0.0357474
1994-04-01,SPY,with_cells,pulled,14,,True,1,0.00820607,0.00820607
1994-05-01,SPY,with_cells,pulled,14,,True,1,0.0087159,0.0087159
1994-06-01,SPY,with_cells,pulled,14,,True,1,-0.00754128,-0.00754128
1994-07-01,SPY,with_cells,abstain,2,,False,0,0.02844484,0.0
1994-08-01,SPY,with_cells,pulled,14,,True,1,0.00585904,0.00585904
1994-09-01,SPY,with_cells,pulled,14,,True,1,-0.00674576,-0.00674576
1994-10-01,SPY,with_cells,pulled,14,,True,1,-0.00603695,-0.00603695
1994-11-01,SPY,with_cells,pulled,14,,True,1,-0.01262446,-0.01262446
1994-12-01,SPY,with_cells,pulled,14,,True,1,0.02210066,0.02210066
1995-01-01,SPY,with_cells,pulled,14,,True,1,0.0358302,0.0358302
1995-02-01,SPY,with_cells,pulled,14,,True,1,0.02330262,0.02330262
1995-03-01,SPY,with_cells,pulled,14,,True,1,0.02993004,0.02993004
1995-04-01,SPY,with_cells,abstain,17,,False,0,0.03130476,0.0
1995-05-01,SPY,with_cells,pulled,26,,True,1,0.02966725,0.02966725
1995-06-01,SPY,with_cells,pulled,26,,True,1,0.03341059,0.03341059
1995-07-01,SPY,with_cells,pulled,26,,True,1,0.0031218,0.0031218
1995-08-01,SPY,with_cells,pulled,26,,True,1,0.03516303,0.03516303
1995-09-01,SPY,with_cells,pulled,25,,True,1,0.00717038,0.00717038
1995-10-01,SPY,with_cells,pulled,25,,True,1,0.02163247,0.02163247
1995-11-01,SPY,with_cells,pulled,25,,True,1,0.03197152,0.03197152
1995-12-01,SPY,with_cells,pulled,25,,True,1,-0.00024407,-0.00024407
1996-01-01,SPY,with_cells,abstain,16,,False,0,0.0571596,0.0
1996-02-01,SPY,with_cells,pulled,25,,True,1,-0.00380269,-0.00380269
1996-03-01,SPY,with_cells,abstain,15,,False,0,0.00015454,0.0
1996-04-01,SPY,with_cells,abstain,16,,False,0,0.02172536,0.0
1996-05-01,SPY,with_cells,abstain,16,,False,0,0.01099466,0.0
1996-06-01,SPY,with_cells,pulled,13,,True,1,-0.0365445,-0.0365445
1996-07-01,SPY,with_cells,pulled,13,,True,1,0.02889437,0.02889437
1996-08-01,SPY,with_cells,pulled,13,,True,1,0.01841009,0.01841009
1996-09-01,SPY,with_cells,pulled,13,,True,1,0.03938478,0.03938478
1996-10-01,SPY,with_cells,pulled,13,,True,1,0.04876971,0.04876971
1996-11-01,SPY,with_cells,abstain,17,,False,0,0.01030353,0.0
1996-12-01,SPY,with_cells,abstain,17,,False,0,0.03090481,0.0
1997-01-01,SPY,with_cells,pulled,26,,True,1,0.04198533,0.04198533
1997-02-01,SPY,with_cells,pulled,26,,True,1,-0.0078032,-0.0078032
1997-03-01,SPY,with_cells,pulled,26,,True,1,-0.03563674,-0.03563674
1997-04-01,SPY,with_cells,pulled,14,,True,1,0.09053186,0.09053186
1997-05-01,SPY,with_cells,pulled,25,,True,1,0.05185514,0.05185514
1997-06-01,SPY,with_cells,pulled,25,,True,1,0.05591756,0.05591756
1997-07-01,SPY,with_cells,pulled,25,,True,1,0.00210745,0.00210745
1997-08-01,SPY,with_cells,pulled,25,,True,1,0.01054743,0.01054743
1997-09-01,SPY,with_cells,pulled,25,,True,1,0.01509039,0.01509039
1997-10-01,SPY,with_cells,pulled,25,,True,1,-0.0128685,-0.0128685
1997-11-01,SPY,with_cells,pulled,25,,True,1,0.0249755,0.0249755
1997-12-01,SPY,with_cells,abstain,16,,False,0,0.00102871,0.0
1998-01-01,SPY,with_cells,pulled,13,,True,1,0.06267647,0.06267647
1998-02-01,SPY,with_cells,abstain,16,,False,0,0.05185887,0.0
1998-03-01,SPY,with_cells,pulled,25,,True,1,0.03284641,0.03284641
1998-04-01,SPY,with_cells,pulled,25,,True,1,-0.00339867,-0.00339867
1998-05-01,SPY,with_cells,pulled,25,,True,1,-2.707e-05,-2.707e-05
1998-06-01,SPY,with_cells,pulled,25,,True,1,0.04347748,0.04347748
1998-07-01,SPY,with_cells,pulled,25,,True,1,-0.0708641,-0.0708641
1998-08-01,SPY,with_cells,pulled,13,,True,1,-0.05023171,-0.05023171
1998-09-01,SPY,with_cells,abstain,1,,False,0,0.01159077,0.0
1998-10-01,SPY,with_cells,abstain,1,,False,0,0.10843899,0.0
1998-11-01,SPY,with_cells,pulled,13,,True,1,0.03986264,0.03986264
1998-12-01,SPY,with_cells,pulled,13,,True,1,0.04934246,0.04934246
1999-01-01,SPY,with_cells,pulled,13,,True,1,-0.00175373,-0.00175373
1999-02-01,SPY,with_cells,pulled,25,,True,1,0.02814099,0.02814099
1999-03-01,SPY,with_cells,pulled,25,,True,1,0.04143064,0.04143064
1999-04-01,SPY,with_cells,pulled,25,,True,1,-0.00201534,-0.00201534
1999-05-01,SPY,with_cells,pulled,25,,True,1,-0.00714677,-0.00714677
1999-06-01,SPY,with_cells,pulled,26,,True,1,0.04418737,0.04418737
1999-07-01,SPY,with_cells,pulled,26,,True,1,-0.03874032,-0.03874032
1999-08-01,SPY,with_cells,pulled,14,,True,1,-0.00702077,-0.00702077
1999-09-01,SPY,with_cells,pulled,14,,True,1,-0.01377668,-0.01377668
1999-10-01,SPY,with_cells,pulled,14,,True,1,0.06999177,0.06999177
1999-11-01,SPY,with_cells,pulled,14,,True,1,0.02708843,0.02708843
1999-12-01,SPY,with_cells,pulled,14,,True,1,-0.00216284,-0.00216284
2000-01-01,SPY,with_cells,pulled,14,,True,1,-0.02575776,-0.02575776
2000-02-01,SPY,with_cells,pulled,14,,True,1,0.03840532,0.03840532
2000-03-01,SPY,with_cells,pulled,14,,True,1,0.01327823,0.01327823
2000-04-01,SPY,with_cells,abstain,17,,False,0,-0.02934253,0.0
2000-05-01,SPY,with_cells,pulled,14,,True,1,0.03065253,0.03065253
2000-06-01,SPY,with_cells,pulled,13,,True,1,0.00755151,0.00755151
2000-07-01,SPY,with_cells,pulled,13,,True,1,0.00845893,0.00845893
2000-08-01,SPY,with_cells,pulled,13,,True,1,-0.01172028,-0.01172028
2000-09-01,SPY,with_cells,pulled,13,,True,1,-0.0530704,-0.0530704
2000-10-01,SPY,with_cells,abstain,1,,False,0,-0.00870416,0.0
2000-11-01,SPY,with_cells,abstain,1,,False,0,-0.03418624,0.0
2000-12-01,SPY,with_cells,emitted,0,tier4,False,0,0.00353137,0.0
2001-01-01,SPY,with_cells,emitted,0,tier4,False,0,-0.02237147,0.0
2001-02-01,SPY,with_cells,emitted,0,tier4,False,0,-0.09182462,0.0
2001-03-01,SPY,with_cells,emitted,0,tier4,False,0,0.00336468,0.0
2001-04-01,SPY,with_cells,emitted,0,tier4,False,0,0.06768137,0.0
2001-05-01,SPY,with_cells,emitted,0,tier4,False,0,-0.02492187,0.0
2001-06-01,SPY,with_cells,emitted,0,tier4,False,0,-0.02765781,0.0
2001-07-01,SPY,with_cells,emitted,0,tier4,False,0,-0.0215451,0.0
2001-08-01,SPY,with_cells,emitted,0,tier4,False,0,-0.11358507,0.0
2001-09-01,SPY,with_cells,abstain,0,tier4,False,0,0.0305847,0.0
2001-10-01,SPY,with_cells,abstain,0,tier4,False,0,0.04931311,0.0
2001-11-01,SPY,with_cells,abstain,0,tier2,False,0,0.0134994,0.0
2001-12-01,SPY,with_cells,abstain,0,tier2,False,0,-0.00412252,0.0
2002-01-01,SPY,with_cells,abstain,0,tier4,False,0,-0.03467782,0.0
2002-02-01,SPY,with_cells,abstain,0,tier2,False,0,0.04826151,0.0
2002-03-01,SPY,with_cells,emitted,24,tier2,False,0,-0.03628043,0.0
2002-04-01,SPY,with_cells,emitted,12,tier4,False,0,-0.02939034,0.0
2002-05-01,SPY,with_cells,abstain,1,,False,0,-0.06044012,0.0
2002-06-01,SPY,with_cells,abstain,1,,False,0,-0.10890318,0.0
2002-07-01,SPY,with_cells,abstain,2,,False,0,0.009916,0.0
2002-08-01,SPY,with_cells,abstain,2,,False,0,-0.04902745,0.0
2002-09-01,SPY,with_cells,abstain,2,,False,0,-0.01518766,0.0
2002-10-01,SPY,with_cells,abstain,2,,False,0,0.06470636,0.0
2002-11-01,SPY,with_cells,emitted,2,tier4,False,0,-0.0118141,0.0
2002-12-01,SPY,with_cells,abstain,1,,False,0,-0.0037145,0.0
2003-01-01,SPY,with_cells,pulled,13,,True,1,-0.06564788,-0.06564788
2003-02-01,SPY,with_cells,abstain,1,,False,0,0.01146912,0.0
2003-03-01,SPY,with_cells,pulled,13,,True,1,0.05126206,0.05126206
2003-04-01,SPY,with_cells,pulled,13,,True,1,0.051605,0.051605
2003-05-01,SPY,with_cells,pulled,14,,True,1,0.05560067,0.05560067
2003-06-01,SPY,with_cells,pulled,26,,True,1,0.00459514,0.00459514
2003-07-01,SPY,with_cells,pulled,26,,True,1,-0.00303262,-0.00303262
2003-08-01,SPY,with_cells,pulled,26,,True,1,0.03022647,0.03022647
2003-09-01,SPY,with_cells,pulled,26,,True,1,0.01892215,0.01892215
2003-10-01,SPY,with_cells,pulled,26,,True,1,0.01075352,0.01075352
2003-11-01,SPY,with_cells,pulled,26,,True,1,0.02927898,0.02927898
2003-12-01,SPY,with_cells,pulled,26,,True,1,0.04800859,0.04800859
2004-01-01,SPY,with_cells,pulled,26,,True,1,0.00957157,0.00957157
2004-02-01,SPY,with_cells,pulled,26,,True,1,-0.01695004,-0.01695004
2004-03-01,SPY,with_cells,abstain,17,,False,0,0.00834534,0.0
2004-04-01,SPY,with_cells,pulled,14,,True,1,-0.02698172,-0.02698172
2004-05-01,SPY,with_cells,pulled,14,,True,1,0.02718584,0.02718584
2004-06-01,SPY,with_cells,pulled,14,,True,1,-0.02375614,-0.02375614
2004-07-01,SPY,with_cells,abstain,2,,False,0,-0.0152914,0.0
2004-08-01,SPY,with_cells,abstain,2,,False,0,0.02637427,0.0
2004-09-01,SPY,with_cells,pulled,14,,True,1,-0.00040263,-0.00040263
2004-10-01,SPY,with_cells,pulled,4,,True,1,0.04630284,0.04630284
2004-11-01,SPY,with_cells,pulled,13,,True,1,0.02589526,0.02589526
2004-12-01,SPY,with_cells,pulled,13,,True,1,-0.01484311,-0.01484311
2005-01-01,SPY,with_cells,pulled,13,,True,1,0.01542225,0.01542225
2005-02-01,SPY,with_cells,abstain,16,,False,0,-0.00394288,0.0
2005-03-01,SPY,with_cells,pulled,13,,True,1,-0.02550004,-0.02550004
2005-04-01,SPY,with_cells,pulled,13,,True,1,0.01189423,0.01189423
2005-05-01,SPY,with_cells,pulled,13,,True,1,0.02034321,0.02034321
2005-06-01,SPY,with_cells,pulled,13,,True,1,0.01662716,0.01662716
2005-07-01,SPY,with_cells,pulled,13,,True,1,0.00166088,0.00166088
2005-08-01,SPY,with_cells,pulled,13,,True,1,0.00134774,0.00134774
2005-09-01,SPY,with_cells,pulled,13,,True,1,-0.02770164,-0.02770164
2005-10-01,SPY,with_cells,pulled,14,,True,1,0.03809692,0.03809692
2005-11-01,SPY,with_cells,pulled,14,,True,1,0.01996169,0.01996169
2005-12-01,SPY,with_cells,pulled,14,,True,1,0.01320054,0.01320054
2006-01-01,SPY,with_cells,pulled,14,,True,1,-0.00162661,-0.00162661
2006-02-01,SPY,with_cells,pulled,14,,True,1,0.0133866,0.0133866
2006-03-01,SPY,with_cells,pulled,14,,True,1,0.00651599,0.00651599
2006-04-01,SPY,with_cells,abstain,16,,False,0,-0.00933826,0.0
2006-05-01,SPY,with_cells,pulled,13,,True,1,-0.02855792,-0.02855792
2006-06-01,SPY,with_cells,pulled,4,,True,1,0.00564169,0.00564169
2006-07-01,SPY,with_cells,pulled,4,,True,1,0.02135308,0.02135308
2006-08-01,SPY,with_cells,pulled,13,,True,1,0.02376568,0.02376568
2006-09-01,SPY,with_cells,pulled,13,,True,1,0.03463506,0.03463506
2006-10-01,SPY,with_cells,pulled,14,,True,1,0.01852748,0.01852748
2006-11-01,SPY,with_cells,abstain,17,,False,0,0.02000518,0.0
2006-12-01,SPY,with_cells,pulled,26,,True,1,0.00546448,0.00546448
2007-01-01,SPY,with_cells,pulled,26,,True,1,0.01449275,0.01449275
2007-02-01,SPY,with_cells,pulled,25,,True,1,-0.0261974,-0.0261974
2007-03-01,SPY,with_cells,pulled,13,,True,1,0.04029283,0.04029283
2007-04-01,SPY,with_cells,pulled,13,,True,1,0.03245334,0.03245334
2007-05-01,SPY,with_cells,pulled,13,,True,1,0.00201834,0.00201834
2007-06-01,SPY,with_cells,pulled,13,,True,1,0.00430593,0.00430593
2007-07-01,SPY,with_cells,pulled,13,,True,1,-0.04345996,-0.04345996
2007-08-01,SPY,with_cells,pulled,13,,True,1,0.02921725,0.02921725
2007-09-01,SPY,with_cells,abstain,12,tier2,False,0,0.02841456,0.0
2007-10-01,SPY,with_cells,emitted,12,tier4,False,0,-0.04953691,0.0
2007-11-01,SPY,with_cells,abstain,3,,False,0,0.01081735,0.0
2007-12-01,SPY,with_cells,abstain,3,,False,0,-0.06791417,0.0
2008-01-01,SPY,with_cells,abstain,0,tier4,False,0,-0.01732716,0.0
2008-02-01,SPY,with_cells,abstain,0,tier4,False,0,-0.02799531,0.0
2008-03-01,SPY,with_cells,abstain,0,tier4,False,0,0.04064726,0.0
2008-04-01,SPY,with_cells,emitted,0,tier2,False,0,0.02389691,0.0
2008-05-01,SPY,with_cells,abstain,0,,False,0,-0.04416271,0.0
2008-06-01,SPY,with_cells,emitted,0,tier4,False,0,-0.0625685,0.0
2008-07-01,SPY,with_cells,emitted,0,tier4,False,0,0.01919941,0.0
2008-08-01,SPY,with_cells,emitted,0,tier2,False,0,-0.05034843,0.0
2008-09-01,SPY,with_cells,emitted,0,tier2,False,0,-0.20391142,0.0
2008-10-01,SPY,with_cells,emitted,0,tier4,False,0,-0.08852188,0.0
2008-11-01,SPY,with_cells,emitted,0,tier4,False,0,-0.00620583,0.0
2008-12-01,SPY,with_cells,emitted,0,tier2,False,0,-0.01365149,0.0
2009-01-01,SPY,with_cells,abstain,0,,False,0,-0.06972204,0.0
2009-02-01,SPY,with_cells,abstain,0,,False,0,-0.05973449,0.0
2009-03-01,SPY,with_cells,abstain,0,,False,0,0.12021714,0.0
2009-04-01,SPY,with_cells,abstain,0,,False,0,0.06397453,0.0
2009-05-01,SPY,with_cells,emitted,12,tier2,False,0,0.02627409,0.0
2009-06-01,SPY,with_cells,emitted,12,tier2,False,0,0.0104738,0.0
2009-07-01,SPY,with_cells,abstain,21,,False,0,0.07897886,0.0
2009-08-01,SPY,with_cells,pulled,26,,True,1,0.03448447,0.03448447
2009-09-01,SPY,with_cells,pulled,26,,True,1,0.02212436,0.02212436
2009-10-01,SPY,with_cells,pulled,26,,True,1,0.01911657,0.01911657
2009-11-01,SPY,with_cells,pulled,26,,True,1,0.0205042,0.0205042
2009-12-01,SPY,with_cells,pulled,26,,True,1,0.01188782,0.01188782
2010-01-01,SPY,with_cells,pulled,26,,True,1,-0.03063422,-0.03063422
2010-02-01,SPY,with_cells,abstain,23,tier2,False,0,0.05774175,0.0
2010-03-01,SPY,with_cells,pulled,26,,True,1,0.03929517,0.03929517
2010-04-01,SPY,with_cells,pulled,26,,True,1,-0.06035145,-0.06035145
2010-05-01,SPY,with_cells,pulled,14,,True,1,-0.03706469,-0.03706469
2010-06-01,SPY,with_cells,pulled,14,,True,1,-0.00328607,-0.00328607
2010-07-01,SPY,with_cells,pulled,14,,True,1,0.00692721,0.00692721
2010-08-01,SPY,with_cells,pulled,14,,True,1,0.03200647,0.03200647
2010-09-01,SPY,with_cells,pulled,13,,True,1,0.0441145,0.0441145
2010-10-01,SPY,with_cells,pulled,13,,True,1,0.0233104,0.0233104
2010-11-01,SPY,with_cells,pulled,13,,True,1,0.03556623,0.03556623
2010-12-01,SPY,with_cells,pulled,25,,True,1,0.03309626,0.03309626
2011-01-01,SPY,with_cells,pulled,25,,True,1,0.03001668,0.03001668
2011-02-01,SPY,with_cells,pulled,25,,True,1,-0.0125878,-0.0125878
2011-03-01,SPY,with_cells,pulled,25,,True,1,0.02071308,0.02071308
2011-04-01,SPY,with_cells,pulled,25,,True,1,0.00510698,0.00510698
2011-05-01,SPY,with_cells,abstain,16,,False,0,-0.03812271,0.0
2011-06-01,SPY,with_cells,pulled,13,,True,1,0.0294417,0.0294417
2011-07-01,SPY,with_cells,pulled,13,,True,1,-0.10555468,-0.10555468
2011-08-01,SPY,with_cells,abstain,1,tier4,False,0,-0.00964305,0.0
2011-09-01,SPY,with_cells,abstain,1,tier4,False,0,0.02840154,0.0
2011-10-01,SPY,with_cells,emitted,1,tier2,False,0,0.01590431,0.0
2011-11-01,SPY,with_cells,emitted,1,tier2,False,0,0.01377994,0.0
2011-12-01,SPY,with_cells,pulled,4,,True,1,0.04605411,0.04605411
2012-01-01,SPY,with_cells,pulled,4,,True,1,0.03991296,0.03991296
2012-02-01,SPY,with_cells,pulled,25,,True,1,0.0271721,0.0271721
2012-03-01,SPY,with_cells,pulled,25,,True,1,-0.00202269,-0.00202269
2012-04-01,SPY,with_cells,pulled,25,,True,1,-0.03257287,-0.03257287
2012-05-01,SPY,with_cells,pulled,13,,True,1,-0.01326355,-0.01326355
2012-06-01,SPY,with_cells,pulled,13,,True,1,0.02742769,0.02742769
2012-07-01,SPY,with_cells,pulled,13,,True,1,0.03211549,0.03211549
2012-08-01,SPY,with_cells,pulled,13,,True,1,0.02847982,0.02847982
2012-09-01,SPY,with_cells,pulled,13,,True,1,-0.00387967,-0.00387967
2012-10-01,SPY,with_cells,pulled,13,,True,1,-0.03012199,-0.03012199
2012-11-01,SPY,with_cells,pulled,13,,True,1,0.01992098,0.01992098
2012-12-01,SPY,with_cells,pulled,13,,True,1,0.04085665,0.04085665
2013-01-01,SPY,with_cells,abstain,16,,False,0,0.02155499,0.0
2013-02-01,SPY,with_cells,pulled,13,,True,1,0.02547097,0.02547097
2013-03-01,SPY,with_cells,pulled,13,,True,1,0.01281249,0.01281249
2013-04-01,SPY,with_cells,abstain,16,,False,0,0.04401859,0.0
2013-05-01,SPY,with_cells,pulled,25,,True,1,-0.01284881,-0.01284881
2013-06-01,SPY,with_cells,pulled,25,,True,1,0.03083205,0.03083205
2013-07-01,SPY,with_cells,pulled,25,,True,1,0.00084498,0.00084498
2013-08-01,SPY,with_cells,abstain,16,,False,0,0.01022699,0.0
2013-09-01,SPY,with_cells,abstain,16,,False,0,0.0194764,0.0
2013-10-01,SPY,with_cells,abstain,16,,False,0,0.03692377,0.0
2013-11-01,SPY,with_cells,abstain,16,,False,0,0.01359095,0.0
2013-12-01,SPY,with_cells,pulled,25,,True,1,0.00806514,0.00806514
2014-01-01,SPY,with_cells,abstain,16,,False,0,-0.00291929,0.0
2014-02-01,SPY,with_cells,abstain,16,,False,0,0.02558006,0.0
2014-03-01,SPY,with_cells,abstain,16,,False,0,0.0003971,0.0
2014-04-01,SPY,with_cells,pulled,13,,True,1,0.01368371,0.01368371
2014-05-01,SPY,with_cells,pulled,13,,True,1,0.03033173,0.03033173
2014-06-01,SPY,with_cells,pulled,13,,True,1,0.0133584,0.0133584
2014-07-01,SPY,with_cells,pulled,13,,True,1,-0.00586387,-0.00586387
2014-08-01,SPY,with_cells,pulled,13,,True,1,0.01616085,0.01616085
2014-09-01,SPY,with_cells,pulled,13,,True,1,-0.02807503,-0.02807503
2014-10-01,SPY,with_cells,pulled,13,,True,1,0.05538722,0.05538722
2014-11-01,SPY,with_cells,abstain,16,,False,0,0.00474427,0.0
2014-12-01,SPY,with_cells,pulled,13,,True,1,-0.01270038,-0.01270038
2015-01-01,SPY,with_cells,pulled,13,,True,1,0.02663472,0.02663472
2015-02-01,SPY,with_cells,pulled,13,,True,1,-0.00106138,-0.00106138
2015-03-01,SPY,with_cells,pulled,13,,True,1,0.00714907,0.00714907
2015-04-01,SPY,with_cells,abstain,16,,False,0,0.00815329,0.0
2015-05-01,SPY,with_cells,pulled,13,,True,1,-0.00598975,-0.00598975
2015-06-01,SPY,with_cells,pulled,13,,True,1,-0.00245321,-0.00245321
2015-07-01,SPY,with_cells,pulled,13,,True,1,-0.02591517,-0.02591517
2015-08-01,SPY,with_cells,pulled,13,,True,1,-0.0467971,-0.0467971
2015-09-01,SPY,with_cells,emitted,1,tier4,False,0,0.0413493,0.0
2015-10-01,SPY,with_cells,pulled,13,,True,1,0.02756308,0.02756308
2015-11-01,SPY,with_cells,pulled,13,,True,1,-0.01275581,-0.01275581
2015-12-01,SPY,with_cells,pulled,13,,True,1,-0.06595654,-0.06595654
2016-01-01,SPY,with_cells,emitted,1,tier4,False,0,-0.00739081,0.0
2016-02-01,SPY,with_cells,emitted,1,tier4,False,0,0.06171433,0.0
2016-03-01,SPY,with_cells,pulled,13,,True,1,0.02650412,0.02650412
2016-04-01,SPY,with_cells,pulled,13,,True,1,-0.00481321,-0.00481321
2016-05-01,SPY,with_cells,pulled,13,,True,1,0.00887899,0.00887899
2016-06-01,SPY,with_cells,pulled,13,,True,1,0.03119646,0.03119646
2016-07-01,SPY,with_cells,pulled,25,,True,1,0.01026106,0.01026106
2016-08-01,SPY,with_cells,pulled,25,,True,1,-0.00610793,-0.00610793
2016-09-01,SPY,with_cells,pulled,13,,True,1,-0.00679894,-0.00679894
2016-10-01,SPY,with_cells,pulled,13,,True,1,0.01025189,0.01025189
2016-11-01,SPY,with_cells,pulled,13,,True,1,0.03770918,0.03770918
2016-12-01,SPY,with_cells,emitted,22,tier2,False,0,0.01268122,0.0
2017-01-01,SPY,with_cells,pulled,13,,True,1,0.02408225,0.02408225
2017-02-01,SPY,with_cells,pulled,13,,True,1,0.01584181,0.01584181
2017-03-01,SPY,with_cells,pulled,25,,True,1,-0.00317303,-0.00317303
2017-04-01,SPY,with_cells,pulled,25,,True,1,0.01527565,0.01527565
2017-05-01,SPY,with_cells,pulled,25,,True,1,0.01613125,0.01613125
2017-06-01,SPY,with_cells,pulled,13,,True,1,0.00826215,0.00826215
2017-07-01,SPY,with_cells,pulled,13,,True,1,0.00086386,0.00086386
2017-08-01,SPY,with_cells,pulled,13,,True,1,0.01490909,0.01490909
2017-09-01,SPY,with_cells,pulled,13,,True,1,0.02573771,0.02573771
2017-10-01,SPY,with_cells,pulled,13,,True,1,0.01431756,0.01431756
2017-11-01,SPY,with_cells,pulled,13,,True,1,0.02727087,0.02727087
2017-12-01,SPY,with_cells,pulled,25,,True,1,0.04708858,0.04708858
2018-01-01,SPY,with_cells,pulled,25,,True,1,-0.03033909,-0.03033909
2018-02-01,SPY,with_cells,emitted,16,tier4,False,0,-0.0008835,0.0
2018-03-01,SPY,with_cells,pulled,13,,True,1,-0.01818135,-0.01818135
2018-04-01,SPY,with_cells,pulled,13,,True,1,0.01803567,0.01803567
2018-05-01,SPY,with_cells,pulled,13,,True,1,0.01956698,0.01956698
2018-06-01,SPY,with_cells,pulled,13,,True,1,0.01426471,0.01426471
2018-07-01,SPY,with_cells,pulled,13,,True,1,0.02297361,0.02297361
2018-08-01,SPY,with_cells,pulled,13,,True,1,0.01528438,0.01528438
2018-09-01,SPY,with_cells,pulled,13,,True,1,-0.03999311,-0.03999311
2018-10-01,SPY,with_cells,pulled,13,,True,1,-0.02234101,-0.02234101
2018-11-01,SPY,with_cells,pulled,13,,True,1,-0.05725554,-0.05725554
2018-12-01,SPY,with_cells,emitted,1,tier4,False,0,0.01561167,0.0
2019-01-01,SPY,with_cells,emitted,1,tier4,False,0,0.05655847,0.0
2019-02-01,SPY,with_cells,pulled,4,,True,1,0.01783031,0.01783031
2019-03-01,SPY,with_cells,pulled,4,,True,1,0.0355994,0.0355994
2019-04-01,SPY,with_cells,pulled,13,,True,1,-0.01690543,-0.01690543
2019-05-01,SPY,with_cells,pulled,13,,True,1,0.01242158,0.01242158
2019-06-01,SPY,with_cells,emitted,16,tier2,False,0,0.03665654,0.0
2019-07-01,SPY,with_cells,emitted,16,tier2,False,0,-0.03291446,0.0
2019-08-01,SPY,with_cells,pulled,13,,True,1,0.02921756,0.02921756
2019-09-01,SPY,with_cells,pulled,13,,True,1,-0.00150093,-0.00150093
2019-10-01,SPY,with_cells,pulled,13,,True,1,0.04272605,0.04272605
2019-11-01,SPY,with_cells,abstain,16,tier4,False,0,0.02313921,0.0
2019-12-01,SPY,with_cells,abstain,16,tier4,False,0,0.03193621,0.0
2020-01-01,SPY,with_cells,abstain,16,tier4,False,0,-0.00027108,0.0
2020-02-01,SPY,with_cells,abstain,16,tier4,False,0,-0.1906807,0.0
2020-03-01,SPY,with_cells,emitted,0,tier4,False,0,0.04131423,0.0
2020-04-01,SPY,with_cells,emitted,0,tier4,False,0,0.05707501,0.0
2020-05-01,SPY,with_cells,emitted,0,tier4,False,0,0.06338024,0.0
2020-06-01,SPY,with_cells,abstain,12,,False,0,0.03316246,0.0
2020-07-01,SPY,with_cells,abstain,12,,False,0,0.05739176,0.0
2020-08-01,SPY,with_cells,abstain,12,,False,0,-0.00772275,0.0
2020-09-01,SPY,with_cells,abstain,24,,False,0,0.01580283,0.0
2020-10-01,SPY,with_cells,abstain,24,,False,0,0.03811129,0.0
2020-11-01,SPY,with_cells,pulled,25,,True,1,0.0412279,0.0412279
2020-12-01,SPY,with_cells,pulled,25,,True,1,0.02663875,0.02663875
2021-01-01,SPY,with_cells,pulled,25,,True,1,0.02363986,0.02363986
2021-02-01,SPY,with_cells,pulled,25,,True,1,0.00697222,0.00697222
2021-03-01,SPY,with_cells,pulled,26,,True,1,0.05898669,0.05898669
2021-04-01,SPY,with_cells,pulled,26,,True,1,0.006441,0.006441
2021-05-01,SPY,with_cells,pulled,26,,True,1,0.0169488,0.0169488
2021-06-01,SPY,with_cells,pulled,26,,True,1,0.02954432,0.02954432
2021-07-01,SPY,with_cells,pulled,26,,True,1,0.02073773,0.02073773
2021-08-01,SPY,with_cells,pulled,26,,True,1,-0.00194491,-0.00194491
2021-09-01,SPY,with_cells,pulled,26,,True,1,0.00341101,0.00341101
2021-10-01,SPY,with_cells,pulled,14,,True,1,0.04633335,0.04633335
2021-11-01,SPY,with_cells,abstain,17,,False,0,0.00158248,0.0
2021-12-01,SPY,with_cells,pulled,14,,True,1,-0.02159618,-0.02159618
2022-01-01,SPY,with_cells,pulled,13,,True,1,-0.03013567,-0.03013567
2022-02-01,SPY,with_cells,pulled,4,,True,1,-0.01008014,-0.01008014
2022-03-01,SPY,with_cells,emitted,1,tier4,False,0,7.01e-06,0.0
2022-04-01,SPY,with_cells,emitted,1,tier2,False,0,-0.07991627,0.0
2022-05-01,SPY,with_cells,emitted,1,tier2,False,0,-0.03500018,0.0
2022-06-01,SPY,with_cells,emitted,1,tier4,False,0,0.00327853,0.0
2022-07-01,SPY,with_cells,emitted,1,tier2,False,0,0.06310087,0.0
2022-08-01,SPY,with_cells,emitted,1,tier2,False,0,-0.07407428,0.0
2022-09-01,SPY,with_cells,emitted,1,tier2,False,0,-0.03232538,0.0
2022-10-01,SPY,with_cells,emitted,1,tier4,False,0,0.05137815,0.0
2022-11-01,SPY,with_cells,emitted,1,tier2,False,0,-0.0013038,0.0
2022-12-01,SPY,with_cells,pulled,13,,True,1,0.01233917,0.01233917
2023-01-01,SPY,with_cells,pulled,13,,True,1,0.03005265,0.03005265
2023-02-01,SPY,with_cells,pulled,4,,True,1,-0.02723877,-0.02723877
2023-03-01,SPY,with_cells,pulled,13,,True,1,0.03852991,0.03852991
2023-04-01,SPY,with_cells,emitted,16,tier4,False,0,0.00599442,0.0
2023-05-01,SPY,with_cells,pulled,13,,True,1,0.04804422,0.04804422
2023-06-01,SPY,with_cells,emitted,16,tier2,False,0,0.03744273,0.0
2023-07-01,SPY,with_cells,pulled,25,,True,1,-0.01125021,-0.01125021
2023-08-01,SPY,with_cells,pulled,13,,True,1,-0.01082787,-0.01082787
2023-09-01,SPY,with_cells,emitted,16,tier2,False,0,-0.03168317,0.0
2023-10-01,SPY,with_cells,pulled,13,,True,1,0.04465789,0.04465789
2023-11-01,SPY,with_cells,pulled,13,,True,1,0.05044506,0.05044506
2023-12-01,SPY,with_cells,pulled,13,,True,1,0.02786787,0.02786787
2024-01-01,SPY,with_cells,pulled,13,,True,1,0.04077312,0.04077312
2024-02-01,SPY,with_cells,pulled,25,,True,1,0.03164649,0.03164649
2024-03-01,SPY,with_cells,pulled,25,,True,1,-0.01123275,-0.01123275
2024-04-01,SPY,with_cells,pulled,25,,True,1,0.02400644,0.02400644
2024-05-01,SPY,with_cells,pulled,25,,True,1,0.03436625,0.03436625
2024-06-01,SPY,with_cells,pulled,25,,True,1,0.02268898,0.02268898
2024-07-01,SPY,with_cells,pulled,25,,True,1,-0.01079631,-0.01079631
2024-08-01,SPY,with_cells,pulled,13,,True,1,0.02611178,0.02611178
2024-09-01,SPY,with_cells,pulled,13,,True,1,0.03043073,0.03043073
2024-10-01,SPY,with_cells,pulled,25,,True,1,0.02375498,0.02375498
2024-11-01,SPY,with_cells,pulled,25,,True,1,0.0136583,0.0136583
2024-12-01,SPY,with_cells,pulled,25,,True,1,-0.00522268,-0.00522268
2025-01-01,SPY,with_cells,pulled,13,,True,1,0.0098962,0.0098962
2025-02-01,SPY,with_cells,emitted,16,tier4,False,0,-0.05873901,0.0
2025-03-01,SPY,with_cells,pulled,13,,True,1,-0.05532874,-0.05532874
2025-04-01,SPY,with_cells,emitted,1,tier2,False,0,0.08220955,0.0
2025-05-01,SPY,with_cells,pulled,4,,True,1,0.03769317,0.03769317
2025-06-01,SPY,with_cells,pulled,13,,True,1,0.04420379,0.04420379
2025-07-01,SPY,with_cells,pulled,13,,True,1,0.01785935,0.01785935
2025-08-01,SPY,with_cells,pulled,13,,True,1,0.02731627,0.02731627
2025-09-01,SPY,with_cells,pulled,25,,True,1,0.02303664,0.02303664
2025-10-01,SPY,with_cells,pulled,25,,True,1,0.00077112,0.00077112
2025-11-01,SPY,with_cells,pulled,25,,True,1,0.01663575,0.01663575
2025-12-01,SPY,with_cells,pulled,25,,True,1,0.01110408,0.01110408
2026-01-01,SPY,with_cells,emitted,16,tier4,False,0,-0.0050967,0.0
2026-02-01,SPY,with_cells,pulled,13,,True,1,-0.03472497,-0.03472497
2026-03-01,SPY,with_cells,pulled,13,,True,1,0.04547182,0.04547182
2026-04-01,SPY,with_cells,abstain,-1,,False,0,0.06547986,0.0
2026-05-01,SPY,with_cells,abstain,-1,,False,0,0.00505647,0.0
2026-06-01,SPY,with_cells,abstain,-1,,False,0,0.00420216,0.0
2026-07-01,SPY,with_cells,abstain,-1,,False,0,0.01592775,0.0
2026-08-01,SPY,with_cells,abstain,-1,,False,0,,0.0
1990-01-01,Gold,with_cells,abstain,5,,False,0,0.03233831,0.0
1990-02-01,Gold,with_cells,emitted,14,tier2,False,0,-0.05301205,0.0
1990-03-01,Gold,with_cells,pulled,1,,True,1,-0.04580153,-0.04580153
1990-04-01,Gold,with_cells,abstain,13,,False,0,-0.01066667,0.0
1990-05-01,Gold,with_cells,abstain,13,,False,0,-0.05121294,0.0
1990-06-01,Gold,with_cells,abstain,13,,False,0,0.02840909,0.0
1990-07-01,Gold,with_cells,abstain,12,,False,0,0.07458564,0.0
1990-08-01,Gold,with_cells,emitted,9,tier4,False,0,-0.00257069,0.0
1990-09-01,Gold,with_cells,pulled,0,,True,-1,-0.01804124,0.01804124
1990-10-01,Gold,with_cells,pulled,0,,True,-1,0.00524934,-0.00524934
1990-11-01,Gold,with_cells,pulled,0,,True,-1,-0.0078329,0.0078329
1990-12-01,Gold,with_cells,pulled,0,,True,-1,0.00789474,-0.00789474
1991-01-01,Gold,with_cells,pulled,0,,True,-1,-0.05483029,0.05483029
1991-02-01,Gold,with_cells,pulled,0,,True,-1,0.00276243,-0.00276243
1991-03-01,Gold,with_cells,emitted,12,tier4,False,0,-0.0137741,0.0
1991-04-01,Gold,with_cells,pulled,24,,True,1,-0.0027933,-0.0027933
1991-05-01,Gold,with_cells,emitted,25,tier2,False,0,0.02521008,0.0
1991-06-01,Gold,with_cells,emitted,25,tier2,False,0,0.00546448,0.0
1991-07-01,Gold,with_cells,emitted,25,tier2,False,0,-0.0326087,0.0
1991-08-01,Gold,with_cells,emitted,25,tier4,True,1,-0.01966292,-0.01966292
1991-09-01,Gold,with_cells,emitted,25,tier4,True,-1,0.02578797,-0.02578797
1991-10-01,Gold,with_cells,abstain,13,tier4,False,0,0.00558659,0.0
1991-11-01,Gold,with_cells,emitted,12,tier4,False,0,0.00277778,0.0
1991-12-01,Gold,with_cells,abstain,9,tier4,False,0,-0.01939058,0.0
1992-01-01,Gold,with_cells,pulled,0,,True,-1,-0.00564972,0.00564972
1992-02-01,Gold,with_cells,abstain,9,tier4,False,0,-0.02272727,0.0
1992-03-01,Gold,with_cells,abstain,12,tier2,False,0,-0.01744186,0.0
1992-04-01,Gold,with_cells,emitted,25,tier4,True,-1,-0.00295858,0.00295858
1992-05-01,Gold,with_cells,abstain,25,tier3,False,0,0.00890208,0.0
1992-06-01,Gold,with_cells,abstain,22,,False,0,0.03823529,0.0
1992-07-01,Gold,with_cells,abstain,22,,False,0,-0.03116147,0.0
1992-08-01,Gold,with_cells,abstain,12,,False,0,0.00877193,0.0
1992-09-01,Gold,with_cells,pulled,0,,True,-1,-0.00289855,0.00289855
1992-10-01,Gold,with_cells,abstain,9,tier4,False,0,-0.02325581,0.0
1992-11-01,Gold,with_cells,abstain,21,,False,0,-0.00595238,0.0
1992-12-01,Gold,with_cells,pulled,24,,True,1,-0.01497006,-0.01497006
1993-01-01,Gold,with_cells,pulled,24,,True,1,0.0,0.0
1993-02-01,Gold,with_cells,pulled,24,,True,1,0.00303951,0.00303951
1993-03-01,Gold,with_cells,pulled,24,,True,-1,0.03636364,-0.03636364
1993-04-01,Gold,with_cells,pulled,24,,True,1,0.07309942,0.07309942
1993-05-01,Gold,with_cells,abstain,12,,False,0,0.00817439,0.0
1993-06-01,Gold,with_cells,abstain,12,,False,0,0.06216216,0.0
1993-07-01,Gold,with_cells,abstain,12,,False,0,-0.03307888,0.0
1993-08-01,Gold,with_cells,abstain,12,tier4,False,0,-0.06578947,0.0
1993-09-01,Gold,with_cells,emitted,13,tier4,False,0,0.01690141,0.0
1993-10-01,Gold,with_cells,abstain,25,tier2,False,0,0.03601108,0.0
1993-11-01,Gold,with_cells,abstain,25,tier2,False,0,0.02406417,0.0
1993-12-01,Gold,with_cells,abstain,25,tier4,False,0,0.00261097,0.0
1994-01-01,Gold,with_cells,abstain,25,tier4,False,0,-0.0078125,0.0
1994-02-01,Gold,with_cells,abstain,25,tier2,False,0,0.00787402,0.0
1994-03-01,Gold,with_cells,abstain,22,,False,0,-0.02083333,0.0
1994-04-01,Gold,with_cells,abstain,25,,False,0,0.00531915,0.0
1994-05-01,Gold,with_cells,abstain,12,tier2,False,0,0.01851852,0.0
1994-06-01,Gold,with_cells,emitted,13,tier2,False,0,0.0,0.0
1994-07-01,Gold,with_cells,abstain,10,,False,0,-0.01298701,0.0
1994-08-01,Gold,with_cells,emitted,12,tier4,False,0,0.03684211,0.0
1994-09-01,Gold,with_cells,emitted,12,tier4,False,0,-0.01015228,0.0
1994-10-01,Gold,with_cells,emitted,9,tier2,False,0,-0.01282051,0.0
1994-11-01,Gold,with_cells,emitted,9,tier2,False,0,-0.01298701,0.0
1994-12-01,Gold,with_cells,emitted,12,tier2,False,0,-0.00526316,0.0
1995-01-01,Gold,with_cells,abstain,21,,False,0,-0.0026455,0.0
1995-02-01,Gold,with_cells,emitted,12,tier4,False,0,0.01591512,0.0
1995-03-01,Gold,with_cells,abstain,12,tier4,False,0,0.02088773,0.0
1995-04-01,Gold,with_cells,emitted,9,tier4,False,0,-0.01278772,0.0
1995-05-01,Gold,with_cells,emitted,9,tier4,False,0,0.00518135,0.0
1995-06-01,Gold,with_cells,pulled,0,,True,-1,-0.00257732,0.00257732
1995-07-01,Gold,with_cells,pulled,1,,True,-1,-0.01033592,0.01033592
1995-08-01,Gold,with_cells,pulled,1,,True,-1,0.0,-0.0
1995-09-01,Gold,with_cells,emitted,13,tier2,False,0,0.0,0.0
1995-10-01,Gold,with_cells,abstain,25,,False,0,0.0078329,0.0
1995-11-01,Gold,with_cells,emitted,26,tier4,False,0,0.00518135,0.0
1995-12-01,Gold,with_cells,emitted,26,tier4,False,0,0.02835052,0.0
1996-01-01,Gold,with_cells,emitted,26,tier4,False,0,0.01253133,0.0
1996-02-01,Gold,with_cells,abstain,25,,False,0,-0.01732673,0.0
1996-03-01,Gold,with_cells,abstain,25,,False,0,-0.01259446,0.0
1996-04-01,Gold,with_cells,abstain,25,,False,0,0.00255102,0.0
1996-05-01,Gold,with_cells,emitted,25,tier2,False,0,-0.02035623,0.0
1996-06-01,Gold,with_cells,abstain,25,,False,0,-0.00519481,0.0
1996-07-01,Gold,with_cells,abstain,25,,False,0,0.01044386,0.0
1996-08-01,Gold,with_cells,emitted,13,tier2,False,0,-0.01033592,0.0
1996-09-01,Gold,with_cells,emitted,13,tier4,False,0,-0.00522193,0.0
1996-10-01,Gold,with_cells,abstain,16,,False,0,-0.00787402,0.0
1996-11-01,Gold,with_cells,emitted,13,tier2,False,0,-0.02380952,0.0
1996-12-01,Gold,with_cells,emitted,13,tier4,False,0,-0.03794038,0.0
1997-01-01,Gold,with_cells,emitted,13,tier2,False,0,-0.02535211,0.0
1997-02-01,Gold,with_cells,abstain,25,,False,0,0.01445087,0.0
1997-03-01,Gold,with_cells,abstain,25,,False,0,-0.02279202,0.0
1997-04-01,Gold,with_cells,abstain,25,,False,0,0.0,0.0
1997-05-01,Gold,with_cells,abstain,25,,False,0,-0.0058309,0.0
1997-06-01,Gold,with_cells,emitted,26,tier4,False,0,-0.04692082,0.0
1997-07-01,Gold,with_cells,emitted,26,tier4,False,0,-0.00307692,0.0
1997-08-01,Gold,with_cells,emitted,26,tier4,False,0,-0.00308642,0.0
1997-09-01,Gold,with_cells,emitted,26,tier4,False,0,0.00619195,0.0
1997-10-01,Gold,with_cells,abstain,17,,False,0,-0.05538462,0.0
1997-11-01,Gold,with_cells,emitted,14,tier4,False,0,-0.05537459,0.0
1997-12-01,Gold,with_cells,emitted,26,tier2,False,0,0.00344828,0.0
1998-01-01,Gold,with_cells,emitted,26,tier2,False,0,0.01718213,0.0
1998-02-01,Gold,with_cells,abstain,17,,False,0,-0.00337838,0.0
1998-03-01,Gold,with_cells,abstain,17,,False,0,0.0440678,0.0
1998-04-01,Gold,with_cells,emitted,26,tier4,False,0,-0.02922078,0.0
1998-05-01,Gold,with_cells,emitted,26,tier4,False,0,-0.02341137,0.0
1998-06-01,Gold,with_cells,abstain,17,,False,0,0.00684932,0.0
1998-07-01,Gold,with_cells,abstain,17,,False,0,-0.03401361,0.0
1998-08-01,Gold,with_cells,emitted,26,tier4,False,0,0.01760563,0.0
1998-09-01,Gold,with_cells,emitted,26,tier2,False,0,0.02422145,0.0
1998-10-01,Gold,with_cells,abstain,14,tier4,False,0,-0.00337838,0.0
1998-11-01,Gold,with_cells,abstain,5,,False,0,-0.01016949,0.0
1998-12-01,Gold,with_cells,abstain,5,,False,0,-0.01712329,0.0
1999-01-01,Gold,with_cells,abstain,2,tier4,False,0,0.0,0.0
1999-02-01,Gold,with_cells,emitted,2,tier2,False,0,-0.01045296,0.0
1999-03-01,Gold,with_cells,abstain,5,tier4,False,0,-0.00704225,0.0
1999-04-01,Gold,with_cells,emitted,14,tier2,False,0,-0.0177305,0.0
1999-05-01,Gold,with_cells,emitted,26,tier4,False,0,-0.05776173,0.0
1999-06-01,Gold,with_cells,abstain,17,,False,0,-0.01532567,0.0
1999-07-01,Gold,with_cells,emitted,26,tier4,False,0,0.0,0.0
1999-08-01,Gold,with_cells,abstain,17,,False,0,0.04669261,0.0
1999-09-01,Gold,with_cells,emitted,14,tier2,False,0,0.16356877,0.0
1999-10-01,Gold,with_cells,abstain,4,,False,0,-0.06389776,0.0
1999-11-01,Gold,with_cells,emitted,13,tier2,False,0,-0.03412969,0.0
1999-12-01,Gold,with_cells,emitted,13,tier2,False,0,0.00353357,0.0
2000-01-01,Gold,with_cells,pulled,1,,True,1,0.0528169,0.0528169
2000-02-01,Gold,with_cells,emitted,13,tier2,False,0,-0.04347826,0.0
2000-03-01,Gold,with_cells,abstain,16,,False,0,-0.02797203,0.0
2000-04-01,Gold,with_cells,emitted,25,tier2,False,0,-0.01079137,0.0
2000-05-01,Gold,with_cells,emitted,25,tier4,True,-1,0.03636364,-0.03636364
2000-06-01,Gold,with_cells,emitted,26,tier4,False,0,-0.01052632,0.0
2000-07-01,Gold,with_cells,emitted,25,tier4,True,-1,-0.02872343,0.02872343
2000-08-01,Gold,with_cells,emitted,25,tier4,True,-1,0.01131802,-0.01131802
2000-09-01,Gold,with_cells,emitted,25,tier4,True,-1,-0.0140794,0.0140794
2000-10-01,Gold,with_cells,emitted,25,tier4,True,-1,-0.03368734,0.03368734
2000-11-01,Gold,with_cells,emitted,25,tier4,True,-1,0.01818878,-0.01818878
2000-12-01,Gold,with_cells,emitted,25,tier2,False,0,-0.00111655,0.0
2001-01-01,Gold,with_cells,emitted,25,tier2,False,0,0.0003726,0.0
2001-02-01,Gold,with_cells,emitted,13,tier4,False,0,-0.01229046,0.0
2001-03-01,Gold,with_cells,abstain,17,tier4,False,0,-0.03619912,0.0
2001-04-01,Gold,with_cells,emitted,26,tier2,False,0,0.03442875,0.0
2001-05-01,Gold,with_cells,emitted,14,tier2,False,0,0.0075643,0.0
2001-06-01,Gold,with_cells,abstain,17,tier4,False,0,0.01126126,0.0
2001-07-01,Gold,with_cells,emitted,26,tier2,False,0,-0.00742391,0.0
2001-08-01,Gold,with_cells,emitted,26,tier2,False,0,0.01570685,0.0
2001-09-01,Gold,with_cells,abstain,14,tier4,False,0,0.07584685,0.0
2001-10-01,Gold,with_cells,abstain,5,tier4,False,0,-0.04277892,0.0
2001-11-01,Gold,with_cells,abstain,14,tier4,False,0,-0.01001079,0.0
2001-12-01,Gold,with_cells,emitted,14,tier2,False,0,0.00722282,0.0
2002-01-01,Gold,with_cells,emitted,14,tier2,False,0,0.02545718,0.0
2002-02-01,Gold,with_cells,emitted,17,tier4,False,0,0.04195804,0.0
2002-03-01,Gold,with_cells,emitted,26,tier4,False,0,0.01744971,0.0
2002-04-01,Gold,with_cells,abstain,17,tier2,False,0,0.01945908,0.0
2002-05-01,Gold,with_cells,abstain,14,tier4,False,0,0.05693952,0.0
2002-06-01,Gold,with_cells,emitted,5,tier4,False,0,-0.03887362,0.0
2002-07-01,Gold,with_cells,pulled,1,,True,1,-0.03184713,-0.03184713
2002-08-01,Gold,with_cells,pulled,1,,True,1,0.03092103,0.03092103
2002-09-01,Gold,with_cells,pulled,1,,True,1,0.02393108,0.02393108
2002-10-01,Gold,with_cells,pulled,1,,True,1,-0.00654411,-0.00654411
2002-11-01,Gold,with_cells,pulled,1,,True,1,-0.00376406,-0.00376406
2002-12-01,Gold,with_cells,abstain,14,tier2,False,0,0.08973551,0.0
2003-01-01,Gold,with_cells,abstain,5,tier4,False,0,0.0713666,0.0
2003-02-01,Gold,with_cells,emitted,2,tier4,False,0,-0.05825236,0.0
2003-03-01,Gold,with_cells,emitted,2,tier4,False,0,-0.04266903,0.0
2003-04-01,Gold,with_cells,emitted,2,tier4,False,0,0.02333239,0.0
2003-05-01,Gold,with_cells,pulled,1,,True,1,0.06986259,0.06986259
2003-06-01,Gold,with_cells,emitted,2,tier2,False,0,-0.03989073,0.0
2003-07-01,Gold,with_cells,emitted,2,tier2,False,0,-0.01508249,0.0
2003-08-01,Gold,with_cells,abstain,5,tier2,False,0,0.07830109,0.0
2003-09-01,Gold,with_cells,abstain,5,tier2,False,0,0.0297427,0.0
2003-10-01,Gold,with_cells,emitted,2,tier4,False,0,-0.01899555,0.0
2003-11-01,Gold,with_cells,abstain,5,tier4,False,0,0.06816979,0.0
2003-12-01,Gold,with_cells,pulled,1,,True,1,0.05388622,0.05388622
2004-01-01,Gold,with_cells,pulled,1,,True,1,-0.06055604,-0.06055604
2004-02-01,Gold,with_cells,pulled,0,,True,-1,0.00150483,-0.00150483
2004-03-01,Gold,with_cells,pulled,0,,True,-1,0.07137491,-0.07137491
2004-04-01,Gold,with_cells,emitted,9,tier2,False,0,-0.09537164,0.0
2004-05-01,Gold,with_cells,abstain,13,tier2,False,0,0.01963826,0.0
2004-06-01,Gold,with_cells,abstain,13,tier2,False,0,0.00354788,0.0
2004-07-01,Gold,with_cells,abstain,16,,False,0,-0.01085856,0.0
2004-08-01,Gold,with_cells,abstain,16,,False,0,0.0436558,0.0
2004-09-01,Gold,with_cells,emitted,13,tier4,False,0,0.0261742,0.0
2004-10-01,Gold,with_cells,emitted,13,tier4,False,0,0.01859353,0.0
2004-11-01,Gold,with_cells,pulled,1,,True,1,0.0624854,0.0624854
2004-12-01,Gold,with_cells,pulled,1,,True,1,-0.05572685,-0.05572685
2005-01-01,Gold,with_cells,pulled,1,,True,1,-0.01842786,-0.01842786
2005-02-01,Gold,with_cells,pulled,1,,True,1,0.02875477,0.02875477
2005-03-01,Gold,with_cells,pulled,1,,True,1,-0.01617002,-0.01617002
2005-04-01,Gold,with_cells,abstain,10,,False,0,0.0084527,0.0
2005-05-01,Gold,with_cells,abstain,12,tier2,False,0,-0.03306173,0.0
2005-06-01,Gold,with_cells,pulled,24,,True,-1,0.03009872,-0.03009872
2005-07-01,Gold,with_cells,abstain,25,tier4,False,0,0.00958393,0.0
2005-08-01,Gold,with_cells,abstain,25,tier4,False,0,0.02407963,0.0
2005-09-01,Gold,with_cells,abstain,25,tier4,False,0,0.05380967,0.0
2005-10-01,Gold,with_cells,abstain,25,tier4,False,0,-0.01566191,0.0
2005-11-01,Gold,with_cells,pulled,24,,True,1,0.0952485,0.0952485
2005-12-01,Gold,with_cells,abstain,22,,False,0,0.05611943,0.0
2006-01-01,Gold,with_cells,emitted,13,tier3,False,0,0.07292258,0.0
2006-02-01,Gold,with_cells,emitted,13,tier3,False,0,-0.01036183,0.0
2006-03-01,Gold,with_cells,emitted,13,tier3,False,0,0.04596278,0.0
2006-04-01,Gold,with_cells,emitted,13,tier3,False,0,0.11554118,0.0
2006-05-01,Gold,with_cells,abstain,4,,False,0,-0.04547532,0.0
2006-06-01,Gold,with_cells,pulled,1,,True,1,-0.00047799,-0.00047799
2006-07-01,Gold,with_cells,pulled,1,,True,1,0.03028854,0.03028854
2006-08-01,Gold,with_cells,emitted,13,tier3,False,0,-0.03388514,0.0
2006-09-01,Gold,with_cells,pulled,1,,True,1,-0.04276107,-0.04276107
2006-10-01,Gold,with_cells,pulled,1,,True,1,0.03162115,0.03162115
2006-11-01,Gold,with_cells,emitted,13,tier4,False,0,0.04557256,0.0
2006-12-01,Gold,with_cells,emitted,14,tier2,False,0,-0.01473554,0.0
2007-01-01,Gold,with_cells,emitted,14,tier2,False,0,0.03494964,0.0
2007-02-01,Gold,with_cells,abstain,17,tier4,False,0,0.00745355,0.0
2007-03-01,Gold,with_cells,abstain,17,tier4,False,0,0.00513366,0.0
2007-04-01,Gold,with_cells,abstain,14,tier2,False,0,0.01306897,0.0
2007-05-01,Gold,with_cells,abstain,4,,False,0,-0.00474498,0.0
2007-06-01,Gold,with_cells,emitted,13,tier2,False,0,-0.02190109,0.0
2007-07-01,Gold,with_cells,pulled,1,,True,1,0.01081489,0.01081489
2007-08-01,Gold,with_cells,pulled,1,,True,1,0.02848105,0.02848105
2007-09-01,Gold,with_cells,pulled,1,,True,1,0.09479855,0.09479855
2007-10-01,Gold,with_cells,emitted,2,tier4,False,0,0.05821734,0.0
2007-11-01,Gold,with_cells,pulled,1,,True,1,-0.00303532,-0.00303532
2007-12-01,Gold,with_cells,pulled,1,,True,1,0.08714958,0.08714958
2008-01-01,Gold,with_cells,pulled,1,,True,1,0.06032674,0.06032674
2008-02-01,Gold,with_cells,pulled,1,,True,1,0.08011443,0.08011443
2008-03-01,Gold,with_cells,pulled,1,,True,1,-0.10045846,-0.10045846
2008-04-01,Gold,with_cells,pulled,1,,True,1,-0.03850946,-0.03850946
2008-05-01,Gold,with_cells,emitted,13,tier4,False,0,0.05183178,0.0
2008-06-01,Gold,with_cells,pulled,1,,True,1,0.0555493,0.0555493
2008-07-01,Gold,with_cells,pulled,1,,True,1,-0.03554377,-0.03554377
2008-08-01,Gold,with_cells,emitted,13,tier4,False,0,-0.11441144,0.0
2008-09-01,Gold,with_cells,abstain,25,tier4,False,0,0.09403728,0.0
2008-10-01,Gold,with_cells,pulled,24,,True,1,-0.17633699,-0.17633699
2008-11-01,Gold,with_cells,abstain,25,,False,0,0.06782458,0.0
2008-12-01,Gold,with_cells,emitted,26,tier2,False,0,0.13452106,0.0
2009-01-01,Gold,with_cells,emitted,26,tier2,False,0,0.03174787,0.0
2009-02-01,Gold,with_cells,emitted,26,tier2,False,0,0.03562368,0.0
2009-03-01,Gold,with_cells,emitted,26,tier2,False,0,-0.01373805,0.0
2009-04-01,Gold,with_cells,emitted,26,tier2,False,0,-0.04157219,0.0
2009-05-01,Gold,with_cells,abstain,8,,False,0,0.10252366,0.0
2009-06-01,Gold,with_cells,emitted,2,tier4,False,0,-0.03842221,0.0
2009-07-01,Gold,with_cells,abstain,5,tier4,False,0,0.01657808,0.0
2009-08-01,Gold,with_cells,pulled,1,,True,1,-0.00198616,-0.00198616
2009-09-01,Gold,with_cells,pulled,1,,True,1,0.04692572,0.04692572
2009-10-01,Gold,with_cells,pulled,1,,True,1,0.05392699,0.05392699
2009-11-01,Gold,with_cells,pulled,0,,True,-1,0.13831398,-0.13831398
2009-12-01,Gold,with_cells,pulled,0,,True,-1,-0.06788427,0.06788427
2010-01-01,Gold,with_cells,emitted,9,tier2,False,0,-0.01198882,0.0
2010-02-01,Gold,with_cells,abstain,21,,False,0,0.01222494,0.0
2010-03-01,Gold,with_cells,abstain,21,,False,0,0.00653062,0.0
2010-04-01,Gold,with_cells,pulled,24,,True,-1,0.05119543,-0.05119543
2010-05-01,Gold,with_cells,abstain,25,,False,0,0.0355966,0.0
2010-06-01,Gold,with_cells,emitted,25,tier4,True,1,-0.01510451,-0.01510451
2010-07-01,Gold,with_cells,emitted,25,tier4,True,1,-0.01898369,-0.01898369
2010-08-01,Gold,with_cells,emitted,13,tier2,False,0,0.05315195,0.0
2010-09-01,Gold,with_cells,abstain,16,,False,0,0.05600572,0.0
2010-10-01,Gold,with_cells,emitted,13,tier3,False,0,0.02590987,0.0
2010-11-01,Gold,with_cells,pulled,1,,True,1,0.02747748,0.02747748
2010-12-01,Gold,with_cells,pulled,1,,True,1,0.02544506,0.02544506
2011-01-01,Gold,with_cells,pulled,1,,True,1,-0.05834388,-0.05834388
2011-02-01,Gold,with_cells,pulled,1,,True,1,0.06800536,0.06800536
2011-03-01,Gold,with_cells,pulled,1,,True,1,-0.00181728,-0.00181728
2011-04-01,Gold,with_cells,emitted,13,tier3,False,0,0.0900497,0.0
2011-05-01,Gold,with_cells,pulled,1,,True,1,-0.00918605,-0.00918605
2011-06-01,Gold,with_cells,pulled,1,,True,1,-0.03896523,-0.03896523
2011-07-01,Gold,with_cells,pulled,1,,True,1,0.09222151,0.09222151
2011-08-01,Gold,with_cells,emitted,2,tier2,False,0,0.1278567,0.0
2011-09-01,Gold,with_cells,abstain,5,tier2,False,0,-0.09309967,0.0
2011-10-01,Gold,with_cells,abstain,17,tier4,False,0,0.03321256,0.0
2011-11-01,Gold,with_cells,abstain,17,tier2,False,0,0.01420225,0.0
2011-12-01,Gold,with_cells,abstain,17,,False,0,-0.07814216,0.0
2012-01-01,Gold,with_cells,abstain,26,,False,0,0.09214229,0.0
2012-02-01,Gold,with_cells,abstain,26,,False,0,-0.0148818,0.0
2012-03-01,Gold,with_cells,emitted,26,tier2,False,0,-0.02533262,0.0
2012-04-01,Gold,with_cells,emitted,13,tier2,False,0,-0.00941881,0.0
2012-05-01,Gold,with_cells,emitted,13,tier2,False,0,-0.02479386,0.0
2012-06-01,Gold,with_cells,emitted,26,tier2,False,0,-0.01437831,0.0
2012-07-01,Gold,with_cells,emitted,26,tier4,False,0,0.00406962,0.0
2012-08-01,Gold,with_cells,emitted,26,tier4,False,0,0.05562142,0.0
2012-09-01,Gold,with_cells,abstain,17,tier2,False,0,0.05174551,0.0
2012-10-01,Gold,with_cells,abstain,14,tier4,False,0,-0.03729291,0.0
2012-11-01,Gold,with_cells,emitted,14,tier2,False,0,0.00320868,0.0
2012-12-01,Gold,with_cells,emitted,5,tier2,False,0,-0.01843449,0.0
2013-01-01,Gold,with_cells,emitted,14,tier2,False,0,-0.01096036,0.0
2013-02-01,Gold,with_cells,emitted,5,tier2,False,0,-0.05840422,0.0
2013-03-01,Gold,with_cells,abstain,17,tier2,False,0,0.01787644,0.0
2013-04-01,Gold,with_cells,abstain,26,tier4,False,0,-0.09606247,0.0
2013-05-01,Gold,with_cells,abstain,26,tier4,False,0,-0.02392318,0.0
2013-06-01,Gold,with_cells,abstain,26,tier4,False,0,-0.11036334,0.0
2013-07-01,Gold,with_cells,abstain,26,tier4,False,0,0.0438729,0.0
2013-08-01,Gold,with_cells,emitted,25,tier4,True,1,0.07704043,0.07704043
2013-09-01,Gold,with_cells,abstain,16,,False,0,-0.08923513,0.0
2013-10-01,Gold,with_cells,emitted,14,tier4,False,0,0.02107308,0.0
2013-11-01,Gold,with_cells,emitted,13,tier3,False,0,-0.06914929,0.0
2013-12-01,Gold,with_cells,emitted,14,tier2,False,0,0.00220891,0.0
2014-01-01,Gold,with_cells,emitted,14,tier4,False,0,0.02889798,0.0
2014-02-01,Gold,with_cells,emitted,14,tier2,False,0,0.07116784,0.0
2014-03-01,Gold,with_cells,emitted,14,tier4,False,0,-0.05221836,0.0
2014-04-01,Gold,with_cells,abstain,17,tier4,False,0,0.00273523,0.0
2014-05-01,Gold,with_cells,emitted,14,tier4,False,0,-0.0307069,0.0
2014-06-01,Gold,with_cells,abstain,13,tier4,False,0,0.0664952,0.0
2014-07-01,Gold,with_cells,emitted,13,tier3,False,0,-0.02472863,0.0
2014-08-01,Gold,with_cells,emitted,13,tier2,False,0,-0.02311381,0.0
2014-09-01,Gold,with_cells,abstain,16,,False,0,-0.03885414,0.0
2014-10-01,Gold,with_cells,emitted,25,tier4,True,1,-0.03721386,-0.03721386
2014-11-01,Gold,with_cells,emitted,25,tier4,True,1,0.04155975,0.04155975
2014-12-01,Gold,with_cells,emitted,26,tier4,False,0,-0.02627258,0.0
2015-01-01,Gold,with_cells,emitted,26,tier4,False,0,0.07605392,0.0
2015-02-01,Gold,with_cells,emitted,26,tier4,False,0,-0.05367497,0.0
2015-03-01,Gold,with_cells,abstain,26,tier3,False,0,0.00033123,0.0
2015-04-01,Gold,with_cells,emitted,26,tier4,False,0,-0.02781225,0.0
2015-05-01,Gold,with_cells,emitted,26,tier2,False,0,0.01174972,0.0
2015-06-01,Gold,with_cells,emitted,26,tier2,False,0,-0.01624173,0.0
2015-07-01,Gold,with_cells,emitted,26,tier2,False,0,-0.06809237,0.0
2015-08-01,Gold,with_cells,emitted,25,tier4,True,1,0.0452542,0.0452542
2015-09-01,Gold,with_cells,emitted,13,tier2,False,0,-0.02151576,0.0
2015-10-01,Gold,with_cells,emitted,13,tier2,False,0,0.0193862,0.0
2015-11-01,Gold,with_cells,emitted,25,tier4,True,1,-0.06339144,-0.06339144
2015-12-01,Gold,with_cells,emitted,25,tier4,True,1,0.01062223,0.01062223
2016-01-01,Gold,with_cells,abstain,26,tier4,False,0,0.04911176,0.0
2016-02-01,Gold,with_cells,abstain,26,tier4,False,0,0.09078821,0.0
2016-03-01,Gold,with_cells,emitted,17,tier4,False,0,-0.00658384,0.0
2016-04-01,Gold,with_cells,emitted,14,tier2,False,0,0.05931926,0.0
2016-05-01,Gold,with_cells,emitted,2,tier2,False,0,-0.06395299,0.0
2016-06-01,Gold,with_cells,abstain,5,tier4,False,0,0.10297873,0.0
2016-07-01,Gold,with_cells,emitted,2,tier2,False,0,0.01099729,0.0
2016-08-01,Gold,with_cells,emitted,2,tier2,False,0,-0.02900701,0.0
2016-09-01,Gold,with_cells,abstain,4,,False,0,-0.00243862,0.0
2016-10-01,Gold,with_cells,emitted,13,tier3,False,0,-0.01726507,0.0
2016-11-01,Gold,with_cells,emitted,25,tier3,False,0,-0.0928949,0.0
2016-12-01,Gold,with_cells,emitted,25,tier3,False,0,-0.00557031,0.0
2017-01-01,Gold,with_cells,abstain,25,tier4,False,0,0.03895204,0.0
2017-02-01,Gold,with_cells,emitted,25,tier4,True,1,0.03591577,0.03591577
2017-03-01,Gold,with_cells,emitted,25,tier4,True,1,0.00152136,0.00152136
2017-04-01,Gold,with_cells,emitted,25,tier4,True,1,0.00199872,0.00199872
2017-05-01,Gold,with_cells,emitted,13,tier3,False,0,0.0109311,0.0
2017-06-01,Gold,with_cells,emitted,13,tier3,False,0,-0.03875294,0.0
2017-07-01,Gold,with_cells,pulled,1,,True,1,0.04491333,0.04491333
2017-08-01,Gold,with_cells,pulled,1,,True,1,0.04078267,0.04078267
2017-09-01,Gold,with_cells,pulled,1,,True,1,-0.03910913,-0.03910913
2017-10-01,Gold,with_cells,pulled,1,,True,1,0.00110004,0.00110004
2017-11-01,Gold,with_cells,pulled,1,,True,1,0.00368894,0.00368894
2017-12-01,Gold,with_cells,pulled,1,,True,1,0.02729113,0.02729113
2018-01-01,Gold,with_cells,pulled,1,,True,1,0.02329306,0.02329306
2018-02-01,Gold,with_cells,pulled,1,,True,1,-0.03079671,-0.03079671
2018-03-01,Gold,with_cells,abstain,12,,False,0,0.03008669,0.0
2018-04-01,Gold,with_cells,abstain,12,,False,0,-0.02853731,0.0
2018-05-01,Gold,with_cells,emitted,13,tier2,False,0,-0.0069029,0.0
2018-06-01,Gold,with_cells,abstain,22,,False,0,-0.0424776,0.0
2018-07-01,Gold,with_cells,abstain,25,,False,0,-0.01766416,0.0
2018-08-01,Gold,with_cells,abstain,25,,False,0,-0.02069141,0.0
2018-09-01,Gold,with_cells,abstain,25,,False,0,-0.00469521,0.0
2018-10-01,Gold,with_cells,abstain,25,,False,0,0.04119284,0.0
2018-11-01,Gold,with_cells,abstain,25,,False,0,-0.00169901,0.0
2018-12-01,Gold,with_cells,abstain,25,,False,0,0.03817163,0.0
2019-01-01,Gold,with_cells,abstain,25,,False,0,0.028025,0.0
2019-02-01,Gold,with_cells,emitted,13,tier1,False,0,-0.01556686,0.0
2019-03-01,Gold,with_cells,emitted,13,tier4,False,0,-0.00617093,0.0
2019-04-01,Gold,with_cells,emitted,25,tier2,False,0,-0.0054331,0.0
2019-05-01,Gold,with_cells,emitted,13,tier2,False,0,0.03223032,0.0
2019-06-01,Gold,with_cells,emitted,13,tier2,False,0,0.04755427,0.0
2019-07-01,Gold,with_cells,emitted,13,tier2,False,0,0.02547636,0.0
2019-08-01,Gold,with_cells,emitted,25,tier2,False,0,0.08797241,0.0
2019-09-01,Gold,with_cells,emitted,13,tier2,False,0,-0.04133516,0.0
2019-10-01,Gold,with_cells,emitted,13,tier2,False,0,0.01754386,0.0
2019-11-01,Gold,with_cells,emitted,14,tier4,False,0,-0.03030501,0.0
2019-12-01,Gold,with_cells,emitted,14,tier4,False,0,0.0425357,0.0
2020-01-01,Gold,with_cells,emitted,17,tier2,False,0,0.03456868,0.0
2020-02-01,Gold,with_cells,emitted,14,tier2,False,0,0.00957399,0.0
2020-03-01,Gold,with_cells,emitted,14,tier2,False,0,-0.00885518,0.0
2020-04-01,Gold,with_cells,emitted,25,tier2,False,0,0.07369158,0.0
2020-05-01,Gold,with_cells,emitted,26,tier2,False,0,0.02555329,0.0
2020-06-01,Gold,with_cells,abstain,8,,False,0,0.02037053,0.0
2020-07-01,Gold,with_cells,abstain,8,,False,0,0.10873001,0.0
2020-08-01,Gold,with_cells,abstain,8,,False,0,0.001119,0.0
2020-09-01,Gold,with_cells,emitted,5,tier2,False,0,-0.03038305,0.0
2020-10-01,Gold,with_cells,emitted,2,tier4,False,0,-0.00943198,0.0
2020-11-01,Gold,with_cells,emitted,2,tier4,False,0,-0.04036185,0.0
2020-12-01,Gold,with_cells,emitted,2,tier4,False,0,0.07199161,0.0
2021-01-01,Gold,with_cells,emitted,2,tier4,False,0,-0.04314285,0.0
2021-02-01,Gold,with_cells,emitted,2,tier4,False,0,-0.0743229,0.0
2021-03-01,Gold,with_cells,emitted,5,tier2,False,0,0.00232221,0.0
2021-04-01,Gold,with_cells,emitted,5,tier2,False,0,0.03759052,0.0
2021-05-01,Gold,with_cells,abstain,2,tier2,False,0,0.06224182,0.0
2021-06-01,Gold,with_cells,abstain,5,tier2,False,0,-0.06674024,0.0
2021-07-01,Gold,with_cells,emitted,14,tier4,False,0,0.02376257,0.0
2021-08-01,Gold,with_cells,abstain,5,tier2,False,0,-0.00275012,0.0
2021-09-01,Gold,with_cells,emitted,14,tier2,False,0,-0.03094147,0.0
2021-10-01,Gold,with_cells,abstain,13,,False,0,0.02168468,0.0
2021-11-01,Gold,with_cells,abstain,13,,False,0,-0.00752047,0.0
2021-12-01,Gold,with_cells,emitted,25,tier4,True,1,0.00999105,0.00999105
2022-01-01,Gold,with_cells,abstain,13,,False,0,0.00050018,0.0
2022-02-01,Gold,with_cells,abstain,13,,False,0,0.07893127,0.0
2022-03-01,Gold,with_cells,abstain,13,,False,0,-0.01199549,0.0
2022-04-01,Gold,with_cells,emitted,12,tier2,False,0,-0.02985771,0.0
2022-05-01,Gold,with_cells,abstain,21,,False,0,-0.00993662,0.0
2022-06-01,Gold,with_cells,abstain,21,,False,0,-0.02408725,0.0
2022-07-01,Gold,with_cells,abstain,21,,False,0,-0.01662128,0.0
2022-08-01,Gold,with_cells,abstain,21,,False,0,-0.04092709,0.0
2022-09-01,Gold,with_cells,pulled,24,,True,1,-0.0021808,-0.0021808
2022-10-01,Gold,with_cells,pulled,24,,True,1,-0.02829466,-0.02829466
2022-11-01,Gold,with_cells,pulled,24,,True,1,0.0948936,0.0948936
2022-12-01,Gold,with_cells,abstain,21,,False,0,0.02143133,0.0
2023-01-01,Gold,with_cells,abstain,21,,False,0,0.0478883,0.0
2023-02-01,Gold,with_cells,abstain,12,,False,0,-0.04673726,0.0
2023-03-01,Gold,with_cells,emitted,9,tier4,False,0,0.07955601,0.0
2023-04-01,Gold,with_cells,emitted,9,tier4,False,0,-0.00025203,0.0
2023-05-01,Gold,with_cells,emitted,9,tier4,False,0,-0.00272261,0.0
2023-06-01,Gold,with_cells,emitted,21,tier2,False,0,-0.02846312,0.0
2023-07-01,Gold,with_cells,emitted,21,tier2,False,0,0.00988708,0.0
2023-08-01,Gold,with_cells,emitted,21,tier2,False,0,-0.0004637,0.0
2023-09-01,Gold,with_cells,abstain,21,,False,0,-0.0566038,0.0
2023-10-01,Gold,with_cells,pulled,24,,True,1,0.0813115,0.0813115
2023-11-01,Gold,with_cells,pulled,24,,True,1,0.04659387,0.04659387
2023-12-01,Gold,with_cells,abstain,21,tier2,False,0,-0.00318691,0.0
2024-01-01,Gold,with_cells,abstain,21,tier2,False,0,-0.00552214,0.0
2024-02-01,Gold,with_cells,abstain,21,tier4,False,0,0.01651237,0.0
2024-03-01,Gold,with_cells,abstain,21,tier4,False,0,0.07168532,0.0
2024-04-01,Gold,with_cells,emitted,12,tier3,False,0,0.02834782,0.0
2024-05-01,Gold,with_cells,emitted,12,tier3,False,0,0.02030532,0.0
2024-06-01,Gold,with_cells,emitted,21,tier2,False,0,-0.00809682,0.0
2024-07-01,Gold,with_cells,pulled,24,,True,1,0.0461419,0.0461419
2024-08-01,Gold,with_cells,abstain,25,,False,0,0.02254616,0.0
2024-09-01,Gold,with_cells,abstain,22,,False,0,0.0712479,0.0
2024-10-01,Gold,with_cells,abstain,13,,False,0,0.02673117,0.0
2024-11-01,Gold,with_cells,abstain,22,,False,0,-0.03786613,0.0
2024-12-01,Gold,with_cells,abstain,25,,False,0,0.00910851,0.0
2025-01-01,Gold,with_cells,abstain,25,,False,0,0.06581669,0.0
2025-02-01,Gold,with_cells,abstain,25,,False,0,0.01986663,0.0
2025-03-01,Gold,with_cells,abstain,25,,False,0,0.07912946,0.0
2025-04-01,Gold,with_cells,abstain,25,,False,0,0.02920905,0.0
2025-05-01,Gold,with_cells,abstain,13,,False,0,0.05003118,0.0
2025-06-01,Gold,with_cells,pulled,1,,True,1,-0.0100576,-0.0100576
2025-07-01,Gold,with_cells,pulled,1,,True,1,0.00329667,0.00329667
2025-08-01,Gold,with_cells,pulled,1,,True,1,0.06025031,0.06025031
2025-09-01,Gold,with_cells,pulled,1,,True,1,0.08962081,0.08962081
2025-10-01,Gold,with_cells,pulled,1,,True,1,0.03433744,0.03433744
2025-11-01,Gold,with_cells,abstain,13,,False,0,0.07851907,0.0
2026-01-01,Gold,with_cells,abstain,13,,False,0,0.07141204,0.0
2026-02-01,Gold,with_cells,abstain,13,,False,0,0.14535422,0.0
2026-03-01,Gold,with_cells,abstain,13,,False,0,-0.0965548,0.0
2026-04-01,Gold,with_cells,abstain,13,,False,0,-0.03204973,0.0
2026-05-01,Gold,with_cells,abstain,13,,False,0,-0.03341319,0.0
2026-06-01,Gold,with_cells,abstain,13,,False,0,-0.09092334,0.0
2026-07-01,Gold,with_cells,abstain,13,,False,0,0.0963302,0.0
2026-08-01,Gold,with_cells,abstain,13,,False,0,,0.0
2000-08-01,Silver,with_cells,abstain,-1,,False,0,0.01501022,0.0
2000-09-01,Silver,with_cells,abstain,-1,,False,0,-0.01958434,0.0
2000-10-01,Silver,with_cells,abstain,-1,,False,0,-0.02690582,0.0
2000-11-01,Silver,with_cells,abstain,-1,,False,0,-0.02806877,0.0
2000-12-01,Silver,with_cells,abstain,-1,,False,0,-0.02047409,0.0
2001-01-01,Silver,with_cells,abstain,-1,,False,0,0.05390536,0.0
2001-02-01,Silver,with_cells,abstain,-1,,False,0,-0.08246346,0.0
2001-03-01,Silver,with_cells,abstain,-1,,False,0,-0.02207056,0.0
2001-04-01,Silver,with_cells,abstain,-1,,False,0,0.01209866,0.0
2001-05-01,Silver,with_cells,abstain,-1,,False,0,0.01356322,0.0
2001-06-01,Silver,with_cells,abstain,-1,,False,0,-0.02993876,0.0
2001-07-01,Silver,with_cells,abstain,-1,,False,0,-0.01402851,0.0
2001-08-01,Silver,with_cells,abstain,-1,,False,0,-0.01778511,0.0
2001-09-01,Silver,with_cells,abstain,-1,,False,0,0.11999027,0.0
2001-10-01,Silver,with_cells,abstain,-1,,False,0,-0.09549469,0.0
2001-11-01,Silver,with_cells,abstain,-1,,False,0,0.00095322,0.0
2001-12-01,Silver,with_cells,abstain,-1,,False,0,0.0776191,0.0
2002-01-01,Silver,with_cells,abstain,-1,,False,0,-0.048608,0.0
2002-02-01,Silver,with_cells,abstain,-1,,False,0,0.05643278,0.0
2002-03-01,Silver,with_cells,abstain,-1,,False,0,0.0312157,0.0
2002-04-01,Silver,with_cells,abstain,-1,,False,0,-0.03453425,0.0
2002-05-01,Silver,with_cells,abstain,-1,,False,0,0.11901083,0.0
2002-06-01,Silver,with_cells,abstain,-1,,False,0,-0.03966056,0.0
2002-07-01,Silver,with_cells,abstain,-1,,False,0,-0.0589686,0.0
2002-08-01,Silver,with_cells,abstain,-1,,False,0,-0.0275109,0.0
2002-09-01,Silver,with_cells,abstain,-1,,False,0,0.00359223,0.0
2002-10-01,Silver,with_cells,abstain,-1,,False,0,0.00313208,0.0
2002-11-01,Silver,with_cells,abstain,-1,,False,0,-0.013827,0.0
2002-12-01,Silver,with_cells,abstain,-1,,False,0,0.08819536,0.0
2003-01-01,Silver,with_cells,abstain,-1,,False,0,0.00332508,0.0
2003-02-01,Silver,with_cells,abstain,-1,,False,0,-0.03541839,0.0
2003-03-01,Silver,with_cells,abstain,-1,,False,0,-0.04809963,0.0
2003-04-01,Silver,with_cells,abstain,-1,,False,0,0.07399054,0.0
2003-05-01,Silver,with_cells,abstain,-1,,False,0,-0.05461042,0.0
2003-06-01,Silver,with_cells,abstain,-1,,False,0,0.01621861,0.0
2003-07-01,Silver,with_cells,abstain,-1,,False,0,0.11346744,0.0
2003-08-01,Silver,with_cells,abstain,-1,,False,0,-0.02061654,0.0
2003-09-01,Silver,with_cells,abstain,-1,,False,0,0.02245389,0.0
2003-10-01,Silver,with_cells,abstain,-1,,False,0,-0.03509802,0.0
2003-11-01,Silver,with_cells,abstain,-1,,False,0,0.10648246,0.0
2003-12-01,Silver,with_cells,abstain,-1,,False,0,0.14471985,0.0
2004-01-01,Silver,with_cells,abstain,-1,,False,0,-0.0309642,0.0
2004-02-01,Silver,with_cells,abstain,-1,,False,0,0.14701987,0.0
2004-03-01,Silver,with_cells,abstain,-1,,False,0,0.17479792,0.0
2004-04-01,Silver,with_cells,abstain,-1,,False,0,-0.26084288,0.0
2004-05-01,Silver,with_cells,abstain,-1,,False,0,0.00565166,0.0
2004-06-01,Silver,with_cells,abstain,-1,,False,0,-0.0190083,0.0
2004-07-01,Silver,with_cells,abstain,-1,,False,0,0.11373213,0.0
2004-08-01,Silver,with_cells,abstain,-1,,False,0,0.02768534,0.0
2004-09-01,Silver,with_cells,abstain,-1,,False,0,0.01840129,0.0
2004-10-01,Silver,with_cells,abstain,-1,,False,0,0.05767558,0.0
2004-11-01,Silver,with_cells,abstain,-1,,False,0,0.09689765,0.0
2004-12-01,Silver,with_cells,abstain,-1,,False,0,-0.19299773,0.0
2005-01-01,Silver,with_cells,abstain,-1,,False,0,0.0375173,0.0
2005-02-01,Silver,with_cells,abstain,-1,,False,0,0.07574409,0.0
2005-03-01,Silver,with_cells,abstain,-1,,False,0,-0.03306132,0.0
2005-04-01,Silver,with_cells,abstain,-1,,False,0,-0.02145917,0.0
2005-05-01,Silver,with_cells,abstain,-1,,False,0,0.09766078,0.0
2005-06-01,Silver,with_cells,abstain,-1,,False,0,-0.08750667,0.0
2005-07-01,Silver,with_cells,abstain,-1,,False,0,0.06276461,0.0
2005-08-01,Silver,with_cells,abstain,-1,,False,0,-0.0432633,0.0
2005-09-01,Silver,with_cells,abstain,-1,,False,0,0.06273325,0.0
2005-10-01,Silver,with_cells,abstain,-1,,False,0,0.00526814,0.0
2005-11-01,Silver,with_cells,abstain,-1,,False,0,0.14203167,0.0
2005-12-01,Silver,with_cells,abstain,-1,,False,0,0.06918465,0.0
2006-01-01,Silver,with_cells,abstain,-1,,False,0,0.07406188,0.0
2006-02-01,Silver,with_cells,abstain,-1,,False,0,-0.00512297,0.0
2006-03-01,Silver,with_cells,abstain,-1,,False,0,0.207312,0.0
2006-04-01,Silver,with_cells,abstain,-1,,False,0,0.18160887,0.0
2006-05-01,Silver,with_cells,abstain,-1,,False,0,-0.14452785,0.0
2006-06-01,Silver,with_cells,abstain,-1,,False,0,-0.0858228,0.0
2006-07-01,Silver,with_cells,abstain,5,,False,0,0.07957163,0.0
2006-08-01,Silver,with_cells,pulled,8,,True,1,0.109021,0.109021
2006-09-01,Silver,with_cells,abstain,17,,False,0,-0.10948343,0.0
2006-10-01,Silver,with_cells,pulled,8,,True,1,0.0750649,0.0750649
2006-11-01,Silver,with_cells,abstain,13,,False,0,0.1279697,0.0
2006-12-01,Silver,with_cells,abstain,13,,False,0,-0.08482077,0.0
2007-01-01,Silver,with_cells,abstain,13,,False,0,0.06662507,0.0
2007-02-01,Silver,with_cells,abstain,21,,False,0,-0.01038621,0.0
2007-03-01,Silver,with_cells,abstain,21,,False,0,-0.01751659,0.0
2007-04-01,Silver,with_cells,abstain,24,,False,0,-0.00361095,0.0
2007-05-01,Silver,with_cells,abstain,13,,False,0,0.03291807,0.0
2007-06-01,Silver,with_cells,pulled,8,,True,1,-0.07740662,-0.07740662
2007-07-01,Silver,with_cells,pulled,8,,True,1,0.0210743,0.0210743
2007-08-01,Silver,with_cells,pulled,16,,True,1,-0.04709803,-0.04709803
2007-09-01,Silver,with_cells,pulled,16,,True,1,0.1179057,0.1179057
2007-10-01,Silver,with_cells,pulled,16,,True,1,0.03940566,0.03940566
2007-11-01,Silver,with_cells,abstain,21,,False,0,-0.01815002,0.0
2007-12-01,Silver,with_cells,abstain,21,,False,0,0.08250661,0.0
2008-01-01,Silver,with_cells,abstain,21,,False,0,0.10925032,0.0
2008-02-01,Silver,with_cells,abstain,21,,False,0,0.19311702,0.0
2008-03-01,Silver,with_cells,abstain,21,,False,0,-0.16031487,0.0
2008-04-01,Silver,with_cells,abstain,21,,False,0,-0.04354787,0.0
2008-05-01,Silver,with_cells,pulled,18,,True,1,0.04670928,0.04670928
2008-06-01,Silver,with_cells,abstain,9,,False,0,0.07858244,0.0
2008-07-01,Silver,with_cells,abstain,9,,False,0,-0.03950549,0.0
2008-08-01,Silver,with_cells,abstain,10,,False,0,-0.25347523,0.0
2008-09-01,Silver,with_cells,abstain,9,,False,0,-0.02528735,0.0
2008-10-01,Silver,with_cells,abstain,1,,False,0,-0.23349058,0.0
2008-11-01,Silver,with_cells,abstain,1,,False,0,-0.0410256,0.0
2008-12-01,Silver,with_cells,pulled,18,,True,1,0.22620317,0.22620317
2009-01-01,Silver,with_cells,pulled,18,,True,1,0.08242474,0.08242474
2009-02-01,Silver,with_cells,pulled,18,,True,1,0.05157134,0.05157134
2009-03-01,Silver,with_cells,pulled,18,,True,1,-0.00651341,-0.00651341
2009-04-01,Silver,with_cells,pulled,18,,True,1,-0.03740845,-0.03740845
2009-05-01,Silver,with_cells,abstain,9,,False,0,0.2600161,0.0
2009-06-01,Silver,with_cells,abstain,1,,False,0,-0.12623215,0.0
2009-07-01,Silver,with_cells,abstain,1,,False,0,0.03675401,0.0
2009-08-01,Silver,with_cells,abstain,1,,False,0,0.05545805,0.0
2009-09-01,Silver,with_cells,abstain,2,,False,0,0.09198533,0.0
2009-10-01,Silver,with_cells,abstain,2,,False,0,0.00079184,0.0
2009-11-01,Silver,with_cells,abstain,2,,False,0,0.16730574,0.0
2009-12-01,Silver,with_cells,abstain,5,,False,0,-0.09071949,0.0
2010-01-01,Silver,with_cells,abstain,5,,False,0,-0.04512618,0.0
2010-02-01,Silver,with_cells,pulled,8,,True,1,-0.01225007,-0.01225007
2010-03-01,Silver,with_cells,pulled,16,,True,1,0.086753,0.086753
2010-04-01,Silver,with_cells,abstain,17,,False,0,0.05241666,0.0
2010-05-01,Silver,with_cells,abstain,25,,False,0,-0.01451118,0.0
2010-06-01,Silver,with_cells,abstain,25,,False,0,-0.04207123,0.0
2010-07-01,Silver,with_cells,abstain,24,,False,0,0.03620493,0.0
2010-08-01,Silver,with_cells,abstain,24,,False,0,0.05194802,0.0
2010-09-01,Silver,with_cells,abstain,24,,False,0,0.13833367,0.0
2010-10-01,Silver,with_cells,abstain,24,,False,0,0.11394471,0.0
2010-11-01,Silver,with_cells,abstain,24,,False,0,0.15642823,0.0
2010-12-01,Silver,with_cells,abstain,24,,False,0,0.09539242,0.0
2011-01-01,Silver,with_cells,abstain,24,,False,0,-0.08271162,0.0
2011-02-01,Silver,with_cells,abstain,17,,False,0,0.2065629,0.0
2011-03-01,Silver,with_cells,pulled,8,,True,1,0.09649579,0.09649579
2011-04-01,Silver,with_cells,abstain,5,,False,0,0.22102975,0.0
2011-05-01,Silver,with_cells,pulled,8,,True,1,-0.18206086,-0.18206086
2011-06-01,Silver,with_cells,abstain,5,tier2,False,0,-0.10599907,0.0
2011-07-01,Silver,with_cells,emitted,5,tier2,False,0,0.16632041,0.0
2011-08-01,Silver,with_cells,abstain,21,,False,0,0.0555753,0.0
2011-09-01,Silver,with_cells,abstain,21,,False,0,-0.2587146,0.0
2011-10-01,Silver,with_cells,abstain,24,,False,0,0.06413009,0.0
2011-11-01,Silver,with_cells,abstain,21,tier2,False,0,-0.00082515,0.0
2011-12-01,Silver,with_cells,abstain,24,,False,0,-0.096712,0.0
2012-01-01,Silver,with_cells,abstain,24,,False,0,0.14373747,0.0
2012-02-01,Silver,with_cells,abstain,24,,False,0,0.0542661,0.0
2012-03-01,Silver,with_cells,abstain,24,,False,0,-0.0709893,0.0
2012-04-01,Silver,with_cells,abstain,24,,False,0,-0.06668075,0.0
2012-05-01,Silver,with_cells,abstain,24,,False,0,-0.07708006,0.0
2012-06-01,Silver,with_cells,emitted,24,tier4,False,0,-0.03610904,0.0
2012-07-01,Silver,with_cells,emitted,24,tier4,False,0,0.00178389,0.0
2012-08-01,Silver,with_cells,emitted,24,tier2,False,0,0.17556417,0.0
2012-09-01,Silver,with_cells,emitted,13,tier4,False,0,0.07830472,0.0
2012-10-01,Silver,with_cells,emitted,13,tier4,False,0,-0.0761159,0.0
2012-11-01,Silver,with_cells,abstain,21,,False,0,0.04514981,0.0
2012-12-01,Silver,with_cells,abstain,21,,False,0,-0.08102491,0.0
2013-01-01,Silver,with_cells,emitted,13,tier3,False,0,0.031985,0.0
2013-02-01,Silver,with_cells,abstain,5,,False,0,-0.10929182,0.0
2013-03-01,Silver,with_cells,abstain,5,,False,0,-0.01890971,0.0
2013-04-01,Silver,with_cells,abstain,5,,False,0,-0.16508436,0.0
2013-05-01,Silver,with_cells,abstain,5,,False,0,-0.02531646,0.0
2013-06-01,Silver,with_cells,abstain,5,,False,0,-0.13889503,0.0
2013-07-01,Silver,with_cells,abstain,5,,False,0,0.00281188,0.0
2013-08-01,Silver,with_cells,abstain,5,,False,0,0.24302831,0.0
2013-09-01,Silver,with_cells,abstain,5,,False,0,-0.13362314,0.0
2013-10-01,Silver,with_cells,emitted,5,tier2,False,0,0.03219089,0.0
2013-11-01,Silver,with_cells,emitted,5,tier4,False,0,-0.11791419,0.0
2013-12-01,Silver,with_cells,abstain,5,,False,0,0.04497477,0.0
2014-01-01,Silver,with_cells,abstain,5,,False,0,-0.03527712,0.0
2014-02-01,Silver,with_cells,abstain,5,,False,0,0.10619423,0.0
2014-03-01,Silver,with_cells,abstain,5,,False,0,-0.08294477,0.0
2014-04-01,Silver,with_cells,abstain,13,,False,0,-0.03457218,0.0
2014-05-01,Silver,with_cells,pulled,16,,True,1,-0.01474541,-0.01474541
2014-06-01,Silver,with_cells,pulled,16,,True,1,0.12603559,0.12603559
2014-07-01,Silver,with_cells,pulled,16,,True,1,-0.03488863,-0.03488863
2014-08-01,Silver,with_cells,pulled,16,,True,1,-0.06202054,-0.06202054
2014-09-01,Silver,with_cells,abstain,15,,False,0,-0.09758272,0.0
2014-10-01,Silver,with_cells,emitted,21,tier4,False,0,-0.06013945,0.0
2014-11-01,Silver,with_cells,emitted,24,tier2,False,0,0.02924275,0.0
2014-12-01,Silver,with_cells,emitted,24,tier2,False,0,-0.05490152,0.0
2015-01-01,Silver,with_cells,emitted,24,tier2,False,0,0.09539852,0.0
2015-02-01,Silver,with_cells,abstain,21,tier2,False,0,-0.04804183,0.0
2015-03-01,Silver,with_cells,emitted,21,tier2,False,0,0.03882496,0.0
2015-04-01,Silver,with_cells,emitted,21,tier2,False,0,-0.0547407,0.0
2015-05-01,Silver,with_cells,abstain,13,,False,0,0.03432434,0.0
2015-06-01,Silver,with_cells,emitted,10,tier4,False,0,-0.06673065,0.0
2015-07-01,Silver,with_cells,abstain,10,tier2,False,0,-0.06661524,0.0
2015-08-01,Silver,with_cells,emitted,10,tier4,False,0,0.00668229,0.0
2015-09-01,Silver,with_cells,abstain,10,tier4,False,0,-0.00732227,0.0
2015-10-01,Silver,with_cells,abstain,2,,False,0,0.06252589,0.0
2015-11-01,Silver,with_cells,abstain,2,,False,0,-0.08810743,0.0
2015-12-01,Silver,with_cells,abstain,2,,False,0,-0.01693347,0.0
2016-01-01,Silver,with_cells,abstain,2,,False,0,0.03705581,0.0
2016-02-01,Silver,with_cells,pulled,18,,True,1,0.02819452,0.02819452
2016-03-01,Silver,with_cells,pulled,18,,True,1,0.02097333,0.02097333
2016-04-01,Silver,with_cells,pulled,18,,True,1,0.17378011,0.17378011
2016-05-01,Silver,with_cells,abstain,9,,False,0,-0.09911645,0.0
2016-06-01,Silver,with_cells,pulled,18,,True,1,0.22871875,0.22871875
2016-07-01,Silver,with_cells,pulled,18,,True,1,0.04712441,0.04712441
2016-08-01,Silver,with_cells,pulled,18,,True,1,-0.07857316,-0.07857316
2016-09-01,Silver,with_cells,emitted,21,tier4,False,0,-0.00328792,0.0
2016-10-01,Silver,with_cells,abstain,12,,False,0,-0.0218143,0.0
2016-11-01,Silver,with_cells,abstain,5,,False,0,-0.10649987,0.0
2016-12-01,Silver,with_cells,abstain,5,,False,0,-0.0043221,0.0
2017-01-01,Silver,with_cells,abstain,5,,False,0,0.06505253,0.0
2017-02-01,Silver,with_cells,abstain,5,,False,0,0.05872564,0.0
2017-03-01,Silver,with_cells,abstain,5,,False,0,-0.01366376,0.0
2017-04-01,Silver,with_cells,abstain,5,,False,0,-0.07756579,0.0
2017-05-01,Silver,with_cells,abstain,5,,False,0,0.02759233,0.0
2017-06-01,Silver,with_cells,abstain,5,,False,0,-0.06994139,0.0
2017-07-01,Silver,with_cells,abstain,5,,False,0,0.04308786,0.0
2017-08-01,Silver,with_cells,emitted,13,tier2,False,0,0.05924194,0.0
2017-09-01,Silver,with_cells,abstain,13,,False,0,-0.06399914,0.0
2017-10-01,Silver,with_cells,abstain,13,,False,0,0.03298167,0.0
2017-11-01,Silver,with_cells,abstain,13,,False,0,-0.04873915,0.0
2017-12-01,Silver,with_cells,pulled,16,,True,1,0.05056141,0.05056141
2018-01-01,Silver,with_cells,pulled,8,,True,-1,-0.00017524,0.00017524
2018-02-01,Silver,with_cells,pulled,8,,True,-1,-0.05362772,0.05362772
2018-03-01,Silver,with_cells,abstain,5,,False,0,0.02635803,0.0
2018-04-01,Silver,with_cells,abstain,5,,False,0,-0.03536424,0.0
2018-05-01,Silver,with_cells,abstain,5,,False,0,0.02175952,0.0
2018-06-01,Silver,with_cells,pulled,8,,True,-1,-0.03929705,0.03929705
2018-07-01,Silver,with_cells,pulled,8,,True,-1,-0.02223071,0.02223071
2018-08-01,Silver,with_cells,pulled,8,,True,-1,-0.08659219,0.08659219
2018-09-01,Silver,with_cells,pulled,8,,True,-1,0.02567385,-0.02567385
2018-10-01,Silver,with_cells,pulled,8,,True,-1,0.02128693,-0.02128693
2018-11-01,Silver,with_cells,abstain,7,,False,0,-0.02362689,0.0
2018-12-01,Silver,with_cells,pulled,16,,True,1,0.08073154,0.08073154
2019-01-01,Silver,with_cells,pulled,16,,True,1,0.02174754,0.02174754
2019-02-01,Silver,with_cells,abstain,13,,False,0,-0.04477333,0.0
2019-03-01,Silver,with_cells,abstain,12,,False,0,-0.00777903,0.0
2019-04-01,Silver,with_cells,abstain,12,,False,0,-0.0269749,0.0
2019-05-01,Silver,with_cells,emitted,21,tier4,False,0,0.00396037,0.0
2019-06-01,Silver,with_cells,emitted,21,tier4,False,0,0.02740936,0.0
2019-07-01,Silver,with_cells,pulled,18,,True,1,0.06719187,0.06719187
2019-08-01,Silver,with_cells,pulled,18,,True,1,0.18348738,0.18348738
2019-09-01,Silver,with_cells,pulled,18,,True,1,-0.09838046,-0.09838046
2019-10-01,Silver,with_cells,pulled,18,,True,1,0.04662249,0.04662249
2019-11-01,Silver,with_cells,pulled,18,,True,1,-0.06487443,-0.06487443
2019-12-01,Silver,with_cells,pulled,18,,True,1,0.06711803,0.06711803
2020-01-01,Silver,with_cells,emitted,21,tier2,False,0,-0.0181454,0.0
2020-02-01,Silver,with_cells,emitted,21,tier4,False,0,-0.05447838,0.0
2020-03-01,Silver,with_cells,emitted,21,tier4,False,0,-0.16505792,0.0
2020-04-01,Silver,with_cells,emitted,21,tier4,False,0,0.06728424,0.0
2020-05-01,Silver,with_cells,pulled,18,,True,1,0.26273294,0.26273294
2020-06-01,Silver,with_cells,pulled,18,,True,1,-0.0338342,-0.0338342
2020-07-01,Silver,with_cells,pulled,18,,True,1,0.3450615,0.3450615
2020-08-01,Silver,with_cells,pulled,18,,True,1,0.16793771,0.16793771
2020-09-01,Silver,with_cells,pulled,18,,True,1,-0.15070558,-0.15070558
2020-10-01,Silver,with_cells,pulled,18,,True,1,-0.00772952,-0.00772952
2020-11-01,Silver,with_cells,pulled,18,,True,1,0.00112474,0.00112474
2020-12-01,Silver,with_cells,abstain,1,,False,0,0.13527231,0.0
2021-01-01,Silver,with_cells,abstain,2,,False,0,0.07748132,0.0
2021-02-01,Silver,with_cells,abstain,5,,False,0,-0.09357784,0.0
2021-03-01,Silver,with_cells,pulled,8,,True,-1,-0.06424738,0.06424738
2021-04-01,Silver,with_cells,pulled,8,,True,-1,0.08052943,-0.08052943
2021-05-01,Silver,with_cells,pulled,8,,True,-1,0.04231152,-0.04231152
2021-06-01,Silver,with_cells,pulled,8,,True,-1,-0.07150231,0.07150231
2021-07-01,Silver,with_cells,pulled,8,,True,-1,-0.01986583,0.01986583
2021-08-01,Silver,with_cells,pulled,8,,True,-1,-0.05399692,0.05399692
2021-09-01,Silver,with_cells,pulled,8,,True,-1,-0.06894982,0.06894982
2021-10-01,Silver,with_cells,pulled,8,,True,-1,0.06903594,-0.06903594
2021-11-01,Silver,with_cells,abstain,5,tier3,False,0,-0.07334605,0.0
2021-12-01,Silver,with_cells,abstain,13,,False,0,0.02201898,0.0
2022-01-01,Silver,with_cells,pulled,16,,True,1,-0.00851252,-0.00851252
2022-02-01,Silver,with_cells,abstain,5,tier4,False,0,0.130023,0.0
2022-03-01,Silver,with_cells,abstain,5,tier4,False,0,-0.03493382,0.0
2022-04-01,Silver,with_cells,abstain,5,tier4,False,0,-0.08513918,0.0
2022-05-01,Silver,with_cells,abstain,5,,False,0,-0.02927607,0.0
2022-06-01,Silver,with_cells,abstain,5,,False,0,-0.1045056,0.0
2022-07-01,Silver,with_cells,abstain,5,,False,0,0.03699548,0.0
2022-08-01,Silver,with_cells,emitted,5,tier1,False,0,-0.13635468,0.0
2022-09-01,Silver,with_cells,abstain,5,,False,0,0.16910708,0.0
2022-10-01,Silver,with_cells,abstain,5,,False,0,-0.04123002,0.0
2022-11-01,Silver,with_cells,abstain,5,,False,0,0.15066328,0.0
2022-12-01,Silver,with_cells,abstain,5,,False,0,0.06281755,0.0
2023-01-01,Silver,with_cells,abstain,5,,False,0,-0.0223617,0.0
2023-02-01,Silver,with_cells,abstain,2,,False,0,-0.10892395,0.0
2023-03-01,Silver,with_cells,abstain,4,,False,0,0.1422778,0.0
2023-04-01,Silver,with_cells,abstain,4,,False,0,0.0446097,0.0
2023-05-01,Silver,with_cells,emitted,5,tier2,False,0,-0.04534371,0.0
2023-06-01,Silver,with_cells,abstain,13,,False,0,-0.04100524,0.0
2023-07-01,Silver,with_cells,abstain,13,,False,0,0.0573026,0.0
2023-08-01,Silver,with_cells,abstain,13,,False,0,0.00099141,0.0
2023-09-01,Silver,with_cells,abstain,4,,False,0,-0.12438098,0.0
2023-10-01,Silver,with_cells,emitted,5,tier2,False,0,0.06913936,0.0
2023-11-01,Silver,with_cells,abstain,4,,False,0,0.12404678,0.0
2023-12-01,Silver,with_cells,abstain,13,,False,0,-0.06925765,0.0
2024-01-01,Silver,with_cells,abstain,4,,False,0,-0.02540769,0.0
2024-02-01,Silver,with_cells,emitted,4,tier4,False,0,0.0008647,0.0
2024-03-01,Silver,with_cells,abstain,1,,False,0,0.0779266,0.0
2024-04-01,Silver,with_cells,emitted,4,tier4,False,0,0.06151318,0.0
2024-05-01,Silver,with_cells,abstain,13,,False,0,0.15674432,0.0
2024-06-01,Silver,with_cells,abstain,13,,False,0,-0.04376494,0.0
2024-07-01,Silver,with_cells,abstain,13,,False,0,-0.03307167,0.0
2024-08-01,Silver,with_cells,abstain,12,,False,0,-0.01341284,0.0
2024-09-01,Silver,with_cells,abstain,13,,False,0,0.12500445,0.0
2024-10-01,Silver,with_cells,abstain,13,,False,0,0.03488631,0.0
2024-11-01,Silver,with_cells,abstain,13,,False,0,-0.0643169,0.0
2024-12-01,Silver,with_cells,abstain,13,,False,0,-0.02716016,0.0
2025-01-01,Silver,with_cells,abstain,13,,False,0,0.09351153,0.0
2025-02-01,Silver,with_cells,abstain,13,,False,0,-0.01111376,0.0
2025-03-01,Silver,with_cells,abstain,13,,False,0,0.06637111,0.0
2025-04-01,Silver,with_cells,abstain,13,,False,0,-0.05764394,0.0
2025-05-01,Silver,with_cells,emitted,4,tier4,False,0,0.07375192,0.0
2025-06-01,Silver,with_cells,emitted,4,tier4,False,0,0.04394876,0.0
2025-07-01,Silver,with_cells,abstain,13,,False,0,0.01953877,0.0
2025-08-01,Silver,with_cells,abstain,13,,False,0,0.1164542,0.0
2025-09-01,Silver,with_cells,pulled,16,,True,1,0.15142076,0.15142076
2025-10-01,Silver,with_cells,pulled,16,,True,1,0.01264537,0.01264537
2025-11-01,Silver,with_cells,abstain,13,,False,0,0.21988804,0.0
2025-12-01,Silver,with_cells,abstain,13,,False,0,0.20777844,0.0
2026-01-01,Silver,with_cells,abstain,13,,False,0,0.08818527,0.0
2026-02-01,Silver,with_cells,abstain,13,,False,0,0.14986059,0.0
2026-03-01,Silver,with_cells,abstain,13,,False,0,-0.14064837,0.0
2026-04-01,Silver,with_cells,abstain,13,,False,0,0.0011072,0.0
2026-05-01,Silver,with_cells,abstain,13,,False,0,-0.01242897,0.0
2026-06-01,Silver,with_cells,abstain,13,,False,0,-0.19894148,0.0
2026-07-01,Silver,with_cells,abstain,13,,False,0,0.08562877,0.0
2026-08-01,Silver,with_cells,emitted,4,tier2,False,0,,0.0
1990-01-01,WTI,with_cells,abstain,-1,,False,0,-0.00743007,0.0
1990-02-01,WTI,with_cells,abstain,-1,,False,0,-0.06693087,0.0
1990-03-01,WTI,with_cells,abstain,-1,,False,0,-0.03209061,0.0
1990-04-01,WTI,with_cells,abstain,-1,,False,0,-0.08532423,0.0
1990-05-01,WTI,with_cells,abstain,-1,,False,0,-0.06663113,0.0
1990-06-01,WTI,with_cells,abstain,-1,,False,0,-0.03255283,0.0
1990-07-01,WTI,with_cells,abstain,-1,,False,0,0.27449823,0.0
1990-08-01,WTI,with_cells,abstain,-1,,False,0,0.27142195,0.0
1990-09-01,WTI,with_cells,abstain,-1,,False,0,0.35081967,0.0
1990-10-01,WTI,with_cells,abstain,-1,,False,0,-0.04800431,0.0
1990-11-01,WTI,with_cells,abstain,-1,,False,0,-0.16713881,0.0
1990-12-01,WTI,with_cells,abstain,-1,,False,0,-0.09761905,0.0
1991-01-01,WTI,with_cells,abstain,-1,,False,0,-0.19600452,0.0
1991-02-01,WTI,with_cells,abstain,-1,,False,0,-0.08907642,0.0
1991-03-01,WTI,with_cells,abstain,-1,,False,0,-0.00772002,0.0
1991-04-01,WTI,with_cells,abstain,-1,,False,0,0.10373444,0.0
1991-05-01,WTI,with_cells,abstain,-1,,False,0,-0.0056391,0.0
1991-06-01,WTI,with_cells,abstain,13,,False,0,-0.01795841,0.0
1991-07-01,WTI,with_cells,abstain,13,,False,0,0.02646776,0.0
1991-08-01,WTI,with_cells,abstain,1,,False,0,0.04453821,0.0
1991-09-01,WTI,with_cells,abstain,0,,False,0,-0.00807899,0.0
1991-10-01,WTI,with_cells,abstain,0,,False,0,0.07918552,0.0
1991-11-01,WTI,with_cells,abstain,9,,False,0,-0.11530398,0.0
1991-12-01,WTI,with_cells,abstain,9,,False,0,-0.07914692,0.0
1992-01-01,WTI,with_cells,abstain,18,,False,0,-0.02367473,0.0
1992-02-01,WTI,with_cells,abstain,18,,False,0,-0.03215604,0.0
1992-03-01,WTI,with_cells,pulled,24,,True,1,0.08115468,0.08115468
1992-04-01,WTI,with_cells,pulled,24,,True,1,0.05188917,0.05188917
1992-05-01,WTI,with_cells,abstain,22,,False,0,0.05699234,0.0
1992-06-01,WTI,with_cells,abstain,1,,False,0,-0.00770276,0.0
1992-07-01,WTI,with_cells,abstain,0,,False,0,-0.01369863,0.0
1992-08-01,WTI,with_cells,abstain,0,,False,0,0.00555556,0.0
1992-09-01,WTI,with_cells,abstain,0,,False,0,0.00506446,0.0
1992-10-01,WTI,with_cells,abstain,10,,False,0,-0.04855703,0.0
1992-11-01,WTI,with_cells,pulled,25,,True,-1,-0.0582571,0.0582571
1992-12-01,WTI,with_cells,pulled,24,,True,1,-0.02709611,-0.02709611
1993-01-01,WTI,with_cells,pulled,25,,True,-1,0.0677877,-0.0677877
1993-02-01,WTI,with_cells,abstain,1,,False,0,0.01476378,0.0
1993-03-01,WTI,with_cells,abstain,2,,False,0,-0.00387973,0.0
1993-04-01,WTI,with_cells,abstain,1,,False,0,0.00194742,0.0
1993-05-01,WTI,with_cells,abstain,13,tier4,False,0,-0.01846453,0.0
1993-06-01,WTI,with_cells,pulled,25,,True,-1,-0.08712871,0.08712871
1993-07-01,WTI,with_cells,abstain,17,,False,0,-0.02928416,0.0
1993-08-01,WTI,with_cells,emitted,13,tier4,False,0,0.00111732,0.0
1993-09-01,WTI,with_cells,abstain,2,,False,0,0.03962054,0.0
1993-10-01,WTI,with_cells,emitted,13,tier4,False,0,-0.06065486,0.0
1993-11-01,WTI,with_cells,abstain,16,,False,0,-0.11714286,0.0
1993-12-01,WTI,with_cells,pulled,25,,True,-1,-0.06019417,0.06019417
1994-01-01,WTI,with_cells,abstain,17,,False,0,0.09573003,0.0
1994-02-01,WTI,with_cells,abstain,17,,False,0,-0.07102451,0.0
1994-03-01,WTI,with_cells,abstain,17,,False,0,0.06021651,0.0
1994-04-01,WTI,with_cells,abstain,26,,False,0,0.09636248,0.0
1994-05-01,WTI,with_cells,abstain,26,,False,0,0.06461001,0.0
1994-06-01,WTI,with_cells,abstain,8,,False,0,0.06724986,0.0
1994-07-01,WTI,with_cells,abstain,8,,False,0,0.05788934,0.0
1994-08-01,WTI,with_cells,abstain,5,,False,0,-0.15399516,0.0
1994-09-01,WTI,with_cells,abstain,8,,False,0,0.03949628,0.0
1994-10-01,WTI,with_cells,abstain,17,,False,0,0.02753304,0.0
1994-11-01,WTI,with_cells,abstain,17,,False,0,-0.04769561,0.0
1994-12-01,WTI,with_cells,abstain,17,,False,0,-0.01800788,0.0
1995-01-01,WTI,with_cells,abstain,8,,False,0,0.05902579,0.0
1995-02-01,WTI,with_cells,abstain,5,,False,0,-0.00919913,0.0
1995-03-01,WTI,with_cells,abstain,2,,False,0,0.04041507,0.0
1995-04-01,WTI,with_cells,abstain,2,,False,0,0.07769029,0.0
1995-05-01,WTI,with_cells,abstain,1,,False,0,-0.0798831,0.0
1995-06-01,WTI,with_cells,abstain,1,,False,0,-0.08258338,0.0
1995-07-01,WTI,with_cells,abstain,1,,False,0,0.01500289,0.0
1995-08-01,WTI,with_cells,emitted,13,tier4,False,0,0.02785674,0.0
1995-09-01,WTI,with_cells,abstain,22,,False,0,-0.02267699,0.0
1995-10-01,WTI,with_cells,emitted,13,tier4,False,0,0.00396152,0.0
1995-11-01,WTI,with_cells,abstain,1,tier4,False,0,0.03889515,0.0
1995-12-01,WTI,with_cells,abstain,1,tier4,False,0,0.0759631,0.0
1996-01-01,WTI,with_cells,abstain,1,tier4,False,0,-0.11094302,0.0
1996-02-01,WTI,with_cells,abstain,9,,False,0,0.10323313,0.0
1996-03-01,WTI,with_cells,pulled,25,,True,-1,0.14601542,-0.14601542
1996-04-01,WTI,with_cells,pulled,24,,True,1,-0.06639749,-0.06639749
1996-05-01,WTI,with_cells,pulled,25,,True,-1,-0.04565113,0.04565113
1996-06-01,WTI,with_cells,pulled,25,,True,-1,0.081571,-0.081571
1996-07-01,WTI,with_cells,abstain,16,,False,0,-0.02467412,0.0
1996-08-01,WTI,with_cells,emitted,13,tier2,False,0,0.11455847,0.0
1996-09-01,WTI,with_cells,emitted,13,tier2,False,0,0.04282655,0.0
1996-10-01,WTI,with_cells,abstain,10,,False,0,-0.05544148,0.0
1996-11-01,WTI,with_cells,abstain,1,tier2,False,0,0.07391304,0.0
1996-12-01,WTI,with_cells,abstain,1,tier4,False,0,0.03441296,0.0
1997-01-01,WTI,with_cells,emitted,13,tier2,False,0,-0.05283757,0.0
1997-02-01,WTI,with_cells,abstain,22,,False,0,-0.16322314,0.0
1997-03-01,WTI,with_cells,pulled,25,,True,-1,0.00246914,-0.00246914
1997-04-01,WTI,with_cells,emitted,17,tier4,False,0,-0.01970443,0.0
1997-05-01,WTI,with_cells,emitted,17,tier4,False,0,0.06281407,0.0
1997-06-01,WTI,with_cells,abstain,4,,False,0,-0.04917258,0.0
1997-07-01,WTI,with_cells,emitted,1,tier2,False,0,0.00795624,0.0
1997-08-01,WTI,with_cells,emitted,1,tier2,False,0,-0.02664036,0.0
1997-09-01,WTI,with_cells,emitted,13,tier2,False,0,0.06538267,0.0
1997-10-01,WTI,with_cells,emitted,13,tier2,False,0,-0.00523311,0.0
1997-11-01,WTI,with_cells,emitted,13,tier2,False,0,-0.10282162,0.0
1997-12-01,WTI,with_cells,emitted,13,tier2,False,0,-0.07196162,0.0
1998-01-01,WTI,with_cells,emitted,1,tier4,False,0,-0.01952901,0.0
1998-02-01,WTI,with_cells,abstain,4,,False,0,-0.10251904,0.0
1998-03-01,WTI,with_cells,emitted,13,tier2,False,0,0.02415144,0.0
1998-04-01,WTI,with_cells,abstain,22,,False,0,0.03569152,0.0
1998-05-01,WTI,with_cells,emitted,13,tier2,False,0,-0.07753846,0.0
1998-06-01,WTI,with_cells,emitted,13,tier2,False,0,-0.03468979,0.0
1998-07-01,WTI,with_cells,emitted,13,tier2,False,0,-0.03731859,0.0
1998-08-01,WTI,with_cells,emitted,1,tier2,False,0,-0.02225413,0.0
1998-09-01,WTI,with_cells,emitted,1,tier2,False,0,0.13950073,0.0
1998-10-01,WTI,with_cells,abstain,0,,False,0,-0.0689433,0.0
1998-11-01,WTI,with_cells,abstain,9,,False,0,-0.2200692,0.0
1998-12-01,WTI,with_cells,abstain,21,,False,0,0.10204082,0.0
1999-01-01,WTI,with_cells,pulled,24,,True,1,-0.00483092,-0.00483092
1999-02-01,WTI,with_cells,pulled,25,,True,1,-0.00647249,-0.00647249
1999-03-01,WTI,with_cells,pulled,25,,True,1,0.35586319,0.35586319
1999-04-01,WTI,with_cells,pulled,25,,True,1,0.13093093,0.13093093
1999-05-01,WTI,with_cells,pulled,25,,True,1,-0.133829,-0.133829
1999-06-01,WTI,with_cells,pulled,25,,True,1,0.1888412,0.1888412
1999-07-01,WTI,with_cells,abstain,26,,False,0,0.05518308,0.0
1999-08-01,WTI,with_cells,emitted,17,tier4,False,0,0.06500489,0.0
1999-09-01,WTI,with_cells,abstain,5,,False,0,0.1248279,0.0
1999-10-01,WTI,with_cells,emitted,17,tier4,False,0,-0.08445532,0.0
1999-11-01,WTI,with_cells,abstain,14,,False,0,0.11452763,0.0
1999-12-01,WTI,with_cells,pulled,25,,True,1,0.0219912,0.0219912
2000-01-01,WTI,with_cells,emitted,17,tier2,True,1,0.10641628,0.10641628
2000-02-01,WTI,with_cells,abstain,26,,False,0,0.12128713,0.0
2000-03-01,WTI,with_cells,emitted,17,tier2,True,1,-0.17123936,-0.17123936
2000-04-01,WTI,with_cells,abstain,5,,False,0,-0.01674277,0.0
2000-05-01,WTI,with_cells,abstain,5,,False,0,0.16834365,0.0
2000-06-01,WTI,with_cells,abstain,5,,False,0,0.01888042,0.0
2000-07-01,WTI,with_cells,abstain,5,,False,0,0.04193756,0.0
2000-08-01,WTI,with_cells,emitted,1,tier4,False,0,0.04149772,0.0
2000-09-01,WTI,with_cells,emitted,1,tier4,False,0,-0.0368484,0.0
2000-10-01,WTI,with_cells,emitted,1,tier4,False,0,0.03265938,0.0
2000-11-01,WTI,with_cells,emitted,1,tier4,False,0,-0.0346386,0.0
2000-12-01,WTI,with_cells,emitted,1,tier4,False,0,-0.15132601,0.0
2001-01-01,WTI,with_cells,abstain,0,,False,0,0.09558818,0.0
2001-02-01,WTI,with_cells,abstain,0,,False,0,-0.07214764,0.0
2001-03-01,WTI,with_cells,emitted,9,tier4,False,0,-0.07450269,0.0
2001-04-01,WTI,with_cells,abstain,18,,False,0,0.13091053,0.0
2001-05-01,WTI,with_cells,abstain,18,,False,0,-0.0348998,0.0
2001-06-01,WTI,with_cells,abstain,18,,False,0,-0.0708915,0.0
2001-07-01,WTI,with_cells,abstain,21,,False,0,0.03159922,0.0
2001-08-01,WTI,with_cells,abstain,9,tier4,False,0,0.00597683,0.0
2001-09-01,WTI,with_cells,abstain,9,tier4,False,0,-0.13553656,0.0
2001-10-01,WTI,with_cells,abstain,9,tier4,False,0,-0.12414095,0.0
2001-11-01,WTI,with_cells,abstain,18,,False,0,-0.01471306,0.0
2001-12-01,WTI,with_cells,abstain,21,,False,0,0.04579393,0.0
2002-01-01,WTI,with_cells,pulled,24,,True,1,-0.02903382,-0.02903382
2002-02-01,WTI,with_cells,pulled,24,,True,1,0.09607848,0.09607848
2002-03-01,WTI,with_cells,pulled,25,,True,1,0.20125223,0.20125223
2002-04-01,WTI,with_cells,pulled,25,,True,1,-0.00446764,-0.00446764
2002-05-01,WTI,with_cells,pulled,25,,True,1,-0.06095734,-0.06095734
2002-06-01,WTI,with_cells,emitted,1,tier4,False,0,0.06770206,0.0
2002-07-01,WTI,with_cells,emitted,1,tier4,False,0,-0.01268184,0.0
2002-08-01,WTI,with_cells,emitted,1,tier2,False,0,0.04986784,0.0
2002-09-01,WTI,with_cells,emitted,1,tier2,False,0,0.10939183,0.0
2002-10-01,WTI,with_cells,emitted,1,tier2,False,0,-0.120013,0.0
2002-11-01,WTI,with_cells,abstain,18,,False,0,0.00405457,0.0
2002-12-01,WTI,with_cells,abstain,18,,False,0,0.16923644,0.0
2003-01-01,WTI,with_cells,abstain,18,,False,0,0.02857136,0.0
2003-02-01,WTI,with_cells,abstain,1,,False,0,0.09523818,0.0
2003-03-01,WTI,with_cells,abstain,1,,False,0,-0.17001115,0.0
2003-04-01,WTI,with_cells,abstain,4,tier4,False,0,-0.12592344,0.0
2003-05-01,WTI,with_cells,emitted,1,tier2,False,0,0.17979248,0.0
2003-06-01,WTI,with_cells,emitted,1,tier2,False,0,-0.01009441,0.0
2003-07-01,WTI,with_cells,abstain,18,,False,0,0.06282901,0.0
2003-08-01,WTI,with_cells,pulled,24,,True,1,-0.08975554,-0.08975554
2003-09-01,WTI,with_cells,pulled,24,,True,1,-0.00068006,-0.00068006
2003-10-01,WTI,with_cells,pulled,25,,True,1,-0.01667233,-0.01667233
2003-11-01,WTI,with_cells,emitted,13,tier1,False,0,0.03633222,0.0
2003-12-01,WTI,with_cells,pulled,25,,True,1,0.12787973,0.12787973
2004-01-01,WTI,with_cells,emitted,13,tier2,False,0,0.035524,0.0
2004-02-01,WTI,with_cells,abstain,1,tier4,False,0,0.05374503,0.0
2004-03-01,WTI,with_cells,abstain,1,tier4,False,0,-0.07026587,0.0
2004-04-01,WTI,with_cells,pulled,25,,True,1,0.11496932,0.11496932
2004-05-01,WTI,with_cells,pulled,25,,True,1,0.10782525,0.10782525
2004-06-01,WTI,with_cells,pulled,25,,True,1,-0.08480983,-0.08480983
2004-07-01,WTI,with_cells,emitted,17,tier2,True,1,0.13113056,0.13113056
2004-08-01,WTI,with_cells,abstain,5,,False,0,0.00410772,0.0
2004-09-01,WTI,with_cells,abstain,2,,False,0,0.13909088,0.0
2004-10-01,WTI,with_cells,abstain,5,,False,0,0.00019956,0.0
2004-11-01,WTI,with_cells,abstain,8,,False,0,-0.09255933,0.0
2004-12-01,WTI,with_cells,abstain,8,,False,0,-0.07408227,0.0
2005-01-01,WTI,with_cells,emitted,17,tier2,True,1,0.11870846,0.11870846
2005-02-01,WTI,with_cells,abstain,8,,False,0,0.09677422,0.0
2005-03-01,WTI,with_cells,emitted,17,tier2,True,1,0.10816564,0.10816564
2005-04-01,WTI,with_cells,abstain,8,,False,0,-0.11087833,0.0
2005-05-01,WTI,with_cells,abstain,8,,False,0,0.07227024,0.0
2005-06-01,WTI,with_cells,abstain,5,,False,0,0.07600736,0.0
2005-07-01,WTI,with_cells,abstain,5,,False,0,0.04799999,0.0
2005-08-01,WTI,with_cells,emitted,17,tier2,True,1,0.12830927,0.12830927
2005-09-01,WTI,with_cells,abstain,8,,False,0,-0.05757881,0.0
2005-10-01,WTI,with_cells,emitted,17,tier2,True,1,-0.08584088,-0.08584088
2005-11-01,WTI,with_cells,emitted,17,tier2,True,1,-0.0230576,-0.0230576
2005-12-01,WTI,with_cells,emitted,17,tier2,True,1,0.07986999,0.07986999
2006-01-01,WTI,with_cells,abstain,5,,False,0,0.05416532,0.0
2006-02-01,WTI,with_cells,abstain,14,,False,0,-0.06896028,0.0
2006-03-01,WTI,with_cells,emitted,17,tier2,True,1,0.07697267,0.07697267
2006-04-01,WTI,with_cells,emitted,17,tier2,True,1,0.10428528,0.10428528
2006-05-01,WTI,with_cells,abstain,14,,False,0,-0.04559024,0.0
2006-06-01,WTI,with_cells,emitted,17,tier2,True,1,0.0689509,0.0689509
2006-07-01,WTI,with_cells,abstain,14,,False,0,-0.00372388,0.0
2006-08-01,WTI,with_cells,abstain,4,,False,0,-0.07635831,0.0
2006-09-01,WTI,with_cells,abstain,1,,False,0,-0.11793617,0.0
2006-10-01,WTI,with_cells,emitted,13,tier2,False,0,-0.03801409,0.0
2006-11-01,WTI,with_cells,emitted,13,tier2,False,0,0.08039518,0.0
2006-12-01,WTI,with_cells,emitted,13,tier2,False,0,-0.03752169,0.0
2007-01-01,WTI,with_cells,emitted,13,tier2,False,0,-0.06142506,0.0
2007-02-01,WTI,with_cells,emitted,13,tier2,False,0,0.08202445,0.0
2007-03-01,WTI,with_cells,emitted,13,tier2,False,0,0.06354843,0.0
2007-04-01,WTI,with_cells,emitted,13,tier4,False,0,-0.02335458,0.0
2007-05-01,WTI,with_cells,abstain,13,,False,0,0.01055901,0.0
2007-06-01,WTI,with_cells,pulled,25,,True,1,0.09234779,0.09234779
2007-07-01,WTI,with_cells,emitted,13,tier4,False,0,0.07652276,0.0
2007-08-01,WTI,with_cells,abstain,10,,False,0,-0.01894678,0.0
2007-09-01,WTI,with_cells,abstain,1,,False,0,0.06872664,0.0
2007-10-01,WTI,with_cells,abstain,0,,False,0,0.16512962,0.0
2007-11-01,WTI,with_cells,abstain,0,,False,0,-0.04471067,0.0
2007-12-01,WTI,with_cells,abstain,0,,False,0,0.11544066,0.0
2008-01-01,WTI,with_cells,abstain,0,,False,0,-0.10700666,0.0
2008-02-01,WTI,with_cells,abstain,0,,False,0,0.15164116,0.0
2008-03-01,WTI,with_cells,abstain,0,,False,0,-0.0143484,0.0
2008-04-01,WTI,with_cells,abstain,18,,False,0,0.11427999,0.0
2008-05-01,WTI,with_cells,pulled,24,,True,1,0.13544264,0.13544264
2008-06-01,WTI,with_cells,pulled,24,,True,1,0.10339699,0.10339699
2008-07-01,WTI,with_cells,pulled,24,,True,1,-0.11257716,-0.11257716
2008-08-01,WTI,with_cells,abstain,13,,False,0,-0.12302158,0.0
2008-09-01,WTI,with_cells,abstain,0,,False,0,-0.10190503,0.0
2008-10-01,WTI,with_cells,abstain,18,,False,0,-0.35136506,0.0
2008-11-01,WTI,with_cells,abstain,18,,False,0,-0.22891568,0.0
2008-12-01,WTI,with_cells,abstain,18,,False,0,-0.05965906,0.0
2009-01-01,WTI,with_cells,abstain,18,tier4,False,0,-0.13508844,0.0
2009-02-01,WTI,with_cells,abstain,18,,False,0,0.0017465,0.0
2009-03-01,WTI,with_cells,abstain,17,,False,0,0.20523033,0.0
2009-04-01,WTI,with_cells,abstain,16,,False,0,0.09940073,0.0
2009-05-01,WTI,with_cells,abstain,12,,False,0,0.28909776,0.0
2009-06-01,WTI,with_cells,abstain,17,,False,0,0.01064444,0.0
2009-07-01,WTI,with_cells,abstain,17,,False,0,0.03275147,0.0
2009-08-01,WTI,with_cells,pulled,24,,True,1,-0.04931543,-0.04931543
2009-09-01,WTI,with_cells,emitted,9,tier2,False,0,0.04070531,0.0
2009-10-01,WTI,with_cells,abstain,21,,False,0,0.1032194,0.0
2009-11-01,WTI,with_cells,emitted,9,tier2,False,0,0.00307187,0.0
2009-12-01,WTI,with_cells,abstain,9,tier4,False,0,0.04006634,0.0
2010-01-01,WTI,with_cells,abstain,13,tier4,False,0,-0.08686053,0.0
2010-02-01,WTI,with_cells,abstain,17,,False,0,0.05736929,0.0
2010-03-01,WTI,with_cells,abstain,8,,False,0,0.07839906,0.0
2010-04-01,WTI,with_cells,abstain,8,,False,0,0.01555319,0.0
2010-05-01,WTI,with_cells,abstain,5,,False,0,-0.15790695,0.0
2010-06-01,WTI,with_cells,abstain,2,,False,0,0.00509776,0.0
2010-07-01,WTI,with_cells,abstain,1,tier4,False,0,0.11501028,0.0
2010-08-01,WTI,with_cells,emitted,1,tier2,False,0,-0.09134489,0.0
2010-09-01,WTI,with_cells,abstain,1,tier4,False,0,0.10377483,0.0
2010-10-01,WTI,with_cells,emitted,1,tier2,False,0,0.01679327,0.0
2010-11-01,WTI,with_cells,emitted,1,tier4,False,0,0.04581077,0.0
2010-12-01,WTI,with_cells,pulled,25,,True,1,0.05533145,0.05533145
2011-01-01,WTI,with_cells,pulled,24,,True,1,-0.00852,-0.00852
2011-02-01,WTI,with_cells,pulled,24,,True,1,0.09760935,0.09760935
2011-03-01,WTI,with_cells,pulled,24,,True,1,0.08340867,0.08340867
2011-04-01,WTI,with_cells,pulled,24,,True,1,0.05169533,0.05169533
2011-05-01,WTI,with_cells,abstain,18,,False,0,-0.11654331,0.0
2011-06-01,WTI,with_cells,abstain,9,tier4,False,0,-0.05334528,0.0
2011-07-01,WTI,with_cells,abstain,0,,False,0,-0.00052668,0.0
2011-08-01,WTI,with_cells,abstain,2,,False,0,-0.06280956,0.0
2011-09-01,WTI,with_cells,abstain,0,,False,0,-0.12729112,0.0
2011-10-01,WTI,with_cells,emitted,1,tier2,False,0,0.18786241,0.0
2011-11-01,WTI,with_cells,pulled,24,,True,1,0.08688572,0.08688572
2011-12-01,WTI,with_cells,pulled,24,,True,1,0.02754493,0.02754493
2012-01-01,WTI,with_cells,abstain,2,,False,0,-0.05196191,0.0
2012-02-01,WTI,with_cells,abstain,17,tier2,False,0,0.11504964,0.0
2012-03-01,WTI,with_cells,abstain,8,,False,0,-0.03316789,0.0
2012-04-01,WTI,with_cells,abstain,8,,False,0,0.00883779,0.0
2012-05-01,WTI,with_cells,abstain,5,,False,0,-0.21599472,0.0
2012-06-01,WTI,with_cells,abstain,2,,False,0,0.00624771,0.0
2012-07-01,WTI,with_cells,abstain,2,,False,0,0.06161198,0.0
2012-08-01,WTI,with_cells,emitted,12,tier2,False,0,0.07187042,0.0
2012-09-01,WTI,with_cells,emitted,9,tier2,False,0,-0.02959076,0.0
2012-10-01,WTI,with_cells,emitted,16,tier2,False,0,-0.05828295,0.0
2012-11-01,WTI,with_cells,abstain,5,,False,0,0.02296475,0.0
2012-12-01,WTI,with_cells,abstain,14,,False,0,0.04523523,0.0
2013-01-01,WTI,with_cells,emitted,12,tier2,False,0,0.0499355,0.0
2013-02-01,WTI,with_cells,abstain,13,,False,0,-0.0725171,0.0
2013-03-01,WTI,with_cells,emitted,12,tier2,False,0,0.07046757,0.0
2013-04-01,WTI,with_cells,emitted,1,tier4,False,0,-0.06222315,0.0
2013-05-01,WTI,with_cells,abstain,21,,False,0,0.02658462,0.0
2013-06-01,WTI,with_cells,pulled,24,,True,1,0.04858214,0.04858214
2013-07-01,WTI,with_cells,pulled,24,,True,1,0.10103074,0.10103074
2013-08-01,WTI,with_cells,pulled,24,,True,1,0.00602467,0.00602467
2013-09-01,WTI,with_cells,pulled,24,,True,1,-0.05988576,-0.05988576
2013-10-01,WTI,with_cells,abstain,13,,False,0,-0.07281458,0.0
2013-11-01,WTI,with_cells,emitted,1,tier2,False,0,-0.00835008,0.0
2013-12-01,WTI,with_cells,abstain,2,,False,0,0.01726714,0.0
2014-01-01,WTI,with_cells,pulled,24,,True,1,0.01037299,0.01037299
2014-02-01,WTI,with_cells,pulled,24,,True,1,0.08804312,0.08804312
2014-03-01,WTI,with_cells,pulled,24,,True,1,-0.04937095,-0.04937095
2014-04-01,WTI,with_cells,abstain,5,,False,0,-0.00320834,0.0
2014-05-01,WTI,with_cells,emitted,17,tier4,False,0,0.03067796,0.0
2014-06-01,WTI,with_cells,emitted,17,tier4,False,0,0.02800815,0.0
2014-07-01,WTI,with_cells,emitted,16,tier2,False,0,-0.0708183,0.0
2014-08-01,WTI,with_cells,emitted,16,tier2,False,0,-0.05108296,0.0
2014-09-01,WTI,with_cells,pulled,25,,True,1,-0.02314808,-0.02314808
2014-10-01,WTI,with_cells,emitted,10,tier2,False,0,-0.13170951,0.0
2014-11-01,WTI,with_cells,emitted,16,tier2,False,0,-0.12414317,0.0
2014-12-01,WTI,with_cells,abstain,8,,False,0,-0.23637683,0.0
2015-01-01,WTI,with_cells,abstain,17,,False,0,-0.05921425,0.0
2015-02-01,WTI,with_cells,abstain,17,,False,0,0.00040348,0.0
2015-03-01,WTI,with_cells,abstain,13,,False,0,0.01008268,0.0
2015-04-01,WTI,with_cells,emitted,14,tier2,False,0,0.18087445,0.0
2015-05-01,WTI,with_cells,emitted,14,tier4,False,0,0.01775147,0.0
2015-06-01,WTI,with_cells,emitted,14,tier4,False,0,-0.05382063,0.0
2015-07-01,WTI,with_cells,abstain,17,,False,0,-0.20698738,0.0
2015-08-01,WTI,with_cells,abstain,17,,False,0,0.0053133,0.0
2015-09-01,WTI,with_cells,abstain,13,,False,0,-0.01475442,0.0
2015-10-01,WTI,with_cells,abstain,13,,False,0,0.03129186,0.0
2015-11-01,WTI,with_cells,pulled,24,,True,1,-0.09297791,-0.09297791
2015-12-01,WTI,with_cells,abstain,8,,False,0,-0.12162486,0.0
2016-01-01,WTI,with_cells,abstain,8,,False,0,-0.13982584,0.0
2016-02-01,WTI,with_cells,abstain,2,,False,0,0.08791906,0.0
2016-03-01,WTI,with_cells,abstain,2,,False,0,0.06947672,0.0
2016-04-01,WTI,with_cells,emitted,1,tier2,False,0,0.21717852,0.0
2016-05-01,WTI,with_cells,emitted,16,tier2,False,0,0.09446181,0.0
2016-06-01,WTI,with_cells,emitted,1,tier4,False,0,-0.00040801,0.0
2016-07-01,WTI,with_cells,emitted,1,tier4,False,0,-0.1822821,0.0
2016-08-01,WTI,with_cells,emitted,1,tier4,False,0,0.07738388,0.0
2016-09-01,WTI,with_cells,abstain,13,,False,0,0.13090828,0.0
2016-10-01,WTI,with_cells,pulled,25,,True,1,-0.04384354,-0.04384354
2016-11-01,WTI,with_cells,pulled,25,,True,1,0.09406478,0.09406478
2016-12-01,WTI,with_cells,emitted,17,tier4,False,0,0.02487271,0.0
2017-01-01,WTI,with_cells,emitted,17,tier4,False,0,0.02961971,0.0
2017-02-01,WTI,with_cells,abstain,8,,False,0,-0.00092797,0.0
2017-03-01,WTI,with_cells,abstain,5,,False,0,-0.06669144,0.0
2017-04-01,WTI,with_cells,abstain,5,,False,0,-0.02786627,0.0
2017-05-01,WTI,with_cells,abstain,5,,False,0,-0.009828,0.0
2017-06-01,WTI,with_cells,abstain,5,,False,0,-0.02667496,0.0
2017-07-01,WTI,with_cells,abstain,8,,False,0,0.04440196,0.0
2017-08-01,WTI,with_cells,abstain,5,tier4,False,0,-0.03803903,0.0
2017-09-01,WTI,with_cells,abstain,13,,False,0,0.06957075,0.0
2017-10-01,WTI,with_cells,abstain,16,,False,0,0.0735468,0.0
2017-11-01,WTI,with_cells,pulled,25,,True,1,0.07476982,0.07476982
2017-12-01,WTI,with_cells,abstain,16,,False,0,0.03444137,0.0
2018-01-01,WTI,with_cells,emitted,17,tier2,True,1,0.08994541,0.08994541
2018-02-01,WTI,with_cells,emitted,17,tier4,False,0,-0.07310032,0.0
2018-03-01,WTI,with_cells,emitted,17,tier4,False,0,0.03312013,0.0
2018-04-01,WTI,with_cells,emitted,17,tier2,True,1,0.06729093,0.06729093
2018-05-01,WTI,with_cells,emitted,17,tier2,True,1,-0.02141268,-0.02141268
2018-06-01,WTI,with_cells,abstain,17,,False,0,0.12353754,0.0
2018-07-01,WTI,with_cells,abstain,13,,False,0,-0.08493371,0.0
2018-08-01,WTI,with_cells,abstain,13,,False,0,0.0326633,0.0
2018-09-01,WTI,with_cells,abstain,13,,False,0,0.07771576,0.0
2018-10-01,WTI,with_cells,abstain,14,,False,0,-0.15418332,0.0
2018-11-01,WTI,with_cells,abstain,14,,False,0,-0.16862927,0.0
2018-12-01,WTI,with_cells,emitted,5,tier2,False,0,-0.1210576,0.0
2019-01-01,WTI,with_cells,emitted,1,tier2,False,0,0.18736565,0.0
2019-02-01,WTI,with_cells,emitted,1,tier2,False,0,0.009772,0.0
2019-03-01,WTI,with_cells,emitted,1,tier2,False,0,0.10376346,0.0
2019-04-01,WTI,with_cells,abstain,13,,False,0,0.03263514,0.0
2019-05-01,WTI,with_cells,abstain,10,,False,0,-0.16273583,0.0
2019-06-01,WTI,with_cells,emitted,1,tier4,False,0,0.10967136,0.0
2019-07-01,WTI,with_cells,emitted,1,tier4,False,0,-0.08698594,0.0
2019-08-01,WTI,with_cells,abstain,0,,False,0,-0.0001854,0.0
2019-09-01,WTI,with_cells,emitted,9,tier2,False,0,-0.00593251,0.0
2019-10-01,WTI,with_cells,emitted,9,tier2,False,0,0.04811641,0.0
2019-11-01,WTI,with_cells,abstain,21,,False,0,-0.00427049,0.0
2019-12-01,WTI,with_cells,abstain,21,,False,0,0.09328094,0.0
2020-01-01,WTI,with_cells,abstain,12,,False,0,-0.18094148,0.0
2020-02-01,WTI,with_cells,emitted,1,tier3,False,0,-0.0670525,0.0
2020-03-01,WTI,with_cells,abstain,0,,False,0,-0.56556151,0.0
2020-04-01,WTI,with_cells,abstain,18,,False,0,-0.02609546,0.0
2020-05-01,WTI,with_cells,abstain,18,,False,0,0.79170867,0.0
2020-06-01,WTI,with_cells,abstain,18,,False,0,0.1235892,0.0
2020-07-01,WTI,with_cells,abstain,2,,False,0,0.02988445,0.0
2020-08-01,WTI,with_cells,abstain,2,,False,0,0.04267252,0.0
2020-09-01,WTI,with_cells,emitted,1,tier3,False,0,-0.09448076,0.0
2020-10-01,WTI,with_cells,abstain,13,,False,0,-0.04932851,0.0
2020-11-01,WTI,with_cells,pulled,25,,True,1,0.21026888,0.21026888
2020-12-01,WTI,with_cells,abstain,13,,False,0,0.06891133,0.0
2021-01-01,WTI,with_cells,emitted,10,tier2,False,0,0.12452752,0.0
2021-02-01,WTI,with_cells,abstain,1,,False,0,0.13239963,0.0
2021-03-01,WTI,with_cells,abstain,21,,False,0,0.01335754,0.0
2021-04-01,WTI,with_cells,pulled,24,,True,1,0.04947107,0.04947107
2021-05-01,WTI,with_cells,pulled,24,,True,1,0.05008534,0.05008534
2021-06-01,WTI,with_cells,abstain,17,,False,0,0.11089784,0.0
2021-07-01,WTI,with_cells,abstain,17,,False,0,-0.05277151,0.0
2021-08-01,WTI,with_cells,abstain,17,,False,0,-0.03746851,0.0
2021-09-01,WTI,with_cells,abstain,16,,False,0,0.10628373,0.0
2021-10-01,WTI,with_cells,pulled,24,,True,1,0.10767009,0.10767009
2021-11-01,WTI,with_cells,pulled,25,,True,1,-0.21986916,-0.21986916
2021-12-01,WTI,with_cells,pulled,25,,True,1,0.16028675,0.16028675
2022-01-01,WTI,with_cells,pulled,25,,True,1,0.15930593,0.15930593
2022-02-01,WTI,with_cells,pulled,25,,True,1,0.17244906,0.17244906
2022-03-01,WTI,with_cells,emitted,17,tier2,True,1,-0.04003488,-0.04003488
2022-04-01,WTI,with_cells,abstain,8,,False,0,0.05943388,0.0
2022-05-01,WTI,with_cells,abstain,8,,False,0,0.09593995,0.0
2022-06-01,WTI,with_cells,abstain,8,,False,0,-0.05925735,0.0
2022-07-01,WTI,with_cells,abstain,8,,False,0,-0.13409574,0.0
2022-08-01,WTI,with_cells,abstain,8,,False,0,-0.07753753,0.0
2022-09-01,WTI,with_cells,abstain,8,,False,0,-0.03440715,0.0
2022-10-01,WTI,with_cells,abstain,8,,False,0,0.05667829,0.0
2022-11-01,WTI,with_cells,abstain,17,,False,0,-0.08090983,0.0
2022-12-01,WTI,with_cells,abstain,5,,False,0,-0.05281951,0.0
2023-01-01,WTI,with_cells,abstain,5,,False,0,-0.00675935,0.0
2023-02-01,WTI,with_cells,abstain,4,,False,0,0.01675172,0.0
2023-03-01,WTI,with_cells,abstain,13,,False,0,0.0351396,0.0
2023-04-01,WTI,with_cells,abstain,13,,False,0,-0.05918919,0.0
2023-05-01,WTI,with_cells,abstain,4,,False,0,-0.07348672,0.0
2023-06-01,WTI,with_cells,abstain,13,,False,0,-0.00442222,0.0
2023-07-01,WTI,with_cells,emitted,16,tier4,False,0,0.16592637,0.0
2023-08-01,WTI,with_cells,emitted,16,tier4,False,0,0.05137029,0.0
2023-09-01,WTI,with_cells,abstain,13,,False,0,0.03822322,0.0
2023-10-01,WTI,with_cells,abstain,13,,False,0,-0.09434809,0.0
2023-11-01,WTI,with_cells,abstain,13,,False,0,-0.07918949,0.0
2023-12-01,WTI,with_cells,emitted,10,tier4,False,0,-0.04981777,0.0
2024-01-01,WTI,with_cells,emitted,10,tier4,False,0,0.04887756,0.0
2024-02-01,WTI,with_cells,abstain,13,,False,0,0.08331078,0.0
2024-03-01,WTI,with_cells,abstain,13,,False,0,0.04676751,0.0
2024-04-01,WTI,with_cells,abstain,13,,False,0,-0.05626567,0.0
2024-05-01,WTI,with_cells,abstain,13,,False,0,-0.06050631,0.0
2024-06-01,WTI,with_cells,abstain,13,,False,0,0.12341681,0.0
2024-07-01,WTI,with_cells,abstain,13,,False,0,-0.08479252,0.0
2024-08-01,WTI,with_cells,abstain,1,,False,0,-0.07823354,0.0
2024-09-01,WTI,with_cells,abstain,1,,False,0,-0.00725042,0.0
2024-10-01,WTI,with_cells,emitted,10,tier4,False,0,-0.00486902,0.0
2024-11-01,WTI,with_cells,abstain,13,,False,0,-0.02000287,0.0
2024-12-01,WTI,with_cells,pulled,25,,True,1,0.07386195,0.07386195
2025-01-01,WTI,with_cells,abstain,13,,False,0,0.00041032,0.0
2025-02-01,WTI,with_cells,abstain,13,,False,0,-0.06547295,0.0
2025-03-01,WTI,with_cells,abstain,13,,False,0,0.04139234,0.0
2025-04-01,WTI,with_cells,emitted,10,tier4,False,0,-0.16797747,0.0
2025-05-01,WTI,with_cells,abstain,13,,False,0,0.05536797,0.0
2025-06-01,WTI,with_cells,abstain,13,,False,0,0.04686495,0.0
2025-07-01,WTI,with_cells,abstain,13,,False,0,0.02872429,0.0
2025-08-01,WTI,with_cells,abstain,13,,False,0,-0.02584294,0.0
2025-09-01,WTI,with_cells,abstain,13,,False,0,-0.05808809,0.0
2025-10-01,WTI,with_cells,abstain,13,,False,0,-0.01181611,0.0
2025-11-01,WTI,with_cells,abstain,13,,False,0,-0.02833742,0.0
2025-12-01,WTI,with_cells,abstain,13,,False,0,-0.03371544,0.0
2026-01-01,WTI,with_cells,abstain,13,,False,0,0.08408932,0.0
2026-02-01,WTI,with_cells,abstain,13,,False,0,0.14628265,0.0
2026-03-01,WTI,with_cells,abstain,13,,False,0,0.40558751,0.0
2026-04-01,WTI,with_cells,abstain,13,,False,0,0.01817818,0.0
2026-05-01,WTI,with_cells,abstain,13,,False,0,-0.09593877,0.0
2026-06-01,WTI,with_cells,abstain,13,,False,0,-0.25585938,0.0
2026-07-01,WTI,with_cells,abstain,13,,False,0,,0.0
1990-01-01,USD,with_cells,emitted,12,tier4,False,0,-0.00849685,0.0
1990-02-01,USD,with_cells,emitted,12,tier2,False,0,0.01630382,0.0
1990-03-01,USD,with_cells,emitted,12,tier2,False,0,0.01210981,0.0
1990-04-01,USD,with_cells,emitted,13,tier2,False,0,-0.00717347,0.0
1990-05-01,USD,with_cells,emitted,13,tier2,False,0,-0.01288436,0.0
1990-06-01,USD,with_cells,abstain,1,,False,0,-0.01601198,0.0
1990-07-01,USD,with_cells,abstain,1,,False,0,-0.02754259,0.0
1990-08-01,USD,with_cells,abstain,1,,False,0,-0.00857061,0.0
1990-09-01,USD,with_cells,emitted,12,tier4,False,0,-0.02244971,0.0
1990-10-01,USD,with_cells,emitted,13,tier4,False,0,-0.02124624,0.0
1990-11-01,USD,with_cells,emitted,13,tier4,False,0,0.01261658,0.0
1990-12-01,USD,with_cells,emitted,13,tier2,False,0,-0.00729575,0.0
1991-01-01,USD,with_cells,emitted,13,tier4,False,0,-0.01330144,0.0
1991-02-01,USD,with_cells,emitted,1,tier2,False,0,0.02481104,0.0
1991-03-01,USD,with_cells,emitted,1,tier2,False,0,0.05162484,0.0
1991-04-01,USD,with_cells,emitted,1,tier2,False,0,-0.00164529,0.0
1991-05-01,USD,with_cells,emitted,0,tier4,False,0,0.01244712,0.0
1991-06-01,USD,with_cells,emitted,12,tier4,False,0,0.01809477,0.0
1991-07-01,USD,with_cells,emitted,12,tier2,False,0,-0.01486516,0.0
1991-08-01,USD,with_cells,emitted,12,tier2,False,0,-0.01003815,0.0
1991-09-01,USD,with_cells,emitted,12,tier2,False,0,-0.025962,0.0
1991-10-01,USD,with_cells,emitted,12,tier2,False,0,-0.00879059,0.0
1991-11-01,USD,with_cells,emitted,12,tier2,False,0,-0.00898061,0.0
1991-12-01,USD,with_cells,emitted,12,tier2,False,0,-0.02920975,0.0
1992-01-01,USD,with_cells,emitted,12,tier2,False,0,0.0264565,0.0
1992-02-01,USD,with_cells,abstain,12,tier3,False,0,0.02258462,0.0
1992-03-01,USD,with_cells,abstain,12,,False,0,0.01571654,0.0
1992-04-01,USD,with_cells,abstain,9,,False,0,-0.00993617,0.0
1992-05-01,USD,with_cells,abstain,9,,False,0,-0.01707328,0.0
1992-06-01,USD,with_cells,abstain,9,,False,0,-0.02998683,0.0
1992-07-01,USD,with_cells,abstain,12,,False,0,-0.00772816,0.0
1992-08-01,USD,with_cells,abstain,12,,False,0,-0.02804474,0.0
1992-09-01,USD,with_cells,abstain,12,,False,0,0.03205109,0.0
1992-10-01,USD,with_cells,abstain,12,,False,0,0.05505671,0.0
1992-11-01,USD,with_cells,abstain,12,,False,0,0.01832793,0.0
1992-12-01,USD,with_cells,emitted,12,tier4,False,0,0.01752983,0.0
1993-01-01,USD,with_cells,emitted,0,tier4,False,0,0.00073257,0.0
1993-02-01,USD,with_cells,emitted,12,tier2,False,0,-0.013259,0.0
1993-03-01,USD,with_cells,emitted,12,tier2,False,0,-0.02253961,0.0
1993-04-01,USD,with_cells,emitted,12,tier4,False,0,-0.01546173,0.0
1993-05-01,USD,with_cells,emitted,12,tier4,False,0,-0.00540426,0.0
1993-06-01,USD,with_cells,emitted,12,tier2,False,0,0.02893645,0.0
1993-07-01,USD,with_cells,abstain,24,,False,0,-0.00017409,0.0
1993-08-01,USD,with_cells,abstain,21,,False,0,0.00168765,0.0
1993-09-01,USD,with_cells,abstain,12,tier2,False,0,-0.00017717,0.0
1993-10-01,USD,with_cells,emitted,12,tier4,False,0,0.0140827,0.0
1993-11-01,USD,with_cells,emitted,12,tier4,False,0,0.00934711,0.0
1993-12-01,USD,with_cells,emitted,12,tier4,False,0,0.00715039,0.0
1994-01-01,USD,with_cells,abstain,12,tier4,False,0,-0.01571171,0.0
1994-02-01,USD,with_cells,abstain,12,tier4,False,0,-0.0050986,0.0
1994-03-01,USD,with_cells,abstain,12,,False,0,0.00175755,0.0
1994-04-01,USD,with_cells,abstain,12,,False,0,-0.01846272,0.0
1994-05-01,USD,with_cells,abstain,12,,False,0,0.00859604,0.0
1994-06-01,USD,with_cells,abstain,12,,False,0,-0.02770347,0.0
1994-07-01,USD,with_cells,abstain,12,,False,0,0.00100296,0.0
1994-08-01,USD,with_cells,abstain,12,,False,0,-0.00487139,0.0
1994-09-01,USD,with_cells,abstain,12,,False,0,-0.01200993,0.0
1994-10-01,USD,with_cells,abstain,12,,False,0,-0.02000044,0.0
1994-11-01,USD,with_cells,abstain,12,,False,0,0.03217635,0.0
1994-12-01,USD,with_cells,abstain,12,,False,0,0.00594139,0.0
1995-01-01,USD,with_cells,abstain,12,,False,0,-0.00708504,0.0
1995-02-01,USD,with_cells,abstain,12,,False,0,-0.01862025,0.0
1995-03-01,USD,with_cells,abstain,12,,False,0,-0.0460476,0.0
1995-04-01,USD,with_cells,abstain,12,,False,0,-0.0162623,0.0
1995-05-01,USD,with_cells,abstain,12,,False,0,0.01355798,0.0
1995-06-01,USD,with_cells,abstain,12,,False,0,-0.00794653,0.0
1995-07-01,USD,with_cells,abstain,12,,False,0,0.00684758,0.0
1995-08-01,USD,with_cells,abstain,12,,False,0,0.04185083,0.0
1995-09-01,USD,with_cells,abstain,12,,False,0,-0.00272279,0.0
1995-10-01,USD,with_cells,abstain,12,,False,0,0.00523936,0.0
1995-11-01,USD,with_cells,abstain,12,,False,0,0.00686624,0.0
1995-12-01,USD,with_cells,abstain,12,,False,0,0.00083731,0.0
1996-01-01,USD,with_cells,abstain,12,,False,0,0.02634315,0.0
1996-02-01,USD,with_cells,abstain,12,,False,0,-0.00891388,0.0
1996-03-01,USD,with_cells,abstain,12,,False,0,0.00041412,0.0
1996-04-01,USD,with_cells,abstain,12,,False,0,0.00650781,0.0
1996-05-01,USD,with_cells,abstain,12,,False,0,0.00371058,0.0
1996-06-01,USD,with_cells,abstain,12,,False,0,0.00038007,0.0
1996-07-01,USD,with_cells,abstain,12,,False,0,-0.0140505,0.0
1996-08-01,USD,with_cells,abstain,12,,False,0,0.00663761,0.0
1996-09-01,USD,with_cells,abstain,12,,False,0,0.01083685,0.0
1996-10-01,USD,with_cells,abstain,12,,False,0,-0.00773999,0.0
1996-11-01,USD,with_cells,abstain,12,,False,0,0.00696257,0.0
1996-12-01,USD,with_cells,abstain,12,,False,0,0.00961077,0.0
1997-01-01,USD,with_cells,emitted,0,tier4,False,0,0.03382365,0.0
1997-02-01,USD,with_cells,emitted,0,tier4,False,0,0.01510177,0.0
1997-03-01,USD,with_cells,emitted,0,tier4,False,0,-1.182e-05,0.0
1997-04-01,USD,with_cells,abstain,0,tier4,False,0,0.01997781,0.0
1997-05-01,USD,with_cells,abstain,0,tier4,False,0,-0.02166976,0.0
1997-06-01,USD,with_cells,emitted,0,tier4,False,0,-0.00258692,0.0
1997-07-01,USD,with_cells,emitted,0,tier4,False,0,0.03367721,0.0
1997-08-01,USD,with_cells,abstain,9,,False,0,0.00273467,0.0
1997-09-01,USD,with_cells,emitted,0,tier4,False,0,-0.01459405,0.0
1997-10-01,USD,with_cells,abstain,12,,False,0,-0.00475638,0.0
1997-11-01,USD,with_cells,abstain,0,tier2,False,0,0.02854406,0.0
1997-12-01,USD,with_cells,abstain,0,,False,0,0.01532276,0.0
1998-01-01,USD,with_cells,abstain,0,,False,0,-0.00187589,0.0
1998-02-01,USD,with_cells,abstain,0,,False,0,-0.00945514,0.0
1998-03-01,USD,with_cells,abstain,0,,False,0,0.02062307,0.0
1998-04-01,USD,with_cells,abstain,12,,False,0,-0.0120297,0.0
1998-05-01,USD,with_cells,abstain,12,,False,0,0.0190307,0.0
1998-06-01,USD,with_cells,abstain,12,,False,0,0.00689064,0.0
1998-07-01,USD,with_cells,abstain,12,,False,0,0.01778611,0.0
1998-08-01,USD,with_cells,abstain,12,,False,0,-0.01713348,0.0
1998-09-01,USD,with_cells,abstain,12,,False,0,-0.02627343,0.0
1998-10-01,USD,with_cells,abstain,12,,False,0,-0.03720609,0.0
1998-11-01,USD,with_cells,abstain,12,,False,0,0.02232932,0.0
1998-12-01,USD,with_cells,abstain,12,,False,0,-0.02525034,0.0
1999-01-01,USD,with_cells,abstain,12,,False,0,0.01708208,0.0
1999-02-01,USD,with_cells,abstain,12,,False,0,0.02842664,0.0
1999-03-01,USD,with_cells,abstain,12,,False,0,-0.00070465,0.0
1999-04-01,USD,with_cells,abstain,12,,False,0,-0.00398463,0.0
1999-05-01,USD,with_cells,abstain,9,,False,0,0.01187809,0.0
1999-06-01,USD,with_cells,abstain,0,,False,0,0.0063494,0.0
1999-07-01,USD,with_cells,abstain,0,,False,0,-0.02084518,0.0
1999-08-01,USD,with_cells,abstain,0,,False,0,-0.01095698,0.0
1999-09-01,USD,with_cells,abstain,12,,False,0,-0.01967357,0.0
1999-10-01,USD,with_cells,abstain,12,,False,0,0.00624423,0.0
1999-11-01,USD,with_cells,emitted,13,tier2,False,0,0.01534725,0.0
1999-12-01,USD,with_cells,abstain,12,,False,0,-0.01327111,0.0
2000-01-01,USD,with_cells,abstain,12,,False,0,0.03012036,0.0
2000-02-01,USD,with_cells,abstain,24,,False,0,0.00232309,0.0
2000-03-01,USD,with_cells,abstain,12,,False,0,0.0003675,0.0
2000-04-01,USD,with_cells,emitted,0,tier2,False,0,0.03346404,0.0
2000-05-01,USD,with_cells,abstain,10,,False,0,0.0002072,0.0
2000-06-01,USD,with_cells,abstain,12,,False,0,-0.01954403,0.0
2000-07-01,USD,with_cells,abstain,12,,False,0,0.02342327,0.0
2000-08-01,USD,with_cells,abstain,1,,False,0,0.00076415,0.0
2000-09-01,USD,with_cells,emitted,13,tier2,False,0,0.02213547,0.0
2000-10-01,USD,with_cells,abstain,12,,False,0,0.01374011,0.0
2000-11-01,USD,with_cells,abstain,12,,False,0,0.00091806,0.0
2000-12-01,USD,with_cells,abstain,12,,False,0,-0.02921616,0.0
2001-01-01,USD,with_cells,abstain,12,,False,0,0.00254704,0.0
2001-02-01,USD,with_cells,abstain,12,,False,0,0.0206151,0.0
2001-03-01,USD,with_cells,abstain,12,,False,0,0.04611139,0.0
2001-04-01,USD,with_cells,abstain,1,,False,0,-0.02271301,0.0
2001-05-01,USD,with_cells,abstain,12,,False,0,0.01747916,0.0
2001-06-01,USD,with_cells,abstain,12,,False,0,0.00523304,0.0
2001-07-01,USD,with_cells,abstain,13,tier4,False,0,-0.01113764,0.0
2001-08-01,USD,with_cells,abstain,13,tier4,False,0,-0.02141473,0.0
2001-09-01,USD,with_cells,abstain,12,,False,0,0.00533086,0.0
2001-10-01,USD,with_cells,abstain,24,,False,0,0.00967789,0.0
2001-11-01,USD,with_cells,abstain,12,,False,0,0.0090751,0.0
2001-12-01,USD,with_cells,abstain,12,,False,0,0.01208929,0.0
2002-01-01,USD,with_cells,abstain,12,,False,0,0.01911651,0.0
2002-02-01,USD,with_cells,abstain,12,,False,0,-0.00245105,0.0
2002-03-01,USD,with_cells,abstain,21,,False,0,-0.00860375,0.0
2002-04-01,USD,with_cells,abstain,12,,False,0,-0.02869587,0.0
2002-05-01,USD,with_cells,abstain,21,,False,0,-0.02642552,0.0
2002-06-01,USD,with_cells,abstain,24,,False,0,-0.0312274,0.0
2002-07-01,USD,with_cells,abstain,21,,False,0,0.01298785,0.0
2002-08-01,USD,with_cells,abstain,12,,False,0,-0.00426668,0.0
2002-09-01,USD,with_cells,abstain,12,,False,0,0.00824062,0.0
2002-10-01,USD,with_cells,abstain,12,,False,0,-0.0107506,0.0
2002-11-01,USD,with_cells,abstain,12,,False,0,0.00649922,0.0
2002-12-01,USD,with_cells,abstain,12,,False,0,-0.02983711,0.0
2003-01-01,USD,with_cells,abstain,12,,False,0,-0.02077147,0.0
2003-02-01,USD,with_cells,abstain,24,tier2,False,0,-0.01130122,0.0
2003-03-01,USD,with_cells,abstain,21,,False,0,-0.00380052,0.0
2003-04-01,USD,with_cells,abstain,13,,False,0,-0.02487569,0.0
2003-05-01,USD,with_cells,abstain,13,,False,0,-0.02965276,0.0
2003-06-01,USD,with_cells,abstain,24,tier4,False,0,0.00115634,0.0
2003-07-01,USD,with_cells,abstain,12,,False,0,0.026599,0.0
2003-08-01,USD,with_cells,abstain,9,,False,0,0.00326677,0.0
2003-09-01,USD,with_cells,abstain,12,,False,0,-0.04875409,0.0
2003-10-01,USD,with_cells,abstain,24,tier4,False,0,0.00529053,0.0
2003-11-01,USD,with_cells,abstain,12,,False,0,-0.02936045,0.0
2003-12-01,USD,with_cells,emitted,12,tier4,False,0,-0.03063568,0.0
2004-01-01,USD,with_cells,emitted,24,tier2,False,0,0.01212063,0.0
2004-02-01,USD,with_cells,emitted,24,tier2,False,0,0.00338815,0.0
2004-03-01,USD,with_cells,emitted,12,tier4,False,0,-0.01340358,0.0
2004-04-01,USD,with_cells,abstain,21,,False,0,0.04627008,0.0
2004-05-01,USD,with_cells,abstain,12,,False,0,-0.0130714,0.0
2004-06-01,USD,with_cells,abstain,12,,False,0,-0.00921833,0.0
2004-07-01,USD,with_cells,abstain,1,,False,0,0.00852148,0.0
2004-08-01,USD,with_cells,abstain,13,,False,0,-0.01138258,0.0
2004-09-01,USD,with_cells,abstain,12,,False,0,-0.016863,0.0
2004-10-01,USD,with_cells,abstain,12,,False,0,-0.02975907,0.0
2004-11-01,USD,with_cells,abstain,12,,False,0,-0.03832197,0.0
2004-12-01,USD,with_cells,abstain,25,,False,0,0.00329332,0.0
2005-01-01,USD,with_cells,abstain,13,,False,0,0.02518178,0.0
2005-02-01,USD,with_cells,abstain,12,,False,0,-0.00641354,0.0
2005-03-01,USD,with_cells,abstain,12,,False,0,0.00998486,0.0
2005-04-01,USD,with_cells,abstain,13,tier4,False,0,0.00611965,0.0
2005-05-01,USD,with_cells,abstain,13,tier4,False,0,0.02795352,0.0
2005-06-01,USD,with_cells,emitted,0,tier2,False,0,0.01603848,0.0
2005-07-01,USD,with_cells,abstain,12,,False,0,-0.01440672,0.0
2005-08-01,USD,with_cells,abstain,12,,False,0,-0.02161449,0.0
2005-09-01,USD,with_cells,emitted,13,tier4,False,0,0.02193702,0.0
2005-10-01,USD,with_cells,emitted,13,tier4,False,0,0.00495155,0.0
2005-11-01,USD,with_cells,emitted,13,tier4,False,0,0.01529382,0.0
2005-12-01,USD,with_cells,abstain,25,tier4,False,0,-0.00881985,0.0
2006-01-01,USD,with_cells,abstain,25,tier4,False,0,-0.0189893,0.0
2006-02-01,USD,with_cells,abstain,25,tier4,False,0,0.00532267,0.0
2006-03-01,USD,with_cells,emitted,25,tier2,False,0,0.00616904,0.0
2006-04-01,USD,with_cells,emitted,25,tier2,False,0,-0.04439569,0.0
2006-05-01,USD,with_cells,emitted,24,tier4,False,0,-0.01274509,0.0
2006-06-01,USD,with_cells,emitted,24,tier4,False,0,0.0095236,0.0
2006-07-01,USD,with_cells,emitted,25,tier2,False,0,0.00412773,0.0
2006-08-01,USD,with_cells,emitted,25,tier2,False,0,-0.00652381,0.0
2006-09-01,USD,with_cells,abstain,13,,False,0,0.00774288,0.0
2006-10-01,USD,with_cells,emitted,13,tier4,False,0,0.00040374,0.0
2006-11-01,USD,with_cells,emitted,0,tier4,False,0,-0.01935725,0.0
2006-12-01,USD,with_cells,abstain,12,,False,0,0.01640831,0.0
2007-01-01,USD,with_cells,abstain,12,,False,0,0.01086985,0.0
2007-02-01,USD,with_cells,abstain,12,,False,0,-0.00998949,0.0
2007-03-01,USD,with_cells,abstain,12,,False,0,-0.01134943,0.0
2007-04-01,USD,with_cells,abstain,21,,False,0,-0.0175203,0.0
2007-05-01,USD,with_cells,abstain,12,,False,0,-0.00440517,0.0
2007-06-01,USD,with_cells,abstain,13,,False,0,-0.00918149,0.0
2007-07-01,USD,with_cells,emitted,13,tier4,False,0,-0.00715146,0.0
2007-08-01,USD,with_cells,abstain,13,tier2,False,0,-0.00119727,0.0
2007-09-01,USD,with_cells,abstain,13,tier2,False,0,-0.03871479,0.0
2007-10-01,USD,with_cells,abstain,22,,False,0,-0.02274506,0.0
2007-11-01,USD,with_cells,emitted,25,tier4,False,0,0.00431975,0.0
2007-12-01,USD,with_cells,emitted,25,tier4,False,0,0.0035312,0.0
2008-01-01,USD,with_cells,emitted,25,tier4,False,0,-0.01465019,0.0
2008-02-01,USD,with_cells,emitted,25,tier4,False,0,-0.01838792,0.0
2008-03-01,USD,with_cells,emitted,25,tier2,False,0,-0.00117368,0.0
2008-04-01,USD,with_cells,emitted,25,tier2,False,0,0.00571166,0.0
2008-05-01,USD,with_cells,emitted,13,tier2,False,0,-0.00739042,0.0
2008-06-01,USD,with_cells,abstain,22,,False,0,0.00120676,0.0
2008-07-01,USD,with_cells,emitted,13,tier4,False,0,0.01149696,0.0
2008-08-01,USD,with_cells,emitted,13,tier2,False,0,0.0474158,0.0
2008-09-01,USD,with_cells,abstain,2,,False,0,0.01660266,0.0
2008-10-01,USD,with_cells,emitted,13,tier2,False,0,0.07881791,0.0
2008-11-01,USD,with_cells,abstain,1,,False,0,0.01527074,0.0
2008-12-01,USD,with_cells,emitted,0,tier4,False,0,-0.05177509,0.0
2009-01-01,USD,with_cells,abstain,9,,False,0,0.04800712,0.0
2009-02-01,USD,with_cells,abstain,12,,False,0,0.03446466,0.0
2009-03-01,USD,with_cells,emitted,24,tier4,False,0,-0.02947352,0.0
2009-04-01,USD,with_cells,abstain,12,,False,0,-0.02352741,0.0
2009-05-01,USD,with_cells,emitted,24,tier4,False,0,-0.06847714,0.0
2009-06-01,USD,with_cells,emitted,24,tier2,False,0,0.01490099,0.0
2009-07-01,USD,with_cells,abstain,12,,False,0,-0.03319898,0.0
2009-08-01,USD,with_cells,abstain,13,,False,0,0.01656489,0.0
2009-09-01,USD,with_cells,abstain,12,,False,0,-0.0217535,0.0
2009-10-01,USD,with_cells,abstain,12,,False,0,-0.01162459,0.0
2009-11-01,USD,with_cells,emitted,25,tier2,False,0,-0.02480757,0.0
2009-12-01,USD,with_cells,emitted,25,tier2,False,0,0.03185296,0.0
2010-01-01,USD,with_cells,emitted,25,tier2,False,0,0.0213129,0.0
2010-02-01,USD,with_cells,emitted,24,tier4,False,0,0.00627281,0.0
2010-03-01,USD,with_cells,emitted,24,tier4,False,0,-0.00627865,0.0
2010-04-01,USD,with_cells,abstain,21,,False,0,0.01550316,0.0
2010-05-01,USD,with_cells,abstain,21,,False,0,0.03997841,0.0
2010-06-01,USD,with_cells,abstain,12,,False,0,-0.0144592,0.0
2010-07-01,USD,with_cells,abstain,12,,False,0,-0.04174942,0.0
2010-08-01,USD,with_cells,emitted,12,tier4,False,0,0.01601606,0.0
2010-09-01,USD,with_cells,abstain,21,,False,0,-0.04224494,0.0
2010-10-01,USD,with_cells,emitted,24,tier2,False,0,-0.01239248,0.0
2010-11-01,USD,with_cells,emitted,24,tier2,False,0,0.03218456,0.0
2010-12-01,USD,with_cells,abstain,21,,False,0,-0.02284797,0.0
2011-01-01,USD,with_cells,emitted,24,tier4,False,0,-0.01485432,0.0
2011-02-01,USD,with_cells,abstain,22,,False,0,-0.00673048,0.0
2011-03-01,USD,with_cells,emitted,25,tier2,False,0,-0.00993283,0.0
2011-04-01,USD,with_cells,emitted,13,tier2,False,0,-0.03405135,0.0
2011-05-01,USD,with_cells,emitted,25,tier4,False,0,0.01908733,0.0
2011-06-01,USD,with_cells,emitted,13,tier2,False,0,-0.00309326,0.0
2011-07-01,USD,with_cells,emitted,13,tier2,False,0,-0.00492348,0.0
2011-08-01,USD,with_cells,emitted,25,tier2,False,0,0.00422791,0.0
2011-09-01,USD,with_cells,emitted,25,tier2,False,0,0.06253186,0.0
2011-10-01,USD,with_cells,emitted,25,tier2,False,0,-0.0204019,0.0
2011-11-01,USD,with_cells,abstain,13,,False,0,0.00588989,0.0
2011-12-01,USD,with_cells,abstain,21,,False,0,0.00846703,0.0
2012-01-01,USD,with_cells,emitted,12,tier3,False,0,-0.01046166,0.0
2012-02-01,USD,with_cells,emitted,12,tier3,False,0,0.00150121,0.0
2012-03-01,USD,with_cells,abstain,0,tier4,False,0,0.00461869,0.0
2012-04-01,USD,with_cells,abstain,12,,False,0,-0.00381491,0.0
2012-05-01,USD,with_cells,emitted,12,tier2,False,0,0.0457302,0.0
2012-06-01,USD,with_cells,emitted,0,tier2,False,0,-0.01196615,0.0
2012-07-01,USD,with_cells,abstain,12,,False,0,0.00103737,0.0
2012-08-01,USD,with_cells,emitted,0,tier2,False,0,-0.01366833,0.0
2012-09-01,USD,with_cells,abstain,12,,False,0,-0.01431868,0.0
2012-10-01,USD,with_cells,abstain,12,,False,0,0.00771034,0.0
2012-11-01,USD,with_cells,abstain,12,,False,0,-0.00090762,0.0
2012-12-01,USD,with_cells,abstain,12,,False,0,0.00235104,0.0
2013-01-01,USD,with_cells,abstain,12,,False,0,0.00072097,0.0
2013-02-01,USD,with_cells,abstain,12,,False,0,0.03752994,0.0
2013-03-01,USD,with_cells,abstain,1,,False,0,-0.00107111,0.0
2013-04-01,USD,with_cells,abstain,0,,False,0,-0.00802882,0.0
2013-05-01,USD,with_cells,abstain,0,,False,0,0.0154405,0.0
2013-06-01,USD,with_cells,abstain,0,,False,0,0.01018715,0.0
2013-07-01,USD,with_cells,abstain,0,,False,0,-0.00861224,0.0
2013-08-01,USD,with_cells,abstain,0,,False,0,0.00479879,0.0
2013-09-01,USD,with_cells,abstain,0,,False,0,-0.02447957,0.0
2013-10-01,USD,with_cells,abstain,0,,False,0,0.00752696,0.0
2013-11-01,USD,with_cells,abstain,0,,False,0,0.0088306,0.0
2013-12-01,USD,with_cells,emitted,0,tier4,False,0,-0.00077662,0.0
2014-01-01,USD,with_cells,abstain,12,,False,0,0.01215293,0.0
2014-02-01,USD,with_cells,abstain,12,,False,0,-0.00652965,0.0
2014-03-01,USD,with_cells,abstain,9,,False,0,-0.00349774,0.0
2014-04-01,USD,with_cells,abstain,12,,False,0,-0.00647028,0.0
2014-05-01,USD,with_cells,abstain,12,,False,0,0.00765061,0.0
2014-06-01,USD,with_cells,abstain,12,,False,0,-0.01286595,0.0
2014-07-01,USD,with_cells,abstain,12,,False,0,0.01914613,0.0
2014-08-01,USD,with_cells,abstain,12,,False,0,0.01592893,0.0
2014-09-01,USD,with_cells,abstain,0,,False,0,0.03361592,0.0
2014-10-01,USD,with_cells,abstain,0,,False,0,0.01624836,0.0
2014-11-01,USD,with_cells,abstain,0,,False,0,0.00764074,0.0
2014-12-01,USD,with_cells,abstain,12,,False,0,0.03400143,0.0
2015-01-01,USD,with_cells,abstain,0,,False,0,0.04013867,0.0
2015-02-01,USD,with_cells,abstain,12,,False,0,0.0073666,0.0
2015-03-01,USD,with_cells,abstain,9,,False,0,0.02149081,0.0
2015-04-01,USD,with_cells,abstain,12,,False,0,-0.02836206,0.0
2015-05-01,USD,with_cells,abstain,12,,False,0,0.02521282,0.0
2015-06-01,USD,with_cells,abstain,12,,False,0,-0.01085271,0.0
2015-07-01,USD,with_cells,abstain,12,,False,0,0.02158864,0.0
2015-08-01,USD,with_cells,abstain,0,,False,0,-0.01297492,0.0
2015-09-01,USD,with_cells,abstain,1,,False,0,0.00445749,0.0
2015-10-01,USD,with_cells,abstain,0,,False,0,0.00338969,0.0
2015-11-01,USD,with_cells,abstain,12,,False,0,0.02754815,0.0
2015-12-01,USD,with_cells,abstain,0,,False,0,0.0023559,0.0
2016-01-01,USD,with_cells,abstain,0,,False,0,0.00277184,0.0
2016-02-01,USD,with_cells,abstain,12,,False,0,-0.01827898,0.0
2016-03-01,USD,with_cells,abstain,12,,False,0,-0.03493699,0.0
2016-04-01,USD,with_cells,abstain,21,,False,0,-0.02574785,0.0
2016-05-01,USD,with_cells,abstain,24,,False,0,0.03423003,0.0
2016-06-01,USD,with_cells,emitted,24,tier2,False,0,-0.00804668,0.0
2016-07-01,USD,with_cells,abstain,24,tier4,False,0,0.00280336,0.0
2016-08-01,USD,with_cells,abstain,24,tier4,False,0,0.00127796,0.0
2016-09-01,USD,with_cells,abstain,12,,False,0,-0.00030025,0.0
2016-10-01,USD,with_cells,emitted,13,tier1,False,0,0.02075315,0.0
2016-11-01,USD,with_cells,emitted,13,tier1,False,0,0.02842635,0.0
2016-12-01,USD,with_cells,abstain,12,,False,0,0.01842004,0.0
2017-01-01,USD,with_cells,abstain,0,tier3,False,0,-0.031481,0.0
2017-02-01,USD,with_cells,abstain,0,tier3,False,0,0.01622698,0.0
2017-03-01,USD,with_cells,abstain,1,,False,0,-0.0073262,0.0
2017-04-01,USD,with_cells,abstain,1,,False,0,-0.00621636,0.0
2017-05-01,USD,with_cells,abstain,12,,False,0,-0.01572833,0.0
2017-06-01,USD,with_cells,abstain,12,,False,0,-0.01465959,0.0
2017-07-01,USD,with_cells,abstain,12,,False,0,-0.03156405,0.0
2017-08-01,USD,with_cells,abstain,12,,False,0,-0.00560397,0.0
2017-09-01,USD,with_cells,abstain,12,,False,0,0.01047435,0.0
2017-10-01,USD,with_cells,abstain,12,,False,0,0.01714544,0.0
2017-11-01,USD,with_cells,abstain,12,,False,0,-0.01928101,0.0
2017-12-01,USD,with_cells,abstain,12,,False,0,-0.01034717,0.0
2018-01-01,USD,with_cells,abstain,13,,False,0,-0.02973198,0.0
2018-02-01,USD,with_cells,abstain,13,,False,0,0.02302304,0.0
2018-03-01,USD,with_cells,abstain,13,,False,0,-0.00251555,0.0
2018-04-01,USD,with_cells,abstain,13,,False,0,0.01985575,0.0
2018-05-01,USD,with_cells,abstain,13,,False,0,0.01301084,0.0
2018-06-01,USD,with_cells,abstain,13,,False,0,0.01291767,0.0
2018-07-01,USD,with_cells,abstain,1,,False,0,-0.00577316,0.0
2018-08-01,USD,with_cells,abstain,1,,False,0,0.00912384,0.0
2018-09-01,USD,with_cells,abstain,0,tier3,False,0,-0.00605071,0.0
2018-10-01,USD,with_cells,emitted,0,tier4,False,0,0.0128383,0.0
2018-11-01,USD,with_cells,emitted,0,tier4,False,0,0.00450259,0.0
2018-12-01,USD,with_cells,abstain,9,,False,0,0.00410524,0.0
2019-01-01,USD,with_cells,abstain,12,,False,0,-0.01750565,0.0
2019-02-01,USD,with_cells,abstain,12,,False,0,0.01093694,0.0
2019-03-01,USD,with_cells,abstain,12,,False,0,0.00684334,0.0
2019-04-01,USD,with_cells,abstain,12,,False,0,0.00181835,0.0
2019-05-01,USD,with_cells,abstain,12,,False,0,0.00128408,0.0
2019-06-01,USD,with_cells,abstain,12,,False,0,-0.01171505,0.0
2019-07-01,USD,with_cells,abstain,12,,False,0,0.01491459,0.0
2019-08-01,USD,with_cells,abstain,12,,False,0,0.0034764,0.0
2019-09-01,USD,with_cells,emitted,25,tier2,False,0,0.00141391,0.0
2019-10-01,USD,with_cells,abstain,24,,False,0,-0.01606151,0.0
2019-11-01,USD,with_cells,abstain,24,,False,0,0.00862071,0.0
2019-12-01,USD,with_cells,abstain,12,,False,0,0.0115156,0.0
2020-01-01,USD,with_cells,abstain,12,,False,0,0.00993873,0.0
2020-02-01,USD,with_cells,abstain,13,,False,0,0.00600428,0.0
2020-03-01,USD,with_cells,abstain,13,,False,0,0.05974349,0.0
2020-04-01,USD,with_cells,abstain,13,,False,0,-0.00520303,0.0
2020-05-01,USD,with_cells,abstain,24,,False,0,-0.02339114,0.0
2020-06-01,USD,with_cells,abstain,24,,False,0,-0.0015615,0.0
2020-07-01,USD,with_cells,abstain,24,,False,0,-0.01893225,0.0
2020-08-01,USD,with_cells,abstain,24,,False,0,-0.01900305,0.0
2020-09-01,USD,with_cells,emitted,24,tier4,False,0,0.0099854,0.0
2020-10-01,USD,with_cells,emitted,24,tier4,False,0,-0.00416885,0.0
2020-11-01,USD,with_cells,abstain,21,,False,0,-0.02950718,0.0
2020-12-01,USD,with_cells,abstain,13,,False,0,-0.01417297,0.0
2021-01-01,USD,with_cells,abstain,13,,False,0,0.01089315,0.0
2021-02-01,USD,with_cells,abstain,1,,False,0,0.00095536,0.0
2021-03-01,USD,with_cells,abstain,1,,False,0,0.01077615,0.0
2021-04-01,USD,with_cells,abstain,1,,False,0,-0.01524456,0.0
2021-05-01,USD,with_cells,abstain,1,,False,0,-0.01339583,0.0
2021-06-01,USD,with_cells,abstain,13,,False,0,0.02022902,0.0
2021-07-01,USD,with_cells,abstain,2,,False,0,-0.00062888,0.0
2021-08-01,USD,with_cells,abstain,5,,False,0,0.0018115,0.0
2021-09-01,USD,with_cells,emitted,14,tier2,False,0,0.01334772,0.0
2021-10-01,USD,with_cells,emitted,14,tier2,False,0,-0.00151338,0.0
2021-11-01,USD,with_cells,emitted,14,tier2,False,0,0.01473031,0.0
2021-12-01,USD,with_cells,abstain,2,,False,0,-0.0041324,0.0
2022-01-01,USD,with_cells,abstain,14,,False,0,-0.00036045,0.0
2022-02-01,USD,with_cells,abstain,14,,False,0,0.00370725,0.0
2022-03-01,USD,with_cells,abstain,14,,False,0,-0.00271857,0.0
2022-04-01,USD,with_cells,abstain,14,,False,0,0.0381109,0.0
2022-05-01,USD,with_cells,abstain,14,,False,0,-0.0099022,0.0
2022-06-01,USD,with_cells,abstain,14,,False,0,0.02367741,0.0
2022-07-01,USD,with_cells,abstain,14,,False,0,-0.00078103,0.0
2022-08-01,USD,with_cells,abstain,5,,False,0,0.02462464,0.0
2022-09-01,USD,with_cells,abstain,2,,False,0,0.02154893,0.0
2022-10-01,USD,with_cells,abstain,2,,False,0,0.00249761,0.0
2022-11-01,USD,with_cells,abstain,2,,False,0,-0.04234109,0.0
2022-12-01,USD,with_cells,abstain,14,,False,0,0.00070489,0.0
2023-01-01,USD,with_cells,abstain,13,,False,0,-0.02837731,0.0
2023-02-01,USD,with_cells,abstain,13,,False,0,0.01693391,0.0
2023-03-01,USD,with_cells,abstain,13,,False,0,-0.01089488,0.0
2023-04-01,USD,with_cells,emitted,25,tier4,False,0,0.00103168,0.0
2023-05-01,USD,with_cells,emitted,25,tier3,False,0,0.00507018,0.0
2023-06-01,USD,with_cells,abstain,13,,False,0,-0.00697381,0.0
2023-07-01,USD,with_cells,abstain,13,,False,0,-0.00535265,0.0
2023-08-01,USD,with_cells,abstain,13,,False,0,0.01842903,0.0
2023-09-01,USD,with_cells,abstain,13,,False,0,0.01900894,0.0
2023-10-01,USD,with_cells,abstain,1,,False,0,0.0059949,0.0
2023-11-01,USD,with_cells,abstain,13,,False,0,-0.03109889,0.0
2023-12-01,USD,with_cells,abstain,13,,False,0,-0.0056177,0.0
2024-01-01,USD,with_cells,abstain,13,,False,0,0.00892859,0.0
2024-02-01,USD,with_cells,abstain,13,,False,0,0.00563102,0.0
2024-03-01,USD,with_cells,abstain,13,,False,0,0.00416491,0.0
2024-04-01,USD,with_cells,abstain,25,tier4,False,0,0.01235813,0.0
2024-05-01,USD,with_cells,abstain,25,tier2,False,0,-0.00541308,0.0
2024-06-01,USD,with_cells,abstain,25,tier4,False,0,0.01729288,0.0
2024-07-01,USD,with_cells,abstain,25,tier2,False,0,-0.00479968,0.0
2024-08-01,USD,with_cells,emitted,25,tier3,False,0,-0.00878507,0.0
2024-09-01,USD,with_cells,emitted,25,tier1,False,0,-0.00890202,0.0
2024-10-01,USD,with_cells,abstain,24,,False,0,0.02563521,0.0
2024-11-01,USD,with_cells,abstain,24,,False,0,0.01858541,0.0
2024-12-01,USD,with_cells,abstain,24,,False,0,0.01834855,0.0
2025-01-01,USD,with_cells,abstain,24,,False,0,-0.00270972,0.0
2025-02-01,USD,with_cells,emitted,25,tier2,False,0,-0.01052599,0.0
2025-03-01,USD,with_cells,emitted,25,tier2,False,0,-0.01030294,0.0
2025-04-01,USD,with_cells,emitted,25,tier2,False,0,-0.02604762,0.0
2025-05-01,USD,with_cells,emitted,25,tier2,False,0,-0.01585506,0.0
2025-06-01,USD,with_cells,emitted,25,tier2,False,0,-0.01522014,0.0
2025-07-01,USD,with_cells,emitted,25,tier2,False,0,0.01565731,0.0
2025-08-01,USD,with_cells,emitted,25,tier3,False,0,-0.00436012,0.0
2025-09-01,USD,with_cells,emitted,24,tier1,False,0,-0.00442065,0.0
2025-10-01,USD,with_cells,emitted,24,tier2,False,0,0.01082811,0.0
2025-11-01,USD,with_cells,emitted,25,tier3,False,0,-0.01519376,0.0
2026-01-01,USD,with_cells,emitted,25,tier3,False,0,-0.01040919,0.0
2026-02-01,USD,with_cells,emitted,25,tier3,False,0,0.00258616,0.0
2026-03-01,USD,with_cells,emitted,25,tier3,False,0,0.01224266,0.0
2026-04-01,USD,with_cells,emitted,25,tier3,False,0,-0.01437898,0.0
2026-05-01,USD,with_cells,emitted,25,tier3,False,0,0.00652659,0.0
2026-06-01,USD,with_cells,abstain,13,,False,0,0.01661725,0.0
2026-07-01,USD,with_cells,emitted,2,tier4,False,0,-0.00306739,0.0
2026-08-01,USD,with_cells,abstain,1,,False,0,,0.0
