date,type,n_type_train,candidate,r2,cleared_gate
1990-01-01,13,115,GS10_Rate:Z6,0.0212,False
1990-01-01,13,115,GS10_Rate:Z3,0.0223,False
1990-01-01,13,115,GS10_Rate:Z12,0.0054,False
1990-01-01,13,115,GS10_Rate:Z6_vel,0.0329,False
1990-01-01,13,115,GS10_Rate:Z6_acc,0.0019,False
1990-01-01,13,115,Fed_Funds_Rate:Z6,0.0433,False
1990-01-01,13,115,Fed_Funds_Rate:Z3,0.0015,False
1990-01-01,13,115,Fed_Funds_Rate:Z12,0.0519,False
1990-01-01,13,115,Fed_Funds_Rate:Z6_vel,0.0036,False
1990-01-01,13,115,Fed_Funds_Rate:Z6_acc,0.0139,False
1990-01-01,13,115,M2_Money:Z6,0.0547,False
1990-01-01,13,115,M2_Money:Z3,0.0663,False
1990-01-01,13,115,M2_Money:Z12,0.0876,False
1990-01-01,13,115,M2_Money:Z6_vel,0.0368,False
1990-01-01,13,115,M2_Money:Z6_acc,0.0061,False
1990-01-01,13,115,Industrial_Production:Z6,0.0106,False
1990-01-01,13,115,Industrial_Production:Z3,0.0027,False
1990-01-01,13,115,Industrial_Production:Z12,0.0549,False
1990-01-01,13,115,Industrial_Production:Z6_vel,0.0,False
1990-01-01,13,115,Industrial_Production:Z6_acc,0.0081,False
1990-01-01,13,115,US_CPI:Z6,0.0278,False
1990-01-01,13,115,US_CPI:Z3,0.0429,False
1990-01-01,13,115,US_CPI:Z12,0.0376,False
1990-01-01,13,115,US_CPI:Z6_vel,0.0,False
1990-01-01,13,115,US_CPI:Z6_acc,0.0034,False
1990-02-01,1,137,GS10_Rate:Z6,0.0791,False
1990-02-01,1,137,GS10_Rate:Z3,0.0171,False
1990-02-01,1,137,GS10_Rate:Z12,0.0073,False
1990-02-01,1,137,GS10_Rate:Z6_vel,0.0116,False
1990-02-01,1,137,GS10_Rate:Z6_acc,0.0057,False
1990-02-01,1,137,Fed_Funds_Rate:Z6,0.2136,True
1990-02-01,1,137,Fed_Funds_Rate:Z3,0.3022,True
1990-02-01,1,137,Fed_Funds_Rate:Z12,0.3529,True
1990-02-01,1,137,Fed_Funds_Rate:Z6_vel,0.1292,False
1990-02-01,1,137,Fed_Funds_Rate:Z6_acc,0.0681,False
1990-02-01,1,137,Gold_Close:Z6,0.3896,True
1990-02-01,1,137,Gold_Close:Z3,0.4217,True
1990-02-01,1,137,Gold_Close:Z12,0.1023,False
1990-02-01,1,137,Gold_Close:Z6_vel,0.0019,False
1990-02-01,1,137,Gold_Close:Z6_acc,0.0522,False
1990-02-01,1,137,M2_Money:Z6,0.0084,False
1990-02-01,1,137,M2_Money:Z3,0.0421,False
1990-02-01,1,137,M2_Money:Z12,0.0088,False
1990-02-01,1,137,M2_Money:Z6_vel,0.0185,False
1990-02-01,1,137,M2_Money:Z6_acc,0.0204,False
1990-02-01,1,137,Industrial_Production:Z6,0.0065,False
1990-02-01,1,137,Industrial_Production:Z3,0.0196,False
1990-02-01,1,137,Industrial_Production:Z12,0.0016,False
1990-02-01,1,137,Industrial_Production:Z6_vel,0.0456,False
1990-02-01,1,137,Industrial_Production:Z6_acc,0.0001,False
1990-02-01,1,137,US_CPI:Z6,0.0084,False
1990-02-01,1,137,US_CPI:Z3,0.0064,False
1990-02-01,1,137,US_CPI:Z12,0.0423,False
1990-02-01,1,137,US_CPI:Z6_vel,0.0721,False
1990-02-01,1,137,US_CPI:Z6_acc,0.1772,False
1990-05-01,13,117,Dollar_Index:Z6,0.0683,False
1990-05-01,13,117,Dollar_Index:Z3,0.0897,False
1990-05-01,13,117,Dollar_Index:Z12,0.2689,True
1990-05-01,13,117,Dollar_Index:Z6_vel,0.0393,False
1990-05-01,13,117,Dollar_Index:Z6_acc,0.0063,False
1990-05-01,13,117,GS10_Rate:Z6,0.0155,False
1990-05-01,13,117,GS10_Rate:Z3,0.021,False
1990-05-01,13,117,GS10_Rate:Z12,0.0007,False
1990-05-01,13,117,GS10_Rate:Z6_vel,0.0533,False
1990-05-01,13,117,GS10_Rate:Z6_acc,0.0037,False
1990-05-01,13,117,Fed_Funds_Rate:Z6,0.0231,False
1990-05-01,13,117,Fed_Funds_Rate:Z3,0.0043,False
1990-05-01,13,117,Fed_Funds_Rate:Z12,0.0806,False
1990-05-01,13,117,Fed_Funds_Rate:Z6_vel,0.0103,False
1990-05-01,13,117,Fed_Funds_Rate:Z6_acc,0.013,False
1990-05-01,13,117,US_2Y_Treasury:Z6,0.0624,False
1990-05-01,13,117,US_2Y_Treasury:Z3,0.0762,False
1990-05-01,13,117,US_2Y_Treasury:Z12,0.0502,False
1990-05-01,13,117,US_2Y_Treasury:Z6_vel,0.1073,False
1990-05-01,13,117,US_2Y_Treasury:Z6_acc,0.0222,False
1990-05-01,13,117,Gold_Close:Z6,0.068,False
1990-05-01,13,117,Gold_Close:Z3,0.0059,False
1990-05-01,13,117,Gold_Close:Z12,0.0838,False
1990-05-01,13,117,Gold_Close:Z6_vel,0.0096,False
1990-05-01,13,117,Gold_Close:Z6_acc,0.0002,False
1990-05-01,13,117,M2_Money:Z6,0.0776,False
1990-05-01,13,117,M2_Money:Z3,0.0551,False
1990-05-01,13,117,M2_Money:Z12,0.2345,True
1990-05-01,13,117,M2_Money:Z6_vel,0.0009,False
1990-05-01,13,117,M2_Money:Z6_acc,0.0057,False
1990-05-01,13,117,Industrial_Production:Z6,0.0087,False
1990-05-01,13,117,Industrial_Production:Z3,0.002,False
1990-05-01,13,117,Industrial_Production:Z12,0.0396,False
1990-05-01,13,117,Industrial_Production:Z6_vel,0.0002,False
1990-05-01,13,117,Industrial_Production:Z6_acc,0.0081,False
1990-05-01,13,117,US_CPI:Z6,0.0483,False
1990-05-01,13,117,US_CPI:Z3,0.0669,False
1990-05-01,13,117,US_CPI:Z12,0.0644,False
1990-05-01,13,117,US_CPI:Z6_vel,0.0006,False
1990-05-01,13,117,US_CPI:Z6_acc,0.0041,False
1990-05-01,13,117,Term_Spread_10Y_2Y:Z6,0.0231,False
1990-05-01,13,117,Term_Spread_10Y_2Y:Z3,0.0503,False
1990-05-01,13,117,Term_Spread_10Y_2Y:Z12,0.0632,False
1990-05-01,13,117,Term_Spread_10Y_2Y:Z6_vel,0.0035,False
1990-05-01,13,117,Term_Spread_10Y_2Y:Z6_acc,0.0,False
1990-06-01,13,117,Dollar_Index:Z6,0.0683,False
1990-06-01,13,117,Dollar_Index:Z3,0.0897,False
1990-06-01,13,117,Dollar_Index:Z12,0.2689,True
1990-06-01,13,117,Dollar_Index:Z6_vel,0.0393,False
1990-06-01,13,117,Dollar_Index:Z6_acc,0.0063,False
1990-06-01,13,117,GS10_Rate:Z6,0.0155,False
1990-06-01,13,117,GS10_Rate:Z3,0.021,False
1990-06-01,13,117,GS10_Rate:Z12,0.0007,False
1990-06-01,13,117,GS10_Rate:Z6_vel,0.0533,False
1990-06-01,13,117,GS10_Rate:Z6_acc,0.0037,False
1990-06-01,13,117,Fed_Funds_Rate:Z6,0.0231,False
1990-06-01,13,117,Fed_Funds_Rate:Z3,0.0043,False
1990-06-01,13,117,Fed_Funds_Rate:Z12,0.0806,False
1990-06-01,13,117,Fed_Funds_Rate:Z6_vel,0.0103,False
1990-06-01,13,117,Fed_Funds_Rate:Z6_acc,0.013,False
1990-06-01,13,117,US_2Y_Treasury:Z6,0.0624,False
1990-06-01,13,117,US_2Y_Treasury:Z3,0.0762,False
1990-06-01,13,117,US_2Y_Treasury:Z12,0.0502,False
1990-06-01,13,117,US_2Y_Treasury:Z6_vel,0.1073,False
1990-06-01,13,117,US_2Y_Treasury:Z6_acc,0.0222,False
1990-06-01,13,117,Gold_Close:Z6,0.068,False
1990-06-01,13,117,Gold_Close:Z3,0.0059,False
1990-06-01,13,117,Gold_Close:Z12,0.0838,False
1990-06-01,13,117,Gold_Close:Z6_vel,0.0096,False
1990-06-01,13,117,Gold_Close:Z6_acc,0.0002,False
1990-06-01,13,117,M2_Money:Z6,0.0776,False
1990-06-01,13,117,M2_Money:Z3,0.0551,False
1990-06-01,13,117,M2_Money:Z12,0.2345,True
1990-06-01,13,117,M2_Money:Z6_vel,0.0009,False
1990-06-01,13,117,M2_Money:Z6_acc,0.0057,False
1990-06-01,13,117,Industrial_Production:Z6,0.0087,False
1990-06-01,13,117,Industrial_Production:Z3,0.002,False
1990-06-01,13,117,Industrial_Production:Z12,0.0396,False
1990-06-01,13,117,Industrial_Production:Z6_vel,0.0002,False
1990-06-01,13,117,Industrial_Production:Z6_acc,0.0081,False
1990-06-01,13,117,US_CPI:Z6,0.0483,False
1990-06-01,13,117,US_CPI:Z3,0.0669,False
1990-06-01,13,117,US_CPI:Z12,0.0644,False
1990-06-01,13,117,US_CPI:Z6_vel,0.0006,False
1990-06-01,13,117,US_CPI:Z6_acc,0.0041,False
1990-06-01,13,117,Term_Spread_10Y_2Y:Z6,0.0231,False
1990-06-01,13,117,Term_Spread_10Y_2Y:Z3,0.0503,False
1990-06-01,13,117,Term_Spread_10Y_2Y:Z12,0.0632,False
1990-06-01,13,117,Term_Spread_10Y_2Y:Z6_vel,0.0035,False
1990-06-01,13,117,Term_Spread_10Y_2Y:Z6_acc,0.0,False
1990-07-01,13,116,Dollar_Index:Z6,0.0358,False
1990-07-01,13,116,Dollar_Index:Z3,0.0619,False
1990-07-01,13,116,Dollar_Index:Z12,0.3676,True
1990-07-01,13,116,Dollar_Index:Z6_vel,0.0539,False
1990-07-01,13,116,Dollar_Index:Z6_acc,0.0383,False
1990-07-01,13,116,GS10_Rate:Z6,0.0088,False
1990-07-01,13,116,GS10_Rate:Z3,0.0152,False
1990-07-01,13,116,GS10_Rate:Z12,0.0001,False
1990-07-01,13,116,GS10_Rate:Z6_vel,0.0481,False
1990-07-01,13,116,GS10_Rate:Z6_acc,0.0013,False
1990-07-01,13,116,Fed_Funds_Rate:Z6,0.0111,False
1990-07-01,13,116,Fed_Funds_Rate:Z3,0.0127,False
1990-07-01,13,116,Fed_Funds_Rate:Z12,0.0905,False
1990-07-01,13,116,Fed_Funds_Rate:Z6_vel,0.0149,False
1990-07-01,13,116,Fed_Funds_Rate:Z6_acc,0.0057,False
1990-07-01,13,116,US_2Y_Treasury:Z6,0.0262,False
1990-07-01,13,116,US_2Y_Treasury:Z3,0.0474,False
1990-07-01,13,116,US_2Y_Treasury:Z12,0.0119,False
1990-07-01,13,116,US_2Y_Treasury:Z6_vel,0.1045,False
1990-07-01,13,116,US_2Y_Treasury:Z6_acc,0.006,False
1990-07-01,13,116,Gold_Close:Z6,0.028,False
1990-07-01,13,116,Gold_Close:Z3,0.0003,False
1990-07-01,13,116,Gold_Close:Z12,0.0776,False
1990-07-01,13,116,Gold_Close:Z6_vel,0.0113,False
1990-07-01,13,116,Gold_Close:Z6_acc,0.0006,False
1990-07-01,13,116,M2_Money:Z6,0.0718,False
1990-07-01,13,116,M2_Money:Z3,0.0393,False
1990-07-01,13,116,M2_Money:Z12,0.2701,True
1990-07-01,13,116,M2_Money:Z6_vel,0.0001,False
1990-07-01,13,116,M2_Money:Z6_acc,0.0186,False
1990-07-01,13,116,Industrial_Production:Z6,0.0119,False
1990-07-01,13,116,Industrial_Production:Z3,0.002,False
1990-07-01,13,116,Industrial_Production:Z12,0.0422,False
1990-07-01,13,116,Industrial_Production:Z6_vel,0.0,False
1990-07-01,13,116,Industrial_Production:Z6_acc,0.0071,False
1990-07-01,13,116,US_CPI:Z6,0.0762,False
1990-07-01,13,116,US_CPI:Z3,0.0981,False
1990-07-01,13,116,US_CPI:Z12,0.0932,False
1990-07-01,13,116,US_CPI:Z6_vel,0.0018,False
1990-07-01,13,116,US_CPI:Z6_acc,0.0111,False
1990-07-01,13,116,Term_Spread_10Y_2Y:Z6,0.0242,False
1990-07-01,13,116,Term_Spread_10Y_2Y:Z3,0.0643,False
1990-07-01,13,116,Term_Spread_10Y_2Y:Z12,0.1841,False
1990-07-01,13,116,Term_Spread_10Y_2Y:Z6_vel,0.0413,False
1990-07-01,13,116,Term_Spread_10Y_2Y:Z6_acc,0.0029,False
1990-08-01,13,117,Dollar_Index:Z6,0.0313,False
1990-08-01,13,117,Dollar_Index:Z3,0.0739,False
1990-08-01,13,117,Dollar_Index:Z12,0.3207,True
1990-08-01,13,117,Dollar_Index:Z6_vel,0.044,False
1990-08-01,13,117,Dollar_Index:Z6_acc,0.0094,False
1990-08-01,13,117,GS10_Rate:Z6,0.0122,False
1990-08-01,13,117,GS10_Rate:Z3,0.017,False
1990-08-01,13,117,GS10_Rate:Z12,0.0001,False
1990-08-01,13,117,GS10_Rate:Z6_vel,0.0501,False
1990-08-01,13,117,GS10_Rate:Z6_acc,0.0007,False
1990-08-01,13,117,Fed_Funds_Rate:Z6,0.011,False
1990-08-01,13,117,Fed_Funds_Rate:Z3,0.0156,False
1990-08-01,13,117,Fed_Funds_Rate:Z12,0.0838,False
1990-08-01,13,117,Fed_Funds_Rate:Z6_vel,0.0192,False
1990-08-01,13,117,Fed_Funds_Rate:Z6_acc,0.0059,False
1990-08-01,13,117,US_2Y_Treasury:Z6,0.0441,False
1990-08-01,13,117,US_2Y_Treasury:Z3,0.0645,False
1990-08-01,13,117,US_2Y_Treasury:Z12,0.0199,False
1990-08-01,13,117,US_2Y_Treasury:Z6_vel,0.1092,False
1990-08-01,13,117,US_2Y_Treasury:Z6_acc,0.001,False
1990-08-01,13,117,Gold_Close:Z6,0.0287,False
1990-08-01,13,117,Gold_Close:Z3,0.0049,False
1990-08-01,13,117,Gold_Close:Z12,0.0788,False
1990-08-01,13,117,Gold_Close:Z6_vel,0.0043,False
1990-08-01,13,117,Gold_Close:Z6_acc,0.0017,False
1990-08-01,13,117,M2_Money:Z6,0.0882,False
1990-08-01,13,117,M2_Money:Z3,0.0636,False
1990-08-01,13,117,M2_Money:Z12,0.2827,True
1990-08-01,13,117,M2_Money:Z6_vel,0.0005,False
1990-08-01,13,117,M2_Money:Z6_acc,0.0108,False
1990-08-01,13,117,Industrial_Production:Z6,0.01,False
1990-08-01,13,117,Industrial_Production:Z3,0.0016,False
1990-08-01,13,117,Industrial_Production:Z12,0.0373,False
1990-08-01,13,117,Industrial_Production:Z6_vel,0.0,False
1990-08-01,13,117,Industrial_Production:Z6_acc,0.0057,False
1990-08-01,13,117,US_CPI:Z6,0.0731,False
1990-08-01,13,117,US_CPI:Z3,0.0864,False
1990-08-01,13,117,US_CPI:Z12,0.0986,False
1990-08-01,13,117,US_CPI:Z6_vel,0.0005,False
1990-08-01,13,117,US_CPI:Z6_acc,0.0082,False
1990-08-01,13,117,Term_Spread_10Y_2Y:Z6,0.027,False
1990-08-01,13,117,Term_Spread_10Y_2Y:Z3,0.0771,False
1990-08-01,13,117,Term_Spread_10Y_2Y:Z12,0.1911,False
1990-08-01,13,117,Term_Spread_10Y_2Y:Z6_vel,0.057,False
1990-08-01,13,117,Term_Spread_10Y_2Y:Z6_acc,0.0038,False
1990-08-01,13,117,Term_Spread_10Y_3M:Z3,0.037,False
1990-09-01,2,163,Dollar_Index:Z6,0.0256,False
1990-09-01,2,163,Dollar_Index:Z3,0.0,False
1990-09-01,2,163,Dollar_Index:Z12,0.031,False
1990-09-01,2,163,Dollar_Index:Z6_vel,0.0013,False
1990-09-01,2,163,Dollar_Index:Z6_acc,0.0146,False
1990-09-01,2,163,GS10_Rate:Z6,0.0013,False
1990-09-01,2,163,GS10_Rate:Z3,0.0005,False
1990-09-01,2,163,GS10_Rate:Z12,0.0043,False
1990-09-01,2,163,GS10_Rate:Z6_vel,0.0063,False
1990-09-01,2,163,GS10_Rate:Z6_acc,0.0081,False
1990-09-01,2,163,Fed_Funds_Rate:Z6,0.0083,False
1990-09-01,2,163,Fed_Funds_Rate:Z3,0.0073,False
1990-09-01,2,163,Fed_Funds_Rate:Z12,0.0091,False
1990-09-01,2,163,Fed_Funds_Rate:Z6_vel,0.0001,False
1990-09-01,2,163,Fed_Funds_Rate:Z6_acc,0.0021,False
1990-09-01,2,163,US_2Y_Treasury:Z6,0.1176,False
1990-09-01,2,163,US_2Y_Treasury:Z3,0.1633,False
1990-09-01,2,163,US_2Y_Treasury:Z12,0.0388,False
1990-09-01,2,163,US_2Y_Treasury:Z6_vel,0.0008,False
1990-09-01,2,163,US_2Y_Treasury:Z6_acc,0.0413,False
1990-09-01,2,163,Gold_Close:Z6,0.004,False
1990-09-01,2,163,Gold_Close:Z3,0.001,False
1990-09-01,2,163,Gold_Close:Z12,0.0145,False
1990-09-01,2,163,Gold_Close:Z6_vel,0.0016,False
1990-09-01,2,163,Gold_Close:Z6_acc,0.0114,False
1990-09-01,2,163,M2_Money:Z6,0.0013,False
1990-09-01,2,163,M2_Money:Z3,0.0182,False
1990-09-01,2,163,M2_Money:Z12,0.0025,False
1990-09-01,2,163,M2_Money:Z6_vel,0.0036,False
1990-09-01,2,163,M2_Money:Z6_acc,0.006,False
1990-09-01,2,163,Industrial_Production:Z6,0.0071,False
1990-09-01,2,163,Industrial_Production:Z3,0.005,False
1990-09-01,2,163,Industrial_Production:Z12,0.0115,False
1990-09-01,2,163,Industrial_Production:Z6_vel,0.0122,False
1990-09-01,2,163,Industrial_Production:Z6_acc,0.026,False
1990-09-01,2,163,US_CPI:Z6,0.036,False
1990-09-01,2,163,US_CPI:Z3,0.0201,False
1990-09-01,2,163,US_CPI:Z12,0.0452,False
1990-09-01,2,163,US_CPI:Z6_vel,0.0569,False
1990-09-01,2,163,US_CPI:Z6_acc,0.0324,False
1990-09-01,2,163,Term_Spread_10Y_2Y:Z6,0.1433,False
1990-09-01,2,163,Term_Spread_10Y_2Y:Z3,0.0822,False
1990-09-01,2,163,Term_Spread_10Y_2Y:Z12,0.1437,False
1990-09-01,2,163,Term_Spread_10Y_2Y:Z6_vel,0.0358,False
1990-09-01,2,163,Term_Spread_10Y_2Y:Z6_acc,0.0017,False
1990-10-01,2,163,Dollar_Index:Z6,0.0256,False
1990-10-01,2,163,Dollar_Index:Z3,0.0,False
1990-10-01,2,163,Dollar_Index:Z12,0.031,False
1990-10-01,2,163,Dollar_Index:Z6_vel,0.0013,False
1990-10-01,2,163,Dollar_Index:Z6_acc,0.0146,False
1990-10-01,2,163,GS10_Rate:Z6,0.0013,False
1990-10-01,2,163,GS10_Rate:Z3,0.0005,False
1990-10-01,2,163,GS10_Rate:Z12,0.0043,False
1990-10-01,2,163,GS10_Rate:Z6_vel,0.0063,False
1990-10-01,2,163,GS10_Rate:Z6_acc,0.0081,False
1990-10-01,2,163,Fed_Funds_Rate:Z6,0.0083,False
1990-10-01,2,163,Fed_Funds_Rate:Z3,0.0073,False
1990-10-01,2,163,Fed_Funds_Rate:Z12,0.0091,False
1990-10-01,2,163,Fed_Funds_Rate:Z6_vel,0.0001,False
1990-10-01,2,163,Fed_Funds_Rate:Z6_acc,0.0021,False
1990-10-01,2,163,US_2Y_Treasury:Z6,0.1176,False
1990-10-01,2,163,US_2Y_Treasury:Z3,0.1633,False
1990-10-01,2,163,US_2Y_Treasury:Z12,0.0388,False
1990-10-01,2,163,US_2Y_Treasury:Z6_vel,0.0008,False
1990-10-01,2,163,US_2Y_Treasury:Z6_acc,0.0413,False
1990-10-01,2,163,Gold_Close:Z6,0.004,False
1990-10-01,2,163,Gold_Close:Z3,0.001,False
1990-10-01,2,163,Gold_Close:Z12,0.0145,False
1990-10-01,2,163,Gold_Close:Z6_vel,0.0016,False
1990-10-01,2,163,Gold_Close:Z6_acc,0.0114,False
1990-10-01,2,163,M2_Money:Z6,0.0013,False
1990-10-01,2,163,M2_Money:Z3,0.0182,False
1990-10-01,2,163,M2_Money:Z12,0.0025,False
1990-10-01,2,163,M2_Money:Z6_vel,0.0036,False
1990-10-01,2,163,M2_Money:Z6_acc,0.006,False
1990-10-01,2,163,Industrial_Production:Z6,0.0071,False
1990-10-01,2,163,Industrial_Production:Z3,0.005,False
1990-10-01,2,163,Industrial_Production:Z12,0.0115,False
1990-10-01,2,163,Industrial_Production:Z6_vel,0.0122,False
1990-10-01,2,163,Industrial_Production:Z6_acc,0.026,False
1990-10-01,2,163,US_CPI:Z6,0.036,False
1990-10-01,2,163,US_CPI:Z3,0.0201,False
1990-10-01,2,163,US_CPI:Z12,0.0452,False
1990-10-01,2,163,US_CPI:Z6_vel,0.0569,False
1990-10-01,2,163,US_CPI:Z6_acc,0.0324,False
1990-10-01,2,163,Term_Spread_10Y_2Y:Z6,0.1433,False
1990-10-01,2,163,Term_Spread_10Y_2Y:Z3,0.0822,False
1990-10-01,2,163,Term_Spread_10Y_2Y:Z12,0.1437,False
1990-10-01,2,163,Term_Spread_10Y_2Y:Z6_vel,0.0358,False
1990-10-01,2,163,Term_Spread_10Y_2Y:Z6_acc,0.0017,False
1990-11-01,2,164,Dollar_Index:Z6,0.0256,False
1990-11-01,2,164,Dollar_Index:Z3,0.0,False
1990-11-01,2,164,Dollar_Index:Z12,0.031,False
1990-11-01,2,164,Dollar_Index:Z6_vel,0.0013,False
1990-11-01,2,164,Dollar_Index:Z6_acc,0.0146,False
1990-11-01,2,164,GS10_Rate:Z6,0.0015,False
1990-11-01,2,164,GS10_Rate:Z3,0.0006,False
1990-11-01,2,164,GS10_Rate:Z12,0.0048,False
1990-11-01,2,164,GS10_Rate:Z6_vel,0.0061,False
1990-11-01,2,164,GS10_Rate:Z6_acc,0.008,False
1990-11-01,2,164,Fed_Funds_Rate:Z6,0.0083,False
1990-11-01,2,164,Fed_Funds_Rate:Z3,0.0073,False
1990-11-01,2,164,Fed_Funds_Rate:Z12,0.0091,False
1990-11-01,2,164,Fed_Funds_Rate:Z6_vel,0.0001,False
1990-11-01,2,164,Fed_Funds_Rate:Z6_acc,0.0021,False
1990-11-01,2,164,US_2Y_Treasury:Z6,0.1176,False
1990-11-01,2,164,US_2Y_Treasury:Z3,0.1633,False
1990-11-01,2,164,US_2Y_Treasury:Z12,0.0388,False
1990-11-01,2,164,US_2Y_Treasury:Z6_vel,0.0008,False
1990-11-01,2,164,US_2Y_Treasury:Z6_acc,0.0413,False
1990-11-01,2,164,Gold_Close:Z6,0.004,False
1990-11-01,2,164,Gold_Close:Z3,0.001,False
1990-11-01,2,164,Gold_Close:Z12,0.0145,False
1990-11-01,2,164,Gold_Close:Z6_vel,0.0016,False
1990-11-01,2,164,Gold_Close:Z6_acc,0.0114,False
1990-11-01,2,164,M2_Money:Z6,0.0013,False
1990-11-01,2,164,M2_Money:Z3,0.0182,False
1990-11-01,2,164,M2_Money:Z12,0.0025,False
1990-11-01,2,164,M2_Money:Z6_vel,0.0036,False
1990-11-01,2,164,M2_Money:Z6_acc,0.006,False
1990-11-01,2,164,Industrial_Production:Z6,0.0071,False
1990-11-01,2,164,Industrial_Production:Z3,0.005,False
1990-11-01,2,164,Industrial_Production:Z12,0.0115,False
1990-11-01,2,164,Industrial_Production:Z6_vel,0.0122,False
1990-11-01,2,164,Industrial_Production:Z6_acc,0.026,False
1990-11-01,2,164,US_CPI:Z6,0.036,False
1990-11-01,2,164,US_CPI:Z3,0.0201,False
1990-11-01,2,164,US_CPI:Z12,0.0452,False
1990-11-01,2,164,US_CPI:Z6_vel,0.0569,False
1990-11-01,2,164,US_CPI:Z6_acc,0.0324,False
1990-11-01,2,164,Term_Spread_10Y_2Y:Z6,0.1433,False
1990-11-01,2,164,Term_Spread_10Y_2Y:Z3,0.0822,False
1990-11-01,2,164,Term_Spread_10Y_2Y:Z12,0.1437,False
1990-11-01,2,164,Term_Spread_10Y_2Y:Z6_vel,0.0358,False
1990-11-01,2,164,Term_Spread_10Y_2Y:Z6_acc,0.0017,False
1990-12-01,2,165,Dollar_Index:Z6,0.0395,False
1990-12-01,2,165,Dollar_Index:Z3,0.0023,False
1990-12-01,2,165,Dollar_Index:Z12,0.0496,False
1990-12-01,2,165,Dollar_Index:Z6_vel,0.0001,False
1990-12-01,2,165,Dollar_Index:Z6_acc,0.0156,False
1990-12-01,2,165,GS10_Rate:Z6,0.0014,False
1990-12-01,2,165,GS10_Rate:Z3,0.0003,False
1990-12-01,2,165,GS10_Rate:Z12,0.0044,False
1990-12-01,2,165,GS10_Rate:Z6_vel,0.0059,False
1990-12-01,2,165,GS10_Rate:Z6_acc,0.0078,False
1990-12-01,2,165,Fed_Funds_Rate:Z6,0.0074,False
1990-12-01,2,165,Fed_Funds_Rate:Z3,0.0077,False
1990-12-01,2,165,Fed_Funds_Rate:Z12,0.0114,False
1990-12-01,2,165,Fed_Funds_Rate:Z6_vel,0.0002,False
1990-12-01,2,165,Fed_Funds_Rate:Z6_acc,0.0019,False
1990-12-01,2,165,US_2Y_Treasury:Z6,0.0858,False
1990-12-01,2,165,US_2Y_Treasury:Z3,0.133,False
1990-12-01,2,165,US_2Y_Treasury:Z12,0.0188,False
1990-12-01,2,165,US_2Y_Treasury:Z6_vel,0.0008,False
1990-12-01,2,165,US_2Y_Treasury:Z6_acc,0.0353,False
1990-12-01,2,165,Gold_Close:Z6,0.0026,False
1990-12-01,2,165,Gold_Close:Z3,0.0003,False
1990-12-01,2,165,Gold_Close:Z12,0.0117,False
1990-12-01,2,165,Gold_Close:Z6_vel,0.0008,False
1990-12-01,2,165,Gold_Close:Z6_acc,0.0114,False
1990-12-01,2,165,M2_Money:Z6,0.0032,False
1990-12-01,2,165,M2_Money:Z3,0.0237,False
1990-12-01,2,165,M2_Money:Z12,0.0046,False
1990-12-01,2,165,M2_Money:Z6_vel,0.0032,False
1990-12-01,2,165,M2_Money:Z6_acc,0.007,False
1990-12-01,2,165,Industrial_Production:Z6,0.0067,False
1990-12-01,2,165,Industrial_Production:Z3,0.0049,False
1990-12-01,2,165,Industrial_Production:Z12,0.0122,False
1990-12-01,2,165,Industrial_Production:Z6_vel,0.0113,False
1990-12-01,2,165,Industrial_Production:Z6_acc,0.0248,False
1990-12-01,2,165,US_CPI:Z6,0.0377,False
1990-12-01,2,165,US_CPI:Z3,0.0212,False
1990-12-01,2,165,US_CPI:Z12,0.0467,False
1990-12-01,2,165,US_CPI:Z6_vel,0.0454,False
1990-12-01,2,165,US_CPI:Z6_acc,0.0233,False
1990-12-01,2,165,Term_Spread_10Y_2Y:Z6,0.0914,False
1990-12-01,2,165,Term_Spread_10Y_2Y:Z3,0.0467,False
1990-12-01,2,165,Term_Spread_10Y_2Y:Z12,0.0764,False
1990-12-01,2,165,Term_Spread_10Y_2Y:Z6_vel,0.0182,False
1990-12-01,2,165,Term_Spread_10Y_2Y:Z6_acc,0.0035,False
1991-01-01,2,166,Dollar_Index:Z6,0.0603,False
1991-01-01,2,166,Dollar_Index:Z3,0.0087,False
1991-01-01,2,166,Dollar_Index:Z12,0.0674,False
1991-01-01,2,166,Dollar_Index:Z6_vel,0.0004,False
1991-01-01,2,166,Dollar_Index:Z6_acc,0.0173,False
1991-01-01,2,166,GS10_Rate:Z6,0.0017,False
1991-01-01,2,166,GS10_Rate:Z3,0.0002,False
1991-01-01,2,166,GS10_Rate:Z12,0.004,False
1991-01-01,2,166,GS10_Rate:Z6_vel,0.0068,False
1991-01-01,2,166,GS10_Rate:Z6_acc,0.0087,False
1991-01-01,2,166,Fed_Funds_Rate:Z6,0.0065,False
1991-01-01,2,166,Fed_Funds_Rate:Z3,0.0081,False
1991-01-01,2,166,Fed_Funds_Rate:Z12,0.0138,False
1991-01-01,2,166,Fed_Funds_Rate:Z6_vel,0.0003,False
1991-01-01,2,166,Fed_Funds_Rate:Z6_acc,0.0019,False
1991-01-01,2,166,US_2Y_Treasury:Z6,0.0578,False
1991-01-01,2,166,US_2Y_Treasury:Z3,0.1089,False
1991-01-01,2,166,US_2Y_Treasury:Z12,0.0079,False
1991-01-01,2,166,US_2Y_Treasury:Z6_vel,0.0009,False
1991-01-01,2,166,US_2Y_Treasury:Z6_acc,0.0323,False
1991-01-01,2,166,Gold_Close:Z6,0.0019,False
1991-01-01,2,166,Gold_Close:Z3,0.0002,False
1991-01-01,2,166,Gold_Close:Z12,0.009,False
1991-01-01,2,166,Gold_Close:Z6_vel,0.0004,False
1991-01-01,2,166,Gold_Close:Z6_acc,0.0104,False
1991-01-01,2,166,M2_Money:Z6,0.0055,False
1991-01-01,2,166,M2_Money:Z3,0.0263,False
1991-01-01,2,166,M2_Money:Z12,0.0073,False
1991-01-01,2,166,M2_Money:Z6_vel,0.0016,False
1991-01-01,2,166,M2_Money:Z6_acc,0.0093,False
1991-01-01,2,166,Industrial_Production:Z6,0.0062,False
1991-01-01,2,166,Industrial_Production:Z3,0.0048,False
1991-01-01,2,166,Industrial_Production:Z12,0.0131,False
1991-01-01,2,166,Industrial_Production:Z6_vel,0.0111,False
1991-01-01,2,166,Industrial_Production:Z6_acc,0.025,False
1991-01-01,2,166,US_CPI:Z6,0.0382,False
1991-01-01,2,166,US_CPI:Z3,0.0196,False
1991-01-01,2,166,US_CPI:Z12,0.0468,False
1991-01-01,2,166,US_CPI:Z6_vel,0.051,False
1991-01-01,2,166,US_CPI:Z6_acc,0.0305,False
1991-01-01,2,166,Term_Spread_10Y_2Y:Z6,0.0572,False
1991-01-01,2,166,Term_Spread_10Y_2Y:Z3,0.027,False
1991-01-01,2,166,Term_Spread_10Y_2Y:Z12,0.0383,False
1991-01-01,2,166,Term_Spread_10Y_2Y:Z6_vel,0.0176,False
1991-01-01,2,166,Term_Spread_10Y_2Y:Z6_acc,0.0008,False
1991-03-01,25,81,Dollar_Index:Z6,0.0129,False
1991-03-01,25,81,Dollar_Index:Z3,0.0413,False
1991-03-01,25,81,Dollar_Index:Z12,0.0005,False
1991-03-01,25,81,Dollar_Index:Z6_vel,0.028,False
1991-03-01,25,81,Dollar_Index:Z6_acc,0.0106,False
1991-03-01,25,81,GS10_Rate:Z6,0.0822,False
1991-03-01,25,81,GS10_Rate:Z3,0.0119,False
1991-03-01,25,81,GS10_Rate:Z12,0.0477,False
1991-03-01,25,81,GS10_Rate:Z6_vel,0.0012,False
1991-03-01,25,81,GS10_Rate:Z6_acc,0.0193,False
1991-03-01,25,81,Fed_Funds_Rate:Z6,0.1307,False
1991-03-01,25,81,Fed_Funds_Rate:Z3,0.1363,False
1991-03-01,25,81,Fed_Funds_Rate:Z12,0.0094,False
1991-03-01,25,81,Fed_Funds_Rate:Z6_vel,0.1711,False
1991-03-01,25,81,Fed_Funds_Rate:Z6_acc,0.0067,False
1991-03-01,25,81,US_2Y_Treasury:Z6,0.353,True
1991-03-01,25,81,US_2Y_Treasury:Z3,0.0482,False
1991-03-01,25,81,US_2Y_Treasury:Z12,0.1267,False
1991-03-01,25,81,US_2Y_Treasury:Z6_vel,0.0848,False
1991-03-01,25,81,US_2Y_Treasury:Z6_acc,0.0317,False
1991-03-01,25,81,Gold_Close:Z6,0.1839,False
1991-03-01,25,81,Gold_Close:Z3,0.2009,True
1991-03-01,25,81,Gold_Close:Z12,0.0308,False
1991-03-01,25,81,Gold_Close:Z6_vel,0.0114,False
1991-03-01,25,81,Gold_Close:Z6_acc,0.005,False
1991-03-01,25,81,M2_Money:Z6,0.019,False
1991-03-01,25,81,M2_Money:Z3,0.0034,False
1991-03-01,25,81,M2_Money:Z12,0.0018,False
1991-03-01,25,81,M2_Money:Z6_vel,0.0,False
1991-03-01,25,81,M2_Money:Z6_acc,0.0016,False
1991-03-01,25,81,Industrial_Production:Z6,0.0001,False
1991-03-01,25,81,Industrial_Production:Z3,0.0337,False
1991-03-01,25,81,Industrial_Production:Z12,0.0361,False
1991-03-01,25,81,Industrial_Production:Z6_vel,0.0608,False
1991-03-01,25,81,Industrial_Production:Z6_acc,0.0066,False
1991-03-01,25,81,US_CPI:Z6,0.0505,False
1991-03-01,25,81,US_CPI:Z3,0.0475,False
1991-03-01,25,81,US_CPI:Z12,0.1025,False
1991-03-01,25,81,US_CPI:Z6_vel,0.0321,False
1991-03-01,25,81,US_CPI:Z6_acc,0.0013,False
1991-03-01,25,81,Term_Spread_10Y_2Y:Z6,0.2541,True
1991-03-01,25,81,Term_Spread_10Y_2Y:Z3,0.1187,False
1991-03-01,25,81,Term_Spread_10Y_2Y:Z12,0.051,False
1991-03-01,25,81,Term_Spread_10Y_2Y:Z6_vel,0.2842,True
1991-03-01,25,81,Term_Spread_10Y_2Y:Z6_acc,0.0047,False
1991-04-01,25,81,Dollar_Index:Z6,0.0129,False
1991-04-01,25,81,Dollar_Index:Z3,0.0413,False
1991-04-01,25,81,Dollar_Index:Z12,0.0005,False
1991-04-01,25,81,Dollar_Index:Z6_vel,0.028,False
1991-04-01,25,81,Dollar_Index:Z6_acc,0.0106,False
1991-04-01,25,81,GS10_Rate:Z6,0.0822,False
1991-04-01,25,81,GS10_Rate:Z3,0.0119,False
1991-04-01,25,81,GS10_Rate:Z12,0.0477,False
1991-04-01,25,81,GS10_Rate:Z6_vel,0.0012,False
1991-04-01,25,81,GS10_Rate:Z6_acc,0.0193,False
1991-04-01,25,81,Fed_Funds_Rate:Z6,0.1307,False
1991-04-01,25,81,Fed_Funds_Rate:Z3,0.1363,False
1991-04-01,25,81,Fed_Funds_Rate:Z12,0.0094,False
1991-04-01,25,81,Fed_Funds_Rate:Z6_vel,0.1711,False
1991-04-01,25,81,Fed_Funds_Rate:Z6_acc,0.0067,False
1991-04-01,25,81,US_2Y_Treasury:Z6,0.353,True
1991-04-01,25,81,US_2Y_Treasury:Z3,0.0482,False
1991-04-01,25,81,US_2Y_Treasury:Z12,0.1267,False
1991-04-01,25,81,US_2Y_Treasury:Z6_vel,0.0848,False
1991-04-01,25,81,US_2Y_Treasury:Z6_acc,0.0317,False
1991-04-01,25,81,Gold_Close:Z6,0.1839,False
1991-04-01,25,81,Gold_Close:Z3,0.2009,True
1991-04-01,25,81,Gold_Close:Z12,0.0308,False
1991-04-01,25,81,Gold_Close:Z6_vel,0.0114,False
1991-04-01,25,81,Gold_Close:Z6_acc,0.005,False
1991-04-01,25,81,M2_Money:Z6,0.019,False
1991-04-01,25,81,M2_Money:Z3,0.0034,False
1991-04-01,25,81,M2_Money:Z12,0.0018,False
1991-04-01,25,81,M2_Money:Z6_vel,0.0,False
1991-04-01,25,81,M2_Money:Z6_acc,0.0016,False
1991-04-01,25,81,Industrial_Production:Z6,0.0001,False
1991-04-01,25,81,Industrial_Production:Z3,0.0337,False
1991-04-01,25,81,Industrial_Production:Z12,0.0361,False
1991-04-01,25,81,Industrial_Production:Z6_vel,0.0608,False
1991-04-01,25,81,Industrial_Production:Z6_acc,0.0066,False
1991-04-01,25,81,US_CPI:Z6,0.0505,False
1991-04-01,25,81,US_CPI:Z3,0.0475,False
1991-04-01,25,81,US_CPI:Z12,0.1025,False
1991-04-01,25,81,US_CPI:Z6_vel,0.0321,False
1991-04-01,25,81,US_CPI:Z6_acc,0.0013,False
1991-04-01,25,81,Term_Spread_10Y_2Y:Z6,0.2541,True
1991-04-01,25,81,Term_Spread_10Y_2Y:Z3,0.1187,False
1991-04-01,25,81,Term_Spread_10Y_2Y:Z12,0.051,False
1991-04-01,25,81,Term_Spread_10Y_2Y:Z6_vel,0.2842,True
1991-04-01,25,81,Term_Spread_10Y_2Y:Z6_acc,0.0047,False
1991-05-01,25,81,Dollar_Index:Z6,0.0129,False
1991-05-01,25,81,Dollar_Index:Z3,0.0413,False
1991-05-01,25,81,Dollar_Index:Z12,0.0005,False
1991-05-01,25,81,Dollar_Index:Z6_vel,0.028,False
1991-05-01,25,81,Dollar_Index:Z6_acc,0.0106,False
1991-05-01,25,81,GS10_Rate:Z6,0.0822,False
1991-05-01,25,81,GS10_Rate:Z3,0.0119,False
1991-05-01,25,81,GS10_Rate:Z12,0.0477,False
1991-05-01,25,81,GS10_Rate:Z6_vel,0.0012,False
1991-05-01,25,81,GS10_Rate:Z6_acc,0.0193,False
1991-05-01,25,81,Fed_Funds_Rate:Z6,0.1307,False
1991-05-01,25,81,Fed_Funds_Rate:Z3,0.1363,False
1991-05-01,25,81,Fed_Funds_Rate:Z12,0.0094,False
1991-05-01,25,81,Fed_Funds_Rate:Z6_vel,0.1711,False
1991-05-01,25,81,Fed_Funds_Rate:Z6_acc,0.0067,False
1991-05-01,25,81,US_2Y_Treasury:Z6,0.353,True
1991-05-01,25,81,US_2Y_Treasury:Z3,0.0482,False
1991-05-01,25,81,US_2Y_Treasury:Z12,0.1267,False
1991-05-01,25,81,US_2Y_Treasury:Z6_vel,0.0848,False
1991-05-01,25,81,US_2Y_Treasury:Z6_acc,0.0317,False
1991-05-01,25,81,Gold_Close:Z6,0.1839,False
1991-05-01,25,81,Gold_Close:Z3,0.2009,True
1991-05-01,25,81,Gold_Close:Z12,0.0308,False
1991-05-01,25,81,Gold_Close:Z6_vel,0.0114,False
1991-05-01,25,81,Gold_Close:Z6_acc,0.005,False
1991-05-01,25,81,M2_Money:Z6,0.019,False
1991-05-01,25,81,M2_Money:Z3,0.0034,False
1991-05-01,25,81,M2_Money:Z12,0.0018,False
1991-05-01,25,81,M2_Money:Z6_vel,0.0,False
1991-05-01,25,81,M2_Money:Z6_acc,0.0016,False
1991-05-01,25,81,Industrial_Production:Z6,0.0001,False
1991-05-01,25,81,Industrial_Production:Z3,0.0337,False
1991-05-01,25,81,Industrial_Production:Z12,0.0361,False
1991-05-01,25,81,Industrial_Production:Z6_vel,0.0608,False
1991-05-01,25,81,Industrial_Production:Z6_acc,0.0066,False
1991-05-01,25,81,US_CPI:Z6,0.0505,False
1991-05-01,25,81,US_CPI:Z3,0.0475,False
1991-05-01,25,81,US_CPI:Z12,0.1025,False
1991-05-01,25,81,US_CPI:Z6_vel,0.0321,False
1991-05-01,25,81,US_CPI:Z6_acc,0.0013,False
1991-05-01,25,81,Term_Spread_10Y_2Y:Z6,0.2541,True
1991-05-01,25,81,Term_Spread_10Y_2Y:Z3,0.1187,False
1991-05-01,25,81,Term_Spread_10Y_2Y:Z12,0.051,False
1991-05-01,25,81,Term_Spread_10Y_2Y:Z6_vel,0.2842,True
1991-05-01,25,81,Term_Spread_10Y_2Y:Z6_acc,0.0047,False
1991-06-01,25,82,Dollar_Index:Z6,0.0142,False
1991-06-01,25,82,Dollar_Index:Z3,0.0354,False
1991-06-01,25,82,Dollar_Index:Z12,0.0028,False
1991-06-01,25,82,Dollar_Index:Z6_vel,0.0192,False
1991-06-01,25,82,Dollar_Index:Z6_acc,0.0115,False
1991-06-01,25,82,GS10_Rate:Z6,0.0836,False
1991-06-01,25,82,GS10_Rate:Z3,0.0114,False
1991-06-01,25,82,GS10_Rate:Z12,0.0471,False
1991-06-01,25,82,GS10_Rate:Z6_vel,0.0011,False
1991-06-01,25,82,GS10_Rate:Z6_acc,0.022,False
1991-06-01,25,82,Fed_Funds_Rate:Z6,0.1315,False
1991-06-01,25,82,Fed_Funds_Rate:Z3,0.1402,False
1991-06-01,25,82,Fed_Funds_Rate:Z12,0.0087,False
1991-06-01,25,82,Fed_Funds_Rate:Z6_vel,0.1746,False
1991-06-01,25,82,Fed_Funds_Rate:Z6_acc,0.0063,False
1991-06-01,25,82,US_2Y_Treasury:Z6,0.3401,True
1991-06-01,25,82,US_2Y_Treasury:Z3,0.0473,False
1991-06-01,25,82,US_2Y_Treasury:Z12,0.117,False
1991-06-01,25,82,US_2Y_Treasury:Z6_vel,0.0866,False
1991-06-01,25,82,US_2Y_Treasury:Z6_acc,0.033,False
1991-06-01,25,82,Gold_Close:Z6,0.1561,False
1991-06-01,25,82,Gold_Close:Z3,0.1788,False
1991-06-01,25,82,Gold_Close:Z12,0.0232,False
1991-06-01,25,82,Gold_Close:Z6_vel,0.012,False
1991-06-01,25,82,Gold_Close:Z6_acc,0.0025,False
1991-06-01,25,82,M2_Money:Z6,0.0264,False
1991-06-01,25,82,M2_Money:Z3,0.0068,False
1991-06-01,25,82,M2_Money:Z12,0.0,False
1991-06-01,25,82,M2_Money:Z6_vel,0.0,False
1991-06-01,25,82,M2_Money:Z6_acc,0.0022,False
1991-06-01,25,82,Industrial_Production:Z6,0.0001,False
1991-06-01,25,82,Industrial_Production:Z3,0.0356,False
1991-06-01,25,82,Industrial_Production:Z12,0.0384,False
1991-06-01,25,82,Industrial_Production:Z6_vel,0.0633,False
1991-06-01,25,82,Industrial_Production:Z6_acc,0.0063,False
1991-06-01,25,82,US_CPI:Z6,0.0466,False
1991-06-01,25,82,US_CPI:Z3,0.0468,False
1991-06-01,25,82,US_CPI:Z12,0.1013,False
1991-06-01,25,82,US_CPI:Z6_vel,0.0338,False
1991-06-01,25,82,US_CPI:Z6_acc,0.0017,False
1991-06-01,25,82,Term_Spread_10Y_2Y:Z6,0.2445,True
1991-06-01,25,82,Term_Spread_10Y_2Y:Z3,0.1277,False
1991-06-01,25,82,Term_Spread_10Y_2Y:Z12,0.0581,False
1991-06-01,25,82,Term_Spread_10Y_2Y:Z6_vel,0.2702,True
1991-06-01,25,82,Term_Spread_10Y_2Y:Z6_acc,0.0028,False
1991-07-01,25,83,Dollar_Index:Z6,0.0077,False
1991-07-01,25,83,Dollar_Index:Z3,0.0136,False
1991-07-01,25,83,Dollar_Index:Z12,0.0049,False
1991-07-01,25,83,Dollar_Index:Z6_vel,0.0066,False
1991-07-01,25,83,Dollar_Index:Z6_acc,0.0146,False
1991-07-01,25,83,GS10_Rate:Z6,0.0846,False
1991-07-01,25,83,GS10_Rate:Z3,0.0112,False
1991-07-01,25,83,GS10_Rate:Z12,0.0473,False
1991-07-01,25,83,GS10_Rate:Z6_vel,0.0011,False
1991-07-01,25,83,GS10_Rate:Z6_acc,0.0214,False
1991-07-01,25,83,Fed_Funds_Rate:Z6,0.1326,False
1991-07-01,25,83,Fed_Funds_Rate:Z3,0.1432,False
1991-07-01,25,83,Fed_Funds_Rate:Z12,0.0083,False
1991-07-01,25,83,Fed_Funds_Rate:Z6_vel,0.1775,False
1991-07-01,25,83,Fed_Funds_Rate:Z6_acc,0.0063,False
1991-07-01,25,83,US_2Y_Treasury:Z6,0.3281,True
1991-07-01,25,83,US_2Y_Treasury:Z3,0.0463,False
1991-07-01,25,83,US_2Y_Treasury:Z12,0.1109,False
1991-07-01,25,83,US_2Y_Treasury:Z6_vel,0.09,False
1991-07-01,25,83,US_2Y_Treasury:Z6_acc,0.0303,False
1991-07-01,25,83,Gold_Close:Z6,0.1341,False
1991-07-01,25,83,Gold_Close:Z3,0.1539,False
1991-07-01,25,83,Gold_Close:Z12,0.0181,False
1991-07-01,25,83,Gold_Close:Z6_vel,0.0126,False
1991-07-01,25,83,Gold_Close:Z6_acc,0.0023,False
1991-07-01,25,83,M2_Money:Z6,0.0338,False
1991-07-01,25,83,M2_Money:Z3,0.0097,False
1991-07-01,25,83,M2_Money:Z12,0.0005,False
1991-07-01,25,83,M2_Money:Z6_vel,0.0002,False
1991-07-01,25,83,M2_Money:Z6_acc,0.0015,False
1991-07-01,25,83,Industrial_Production:Z6,0.0001,False
1991-07-01,25,83,Industrial_Production:Z3,0.0371,False
1991-07-01,25,83,Industrial_Production:Z12,0.0401,False
1991-07-01,25,83,Industrial_Production:Z6_vel,0.0668,False
1991-07-01,25,83,Industrial_Production:Z6_acc,0.007,False
1991-07-01,25,83,US_CPI:Z6,0.0462,False
1991-07-01,25,83,US_CPI:Z3,0.0474,False
1991-07-01,25,83,US_CPI:Z12,0.101,False
1991-07-01,25,83,US_CPI:Z6_vel,0.0266,False
1991-07-01,25,83,US_CPI:Z6_acc,0.0005,False
1991-07-01,25,83,Term_Spread_10Y_2Y:Z6,0.2409,True
1991-07-01,25,83,Term_Spread_10Y_2Y:Z3,0.1347,False
1991-07-01,25,83,Term_Spread_10Y_2Y:Z12,0.0668,False
1991-07-01,25,83,Term_Spread_10Y_2Y:Z6_vel,0.2801,True
1991-07-01,25,83,Term_Spread_10Y_2Y:Z6_acc,0.0063,False
1991-08-01,13,119,Dollar_Index:Z6,0.0128,False
1991-08-01,13,119,Dollar_Index:Z3,0.0153,False
1991-08-01,13,119,Dollar_Index:Z12,0.0938,False
1991-08-01,13,119,Dollar_Index:Z6_vel,0.0286,False
1991-08-01,13,119,Dollar_Index:Z6_acc,0.0082,False
1991-08-01,13,119,GS10_Rate:Z6,0.0219,False
1991-08-01,13,119,GS10_Rate:Z3,0.0173,False
1991-08-01,13,119,GS10_Rate:Z12,0.0005,False
1991-08-01,13,119,GS10_Rate:Z6_vel,0.0435,False
1991-08-01,13,119,GS10_Rate:Z6_acc,0.0004,False
1991-08-01,13,119,Fed_Funds_Rate:Z6,0.0146,False
1991-08-01,13,119,Fed_Funds_Rate:Z3,0.0243,False
1991-08-01,13,119,Fed_Funds_Rate:Z12,0.0772,False
1991-08-01,13,119,Fed_Funds_Rate:Z6_vel,0.0268,False
1991-08-01,13,119,Fed_Funds_Rate:Z6_acc,0.0038,False
1991-08-01,13,119,US_2Y_Treasury:Z6,0.0607,False
1991-08-01,13,119,US_2Y_Treasury:Z3,0.0692,False
1991-08-01,13,119,US_2Y_Treasury:Z12,0.0615,False
1991-08-01,13,119,US_2Y_Treasury:Z6_vel,0.0691,False
1991-08-01,13,119,US_2Y_Treasury:Z6_acc,0.0014,False
1991-08-01,13,119,Gold_Close:Z6,0.0603,False
1991-08-01,13,119,Gold_Close:Z3,0.0089,False
1991-08-01,13,119,Gold_Close:Z12,0.084,False
1991-08-01,13,119,Gold_Close:Z6_vel,0.0019,False
1991-08-01,13,119,Gold_Close:Z6_acc,0.0024,False
1991-08-01,13,119,M2_Money:Z6,0.1303,False
1991-08-01,13,119,M2_Money:Z3,0.1227,False
1991-08-01,13,119,M2_Money:Z12,0.273,True
1991-08-01,13,119,M2_Money:Z6_vel,0.0181,False
1991-08-01,13,119,M2_Money:Z6_acc,0.0017,False
1991-08-01,13,119,Industrial_Production:Z6,0.0091,False
1991-08-01,13,119,Industrial_Production:Z3,0.0005,False
1991-08-01,13,119,Industrial_Production:Z12,0.028,False
1991-08-01,13,119,Industrial_Production:Z6_vel,0.0,False
1991-08-01,13,119,Industrial_Production:Z6_acc,0.0059,False
1991-08-01,13,119,US_CPI:Z6,0.0594,False
1991-08-01,13,119,US_CPI:Z3,0.0884,False
1991-08-01,13,119,US_CPI:Z12,0.1031,False
1991-08-01,13,119,US_CPI:Z6_vel,0.0008,False
1991-08-01,13,119,US_CPI:Z6_acc,0.0073,False
1991-08-01,13,119,Term_Spread_10Y_2Y:Z6,0.027,False
1991-08-01,13,119,Term_Spread_10Y_2Y:Z3,0.0806,False
1991-08-01,13,119,Term_Spread_10Y_2Y:Z12,0.2239,True
1991-08-01,13,119,Term_Spread_10Y_2Y:Z6_vel,0.0542,False
1991-08-01,13,119,Term_Spread_10Y_2Y:Z6_acc,0.0003,False
1991-08-01,13,119,Term_Spread_10Y_3M:Z6,0.0086,False
1991-08-01,13,119,Term_Spread_10Y_3M:Z3,0.0333,False
1991-08-01,13,119,Term_Spread_10Y_3M:Z12,0.0265,False
1991-08-01,13,119,Term_Spread_10Y_3M:Z6_vel,0.0944,False
1991-08-01,13,119,Term_Spread_10Y_3M:Z6_acc,0.096,False
1991-09-01,13,118,Dollar_Index:Z6,0.0128,False
1991-09-01,13,118,Dollar_Index:Z3,0.0153,False
1991-09-01,13,118,Dollar_Index:Z12,0.0938,False
1991-09-01,13,118,Dollar_Index:Z6_vel,0.0286,False
1991-09-01,13,118,Dollar_Index:Z6_acc,0.0082,False
1991-09-01,13,118,GS10_Rate:Z6,0.0217,False
1991-09-01,13,118,GS10_Rate:Z3,0.017,False
1991-09-01,13,118,GS10_Rate:Z12,0.0004,False
1991-09-01,13,118,GS10_Rate:Z6_vel,0.0434,False
1991-09-01,13,118,GS10_Rate:Z6_acc,0.0004,False
1991-09-01,13,118,Fed_Funds_Rate:Z6,0.0146,False
1991-09-01,13,118,Fed_Funds_Rate:Z3,0.0243,False
1991-09-01,13,118,Fed_Funds_Rate:Z12,0.0772,False
1991-09-01,13,118,Fed_Funds_Rate:Z6_vel,0.0268,False
1991-09-01,13,118,Fed_Funds_Rate:Z6_acc,0.0038,False
1991-09-01,13,118,US_2Y_Treasury:Z6,0.0607,False
1991-09-01,13,118,US_2Y_Treasury:Z3,0.0692,False
1991-09-01,13,118,US_2Y_Treasury:Z12,0.0615,False
1991-09-01,13,118,US_2Y_Treasury:Z6_vel,0.0691,False
1991-09-01,13,118,US_2Y_Treasury:Z6_acc,0.0014,False
1991-09-01,13,118,Gold_Close:Z6,0.0603,False
1991-09-01,13,118,Gold_Close:Z3,0.0089,False
1991-09-01,13,118,Gold_Close:Z12,0.084,False
1991-09-01,13,118,Gold_Close:Z6_vel,0.0019,False
1991-09-01,13,118,Gold_Close:Z6_acc,0.0024,False
1991-09-01,13,118,M2_Money:Z6,0.1303,False
1991-09-01,13,118,M2_Money:Z3,0.1227,False
1991-09-01,13,118,M2_Money:Z12,0.273,True
1991-09-01,13,118,M2_Money:Z6_vel,0.0181,False
1991-09-01,13,118,M2_Money:Z6_acc,0.0017,False
1991-09-01,13,118,Industrial_Production:Z6,0.0091,False
1991-09-01,13,118,Industrial_Production:Z3,0.0005,False
1991-09-01,13,118,Industrial_Production:Z12,0.028,False
1991-09-01,13,118,Industrial_Production:Z6_vel,0.0,False
1991-09-01,13,118,Industrial_Production:Z6_acc,0.0059,False
1991-09-01,13,118,US_CPI:Z6,0.0594,False
1991-09-01,13,118,US_CPI:Z3,0.0884,False
1991-09-01,13,118,US_CPI:Z12,0.1031,False
1991-09-01,13,118,US_CPI:Z6_vel,0.0008,False
1991-09-01,13,118,US_CPI:Z6_acc,0.0073,False
1991-09-01,13,118,Term_Spread_10Y_2Y:Z6,0.027,False
1991-09-01,13,118,Term_Spread_10Y_2Y:Z3,0.0806,False
1991-09-01,13,118,Term_Spread_10Y_2Y:Z12,0.2239,True
1991-09-01,13,118,Term_Spread_10Y_2Y:Z6_vel,0.0542,False
1991-09-01,13,118,Term_Spread_10Y_2Y:Z6_acc,0.0003,False
1991-09-01,13,118,Term_Spread_10Y_3M:Z6,0.0086,False
1991-09-01,13,118,Term_Spread_10Y_3M:Z3,0.0333,False
1991-09-01,13,118,Term_Spread_10Y_3M:Z12,0.0265,False
1991-09-01,13,118,Term_Spread_10Y_3M:Z6_vel,0.0944,False
1991-09-01,13,118,Term_Spread_10Y_3M:Z6_acc,0.096,False
1991-10-01,13,118,Dollar_Index:Z6,0.0128,False
1991-10-01,13,118,Dollar_Index:Z3,0.0153,False
1991-10-01,13,118,Dollar_Index:Z12,0.0938,False
1991-10-01,13,118,Dollar_Index:Z6_vel,0.0286,False
1991-10-01,13,118,Dollar_Index:Z6_acc,0.0082,False
1991-10-01,13,118,GS10_Rate:Z6,0.0217,False
1991-10-01,13,118,GS10_Rate:Z3,0.017,False
1991-10-01,13,118,GS10_Rate:Z12,0.0004,False
1991-10-01,13,118,GS10_Rate:Z6_vel,0.0434,False
1991-10-01,13,118,GS10_Rate:Z6_acc,0.0004,False
1991-10-01,13,118,Fed_Funds_Rate:Z6,0.0146,False
1991-10-01,13,118,Fed_Funds_Rate:Z3,0.0243,False
1991-10-01,13,118,Fed_Funds_Rate:Z12,0.0772,False
1991-10-01,13,118,Fed_Funds_Rate:Z6_vel,0.0268,False
1991-10-01,13,118,Fed_Funds_Rate:Z6_acc,0.0038,False
1991-10-01,13,118,US_2Y_Treasury:Z6,0.0607,False
1991-10-01,13,118,US_2Y_Treasury:Z3,0.0692,False
1991-10-01,13,118,US_2Y_Treasury:Z12,0.0615,False
1991-10-01,13,118,US_2Y_Treasury:Z6_vel,0.0691,False
1991-10-01,13,118,US_2Y_Treasury:Z6_acc,0.0014,False
1991-10-01,13,118,Gold_Close:Z6,0.0603,False
1991-10-01,13,118,Gold_Close:Z3,0.0089,False
1991-10-01,13,118,Gold_Close:Z12,0.084,False
1991-10-01,13,118,Gold_Close:Z6_vel,0.0019,False
1991-10-01,13,118,Gold_Close:Z6_acc,0.0024,False
1991-10-01,13,118,M2_Money:Z6,0.1303,False
1991-10-01,13,118,M2_Money:Z3,0.1227,False
1991-10-01,13,118,M2_Money:Z12,0.273,True
1991-10-01,13,118,M2_Money:Z6_vel,0.0181,False
1991-10-01,13,118,M2_Money:Z6_acc,0.0017,False
1991-10-01,13,118,Industrial_Production:Z6,0.0091,False
1991-10-01,13,118,Industrial_Production:Z3,0.0005,False
1991-10-01,13,118,Industrial_Production:Z12,0.028,False
1991-10-01,13,118,Industrial_Production:Z6_vel,0.0,False
1991-10-01,13,118,Industrial_Production:Z6_acc,0.0059,False
1991-10-01,13,118,US_CPI:Z6,0.0594,False
1991-10-01,13,118,US_CPI:Z3,0.0884,False
1991-10-01,13,118,US_CPI:Z12,0.1031,False
1991-10-01,13,118,US_CPI:Z6_vel,0.0008,False
1991-10-01,13,118,US_CPI:Z6_acc,0.0073,False
1991-10-01,13,118,Term_Spread_10Y_2Y:Z6,0.027,False
1991-10-01,13,118,Term_Spread_10Y_2Y:Z3,0.0806,False
1991-10-01,13,118,Term_Spread_10Y_2Y:Z12,0.2239,True
1991-10-01,13,118,Term_Spread_10Y_2Y:Z6_vel,0.0542,False
1991-10-01,13,118,Term_Spread_10Y_2Y:Z6_acc,0.0003,False
1991-10-01,13,118,Term_Spread_10Y_3M:Z6,0.0086,False
1991-10-01,13,118,Term_Spread_10Y_3M:Z3,0.0333,False
1991-10-01,13,118,Term_Spread_10Y_3M:Z12,0.0265,False
1991-10-01,13,118,Term_Spread_10Y_3M:Z6_vel,0.0944,False
1991-10-01,13,118,Term_Spread_10Y_3M:Z6_acc,0.096,False
1991-11-01,13,119,Dollar_Index:Z6,0.0342,False
1991-11-01,13,119,Dollar_Index:Z3,0.0206,False
1991-11-01,13,119,Dollar_Index:Z12,0.1011,False
1991-11-01,13,119,Dollar_Index:Z6_vel,0.0302,False
1991-11-01,13,119,Dollar_Index:Z6_acc,0.0036,False
1991-11-01,13,119,GS10_Rate:Z6,0.0221,False
1991-11-01,13,119,GS10_Rate:Z3,0.0163,False
1991-11-01,13,119,GS10_Rate:Z12,0.0001,False
1991-11-01,13,119,GS10_Rate:Z6_vel,0.0412,False
1991-11-01,13,119,GS10_Rate:Z6_acc,0.0002,False
1991-11-01,13,119,Fed_Funds_Rate:Z6,0.0138,False
1991-11-01,13,119,Fed_Funds_Rate:Z3,0.0266,False
1991-11-01,13,119,Fed_Funds_Rate:Z12,0.0651,False
1991-11-01,13,119,Fed_Funds_Rate:Z6_vel,0.0333,False
1991-11-01,13,119,Fed_Funds_Rate:Z6_acc,0.0044,False
1991-11-01,13,119,US_2Y_Treasury:Z6,0.058,False
1991-11-01,13,119,US_2Y_Treasury:Z3,0.0725,False
1991-11-01,13,119,US_2Y_Treasury:Z12,0.0476,False
1991-11-01,13,119,US_2Y_Treasury:Z6_vel,0.0658,False
1991-11-01,13,119,US_2Y_Treasury:Z6_acc,0.0039,False
1991-11-01,13,119,Gold_Close:Z6,0.0571,False
1991-11-01,13,119,Gold_Close:Z3,0.0083,False
1991-11-01,13,119,Gold_Close:Z12,0.0912,False
1991-11-01,13,119,Gold_Close:Z6_vel,0.0028,False
1991-11-01,13,119,Gold_Close:Z6_acc,0.0028,False
1991-11-01,13,119,M2_Money:Z6,0.1537,False
1991-11-01,13,119,M2_Money:Z3,0.1478,False
1991-11-01,13,119,M2_Money:Z12,0.3108,True
1991-11-01,13,119,M2_Money:Z6_vel,0.0176,False
1991-11-01,13,119,M2_Money:Z6_acc,0.0035,False
1991-11-01,13,119,Industrial_Production:Z6,0.0082,False
1991-11-01,13,119,Industrial_Production:Z3,0.0002,False
1991-11-01,13,119,Industrial_Production:Z12,0.0263,False
1991-11-01,13,119,Industrial_Production:Z6_vel,0.0,False
1991-11-01,13,119,Industrial_Production:Z6_acc,0.0066,False
1991-11-01,13,119,US_CPI:Z6,0.0697,False
1991-11-01,13,119,US_CPI:Z3,0.0941,False
1991-11-01,13,119,US_CPI:Z12,0.1104,False
1991-11-01,13,119,US_CPI:Z6_vel,0.0008,False
1991-11-01,13,119,US_CPI:Z6_acc,0.0051,False
1991-11-01,13,119,Term_Spread_10Y_2Y:Z6,0.0248,False
1991-11-01,13,119,Term_Spread_10Y_2Y:Z3,0.0831,False
1991-11-01,13,119,Term_Spread_10Y_2Y:Z12,0.1837,False
1991-11-01,13,119,Term_Spread_10Y_2Y:Z6_vel,0.062,False
1991-11-01,13,119,Term_Spread_10Y_2Y:Z6_acc,0.0001,False
1991-11-01,13,119,Term_Spread_10Y_3M:Z6,0.0148,False
1991-11-01,13,119,Term_Spread_10Y_3M:Z3,0.026,False
1991-11-01,13,119,Term_Spread_10Y_3M:Z12,0.002,False
1991-11-01,13,119,Term_Spread_10Y_3M:Z6_vel,0.0654,False
1991-11-01,13,119,Term_Spread_10Y_3M:Z6_acc,0.0982,False
1991-12-01,13,120,Dollar_Index:Z6,0.0235,False
1991-12-01,13,120,Dollar_Index:Z3,0.0204,False
1991-12-01,13,120,Dollar_Index:Z12,0.0912,False
1991-12-01,13,120,Dollar_Index:Z6_vel,0.0385,False
1991-12-01,13,120,Dollar_Index:Z6_acc,0.006,False
1991-12-01,13,120,GS10_Rate:Z6,0.0235,False
1991-12-01,13,120,GS10_Rate:Z3,0.0183,False
1991-12-01,13,120,GS10_Rate:Z12,0.0005,False
1991-12-01,13,120,GS10_Rate:Z6_vel,0.0455,False
1991-12-01,13,120,GS10_Rate:Z6_acc,0.0006,False
1991-12-01,13,120,Fed_Funds_Rate:Z6,0.0137,False
1991-12-01,13,120,Fed_Funds_Rate:Z3,0.0249,False
1991-12-01,13,120,Fed_Funds_Rate:Z12,0.0697,False
1991-12-01,13,120,Fed_Funds_Rate:Z6_vel,0.0311,False
1991-12-01,13,120,Fed_Funds_Rate:Z6_acc,0.0052,False
1991-12-01,13,120,US_2Y_Treasury:Z6,0.0602,False
1991-12-01,13,120,US_2Y_Treasury:Z3,0.0695,False
1991-12-01,13,120,US_2Y_Treasury:Z12,0.0555,False
1991-12-01,13,120,US_2Y_Treasury:Z6_vel,0.0684,False
1991-12-01,13,120,US_2Y_Treasury:Z6_acc,0.0021,False
1991-12-01,13,120,Gold_Close:Z6,0.0538,False
1991-12-01,13,120,Gold_Close:Z3,0.0067,False
1991-12-01,13,120,Gold_Close:Z12,0.0813,False
1991-12-01,13,120,Gold_Close:Z6_vel,0.0032,False
1991-12-01,13,120,Gold_Close:Z6_acc,0.0012,False
1991-12-01,13,120,M2_Money:Z6,0.1186,False
1991-12-01,13,120,M2_Money:Z3,0.111,False
1991-12-01,13,120,M2_Money:Z12,0.2315,True
1991-12-01,13,120,M2_Money:Z6_vel,0.0129,False
1991-12-01,13,120,M2_Money:Z6_acc,0.0019,False
1991-12-01,13,120,Industrial_Production:Z6,0.0087,False
1991-12-01,13,120,Industrial_Production:Z3,0.0004,False
1991-12-01,13,120,Industrial_Production:Z12,0.0268,False
1991-12-01,13,120,Industrial_Production:Z6_vel,0.0,False
1991-12-01,13,120,Industrial_Production:Z6_acc,0.0058,False
1991-12-01,13,120,US_CPI:Z6,0.059,False
1991-12-01,13,120,US_CPI:Z3,0.0861,False
1991-12-01,13,120,US_CPI:Z12,0.1002,False
1991-12-01,13,120,US_CPI:Z6_vel,0.0005,False
1991-12-01,13,120,US_CPI:Z6_acc,0.0057,False
1991-12-01,13,120,Term_Spread_10Y_2Y:Z6,0.0277,False
1991-12-01,13,120,Term_Spread_10Y_2Y:Z3,0.0741,False
1991-12-01,13,120,Term_Spread_10Y_2Y:Z12,0.1825,False
1991-12-01,13,120,Term_Spread_10Y_2Y:Z6_vel,0.0633,False
1991-12-01,13,120,Term_Spread_10Y_2Y:Z6_acc,0.0007,False
1991-12-01,13,120,Term_Spread_10Y_3M:Z6,0.0107,False
1991-12-01,13,120,Term_Spread_10Y_3M:Z3,0.0246,False
1991-12-01,13,120,Term_Spread_10Y_3M:Z12,0.0104,False
1991-12-01,13,120,Term_Spread_10Y_3M:Z6_vel,0.0691,False
1991-12-01,13,120,Term_Spread_10Y_3M:Z6_acc,0.071,False
1992-01-01,25,86,Dollar_Index:Z6,0.0003,False
1992-01-01,25,86,Dollar_Index:Z3,0.0,False
1992-01-01,25,86,Dollar_Index:Z12,0.0078,False
1992-01-01,25,86,Dollar_Index:Z6_vel,0.0029,False
1992-01-01,25,86,Dollar_Index:Z6_acc,0.0079,False
1992-01-01,25,86,GS10_Rate:Z6,0.0778,False
1992-01-01,25,86,GS10_Rate:Z3,0.0089,False
1992-01-01,25,86,GS10_Rate:Z12,0.0447,False
1992-01-01,25,86,GS10_Rate:Z6_vel,0.0005,False
1992-01-01,25,86,GS10_Rate:Z6_acc,0.0192,False
1992-01-01,25,86,Fed_Funds_Rate:Z6,0.129,False
1992-01-01,25,86,Fed_Funds_Rate:Z3,0.1427,False
1992-01-01,25,86,Fed_Funds_Rate:Z12,0.0073,False
1992-01-01,25,86,Fed_Funds_Rate:Z6_vel,0.1782,False
1992-01-01,25,86,Fed_Funds_Rate:Z6_acc,0.0063,False
1992-01-01,25,86,US_2Y_Treasury:Z6,0.281,True
1992-01-01,25,86,US_2Y_Treasury:Z3,0.0424,False
1992-01-01,25,86,US_2Y_Treasury:Z12,0.091,False
1992-01-01,25,86,US_2Y_Treasury:Z6_vel,0.0928,False
1992-01-01,25,86,US_2Y_Treasury:Z6_acc,0.0273,False
1992-01-01,25,86,Gold_Close:Z6,0.0913,False
1992-01-01,25,86,Gold_Close:Z3,0.1428,False
1992-01-01,25,86,Gold_Close:Z12,0.0109,False
1992-01-01,25,86,Gold_Close:Z6_vel,0.0145,False
1992-01-01,25,86,Gold_Close:Z6_acc,0.0018,False
1992-01-01,25,86,M2_Money:Z6,0.0524,False
1992-01-01,25,86,M2_Money:Z3,0.0184,False
1992-01-01,25,86,M2_Money:Z12,0.0073,False
1992-01-01,25,86,M2_Money:Z6_vel,0.0006,False
1992-01-01,25,86,M2_Money:Z6_acc,0.0017,False
1992-01-01,25,86,Industrial_Production:Z6,0.0001,False
1992-01-01,25,86,Industrial_Production:Z3,0.0389,False
1992-01-01,25,86,Industrial_Production:Z12,0.0445,False
1992-01-01,25,86,Industrial_Production:Z6_vel,0.0691,False
1992-01-01,25,86,Industrial_Production:Z6_acc,0.0059,False
1992-01-01,25,86,US_CPI:Z6,0.054,False
1992-01-01,25,86,US_CPI:Z3,0.0561,False
1992-01-01,25,86,US_CPI:Z12,0.1029,False
1992-01-01,25,86,US_CPI:Z6_vel,0.0232,False
1992-01-01,25,86,US_CPI:Z6_acc,0.0022,False
1992-01-01,25,86,Term_Spread_10Y_2Y:Z6,0.2425,True
1992-01-01,25,86,Term_Spread_10Y_2Y:Z3,0.1553,False
1992-01-01,25,86,Term_Spread_10Y_2Y:Z12,0.0929,False
1992-01-01,25,86,Term_Spread_10Y_2Y:Z6_vel,0.2937,True
1992-01-01,25,86,Term_Spread_10Y_2Y:Z6_acc,0.005,False
1992-02-01,13,122,Dollar_Index:Z6,0.0286,False
1992-02-01,13,122,Dollar_Index:Z3,0.0327,False
1992-02-01,13,122,Dollar_Index:Z12,0.0735,False
1992-02-01,13,122,Dollar_Index:Z6_vel,0.0522,False
1992-02-01,13,122,Dollar_Index:Z6_acc,0.0024,False
1992-02-01,13,122,GS10_Rate:Z6,0.027,False
1992-02-01,13,122,GS10_Rate:Z3,0.0221,False
1992-02-01,13,122,GS10_Rate:Z12,0.0017,False
1992-02-01,13,122,GS10_Rate:Z6_vel,0.0463,False
1992-02-01,13,122,GS10_Rate:Z6_acc,0.0003,False
1992-02-01,13,122,Fed_Funds_Rate:Z6,0.0142,False
1992-02-01,13,122,Fed_Funds_Rate:Z3,0.0234,False
1992-02-01,13,122,Fed_Funds_Rate:Z12,0.0799,False
1992-02-01,13,122,Fed_Funds_Rate:Z6_vel,0.028,False
1992-02-01,13,122,Fed_Funds_Rate:Z6_acc,0.0049,False
1992-02-01,13,122,US_2Y_Treasury:Z6,0.0677,False
1992-02-01,13,122,US_2Y_Treasury:Z3,0.0682,False
1992-02-01,13,122,US_2Y_Treasury:Z12,0.072,False
1992-02-01,13,122,US_2Y_Treasury:Z6_vel,0.0601,False
1992-02-01,13,122,US_2Y_Treasury:Z6_acc,0.0019,False
1992-02-01,13,122,Gold_Close:Z6,0.0543,False
1992-02-01,13,122,Gold_Close:Z3,0.0063,False
1992-02-01,13,122,Gold_Close:Z12,0.0681,False
1992-02-01,13,122,Gold_Close:Z6_vel,0.002,False
1992-02-01,13,122,Gold_Close:Z6_acc,0.0007,False
1992-02-01,13,122,M2_Money:Z6,0.0541,False
1992-02-01,13,122,M2_Money:Z3,0.0453,False
1992-02-01,13,122,M2_Money:Z12,0.1128,False
1992-02-01,13,122,M2_Money:Z6_vel,0.0042,False
1992-02-01,13,122,M2_Money:Z6_acc,0.0019,False
1992-02-01,13,122,Industrial_Production:Z6,0.0106,False
1992-02-01,13,122,Industrial_Production:Z3,0.0006,False
1992-02-01,13,122,Industrial_Production:Z12,0.0276,False
1992-02-01,13,122,Industrial_Production:Z6_vel,0.0,False
1992-02-01,13,122,Industrial_Production:Z6_acc,0.0062,False
1992-02-01,13,122,US_CPI:Z6,0.045,False
1992-02-01,13,122,US_CPI:Z3,0.0711,False
1992-02-01,13,122,US_CPI:Z12,0.0781,False
1992-02-01,13,122,US_CPI:Z6_vel,0.0017,False
1992-02-01,13,122,US_CPI:Z6_acc,0.0039,False
1992-02-01,13,122,Term_Spread_10Y_2Y:Z6,0.0322,False
1992-02-01,13,122,Term_Spread_10Y_2Y:Z3,0.0677,False
1992-02-01,13,122,Term_Spread_10Y_2Y:Z12,0.1911,False
1992-02-01,13,122,Term_Spread_10Y_2Y:Z6_vel,0.0525,False
1992-02-01,13,122,Term_Spread_10Y_2Y:Z6_acc,0.0006,False
1992-02-01,13,122,Term_Spread_10Y_3M:Z6,0.0123,False
1992-02-01,13,122,Term_Spread_10Y_3M:Z3,0.021,False
1992-02-01,13,122,Term_Spread_10Y_3M:Z12,0.034,False
1992-02-01,13,122,Term_Spread_10Y_3M:Z6_vel,0.0463,False
1992-02-01,13,122,Term_Spread_10Y_3M:Z6_acc,0.0364,False
1992-03-01,13,123,Dollar_Index:Z6,0.0338,False
1992-03-01,13,123,Dollar_Index:Z3,0.0382,False
1992-03-01,13,123,Dollar_Index:Z12,0.0703,False
1992-03-01,13,123,Dollar_Index:Z6_vel,0.0545,False
1992-03-01,13,123,Dollar_Index:Z6_acc,0.0028,False
1992-03-01,13,123,GS10_Rate:Z6,0.0306,False
1992-03-01,13,123,GS10_Rate:Z3,0.0239,False
1992-03-01,13,123,GS10_Rate:Z12,0.0025,False
1992-03-01,13,123,GS10_Rate:Z6_vel,0.0506,False
1992-03-01,13,123,GS10_Rate:Z6_acc,0.0006,False
1992-03-01,13,123,Fed_Funds_Rate:Z6,0.0155,False
1992-03-01,13,123,Fed_Funds_Rate:Z3,0.0235,False
1992-03-01,13,123,Fed_Funds_Rate:Z12,0.0844,False
1992-03-01,13,123,Fed_Funds_Rate:Z6_vel,0.0285,False
1992-03-01,13,123,Fed_Funds_Rate:Z6_acc,0.0051,False
1992-03-01,13,123,US_2Y_Treasury:Z6,0.0774,False
1992-03-01,13,123,US_2Y_Treasury:Z3,0.0697,False
1992-03-01,13,123,US_2Y_Treasury:Z12,0.0819,False
1992-03-01,13,123,US_2Y_Treasury:Z6_vel,0.0663,False
1992-03-01,13,123,US_2Y_Treasury:Z6_acc,0.0005,False
1992-03-01,13,123,Gold_Close:Z6,0.0534,False
1992-03-01,13,123,Gold_Close:Z3,0.0072,False
1992-03-01,13,123,Gold_Close:Z12,0.063,False
1992-03-01,13,123,Gold_Close:Z6_vel,0.0023,False
1992-03-01,13,123,Gold_Close:Z6_acc,0.0002,False
1992-03-01,13,123,M2_Money:Z6,0.0328,False
1992-03-01,13,123,M2_Money:Z3,0.0271,False
1992-03-01,13,123,M2_Money:Z12,0.0779,False
1992-03-01,13,123,M2_Money:Z6_vel,0.0035,False
1992-03-01,13,123,M2_Money:Z6_acc,0.0042,False
1992-03-01,13,123,Industrial_Production:Z6,0.0116,False
1992-03-01,13,123,Industrial_Production:Z3,0.0007,False
1992-03-01,13,123,Industrial_Production:Z12,0.0283,False
1992-03-01,13,123,Industrial_Production:Z6_vel,0.0,False
1992-03-01,13,123,Industrial_Production:Z6_acc,0.005,False
1992-03-01,13,123,US_CPI:Z6,0.0396,False
1992-03-01,13,123,US_CPI:Z3,0.0647,False
1992-03-01,13,123,US_CPI:Z12,0.067,False
1992-03-01,13,123,US_CPI:Z6_vel,0.0017,False
1992-03-01,13,123,US_CPI:Z6_acc,0.0051,False
1992-03-01,13,123,Term_Spread_10Y_2Y:Z6,0.0358,False
1992-03-01,13,123,Term_Spread_10Y_2Y:Z3,0.0686,False
1992-03-01,13,123,Term_Spread_10Y_2Y:Z12,0.2071,True
1992-03-01,13,123,Term_Spread_10Y_2Y:Z6_vel,0.0479,False
1992-03-01,13,123,Term_Spread_10Y_2Y:Z6_acc,0.0003,False
1992-03-01,13,123,Term_Spread_10Y_3M:Z6,0.0095,False
1992-03-01,13,123,Term_Spread_10Y_3M:Z3,0.0302,False
1992-03-01,13,123,Term_Spread_10Y_3M:Z12,0.0608,False
1992-03-01,13,123,Term_Spread_10Y_3M:Z6_vel,0.0285,False
1992-03-01,13,123,Term_Spread_10Y_3M:Z6_acc,0.0302,False
1992-04-01,13,122,Dollar_Index:Z6,0.0338,False
1992-04-01,13,122,Dollar_Index:Z3,0.0382,False
1992-04-01,13,122,Dollar_Index:Z12,0.0703,False
1992-04-01,13,122,Dollar_Index:Z6_vel,0.0545,False
1992-04-01,13,122,Dollar_Index:Z6_acc,0.0028,False
1992-04-01,13,122,GS10_Rate:Z6,0.0312,False
1992-04-01,13,122,GS10_Rate:Z3,0.0239,False
1992-04-01,13,122,GS10_Rate:Z12,0.0026,False
1992-04-01,13,122,GS10_Rate:Z6_vel,0.0504,False
1992-04-01,13,122,GS10_Rate:Z6_acc,0.0007,False
1992-04-01,13,122,Fed_Funds_Rate:Z6,0.0155,False
1992-04-01,13,122,Fed_Funds_Rate:Z3,0.0235,False
1992-04-01,13,122,Fed_Funds_Rate:Z12,0.0844,False
1992-04-01,13,122,Fed_Funds_Rate:Z6_vel,0.0285,False
1992-04-01,13,122,Fed_Funds_Rate:Z6_acc,0.0051,False
1992-04-01,13,122,US_2Y_Treasury:Z6,0.0774,False
1992-04-01,13,122,US_2Y_Treasury:Z3,0.0697,False
1992-04-01,13,122,US_2Y_Treasury:Z12,0.0819,False
1992-04-01,13,122,US_2Y_Treasury:Z6_vel,0.0663,False
1992-04-01,13,122,US_2Y_Treasury:Z6_acc,0.0005,False
1992-04-01,13,122,Gold_Close:Z6,0.0534,False
1992-04-01,13,122,Gold_Close:Z3,0.0072,False
1992-04-01,13,122,Gold_Close:Z12,0.063,False
1992-04-01,13,122,Gold_Close:Z6_vel,0.0023,False
1992-04-01,13,122,Gold_Close:Z6_acc,0.0002,False
1992-04-01,13,122,M2_Money:Z6,0.0328,False
1992-04-01,13,122,M2_Money:Z3,0.0271,False
1992-04-01,13,122,M2_Money:Z12,0.0779,False
1992-04-01,13,122,M2_Money:Z6_vel,0.0035,False
1992-04-01,13,122,M2_Money:Z6_acc,0.0042,False
1992-04-01,13,122,Industrial_Production:Z6,0.0116,False
1992-04-01,13,122,Industrial_Production:Z3,0.0007,False
1992-04-01,13,122,Industrial_Production:Z12,0.0283,False
1992-04-01,13,122,Industrial_Production:Z6_vel,0.0,False
1992-04-01,13,122,Industrial_Production:Z6_acc,0.005,False
1992-04-01,13,122,US_CPI:Z6,0.0396,False
1992-04-01,13,122,US_CPI:Z3,0.0647,False
1992-04-01,13,122,US_CPI:Z12,0.067,False
1992-04-01,13,122,US_CPI:Z6_vel,0.0017,False
1992-04-01,13,122,US_CPI:Z6_acc,0.0051,False
1992-04-01,13,122,Term_Spread_10Y_2Y:Z6,0.0358,False
1992-04-01,13,122,Term_Spread_10Y_2Y:Z3,0.0686,False
1992-04-01,13,122,Term_Spread_10Y_2Y:Z12,0.2071,True
1992-04-01,13,122,Term_Spread_10Y_2Y:Z6_vel,0.0479,False
1992-04-01,13,122,Term_Spread_10Y_2Y:Z6_acc,0.0003,False
1992-04-01,13,122,Term_Spread_10Y_3M:Z6,0.0095,False
1992-04-01,13,122,Term_Spread_10Y_3M:Z3,0.0302,False
1992-04-01,13,122,Term_Spread_10Y_3M:Z12,0.0608,False
1992-04-01,13,122,Term_Spread_10Y_3M:Z6_vel,0.0285,False
1992-04-01,13,122,Term_Spread_10Y_3M:Z6_acc,0.0302,False
1994-07-01,3,55,Dollar_Index:Z6,0.0101,False
1994-07-01,3,55,Dollar_Index:Z3,0.0045,False
1994-07-01,3,55,Dollar_Index:Z6_vel,0.0267,False
1994-07-01,3,55,Dollar_Index:Z6_acc,0.0542,False
1994-07-01,3,55,GS10_Rate:Z6,0.0037,False
1994-07-01,3,55,GS10_Rate:Z3,0.0033,False
1994-07-01,3,55,GS10_Rate:Z12,0.0081,False
1994-07-01,3,55,GS10_Rate:Z6_vel,0.0006,False
1994-07-01,3,55,GS10_Rate:Z6_acc,0.0001,False
1994-07-01,3,55,Fed_Funds_Rate:Z6,0.0454,False
1994-07-01,3,55,Fed_Funds_Rate:Z3,0.0194,False
1994-07-01,3,55,Fed_Funds_Rate:Z12,0.0676,False
1994-07-01,3,55,Fed_Funds_Rate:Z6_vel,0.0536,False
1994-07-01,3,55,Fed_Funds_Rate:Z6_acc,0.0568,False
1994-07-01,3,55,Gold_Close:Z6,0.0004,False
1994-07-01,3,55,Gold_Close:Z3,0.0354,False
1994-07-01,3,55,Gold_Close:Z12,0.028,False
1994-07-01,3,55,Gold_Close:Z6_vel,0.0985,False
1994-07-01,3,55,Gold_Close:Z6_acc,0.0014,False
1994-07-01,3,55,M2_Money:Z6,0.0085,False
1994-07-01,3,55,M2_Money:Z3,0.0117,False
1994-07-01,3,55,M2_Money:Z12,0.1165,False
1994-07-01,3,55,M2_Money:Z6_vel,0.0558,False
1994-07-01,3,55,M2_Money:Z6_acc,0.0002,False
1994-07-01,3,55,Industrial_Production:Z6,0.0017,False
1994-07-01,3,55,Industrial_Production:Z3,0.0004,False
1994-07-01,3,55,Industrial_Production:Z12,0.03,False
1994-07-01,3,55,Industrial_Production:Z6_vel,0.0067,False
1994-07-01,3,55,Industrial_Production:Z6_acc,0.0968,False
1994-07-01,3,55,US_CPI:Z6,0.0371,False
1994-07-01,3,55,US_CPI:Z3,0.0942,False
1994-07-01,3,55,US_CPI:Z12,0.0208,False
1994-07-01,3,55,US_CPI:Z6_vel,0.0302,False
1994-07-01,3,55,US_CPI:Z6_acc,0.0106,False
1998-09-01,2,169,Dollar_Index:Z6,0.118,False
1998-09-01,2,169,Dollar_Index:Z3,0.0241,False
1998-09-01,2,169,Dollar_Index:Z12,0.1219,False
1998-09-01,2,169,Dollar_Index:Z6_vel,0.0,False
1998-09-01,2,169,Dollar_Index:Z6_acc,0.0097,False
1998-09-01,2,169,GS10_Rate:Z6,0.0051,False
1998-09-01,2,169,GS10_Rate:Z3,0.0028,False
1998-09-01,2,169,GS10_Rate:Z12,0.0045,False
1998-09-01,2,169,GS10_Rate:Z6_vel,0.0084,False
1998-09-01,2,169,GS10_Rate:Z6_acc,0.0074,False
1998-09-01,2,169,Fed_Funds_Rate:Z6,0.0022,False
1998-09-01,2,169,Fed_Funds_Rate:Z3,0.0137,False
1998-09-01,2,169,Fed_Funds_Rate:Z12,0.0228,False
1998-09-01,2,169,Fed_Funds_Rate:Z6_vel,0.0,False
1998-09-01,2,169,Fed_Funds_Rate:Z6_acc,0.0019,False
1998-09-01,2,169,US_2Y_Treasury:Z6,0.0114,False
1998-09-01,2,169,US_2Y_Treasury:Z3,0.0461,False
1998-09-01,2,169,US_2Y_Treasury:Z12,0.0015,False
1998-09-01,2,169,US_2Y_Treasury:Z6_vel,0.0002,False
1998-09-01,2,169,US_2Y_Treasury:Z6_acc,0.0225,False
1998-09-01,2,169,Gold_Close:Z6,0.0008,False
1998-09-01,2,169,Gold_Close:Z3,0.0019,False
1998-09-01,2,169,Gold_Close:Z12,0.0031,False
1998-09-01,2,169,Gold_Close:Z6_vel,0.0001,False
1998-09-01,2,169,Gold_Close:Z6_acc,0.0075,False
1998-09-01,2,169,M2_Money:Z6,0.0159,False
1998-09-01,2,169,M2_Money:Z3,0.0411,False
1998-09-01,2,169,M2_Money:Z12,0.0198,False
1998-09-01,2,169,M2_Money:Z6_vel,0.0005,False
1998-09-01,2,169,M2_Money:Z6_acc,0.0101,False
1998-09-01,2,169,Industrial_Production:Z6,0.004,False
1998-09-01,2,169,Industrial_Production:Z3,0.011,False
1998-09-01,2,169,Industrial_Production:Z12,0.0141,False
1998-09-01,2,169,Industrial_Production:Z6_vel,0.0221,False
1998-09-01,2,169,Industrial_Production:Z6_acc,0.0394,False
1998-09-01,2,169,US_CPI:Z6,0.037,False
1998-09-01,2,169,US_CPI:Z3,0.0165,False
1998-09-01,2,169,US_CPI:Z12,0.0482,False
1998-09-01,2,169,US_CPI:Z6_vel,0.0684,False
1998-09-01,2,169,US_CPI:Z6_acc,0.0288,False
1998-09-01,2,169,Term_Spread_10Y_2Y:Z6,0.0106,False
1998-09-01,2,169,Term_Spread_10Y_2Y:Z3,0.0126,False
1998-09-01,2,169,Term_Spread_10Y_2Y:Z12,0.0026,False
1998-09-01,2,169,Term_Spread_10Y_2Y:Z6_vel,0.0159,False
1998-09-01,2,169,Term_Spread_10Y_2Y:Z6_acc,0.0014,False
1998-10-01,2,169,Dollar_Index:Z6,0.118,False
1998-10-01,2,169,Dollar_Index:Z3,0.0241,False
1998-10-01,2,169,Dollar_Index:Z12,0.1219,False
1998-10-01,2,169,Dollar_Index:Z6_vel,0.0,False
1998-10-01,2,169,Dollar_Index:Z6_acc,0.0097,False
1998-10-01,2,169,GS10_Rate:Z6,0.0051,False
1998-10-01,2,169,GS10_Rate:Z3,0.0028,False
1998-10-01,2,169,GS10_Rate:Z12,0.0045,False
1998-10-01,2,169,GS10_Rate:Z6_vel,0.0084,False
1998-10-01,2,169,GS10_Rate:Z6_acc,0.0074,False
1998-10-01,2,169,Fed_Funds_Rate:Z6,0.0022,False
1998-10-01,2,169,Fed_Funds_Rate:Z3,0.0137,False
1998-10-01,2,169,Fed_Funds_Rate:Z12,0.0228,False
1998-10-01,2,169,Fed_Funds_Rate:Z6_vel,0.0,False
1998-10-01,2,169,Fed_Funds_Rate:Z6_acc,0.0019,False
1998-10-01,2,169,US_2Y_Treasury:Z6,0.0114,False
1998-10-01,2,169,US_2Y_Treasury:Z3,0.0461,False
1998-10-01,2,169,US_2Y_Treasury:Z12,0.0015,False
1998-10-01,2,169,US_2Y_Treasury:Z6_vel,0.0002,False
1998-10-01,2,169,US_2Y_Treasury:Z6_acc,0.0225,False
1998-10-01,2,169,Gold_Close:Z6,0.0008,False
1998-10-01,2,169,Gold_Close:Z3,0.0019,False
1998-10-01,2,169,Gold_Close:Z12,0.0031,False
1998-10-01,2,169,Gold_Close:Z6_vel,0.0001,False
1998-10-01,2,169,Gold_Close:Z6_acc,0.0075,False
1998-10-01,2,169,M2_Money:Z6,0.0159,False
1998-10-01,2,169,M2_Money:Z3,0.0411,False
1998-10-01,2,169,M2_Money:Z12,0.0198,False
1998-10-01,2,169,M2_Money:Z6_vel,0.0005,False
1998-10-01,2,169,M2_Money:Z6_acc,0.0101,False
1998-10-01,2,169,Industrial_Production:Z6,0.004,False
1998-10-01,2,169,Industrial_Production:Z3,0.011,False
1998-10-01,2,169,Industrial_Production:Z12,0.0141,False
1998-10-01,2,169,Industrial_Production:Z6_vel,0.0221,False
1998-10-01,2,169,Industrial_Production:Z6_acc,0.0394,False
1998-10-01,2,169,US_CPI:Z6,0.037,False
1998-10-01,2,169,US_CPI:Z3,0.0165,False
1998-10-01,2,169,US_CPI:Z12,0.0482,False
1998-10-01,2,169,US_CPI:Z6_vel,0.0684,False
1998-10-01,2,169,US_CPI:Z6_acc,0.0288,False
1998-10-01,2,169,Term_Spread_10Y_2Y:Z6,0.0106,False
1998-10-01,2,169,Term_Spread_10Y_2Y:Z3,0.0126,False
1998-10-01,2,169,Term_Spread_10Y_2Y:Z12,0.0026,False
1998-10-01,2,169,Term_Spread_10Y_2Y:Z6_vel,0.0159,False
1998-10-01,2,169,Term_Spread_10Y_2Y:Z6_acc,0.0014,False
2000-10-01,2,173,Dollar_Index:Z6,0.133,False
2000-10-01,2,173,Dollar_Index:Z3,0.0299,False
2000-10-01,2,173,Dollar_Index:Z12,0.1272,False
2000-10-01,2,173,Dollar_Index:Z6_vel,0.0012,False
2000-10-01,2,173,Dollar_Index:Z6_acc,0.0136,False
2000-10-01,2,173,GS10_Rate:Z6,0.0066,False
2000-10-01,2,173,GS10_Rate:Z3,0.0043,False
2000-10-01,2,173,GS10_Rate:Z12,0.0064,False
2000-10-01,2,173,GS10_Rate:Z6_vel,0.0086,False
2000-10-01,2,173,GS10_Rate:Z6_acc,0.0064,False
2000-10-01,2,173,Fed_Funds_Rate:Z6,0.0016,False
2000-10-01,2,173,Fed_Funds_Rate:Z3,0.0148,False
2000-10-01,2,173,Fed_Funds_Rate:Z12,0.0236,False
2000-10-01,2,173,Fed_Funds_Rate:Z6_vel,0.0,False
2000-10-01,2,173,Fed_Funds_Rate:Z6_acc,0.0021,False
2000-10-01,2,173,US_2Y_Treasury:Z6,0.0045,False
2000-10-01,2,173,US_2Y_Treasury:Z3,0.026,False
2000-10-01,2,173,US_2Y_Treasury:Z12,0.0065,False
2000-10-01,2,173,US_2Y_Treasury:Z6_vel,0.0007,False
2000-10-01,2,173,US_2Y_Treasury:Z6_acc,0.0193,False
2000-10-01,2,173,Gold_Close:Z6,0.0003,False
2000-10-01,2,173,Gold_Close:Z3,0.0021,False
2000-10-01,2,173,Gold_Close:Z12,0.0015,False
2000-10-01,2,173,Gold_Close:Z6_vel,0.0009,False
2000-10-01,2,173,Gold_Close:Z6_acc,0.0034,False
2000-10-01,2,173,M2_Money:Z6,0.0156,False
2000-10-01,2,173,M2_Money:Z3,0.0408,False
2000-10-01,2,173,M2_Money:Z12,0.02,False
2000-10-01,2,173,M2_Money:Z6_vel,0.0013,False
2000-10-01,2,173,M2_Money:Z6_acc,0.0057,False
2000-10-01,2,173,Industrial_Production:Z6,0.002,False
2000-10-01,2,173,Industrial_Production:Z3,0.0136,False
2000-10-01,2,173,Industrial_Production:Z12,0.0167,False
2000-10-01,2,173,Industrial_Production:Z6_vel,0.0174,False
2000-10-01,2,173,Industrial_Production:Z6_acc,0.0305,False
2000-10-01,2,173,US_CPI:Z6,0.0411,False
2000-10-01,2,173,US_CPI:Z3,0.0192,False
2000-10-01,2,173,US_CPI:Z12,0.0526,False
2000-10-01,2,173,US_CPI:Z6_vel,0.0674,False
2000-10-01,2,173,US_CPI:Z6_acc,0.0274,False
2000-10-01,2,173,Term_Spread_10Y_2Y:Z6,0.0094,False
2000-10-01,2,173,Term_Spread_10Y_2Y:Z3,0.0098,False
2000-10-01,2,173,Term_Spread_10Y_2Y:Z12,0.0044,False
2000-10-01,2,173,Term_Spread_10Y_2Y:Z6_vel,0.0122,False
2000-10-01,2,173,Term_Spread_10Y_2Y:Z6_acc,0.0006,False
2000-11-01,2,173,Dollar_Index:Z6,0.133,False
2000-11-01,2,173,Dollar_Index:Z3,0.0299,False
2000-11-01,2,173,Dollar_Index:Z12,0.1272,False
2000-11-01,2,173,Dollar_Index:Z6_vel,0.0012,False
2000-11-01,2,173,Dollar_Index:Z6_acc,0.0136,False
2000-11-01,2,173,GS10_Rate:Z6,0.0066,False
2000-11-01,2,173,GS10_Rate:Z3,0.0043,False
2000-11-01,2,173,GS10_Rate:Z12,0.0064,False
2000-11-01,2,173,GS10_Rate:Z6_vel,0.0086,False
2000-11-01,2,173,GS10_Rate:Z6_acc,0.0064,False
2000-11-01,2,173,Fed_Funds_Rate:Z6,0.0016,False
2000-11-01,2,173,Fed_Funds_Rate:Z3,0.0148,False
2000-11-01,2,173,Fed_Funds_Rate:Z12,0.0236,False
2000-11-01,2,173,Fed_Funds_Rate:Z6_vel,0.0,False
2000-11-01,2,173,Fed_Funds_Rate:Z6_acc,0.0021,False
2000-11-01,2,173,US_2Y_Treasury:Z6,0.0045,False
2000-11-01,2,173,US_2Y_Treasury:Z3,0.026,False
2000-11-01,2,173,US_2Y_Treasury:Z12,0.0065,False
2000-11-01,2,173,US_2Y_Treasury:Z6_vel,0.0007,False
2000-11-01,2,173,US_2Y_Treasury:Z6_acc,0.0193,False
2000-11-01,2,173,Gold_Close:Z6,0.0003,False
2000-11-01,2,173,Gold_Close:Z3,0.0021,False
2000-11-01,2,173,Gold_Close:Z12,0.0015,False
2000-11-01,2,173,Gold_Close:Z6_vel,0.0009,False
2000-11-01,2,173,Gold_Close:Z6_acc,0.0034,False
2000-11-01,2,173,M2_Money:Z6,0.0156,False
2000-11-01,2,173,M2_Money:Z3,0.0408,False
2000-11-01,2,173,M2_Money:Z12,0.02,False
2000-11-01,2,173,M2_Money:Z6_vel,0.0013,False
2000-11-01,2,173,M2_Money:Z6_acc,0.0057,False
2000-11-01,2,173,Industrial_Production:Z6,0.002,False
2000-11-01,2,173,Industrial_Production:Z3,0.0136,False
2000-11-01,2,173,Industrial_Production:Z12,0.0167,False
2000-11-01,2,173,Industrial_Production:Z6_vel,0.0174,False
2000-11-01,2,173,Industrial_Production:Z6_acc,0.0305,False
2000-11-01,2,173,US_CPI:Z6,0.0411,False
2000-11-01,2,173,US_CPI:Z3,0.0192,False
2000-11-01,2,173,US_CPI:Z12,0.0526,False
2000-11-01,2,173,US_CPI:Z6_vel,0.0674,False
2000-11-01,2,173,US_CPI:Z6_acc,0.0274,False
2000-11-01,2,173,Term_Spread_10Y_2Y:Z6,0.0094,False
2000-11-01,2,173,Term_Spread_10Y_2Y:Z3,0.0098,False
2000-11-01,2,173,Term_Spread_10Y_2Y:Z12,0.0044,False
2000-11-01,2,173,Term_Spread_10Y_2Y:Z6_vel,0.0122,False
2000-11-01,2,173,Term_Spread_10Y_2Y:Z6_acc,0.0006,False
2000-12-01,1,154,GS10_Rate:Z6,0.0451,False
2000-12-01,1,154,GS10_Rate:Z3,0.0088,False
2000-12-01,1,154,GS10_Rate:Z12,0.0168,False
2000-12-01,1,154,GS10_Rate:Z6_vel,0.0129,False
2000-12-01,1,154,GS10_Rate:Z6_acc,0.0136,False
2000-12-01,1,154,Fed_Funds_Rate:Z6,0.1766,False
2000-12-01,1,154,Fed_Funds_Rate:Z3,0.2651,True
2000-12-01,1,154,Fed_Funds_Rate:Z12,0.2959,True
2000-12-01,1,154,Fed_Funds_Rate:Z6_vel,0.1305,False
2000-12-01,1,154,Fed_Funds_Rate:Z6_acc,0.0466,False
2000-12-01,1,154,Gold_Close:Z6,0.4609,True
2000-12-01,1,154,Gold_Close:Z3,0.4783,True
2000-12-01,1,154,Gold_Close:Z12,0.1802,False
2000-12-01,1,154,Gold_Close:Z6_vel,0.0001,False
2000-12-01,1,154,Gold_Close:Z6_acc,0.079,False
2000-12-01,1,154,M2_Money:Z6,0.0097,False
2000-12-01,1,154,M2_Money:Z3,0.029,False
2000-12-01,1,154,M2_Money:Z12,0.0023,False
2000-12-01,1,154,M2_Money:Z6_vel,0.0475,False
2000-12-01,1,154,M2_Money:Z6_acc,0.062,False
2000-12-01,1,154,Industrial_Production:Z6,0.0037,False
2000-12-01,1,154,Industrial_Production:Z3,0.0229,False
2000-12-01,1,154,Industrial_Production:Z12,0.0055,False
2000-12-01,1,154,Industrial_Production:Z6_vel,0.0431,False
2000-12-01,1,154,Industrial_Production:Z6_acc,0.0,False
2000-12-01,1,154,US_CPI:Z6,0.0053,False
2000-12-01,1,154,US_CPI:Z3,0.0145,False
2000-12-01,1,154,US_CPI:Z12,0.0166,False
2000-12-01,1,154,US_CPI:Z6_vel,0.0888,False
2000-12-01,1,154,US_CPI:Z6_acc,0.1138,False
2001-01-01,1,154,GS10_Rate:Z6,0.0451,False
2001-01-01,1,154,GS10_Rate:Z3,0.0088,False
2001-01-01,1,154,GS10_Rate:Z12,0.0168,False
2001-01-01,1,154,GS10_Rate:Z6_vel,0.0129,False
2001-01-01,1,154,GS10_Rate:Z6_acc,0.0136,False
2001-01-01,1,154,Fed_Funds_Rate:Z6,0.1766,False
2001-01-01,1,154,Fed_Funds_Rate:Z3,0.2651,True
2001-01-01,1,154,Fed_Funds_Rate:Z12,0.2959,True
2001-01-01,1,154,Fed_Funds_Rate:Z6_vel,0.1305,False
2001-01-01,1,154,Fed_Funds_Rate:Z6_acc,0.0466,False
2001-01-01,1,154,Gold_Close:Z6,0.4609,True
2001-01-01,1,154,Gold_Close:Z3,0.4783,True
2001-01-01,1,154,Gold_Close:Z12,0.1802,False
2001-01-01,1,154,Gold_Close:Z6_vel,0.0001,False
2001-01-01,1,154,Gold_Close:Z6_acc,0.079,False
2001-01-01,1,154,M2_Money:Z6,0.0097,False
2001-01-01,1,154,M2_Money:Z3,0.029,False
2001-01-01,1,154,M2_Money:Z12,0.0023,False
2001-01-01,1,154,M2_Money:Z6_vel,0.0475,False
2001-01-01,1,154,M2_Money:Z6_acc,0.062,False
2001-01-01,1,154,Industrial_Production:Z6,0.0037,False
2001-01-01,1,154,Industrial_Production:Z3,0.0229,False
2001-01-01,1,154,Industrial_Production:Z12,0.0055,False
2001-01-01,1,154,Industrial_Production:Z6_vel,0.0431,False
2001-01-01,1,154,Industrial_Production:Z6_acc,0.0,False
2001-01-01,1,154,US_CPI:Z6,0.0053,False
2001-01-01,1,154,US_CPI:Z3,0.0145,False
2001-01-01,1,154,US_CPI:Z12,0.0166,False
2001-01-01,1,154,US_CPI:Z6_vel,0.0888,False
2001-01-01,1,154,US_CPI:Z6_acc,0.1138,False
2001-02-01,1,154,GS10_Rate:Z6,0.0451,False
2001-02-01,1,154,GS10_Rate:Z3,0.0088,False
2001-02-01,1,154,GS10_Rate:Z12,0.0168,False
2001-02-01,1,154,GS10_Rate:Z6_vel,0.0129,False
2001-02-01,1,154,GS10_Rate:Z6_acc,0.0136,False
2001-02-01,1,154,Fed_Funds_Rate:Z6,0.1766,False
2001-02-01,1,154,Fed_Funds_Rate:Z3,0.2651,True
2001-02-01,1,154,Fed_Funds_Rate:Z12,0.2959,True
2001-02-01,1,154,Fed_Funds_Rate:Z6_vel,0.1305,False
2001-02-01,1,154,Fed_Funds_Rate:Z6_acc,0.0466,False
2001-02-01,1,154,Gold_Close:Z6,0.4609,True
2001-02-01,1,154,Gold_Close:Z3,0.4783,True
2001-02-01,1,154,Gold_Close:Z12,0.1802,False
2001-02-01,1,154,Gold_Close:Z6_vel,0.0001,False
2001-02-01,1,154,Gold_Close:Z6_acc,0.079,False
2001-02-01,1,154,M2_Money:Z6,0.0097,False
2001-02-01,1,154,M2_Money:Z3,0.029,False
2001-02-01,1,154,M2_Money:Z12,0.0023,False
2001-02-01,1,154,M2_Money:Z6_vel,0.0475,False
2001-02-01,1,154,M2_Money:Z6_acc,0.062,False
2001-02-01,1,154,Industrial_Production:Z6,0.0037,False
2001-02-01,1,154,Industrial_Production:Z3,0.0229,False
2001-02-01,1,154,Industrial_Production:Z12,0.0055,False
2001-02-01,1,154,Industrial_Production:Z6_vel,0.0431,False
2001-02-01,1,154,Industrial_Production:Z6_acc,0.0,False
2001-02-01,1,154,US_CPI:Z6,0.0053,False
2001-02-01,1,154,US_CPI:Z3,0.0145,False
2001-02-01,1,154,US_CPI:Z12,0.0166,False
2001-02-01,1,154,US_CPI:Z6_vel,0.0888,False
2001-02-01,1,154,US_CPI:Z6_acc,0.1138,False
2001-03-01,1,154,GS10_Rate:Z6,0.0524,False
2001-03-01,1,154,GS10_Rate:Z3,0.0099,False
2001-03-01,1,154,GS10_Rate:Z12,0.0121,False
2001-03-01,1,154,GS10_Rate:Z6_vel,0.0112,False
2001-03-01,1,154,GS10_Rate:Z6_acc,0.0115,False
2001-03-01,1,154,Fed_Funds_Rate:Z6,0.1768,False
2001-03-01,1,154,Fed_Funds_Rate:Z3,0.2311,True
2001-03-01,1,154,Fed_Funds_Rate:Z12,0.3289,True
2001-03-01,1,154,Fed_Funds_Rate:Z6_vel,0.0945,False
2001-03-01,1,154,Fed_Funds_Rate:Z6_acc,0.0658,False
2001-03-01,1,154,Gold_Close:Z6,0.3604,True
2001-03-01,1,154,Gold_Close:Z3,0.4134,True
2001-03-01,1,154,Gold_Close:Z12,0.0874,False
2001-03-01,1,154,Gold_Close:Z6_vel,0.0187,False
2001-03-01,1,154,Gold_Close:Z6_acc,0.0145,False
2001-03-01,1,154,M2_Money:Z6,0.0521,False
2001-03-01,1,154,M2_Money:Z3,0.054,False
2001-03-01,1,154,M2_Money:Z12,0.0223,False
2001-03-01,1,154,M2_Money:Z6_vel,0.071,False
2001-03-01,1,154,M2_Money:Z6_acc,0.0785,False
2001-03-01,1,154,Industrial_Production:Z6,0.0032,False
2001-03-01,1,154,Industrial_Production:Z3,0.0224,False
2001-03-01,1,154,Industrial_Production:Z12,0.0051,False
2001-03-01,1,154,Industrial_Production:Z6_vel,0.0473,False
2001-03-01,1,154,Industrial_Production:Z6_acc,0.0003,False
2001-03-01,1,154,US_CPI:Z6,0.0143,False
2001-03-01,1,154,US_CPI:Z3,0.02,False
2001-03-01,1,154,US_CPI:Z12,0.0518,False
2001-03-01,1,154,US_CPI:Z6_vel,0.0383,False
2001-03-01,1,154,US_CPI:Z6_acc,0.1189,False
2001-04-01,1,155,GS10_Rate:Z6,0.0416,False
2001-04-01,1,155,GS10_Rate:Z3,0.0069,False
2001-04-01,1,155,GS10_Rate:Z12,0.0071,False
2001-04-01,1,155,GS10_Rate:Z6_vel,0.0111,False
2001-04-01,1,155,GS10_Rate:Z6_acc,0.0119,False
2001-04-01,1,155,Fed_Funds_Rate:Z6,0.1772,False
2001-04-01,1,155,Fed_Funds_Rate:Z3,0.2354,True
2001-04-01,1,155,Fed_Funds_Rate:Z12,0.3432,True
2001-04-01,1,155,Fed_Funds_Rate:Z6_vel,0.0902,False
2001-04-01,1,155,Fed_Funds_Rate:Z6_acc,0.0665,False
2001-04-01,1,155,Gold_Close:Z6,0.3255,True
2001-04-01,1,155,Gold_Close:Z3,0.3991,True
2001-04-01,1,155,Gold_Close:Z12,0.0616,False
2001-04-01,1,155,Gold_Close:Z6_vel,0.0205,False
2001-04-01,1,155,Gold_Close:Z6_acc,0.0197,False
2001-04-01,1,155,M2_Money:Z6,0.0443,False
2001-04-01,1,155,M2_Money:Z3,0.0488,False
2001-04-01,1,155,M2_Money:Z12,0.0151,False
2001-04-01,1,155,M2_Money:Z6_vel,0.0256,False
2001-04-01,1,155,M2_Money:Z6_acc,0.0008,False
2001-04-01,1,155,Industrial_Production:Z6,0.0028,False
2001-04-01,1,155,Industrial_Production:Z3,0.0209,False
2001-04-01,1,155,Industrial_Production:Z12,0.0041,False
2001-04-01,1,155,Industrial_Production:Z6_vel,0.0467,False
2001-04-01,1,155,Industrial_Production:Z6_acc,0.0002,False
2001-04-01,1,155,US_CPI:Z6,0.0206,False
2001-04-01,1,155,US_CPI:Z3,0.0271,False
2001-04-01,1,155,US_CPI:Z12,0.0656,False
2001-04-01,1,155,US_CPI:Z6_vel,0.0372,False
2001-04-01,1,155,US_CPI:Z6_acc,0.131,False
2001-05-01,1,156,GS10_Rate:Z6,0.0345,False
2001-05-01,1,156,GS10_Rate:Z3,0.0044,False
2001-05-01,1,156,GS10_Rate:Z12,0.0039,False
2001-05-01,1,156,GS10_Rate:Z6_vel,0.012,False
2001-05-01,1,156,GS10_Rate:Z6_acc,0.0127,False
2001-05-01,1,156,Fed_Funds_Rate:Z6,0.1676,False
2001-05-01,1,156,Fed_Funds_Rate:Z3,0.2202,True
2001-05-01,1,156,Fed_Funds_Rate:Z12,0.3439,True
2001-05-01,1,156,Fed_Funds_Rate:Z6_vel,0.0862,False
2001-05-01,1,156,Fed_Funds_Rate:Z6_acc,0.0682,False
2001-05-01,1,156,Gold_Close:Z6,0.278,True
2001-05-01,1,156,Gold_Close:Z3,0.3431,True
2001-05-01,1,156,Gold_Close:Z12,0.0541,False
2001-05-01,1,156,Gold_Close:Z6_vel,0.0143,False
2001-05-01,1,156,Gold_Close:Z6_acc,0.0233,False
2001-05-01,1,156,M2_Money:Z6,0.0298,False
2001-05-01,1,156,M2_Money:Z3,0.0388,False
2001-05-01,1,156,M2_Money:Z12,0.0087,False
2001-05-01,1,156,M2_Money:Z6_vel,0.0035,False
2001-05-01,1,156,M2_Money:Z6_acc,0.0002,False
2001-05-01,1,156,Industrial_Production:Z6,0.0024,False
2001-05-01,1,156,Industrial_Production:Z3,0.0198,False
2001-05-01,1,156,Industrial_Production:Z12,0.0034,False
2001-05-01,1,156,Industrial_Production:Z6_vel,0.0462,False
2001-05-01,1,156,Industrial_Production:Z6_acc,0.0002,False
2001-05-01,1,156,US_CPI:Z6,0.0315,False
2001-05-01,1,156,US_CPI:Z3,0.0412,False
2001-05-01,1,156,US_CPI:Z12,0.0788,False
2001-05-01,1,156,US_CPI:Z6_vel,0.0548,False
2001-05-01,1,156,US_CPI:Z6_acc,0.1496,False
2001-06-01,1,157,GS10_Rate:Z6,0.0415,False
2001-06-01,1,157,GS10_Rate:Z3,0.006,False
2001-06-01,1,157,GS10_Rate:Z12,0.0074,False
2001-06-01,1,157,GS10_Rate:Z6_vel,0.0131,False
2001-06-01,1,157,GS10_Rate:Z6_acc,0.0147,False
2001-06-01,1,157,Fed_Funds_Rate:Z6,0.1662,False
2001-06-01,1,157,Fed_Funds_Rate:Z3,0.2176,True
2001-06-01,1,157,Fed_Funds_Rate:Z12,0.3227,True
2001-06-01,1,157,Fed_Funds_Rate:Z6_vel,0.0786,False
2001-06-01,1,157,Fed_Funds_Rate:Z6_acc,0.0569,False
2001-06-01,1,157,Gold_Close:Z6,0.2708,True
2001-06-01,1,157,Gold_Close:Z3,0.3192,True
2001-06-01,1,157,Gold_Close:Z12,0.058,False
2001-06-01,1,157,Gold_Close:Z6_vel,0.0056,False
2001-06-01,1,157,Gold_Close:Z6_acc,0.0299,False
2001-06-01,1,157,M2_Money:Z6,0.0426,False
2001-06-01,1,157,M2_Money:Z3,0.0567,False
2001-06-01,1,157,M2_Money:Z12,0.0136,False
2001-06-01,1,157,M2_Money:Z6_vel,0.0155,False
2001-06-01,1,157,M2_Money:Z6_acc,0.0005,False
2001-06-01,1,157,Industrial_Production:Z6,0.0028,False
2001-06-01,1,157,Industrial_Production:Z3,0.0207,False
2001-06-01,1,157,Industrial_Production:Z12,0.0042,False
2001-06-01,1,157,Industrial_Production:Z6_vel,0.0457,False
2001-06-01,1,157,Industrial_Production:Z6_acc,0.0002,False
2001-06-01,1,157,US_CPI:Z6,0.0238,False
2001-06-01,1,157,US_CPI:Z3,0.0354,False
2001-06-01,1,157,US_CPI:Z12,0.0648,False
2001-06-01,1,157,US_CPI:Z6_vel,0.0654,False
2001-06-01,1,157,US_CPI:Z6_acc,0.1723,False
2001-07-01,1,158,GS10_Rate:Z6,0.0465,False
2001-07-01,1,158,GS10_Rate:Z3,0.006,False
2001-07-01,1,158,GS10_Rate:Z12,0.0101,False
2001-07-01,1,158,GS10_Rate:Z6_vel,0.0102,False
2001-07-01,1,158,GS10_Rate:Z6_acc,0.011,False
2001-07-01,1,158,Fed_Funds_Rate:Z6,0.1721,False
2001-07-01,1,158,Fed_Funds_Rate:Z3,0.2177,True
2001-07-01,1,158,Fed_Funds_Rate:Z12,0.3149,True
2001-07-01,1,158,Fed_Funds_Rate:Z6_vel,0.077,False
2001-07-01,1,158,Fed_Funds_Rate:Z6_acc,0.057,False
2001-07-01,1,158,Gold_Close:Z6,0.2555,True
2001-07-01,1,158,Gold_Close:Z3,0.2653,True
2001-07-01,1,158,Gold_Close:Z12,0.0605,False
2001-07-01,1,158,Gold_Close:Z6_vel,0.0015,False
2001-07-01,1,158,Gold_Close:Z6_acc,0.0278,False
2001-07-01,1,158,M2_Money:Z6,0.0571,False
2001-07-01,1,158,M2_Money:Z3,0.0819,False
2001-07-01,1,158,M2_Money:Z12,0.0207,False
2001-07-01,1,158,M2_Money:Z6_vel,0.0194,False
2001-07-01,1,158,M2_Money:Z6_acc,0.0003,False
2001-07-01,1,158,Industrial_Production:Z6,0.0032,False
2001-07-01,1,158,Industrial_Production:Z3,0.0211,False
2001-07-01,1,158,Industrial_Production:Z12,0.005,False
2001-07-01,1,158,Industrial_Production:Z6_vel,0.045,False
2001-07-01,1,158,Industrial_Production:Z6_acc,0.0002,False
2001-07-01,1,158,US_CPI:Z6,0.0198,False
2001-07-01,1,158,US_CPI:Z3,0.0316,False
2001-07-01,1,158,US_CPI:Z12,0.0521,False
2001-07-01,1,158,US_CPI:Z6_vel,0.0733,False
2001-07-01,1,158,US_CPI:Z6_acc,0.1634,False
2001-08-01,1,159,Dollar_Index:Z6,0.0825,False
2001-08-01,1,159,Dollar_Index:Z3,0.0073,False
2001-08-01,1,159,Dollar_Index:Z12,0.0737,False
2001-08-01,1,159,Dollar_Index:Z6_vel,0.1438,False
2001-08-01,1,159,Dollar_Index:Z6_acc,0.0419,False
2001-08-01,1,159,GS10_Rate:Z6,0.0436,False
2001-08-01,1,159,GS10_Rate:Z3,0.007,False
2001-08-01,1,159,GS10_Rate:Z12,0.0074,False
2001-08-01,1,159,GS10_Rate:Z6_vel,0.0115,False
2001-08-01,1,159,GS10_Rate:Z6_acc,0.0108,False
2001-08-01,1,159,Fed_Funds_Rate:Z6,0.1333,False
2001-08-01,1,159,Fed_Funds_Rate:Z3,0.1946,False
2001-08-01,1,159,Fed_Funds_Rate:Z12,0.2812,True
2001-08-01,1,159,Fed_Funds_Rate:Z6_vel,0.0707,False
2001-08-01,1,159,Fed_Funds_Rate:Z6_acc,0.0568,False
2001-08-01,1,159,US_2Y_Treasury:Z6,0.0029,False
2001-08-01,1,159,US_2Y_Treasury:Z3,0.1284,False
2001-08-01,1,159,US_2Y_Treasury:Z12,0.0,False
2001-08-01,1,159,US_2Y_Treasury:Z6_vel,0.2144,True
2001-08-01,1,159,US_2Y_Treasury:Z6_acc,0.329,True
2001-08-01,1,159,Gold_Close:Z6,0.2053,True
2001-08-01,1,159,Gold_Close:Z3,0.2592,True
2001-08-01,1,159,Gold_Close:Z12,0.0418,False
2001-08-01,1,159,Gold_Close:Z6_vel,0.0011,False
2001-08-01,1,159,Gold_Close:Z6_acc,0.0483,False
2001-08-01,1,159,M2_Money:Z6,0.0247,False
2001-08-01,1,159,M2_Money:Z3,0.0249,False
2001-08-01,1,159,M2_Money:Z12,0.0075,False
2001-08-01,1,159,M2_Money:Z6_vel,0.0068,False
2001-08-01,1,159,M2_Money:Z6_acc,0.0015,False
2001-08-01,1,159,Industrial_Production:Z6,0.003,False
2001-08-01,1,159,Industrial_Production:Z3,0.0204,False
2001-08-01,1,159,Industrial_Production:Z12,0.0044,False
2001-08-01,1,159,Industrial_Production:Z6_vel,0.0449,False
2001-08-01,1,159,Industrial_Production:Z6_acc,0.0002,False
2001-08-01,1,159,US_CPI:Z6,0.0285,False
2001-08-01,1,159,US_CPI:Z3,0.0378,False
2001-08-01,1,159,US_CPI:Z12,0.0659,False
2001-08-01,1,159,US_CPI:Z6_vel,0.099,False
2001-08-01,1,159,US_CPI:Z6_acc,0.197,False
2001-08-01,1,159,Term_Spread_10Y_2Y:Z6,0.0404,False
2001-08-01,1,159,Term_Spread_10Y_2Y:Z3,0.0002,False
2001-08-01,1,159,Term_Spread_10Y_2Y:Z12,0.0737,False
2001-08-01,1,159,Term_Spread_10Y_2Y:Z6_vel,0.0429,False
2001-08-01,1,159,Term_Spread_10Y_2Y:Z6_acc,0.0945,False
2001-08-01,1,159,Term_Spread_10Y_3M:Z3,0.1028,False
2001-09-01,1,159,Dollar_Index:Z6,0.0995,False
2001-09-01,1,159,Dollar_Index:Z3,0.0013,False
2001-09-01,1,159,Dollar_Index:Z12,0.0728,False
2001-09-01,1,159,Dollar_Index:Z6_vel,0.1129,False
2001-09-01,1,159,Dollar_Index:Z6_acc,0.0076,False
2001-09-01,1,159,GS10_Rate:Z6,0.0373,False
2001-09-01,1,159,GS10_Rate:Z3,0.005,False
2001-09-01,1,159,GS10_Rate:Z12,0.0027,False
2001-09-01,1,159,GS10_Rate:Z6_vel,0.0093,False
2001-09-01,1,159,GS10_Rate:Z6_acc,0.0088,False
2001-09-01,1,159,Fed_Funds_Rate:Z6,0.1232,False
2001-09-01,1,159,Fed_Funds_Rate:Z3,0.214,True
2001-09-01,1,159,Fed_Funds_Rate:Z12,0.2707,True
2001-09-01,1,159,Fed_Funds_Rate:Z6_vel,0.0849,False
2001-09-01,1,159,Fed_Funds_Rate:Z6_acc,0.0719,False
2001-09-01,1,159,US_2Y_Treasury:Z6,0.0057,False
2001-09-01,1,159,US_2Y_Treasury:Z3,0.1017,False
2001-09-01,1,159,US_2Y_Treasury:Z12,0.0001,False
2001-09-01,1,159,US_2Y_Treasury:Z6_vel,0.213,True
2001-09-01,1,159,US_2Y_Treasury:Z6_acc,0.3519,True
2001-09-01,1,159,Gold_Close:Z6,0.1705,False
2001-09-01,1,159,Gold_Close:Z3,0.2507,True
2001-09-01,1,159,Gold_Close:Z12,0.034,False
2001-09-01,1,159,Gold_Close:Z6_vel,0.0,False
2001-09-01,1,159,Gold_Close:Z6_acc,0.0431,False
2001-09-01,1,159,M2_Money:Z6,0.001,False
2001-09-01,1,159,M2_Money:Z3,0.0018,False
2001-09-01,1,159,M2_Money:Z12,0.0001,False
2001-09-01,1,159,M2_Money:Z6_vel,0.0003,False
2001-09-01,1,159,M2_Money:Z6_acc,0.0072,False
2001-09-01,1,159,Industrial_Production:Z6,0.0022,False
2001-09-01,1,159,Industrial_Production:Z3,0.0185,False
2001-09-01,1,159,Industrial_Production:Z12,0.0027,False
2001-09-01,1,159,Industrial_Production:Z6_vel,0.0455,False
2001-09-01,1,159,Industrial_Production:Z6_acc,0.0001,False
2001-09-01,1,159,US_CPI:Z6,0.0636,False
2001-09-01,1,159,US_CPI:Z3,0.0709,False
2001-09-01,1,159,US_CPI:Z12,0.1162,False
2001-09-01,1,159,US_CPI:Z6_vel,0.0911,False
2001-09-01,1,159,US_CPI:Z6_acc,0.1462,False
2001-09-01,1,159,Term_Spread_10Y_2Y:Z6,0.0729,False
2001-09-01,1,159,Term_Spread_10Y_2Y:Z3,0.0002,False
2001-09-01,1,159,Term_Spread_10Y_2Y:Z12,0.0617,False
2001-09-01,1,159,Term_Spread_10Y_2Y:Z6_vel,0.0374,False
2001-09-01,1,159,Term_Spread_10Y_2Y:Z6_acc,0.1238,False
2001-09-01,1,159,Term_Spread_10Y_3M:Z6,0.026,False
2001-09-01,1,159,Term_Spread_10Y_3M:Z3,0.1176,False
2001-10-01,1,158,Dollar_Index:Z6,0.0598,False
2001-10-01,1,158,Dollar_Index:Z3,0.0057,False
2001-10-01,1,158,Dollar_Index:Z12,0.1059,False
2001-10-01,1,158,Dollar_Index:Z6_vel,0.0491,False
2001-10-01,1,158,Dollar_Index:Z6_acc,0.0018,False
2001-10-01,1,158,GS10_Rate:Z6,0.0367,False
2001-10-01,1,158,GS10_Rate:Z3,0.005,False
2001-10-01,1,158,GS10_Rate:Z12,0.0015,False
2001-10-01,1,158,GS10_Rate:Z6_vel,0.0094,False
2001-10-01,1,158,GS10_Rate:Z6_acc,0.0076,False
2001-10-01,1,158,Fed_Funds_Rate:Z6,0.1003,False
2001-10-01,1,158,Fed_Funds_Rate:Z3,0.2058,True
2001-10-01,1,158,Fed_Funds_Rate:Z12,0.2345,True
2001-10-01,1,158,Fed_Funds_Rate:Z6_vel,0.0948,False
2001-10-01,1,158,Fed_Funds_Rate:Z6_acc,0.0803,False
2001-10-01,1,158,US_2Y_Treasury:Z6,0.0032,False
2001-10-01,1,158,US_2Y_Treasury:Z3,0.0621,False
2001-10-01,1,158,US_2Y_Treasury:Z12,0.002,False
2001-10-01,1,158,US_2Y_Treasury:Z6_vel,0.2365,True
2001-10-01,1,158,US_2Y_Treasury:Z6_acc,0.3603,True
2001-10-01,1,158,Gold_Close:Z6,0.14,False
2001-10-01,1,158,Gold_Close:Z3,0.1842,False
2001-10-01,1,158,Gold_Close:Z12,0.0246,False
2001-10-01,1,158,Gold_Close:Z6_vel,0.0,False
2001-10-01,1,158,Gold_Close:Z6_acc,0.0482,False
2001-10-01,1,158,M2_Money:Z6,0.0014,False
2001-10-01,1,158,M2_Money:Z3,0.0,False
2001-10-01,1,158,M2_Money:Z12,0.0012,False
2001-10-01,1,158,M2_Money:Z6_vel,0.0003,False
2001-10-01,1,158,M2_Money:Z6_acc,0.0008,False
2001-10-01,1,158,Industrial_Production:Z6,0.002,False
2001-10-01,1,158,Industrial_Production:Z3,0.0177,False
2001-10-01,1,158,Industrial_Production:Z12,0.0024,False
2001-10-01,1,158,Industrial_Production:Z6_vel,0.0453,False
2001-10-01,1,158,Industrial_Production:Z6_acc,0.0002,False
2001-10-01,1,158,US_CPI:Z6,0.0696,False
2001-10-01,1,158,US_CPI:Z3,0.0807,False
2001-10-01,1,158,US_CPI:Z12,0.1262,False
2001-10-01,1,158,US_CPI:Z6_vel,0.0646,False
2001-10-01,1,158,US_CPI:Z6_acc,0.1172,False
2001-10-01,1,158,Term_Spread_10Y_2Y:Z6,0.1046,False
2001-10-01,1,158,Term_Spread_10Y_2Y:Z3,0.0,False
2001-10-01,1,158,Term_Spread_10Y_2Y:Z12,0.023,False
2001-10-01,1,158,Term_Spread_10Y_2Y:Z6_vel,0.0494,False
2001-10-01,1,158,Term_Spread_10Y_2Y:Z6_acc,0.1537,False
2001-10-01,1,158,Term_Spread_10Y_3M:Z6,0.0023,False
2001-10-01,1,158,Term_Spread_10Y_3M:Z3,0.1094,False
2001-11-01,1,156,Dollar_Index:Z6,0.0471,False
2001-11-01,1,156,Dollar_Index:Z3,0.0188,False
2001-11-01,1,156,Dollar_Index:Z12,0.074,False
2001-11-01,1,156,Dollar_Index:Z6_vel,0.0653,False
2001-11-01,1,156,Dollar_Index:Z6_acc,0.0272,False
2001-11-01,1,156,GS10_Rate:Z6,0.0439,False
2001-11-01,1,156,GS10_Rate:Z3,0.0055,False
2001-11-01,1,156,GS10_Rate:Z12,0.0014,False
2001-11-01,1,156,GS10_Rate:Z6_vel,0.0093,False
2001-11-01,1,156,GS10_Rate:Z6_acc,0.0059,False
2001-11-01,1,156,Fed_Funds_Rate:Z6,0.0772,False
2001-11-01,1,156,Fed_Funds_Rate:Z3,0.1956,False
2001-11-01,1,156,Fed_Funds_Rate:Z12,0.1846,False
2001-11-01,1,156,Fed_Funds_Rate:Z6_vel,0.1088,False
2001-11-01,1,156,Fed_Funds_Rate:Z6_acc,0.0864,False
2001-11-01,1,156,US_2Y_Treasury:Z6,0.0017,False
2001-11-01,1,156,US_2Y_Treasury:Z3,0.049,False
2001-11-01,1,156,US_2Y_Treasury:Z12,0.0352,False
2001-11-01,1,156,US_2Y_Treasury:Z6_vel,0.238,True
2001-11-01,1,156,US_2Y_Treasury:Z6_acc,0.2771,True
2001-11-01,1,156,Gold_Close:Z6,0.1194,False
2001-11-01,1,156,Gold_Close:Z3,0.1575,False
2001-11-01,1,156,Gold_Close:Z12,0.0214,False
2001-11-01,1,156,Gold_Close:Z6_vel,0.0002,False
2001-11-01,1,156,Gold_Close:Z6_acc,0.0418,False
2001-11-01,1,156,M2_Money:Z6,0.0129,False
2001-11-01,1,156,M2_Money:Z3,0.0009,False
2001-11-01,1,156,M2_Money:Z12,0.0056,False
2001-11-01,1,156,M2_Money:Z6_vel,0.0062,False
2001-11-01,1,156,M2_Money:Z6_acc,0.0047,False
2001-11-01,1,156,Industrial_Production:Z6,0.0022,False
2001-11-01,1,156,Industrial_Production:Z3,0.0182,False
2001-11-01,1,156,Industrial_Production:Z12,0.0028,False
2001-11-01,1,156,Industrial_Production:Z6_vel,0.0443,False
2001-11-01,1,156,Industrial_Production:Z6_acc,0.0001,False
2001-11-01,1,156,US_CPI:Z6,0.0693,False
2001-11-01,1,156,US_CPI:Z3,0.0747,False
2001-11-01,1,156,US_CPI:Z12,0.1285,False
2001-11-01,1,156,US_CPI:Z6_vel,0.0795,False
2001-11-01,1,156,US_CPI:Z6_acc,0.1561,False
2001-11-01,1,156,Term_Spread_10Y_2Y:Z6,0.1356,False
2001-11-01,1,156,Term_Spread_10Y_2Y:Z3,0.001,False
2001-11-01,1,156,Term_Spread_10Y_2Y:Z12,0.0032,False
2001-11-01,1,156,Term_Spread_10Y_2Y:Z6_vel,0.0718,False
2001-11-01,1,156,Term_Spread_10Y_2Y:Z6_acc,0.1751,False
2001-11-01,1,156,Term_Spread_10Y_3M:Z6,0.0101,False
2001-11-01,1,156,Term_Spread_10Y_3M:Z3,0.0987,False
2001-12-01,1,156,Dollar_Index:Z6,0.0218,False
2001-12-01,1,156,Dollar_Index:Z3,0.0017,False
2001-12-01,1,156,Dollar_Index:Z12,0.0899,False
2001-12-01,1,156,Dollar_Index:Z6_vel,0.0186,False
2001-12-01,1,156,Dollar_Index:Z6_acc,0.0154,False
2001-12-01,1,156,GS10_Rate:Z6,0.0446,False
2001-12-01,1,156,GS10_Rate:Z3,0.0082,False
2001-12-01,1,156,GS10_Rate:Z12,0.003,False
2001-12-01,1,156,GS10_Rate:Z6_vel,0.0093,False
2001-12-01,1,156,GS10_Rate:Z6_acc,0.005,False
2001-12-01,1,156,Fed_Funds_Rate:Z6,0.0855,False
2001-12-01,1,156,Fed_Funds_Rate:Z3,0.1852,False
2001-12-01,1,156,Fed_Funds_Rate:Z12,0.1979,False
2001-12-01,1,156,Fed_Funds_Rate:Z6_vel,0.105,False
2001-12-01,1,156,Fed_Funds_Rate:Z6_acc,0.0958,False
2001-12-01,1,156,US_2Y_Treasury:Z6,0.0003,False
2001-12-01,1,156,US_2Y_Treasury:Z3,0.0251,False
2001-12-01,1,156,US_2Y_Treasury:Z12,0.0089,False
2001-12-01,1,156,US_2Y_Treasury:Z6_vel,0.2364,True
2001-12-01,1,156,US_2Y_Treasury:Z6_acc,0.2447,True
2001-12-01,1,156,Gold_Close:Z6,0.1325,False
2001-12-01,1,156,Gold_Close:Z3,0.1614,False
2001-12-01,1,156,Gold_Close:Z12,0.0281,False
2001-12-01,1,156,Gold_Close:Z6_vel,0.0,False
2001-12-01,1,156,Gold_Close:Z6_acc,0.0315,False
2001-12-01,1,156,M2_Money:Z6,0.0046,False
2001-12-01,1,156,M2_Money:Z3,0.0013,False
2001-12-01,1,156,M2_Money:Z12,0.0006,False
2001-12-01,1,156,M2_Money:Z6_vel,0.0178,False
2001-12-01,1,156,M2_Money:Z6_acc,0.0096,False
2001-12-01,1,156,Industrial_Production:Z6,0.0024,False
2001-12-01,1,156,Industrial_Production:Z3,0.0185,False
2001-12-01,1,156,Industrial_Production:Z12,0.0031,False
2001-12-01,1,156,Industrial_Production:Z6_vel,0.044,False
2001-12-01,1,156,Industrial_Production:Z6_acc,0.0001,False
2001-12-01,1,156,US_CPI:Z6,0.0461,False
2001-12-01,1,156,US_CPI:Z3,0.0549,False
2001-12-01,1,156,US_CPI:Z12,0.0993,False
2001-12-01,1,156,US_CPI:Z6_vel,0.036,False
2001-12-01,1,156,US_CPI:Z6_acc,0.1023,False
2001-12-01,1,156,Term_Spread_10Y_2Y:Z6,0.1104,False
2001-12-01,1,156,Term_Spread_10Y_2Y:Z3,0.0099,False
2001-12-01,1,156,Term_Spread_10Y_2Y:Z12,0.0005,False
2001-12-01,1,156,Term_Spread_10Y_2Y:Z6_vel,0.0596,False
2001-12-01,1,156,Term_Spread_10Y_2Y:Z6_acc,0.1863,False
2001-12-01,1,156,Term_Spread_10Y_3M:Z6,0.0058,False
2001-12-01,1,156,Term_Spread_10Y_3M:Z3,0.0371,False
2001-12-01,1,156,Term_Spread_10Y_3M:Z6_vel,0.1009,False
2002-01-01,1,157,Dollar_Index:Z6,0.0009,False
2002-01-01,1,157,Dollar_Index:Z3,0.0008,False
2002-01-01,1,157,Dollar_Index:Z12,0.1166,False
2002-01-01,1,157,Dollar_Index:Z6_vel,0.0034,False
2002-01-01,1,157,Dollar_Index:Z6_acc,0.0189,False
2002-01-01,1,157,GS10_Rate:Z6,0.0497,False
2002-01-01,1,157,GS10_Rate:Z3,0.0122,False
2002-01-01,1,157,GS10_Rate:Z12,0.0054,False
2002-01-01,1,157,GS10_Rate:Z6_vel,0.0119,False
2002-01-01,1,157,GS10_Rate:Z6_acc,0.0066,False
2002-01-01,1,157,Fed_Funds_Rate:Z6,0.0939,False
2002-01-01,1,157,Fed_Funds_Rate:Z3,0.1865,False
2002-01-01,1,157,Fed_Funds_Rate:Z12,0.2136,True
2002-01-01,1,157,Fed_Funds_Rate:Z6_vel,0.0951,False
2002-01-01,1,157,Fed_Funds_Rate:Z6_acc,0.0818,False
2002-01-01,1,157,US_2Y_Treasury:Z6,0.0003,False
2002-01-01,1,157,US_2Y_Treasury:Z3,0.0046,False
2002-01-01,1,157,US_2Y_Treasury:Z12,0.0001,False
2002-01-01,1,157,US_2Y_Treasury:Z6_vel,0.2332,True
2002-01-01,1,157,US_2Y_Treasury:Z6_acc,0.2075,True
2002-01-01,1,157,WTI_Crude_Close:Z6,0.0505,False
2002-01-01,1,157,WTI_Crude_Close:Z3,0.0094,False
2002-01-01,1,157,WTI_Crude_Close:Z12,0.0148,False
2002-01-01,1,157,WTI_Crude_Close:Z6_vel,0.0037,False
2002-01-01,1,157,WTI_Crude_Close:Z6_acc,0.0359,False
2002-01-01,1,157,Gold_Close:Z6,0.1601,False
2002-01-01,1,157,Gold_Close:Z3,0.1858,False
2002-01-01,1,157,Gold_Close:Z12,0.0427,False
2002-01-01,1,157,Gold_Close:Z6_vel,0.0071,False
2002-01-01,1,157,Gold_Close:Z6_acc,0.0157,False
2002-01-01,1,157,M2_Money:Z6,0.001,False
2002-01-01,1,157,M2_Money:Z3,0.0002,False
2002-01-01,1,157,M2_Money:Z12,0.0004,False
2002-01-01,1,157,M2_Money:Z6_vel,0.0239,False
2002-01-01,1,157,M2_Money:Z6_acc,0.0055,False
2002-01-01,1,157,Industrial_Production:Z6,0.0026,False
2002-01-01,1,157,Industrial_Production:Z3,0.019,False
2002-01-01,1,157,Industrial_Production:Z12,0.0034,False
2002-01-01,1,157,Industrial_Production:Z6_vel,0.0449,False
2002-01-01,1,157,Industrial_Production:Z6_acc,0.0001,False
2002-01-01,1,157,US_CPI:Z6,0.0271,False
2002-01-01,1,157,US_CPI:Z3,0.0284,False
2002-01-01,1,157,US_CPI:Z12,0.0768,False
2002-01-01,1,157,US_CPI:Z6_vel,0.0284,False
2002-01-01,1,157,US_CPI:Z6_acc,0.1184,False
2002-01-01,1,157,Term_Spread_10Y_2Y:Z6,0.0744,False
2002-01-01,1,157,Term_Spread_10Y_2Y:Z3,0.0028,False
2002-01-01,1,157,Term_Spread_10Y_2Y:Z12,0.0121,False
2002-01-01,1,157,Term_Spread_10Y_2Y:Z6_vel,0.0685,False
2002-01-01,1,157,Term_Spread_10Y_2Y:Z6_acc,0.1906,False
2002-01-01,1,157,Term_Spread_10Y_3M:Z6,0.0039,False
2002-01-01,1,157,Term_Spread_10Y_3M:Z3,0.0243,False
2002-01-01,1,157,Term_Spread_10Y_3M:Z12,0.0296,False
2002-01-01,1,157,Term_Spread_10Y_3M:Z6_vel,0.0627,False
2002-01-01,1,157,Term_Spread_10Y_3M:Z6_acc,0.0142,False
2002-02-01,1,156,Dollar_Index:Z6,0.007,False
2002-02-01,1,156,Dollar_Index:Z3,0.0,False
2002-02-01,1,156,Dollar_Index:Z12,0.0611,False
2002-02-01,1,156,Dollar_Index:Z6_vel,0.0002,False
2002-02-01,1,156,Dollar_Index:Z6_acc,0.0,False
2002-02-01,1,156,GS10_Rate:Z6,0.0513,False
2002-02-01,1,156,GS10_Rate:Z3,0.0128,False
2002-02-01,1,156,GS10_Rate:Z12,0.0042,False
2002-02-01,1,156,GS10_Rate:Z6_vel,0.0129,False
2002-02-01,1,156,GS10_Rate:Z6_acc,0.0071,False
2002-02-01,1,156,Fed_Funds_Rate:Z6,0.0745,False
2002-02-01,1,156,Fed_Funds_Rate:Z3,0.1572,False
2002-02-01,1,156,Fed_Funds_Rate:Z12,0.1529,False
2002-02-01,1,156,Fed_Funds_Rate:Z6_vel,0.1005,False
2002-02-01,1,156,Fed_Funds_Rate:Z6_acc,0.0783,False
2002-02-01,1,156,US_2Y_Treasury:Z6,0.0002,False
2002-02-01,1,156,US_2Y_Treasury:Z3,0.0105,False
2002-02-01,1,156,US_2Y_Treasury:Z12,0.0057,False
2002-02-01,1,156,US_2Y_Treasury:Z6_vel,0.2256,True
2002-02-01,1,156,US_2Y_Treasury:Z6_acc,0.2251,True
2002-02-01,1,156,WTI_Crude_Close:Z6,0.0974,False
2002-02-01,1,156,WTI_Crude_Close:Z3,0.0501,False
2002-02-01,1,156,WTI_Crude_Close:Z12,0.0012,False
2002-02-01,1,156,WTI_Crude_Close:Z6_vel,0.035,False
2002-02-01,1,156,WTI_Crude_Close:Z6_acc,0.0062,False
2002-02-01,1,156,Gold_Close:Z6,0.1181,False
2002-02-01,1,156,Gold_Close:Z3,0.1483,False
2002-02-01,1,156,Gold_Close:Z12,0.0215,False
2002-02-01,1,156,Gold_Close:Z6_vel,0.0275,False
2002-02-01,1,156,Gold_Close:Z6_acc,0.0001,False
2002-02-01,1,156,M2_Money:Z6,0.0201,False
2002-02-01,1,156,M2_Money:Z3,0.0167,False
2002-02-01,1,156,M2_Money:Z12,0.0097,False
2002-02-01,1,156,M2_Money:Z6_vel,0.056,False
2002-02-01,1,156,M2_Money:Z6_acc,0.0335,False
2002-02-01,1,156,Industrial_Production:Z6,0.0035,False
2002-02-01,1,156,Industrial_Production:Z3,0.0187,False
2002-02-01,1,156,Industrial_Production:Z12,0.0037,False
2002-02-01,1,156,Industrial_Production:Z6_vel,0.0444,False
2002-02-01,1,156,Industrial_Production:Z6_acc,0.0002,False
2002-02-01,1,156,US_CPI:Z6,0.0236,False
2002-02-01,1,156,US_CPI:Z3,0.0336,False
2002-02-01,1,156,US_CPI:Z12,0.0718,False
2002-02-01,1,156,US_CPI:Z6_vel,0.0202,False
2002-02-01,1,156,US_CPI:Z6_acc,0.0848,False
2002-02-01,1,156,Term_Spread_10Y_2Y:Z6,0.076,False
2002-02-01,1,156,Term_Spread_10Y_2Y:Z3,0.0043,False
2002-02-01,1,156,Term_Spread_10Y_2Y:Z12,0.0003,False
2002-02-01,1,156,Term_Spread_10Y_2Y:Z6_vel,0.0868,False
2002-02-01,1,156,Term_Spread_10Y_2Y:Z6_acc,0.2379,True
2002-02-01,1,156,Term_Spread_10Y_3M:Z6,0.0013,False
2002-02-01,1,156,Term_Spread_10Y_3M:Z3,0.0287,False
2002-02-01,1,156,Term_Spread_10Y_3M:Z12,0.0024,False
2002-02-01,1,156,Term_Spread_10Y_3M:Z6_vel,0.0894,False
2002-02-01,1,156,Term_Spread_10Y_3M:Z6_acc,0.0277,False
2002-03-01,25,87,Dollar_Index:Z6,0.0086,False
2002-03-01,25,87,Dollar_Index:Z3,0.0043,False
2002-03-01,25,87,Dollar_Index:Z12,0.0055,False
2002-03-01,25,87,Dollar_Index:Z6_vel,0.0001,False
2002-03-01,25,87,Dollar_Index:Z6_acc,0.0124,False
2002-03-01,25,87,GS10_Rate:Z6,0.0672,False
2002-03-01,25,87,GS10_Rate:Z3,0.007,False
2002-03-01,25,87,GS10_Rate:Z12,0.041,False
2002-03-01,25,87,GS10_Rate:Z6_vel,0.0002,False
2002-03-01,25,87,GS10_Rate:Z6_acc,0.0143,False
2002-03-01,25,87,Fed_Funds_Rate:Z6,0.1165,False
2002-03-01,25,87,Fed_Funds_Rate:Z3,0.1141,False
2002-03-01,25,87,Fed_Funds_Rate:Z12,0.0061,False
2002-03-01,25,87,Fed_Funds_Rate:Z6_vel,0.1449,False
2002-03-01,25,87,Fed_Funds_Rate:Z6_acc,0.0058,False
2002-03-01,25,87,US_2Y_Treasury:Z6,0.2214,True
2002-03-01,25,87,US_2Y_Treasury:Z3,0.025,False
2002-03-01,25,87,US_2Y_Treasury:Z12,0.0794,False
2002-03-01,25,87,US_2Y_Treasury:Z6_vel,0.0656,False
2002-03-01,25,87,US_2Y_Treasury:Z6_acc,0.0144,False
2002-03-01,25,87,Gold_Close:Z6,0.104,False
2002-03-01,25,87,Gold_Close:Z3,0.1429,False
2002-03-01,25,87,Gold_Close:Z12,0.0194,False
2002-03-01,25,87,Gold_Close:Z6_vel,0.0146,False
2002-03-01,25,87,Gold_Close:Z6_acc,0.002,False
2002-03-01,25,87,M2_Money:Z6,0.0109,False
2002-03-01,25,87,M2_Money:Z3,0.002,False
2002-03-01,25,87,M2_Money:Z12,0.0,False
2002-03-01,25,87,M2_Money:Z6_vel,0.0003,False
2002-03-01,25,87,M2_Money:Z6_acc,0.002,False
2002-03-01,25,87,Industrial_Production:Z6,0.0006,False
2002-03-01,25,87,Industrial_Production:Z3,0.0378,False
2002-03-01,25,87,Industrial_Production:Z12,0.035,False
2002-03-01,25,87,Industrial_Production:Z6_vel,0.0548,False
2002-03-01,25,87,Industrial_Production:Z6_acc,0.0041,False
2002-03-01,25,87,US_CPI:Z6,0.0411,False
2002-03-01,25,87,US_CPI:Z3,0.051,False
2002-03-01,25,87,US_CPI:Z12,0.0767,False
2002-03-01,25,87,US_CPI:Z6_vel,0.0124,False
2002-03-01,25,87,US_CPI:Z6_acc,0.001,False
2002-03-01,25,87,Term_Spread_10Y_2Y:Z6,0.1781,False
2002-03-01,25,87,Term_Spread_10Y_2Y:Z3,0.0803,False
2002-03-01,25,87,Term_Spread_10Y_2Y:Z12,0.0482,False
2002-03-01,25,87,Term_Spread_10Y_2Y:Z6_vel,0.2124,True
2002-03-01,25,87,Term_Spread_10Y_2Y:Z6_acc,0.0027,False
2002-04-01,13,120,Dollar_Index:Z6,0.0242,False
2002-04-01,13,120,Dollar_Index:Z3,0.0018,False
2002-04-01,13,120,Dollar_Index:Z12,0.0188,False
2002-04-01,13,120,Dollar_Index:Z6_vel,0.0045,False
2002-04-01,13,120,Dollar_Index:Z6_acc,0.0011,False
2002-04-01,13,120,GS10_Rate:Z6,0.0424,False
2002-04-01,13,120,GS10_Rate:Z3,0.0226,False
2002-04-01,13,120,GS10_Rate:Z12,0.0026,False
2002-04-01,13,120,GS10_Rate:Z6_vel,0.0277,False
2002-04-01,13,120,GS10_Rate:Z6_acc,0.0002,False
2002-04-01,13,120,Fed_Funds_Rate:Z6,0.0161,False
2002-04-01,13,120,Fed_Funds_Rate:Z3,0.0089,False
2002-04-01,13,120,Fed_Funds_Rate:Z12,0.0642,False
2002-04-01,13,120,Fed_Funds_Rate:Z6_vel,0.0103,False
2002-04-01,13,120,Fed_Funds_Rate:Z6_acc,0.0055,False
2002-04-01,13,120,US_2Y_Treasury:Z6,0.0953,False
2002-04-01,13,120,US_2Y_Treasury:Z3,0.0368,False
2002-04-01,13,120,US_2Y_Treasury:Z12,0.071,False
2002-04-01,13,120,US_2Y_Treasury:Z6_vel,0.0123,False
2002-04-01,13,120,US_2Y_Treasury:Z6_acc,0.0104,False
2002-04-01,13,120,WTI_Crude_Close:Z6,0.0516,False
2002-04-01,13,120,WTI_Crude_Close:Z3,0.0036,False
2002-04-01,13,120,WTI_Crude_Close:Z12,0.3808,True
2002-04-01,13,120,WTI_Crude_Close:Z6_vel,0.03,False
2002-04-01,13,120,WTI_Crude_Close:Z6_acc,0.2021,True
2002-04-01,13,120,Gold_Close:Z6,0.0253,False
2002-04-01,13,120,Gold_Close:Z3,0.0008,False
2002-04-01,13,120,Gold_Close:Z12,0.0354,False
2002-04-01,13,120,Gold_Close:Z6_vel,0.0006,False
2002-04-01,13,120,Gold_Close:Z6_acc,0.0085,False
2002-04-01,13,120,M2_Money:Z6,0.0108,False
2002-04-01,13,120,M2_Money:Z3,0.0151,False
2002-04-01,13,120,M2_Money:Z12,0.0432,False
2002-04-01,13,120,M2_Money:Z6_vel,0.002,False
2002-04-01,13,120,M2_Money:Z6_acc,0.0017,False
2002-04-01,13,120,Industrial_Production:Z6,0.0003,False
2002-04-01,13,120,Industrial_Production:Z3,0.0077,False
2002-04-01,13,120,Industrial_Production:Z12,0.0108,False
2002-04-01,13,120,Industrial_Production:Z6_vel,0.0036,False
2002-04-01,13,120,Industrial_Production:Z6_acc,0.0137,False
2002-04-01,13,120,US_CPI:Z6,0.0313,False
2002-04-01,13,120,US_CPI:Z3,0.0353,False
2002-04-01,13,120,US_CPI:Z12,0.0341,False
2002-04-01,13,120,US_CPI:Z6_vel,0.0007,False
2002-04-01,13,120,US_CPI:Z6_acc,0.0016,False
2002-04-01,13,120,Term_Spread_10Y_2Y:Z6,0.0516,False
2002-04-01,13,120,Term_Spread_10Y_2Y:Z3,0.031,False
2002-04-01,13,120,Term_Spread_10Y_2Y:Z12,0.192,False
2002-04-01,13,120,Term_Spread_10Y_2Y:Z6_vel,0.0164,False
2002-04-01,13,120,Term_Spread_10Y_2Y:Z6_acc,0.0006,False
2002-04-01,13,120,Term_Spread_10Y_3M:Z6,0.0001,False
2002-04-01,13,120,Term_Spread_10Y_3M:Z3,0.0154,False
2002-04-01,13,120,Term_Spread_10Y_3M:Z12,0.1086,False
2002-04-01,13,120,Term_Spread_10Y_3M:Z6_vel,0.0016,False
2002-04-01,13,120,Term_Spread_10Y_3M:Z6_acc,0.0145,False
2002-04-01,13,120,VIX_Close:Z3,0.1347,False
2002-05-01,2,180,Dollar_Index:Z6,0.1196,False
2002-05-01,2,180,Dollar_Index:Z3,0.0376,False
2002-05-01,2,180,Dollar_Index:Z12,0.1212,False
2002-05-01,2,180,Dollar_Index:Z6_vel,0.0031,False
2002-05-01,2,180,Dollar_Index:Z6_acc,0.026,False
2002-05-01,2,180,GS10_Rate:Z6,0.0074,False
2002-05-01,2,180,GS10_Rate:Z3,0.0045,False
2002-05-01,2,180,GS10_Rate:Z12,0.0068,False
2002-05-01,2,180,GS10_Rate:Z6_vel,0.0098,False
2002-05-01,2,180,GS10_Rate:Z6_acc,0.0062,False
2002-05-01,2,180,Fed_Funds_Rate:Z6,0.0018,False
2002-05-01,2,180,Fed_Funds_Rate:Z3,0.0124,False
2002-05-01,2,180,Fed_Funds_Rate:Z12,0.0256,False
2002-05-01,2,180,Fed_Funds_Rate:Z6_vel,0.0,False
2002-05-01,2,180,Fed_Funds_Rate:Z6_acc,0.0023,False
2002-05-01,2,180,US_2Y_Treasury:Z6,0.0057,False
2002-05-01,2,180,US_2Y_Treasury:Z3,0.0268,False
2002-05-01,2,180,US_2Y_Treasury:Z12,0.0046,False
2002-05-01,2,180,US_2Y_Treasury:Z6_vel,0.0019,False
2002-05-01,2,180,US_2Y_Treasury:Z6_acc,0.0231,False
2002-05-01,2,180,Gold_Close:Z6,0.0013,False
2002-05-01,2,180,Gold_Close:Z3,0.0006,False
2002-05-01,2,180,Gold_Close:Z12,0.0031,False
2002-05-01,2,180,Gold_Close:Z6_vel,0.0001,False
2002-05-01,2,180,Gold_Close:Z6_acc,0.0072,False
2002-05-01,2,180,M2_Money:Z6,0.0077,False
2002-05-01,2,180,M2_Money:Z3,0.0321,False
2002-05-01,2,180,M2_Money:Z12,0.0106,False
2002-05-01,2,180,M2_Money:Z6_vel,0.0005,False
2002-05-01,2,180,M2_Money:Z6_acc,0.0079,False
2002-05-01,2,180,Industrial_Production:Z6,0.0046,False
2002-05-01,2,180,Industrial_Production:Z3,0.0104,False
2002-05-01,2,180,Industrial_Production:Z12,0.0115,False
2002-05-01,2,180,Industrial_Production:Z6_vel,0.02,False
2002-05-01,2,180,Industrial_Production:Z6_acc,0.0315,False
2002-05-01,2,180,US_CPI:Z6,0.0291,False
2002-05-01,2,180,US_CPI:Z3,0.011,False
2002-05-01,2,180,US_CPI:Z12,0.0364,False
2002-05-01,2,180,US_CPI:Z6_vel,0.0663,False
2002-05-01,2,180,US_CPI:Z6_acc,0.0302,False
2002-05-01,2,180,Term_Spread_10Y_2Y:Z6,0.0124,False
2002-05-01,2,180,Term_Spread_10Y_2Y:Z3,0.0113,False
2002-05-01,2,180,Term_Spread_10Y_2Y:Z12,0.0013,False
2002-05-01,2,180,Term_Spread_10Y_2Y:Z6_vel,0.0172,False
2002-05-01,2,180,Term_Spread_10Y_2Y:Z6_acc,0.0003,False
2002-06-01,2,180,Dollar_Index:Z6,0.1196,False
2002-06-01,2,180,Dollar_Index:Z3,0.0376,False
2002-06-01,2,180,Dollar_Index:Z12,0.1212,False
2002-06-01,2,180,Dollar_Index:Z6_vel,0.0031,False
2002-06-01,2,180,Dollar_Index:Z6_acc,0.026,False
2002-06-01,2,180,GS10_Rate:Z6,0.0074,False
2002-06-01,2,180,GS10_Rate:Z3,0.0045,False
2002-06-01,2,180,GS10_Rate:Z12,0.0068,False
2002-06-01,2,180,GS10_Rate:Z6_vel,0.0098,False
2002-06-01,2,180,GS10_Rate:Z6_acc,0.0062,False
2002-06-01,2,180,Fed_Funds_Rate:Z6,0.0018,False
2002-06-01,2,180,Fed_Funds_Rate:Z3,0.0124,False
2002-06-01,2,180,Fed_Funds_Rate:Z12,0.0256,False
2002-06-01,2,180,Fed_Funds_Rate:Z6_vel,0.0,False
2002-06-01,2,180,Fed_Funds_Rate:Z6_acc,0.0023,False
2002-06-01,2,180,US_2Y_Treasury:Z6,0.0057,False
2002-06-01,2,180,US_2Y_Treasury:Z3,0.0268,False
2002-06-01,2,180,US_2Y_Treasury:Z12,0.0046,False
2002-06-01,2,180,US_2Y_Treasury:Z6_vel,0.0019,False
2002-06-01,2,180,US_2Y_Treasury:Z6_acc,0.0231,False
2002-06-01,2,180,Gold_Close:Z6,0.0013,False
2002-06-01,2,180,Gold_Close:Z3,0.0006,False
2002-06-01,2,180,Gold_Close:Z12,0.0031,False
2002-06-01,2,180,Gold_Close:Z6_vel,0.0001,False
2002-06-01,2,180,Gold_Close:Z6_acc,0.0072,False
2002-06-01,2,180,M2_Money:Z6,0.0077,False
2002-06-01,2,180,M2_Money:Z3,0.0321,False
2002-06-01,2,180,M2_Money:Z12,0.0106,False
2002-06-01,2,180,M2_Money:Z6_vel,0.0005,False
2002-06-01,2,180,M2_Money:Z6_acc,0.0079,False
2002-06-01,2,180,Industrial_Production:Z6,0.0046,False
2002-06-01,2,180,Industrial_Production:Z3,0.0104,False
2002-06-01,2,180,Industrial_Production:Z12,0.0115,False
2002-06-01,2,180,Industrial_Production:Z6_vel,0.02,False
2002-06-01,2,180,Industrial_Production:Z6_acc,0.0315,False
2002-06-01,2,180,US_CPI:Z6,0.0291,False
2002-06-01,2,180,US_CPI:Z3,0.011,False
2002-06-01,2,180,US_CPI:Z12,0.0364,False
2002-06-01,2,180,US_CPI:Z6_vel,0.0663,False
2002-06-01,2,180,US_CPI:Z6_acc,0.0302,False
2002-06-01,2,180,Term_Spread_10Y_2Y:Z6,0.0124,False
2002-06-01,2,180,Term_Spread_10Y_2Y:Z3,0.0113,False
2002-06-01,2,180,Term_Spread_10Y_2Y:Z12,0.0013,False
2002-06-01,2,180,Term_Spread_10Y_2Y:Z6_vel,0.0172,False
2002-06-01,2,180,Term_Spread_10Y_2Y:Z6_acc,0.0003,False
2002-07-01,3,58,Dollar_Index:Z6,0.0069,False
2002-07-01,3,58,Dollar_Index:Z3,0.002,False
2002-07-01,3,58,Dollar_Index:Z6_vel,0.0399,False
2002-07-01,3,58,Dollar_Index:Z6_acc,0.0642,False
2002-07-01,3,58,GS10_Rate:Z6,0.0083,False
2002-07-01,3,58,GS10_Rate:Z3,0.0045,False
2002-07-01,3,58,GS10_Rate:Z12,0.0108,False
2002-07-01,3,58,GS10_Rate:Z6_vel,0.0001,False
2002-07-01,3,58,GS10_Rate:Z6_acc,0.0006,False
2002-07-01,3,58,Fed_Funds_Rate:Z6,0.0462,False
2002-07-01,3,58,Fed_Funds_Rate:Z3,0.0175,False
2002-07-01,3,58,Fed_Funds_Rate:Z12,0.0761,False
2002-07-01,3,58,Fed_Funds_Rate:Z6_vel,0.0514,False
2002-07-01,3,58,Fed_Funds_Rate:Z6_acc,0.046,False
2002-07-01,3,58,Gold_Close:Z6,0.0015,False
2002-07-01,3,58,Gold_Close:Z3,0.0324,False
2002-07-01,3,58,Gold_Close:Z12,0.0377,False
2002-07-01,3,58,Gold_Close:Z6_vel,0.0999,False
2002-07-01,3,58,Gold_Close:Z6_acc,0.0011,False
2002-07-01,3,58,M2_Money:Z6,0.0257,False
2002-07-01,3,58,M2_Money:Z3,0.026,False
2002-07-01,3,58,M2_Money:Z12,0.1394,False
2002-07-01,3,58,M2_Money:Z6_vel,0.0514,False
2002-07-01,3,58,M2_Money:Z6_acc,0.0003,False
2002-07-01,3,58,Industrial_Production:Z6,0.0055,False
2002-07-01,3,58,Industrial_Production:Z3,0.0,False
2002-07-01,3,58,Industrial_Production:Z12,0.0134,False
2002-07-01,3,58,Industrial_Production:Z6_vel,0.0061,False
2002-07-01,3,58,Industrial_Production:Z6_acc,0.0964,False
2002-07-01,3,58,US_CPI:Z6,0.0083,False
2002-07-01,3,58,US_CPI:Z3,0.0337,False
2002-07-01,3,58,US_CPI:Z12,0.0037,False
2002-07-01,3,58,US_CPI:Z6_vel,0.011,False
2002-07-01,3,58,US_CPI:Z6_acc,0.018,False
2002-08-01,3,58,Dollar_Index:Z6,0.0069,False
2002-08-01,3,58,Dollar_Index:Z3,0.002,False
2002-08-01,3,58,Dollar_Index:Z6_vel,0.0399,False
2002-08-01,3,58,Dollar_Index:Z6_acc,0.0642,False
2002-08-01,3,58,GS10_Rate:Z6,0.0083,False
2002-08-01,3,58,GS10_Rate:Z3,0.0045,False
2002-08-01,3,58,GS10_Rate:Z12,0.0108,False
2002-08-01,3,58,GS10_Rate:Z6_vel,0.0001,False
2002-08-01,3,58,GS10_Rate:Z6_acc,0.0006,False
2002-08-01,3,58,Fed_Funds_Rate:Z6,0.0462,False
2002-08-01,3,58,Fed_Funds_Rate:Z3,0.0175,False
2002-08-01,3,58,Fed_Funds_Rate:Z12,0.0761,False
2002-08-01,3,58,Fed_Funds_Rate:Z6_vel,0.0514,False
2002-08-01,3,58,Fed_Funds_Rate:Z6_acc,0.046,False
2002-08-01,3,58,Gold_Close:Z6,0.0015,False
2002-08-01,3,58,Gold_Close:Z3,0.0324,False
2002-08-01,3,58,Gold_Close:Z12,0.0377,False
2002-08-01,3,58,Gold_Close:Z6_vel,0.0999,False
2002-08-01,3,58,Gold_Close:Z6_acc,0.0011,False
2002-08-01,3,58,M2_Money:Z6,0.0257,False
2002-08-01,3,58,M2_Money:Z3,0.026,False
2002-08-01,3,58,M2_Money:Z12,0.1394,False
2002-08-01,3,58,M2_Money:Z6_vel,0.0514,False
2002-08-01,3,58,M2_Money:Z6_acc,0.0003,False
2002-08-01,3,58,Industrial_Production:Z6,0.0055,False
2002-08-01,3,58,Industrial_Production:Z3,0.0,False
2002-08-01,3,58,Industrial_Production:Z12,0.0134,False
2002-08-01,3,58,Industrial_Production:Z6_vel,0.0061,False
2002-08-01,3,58,Industrial_Production:Z6_acc,0.0964,False
2002-08-01,3,58,US_CPI:Z6,0.0083,False
2002-08-01,3,58,US_CPI:Z3,0.0337,False
2002-08-01,3,58,US_CPI:Z12,0.0037,False
2002-08-01,3,58,US_CPI:Z6_vel,0.011,False
2002-08-01,3,58,US_CPI:Z6_acc,0.018,False
2002-09-01,3,58,Dollar_Index:Z6,0.0069,False
2002-09-01,3,58,Dollar_Index:Z3,0.002,False
2002-09-01,3,58,Dollar_Index:Z6_vel,0.0399,False
2002-09-01,3,58,Dollar_Index:Z6_acc,0.0642,False
2002-09-01,3,58,GS10_Rate:Z6,0.0083,False
2002-09-01,3,58,GS10_Rate:Z3,0.0045,False
2002-09-01,3,58,GS10_Rate:Z12,0.0108,False
2002-09-01,3,58,GS10_Rate:Z6_vel,0.0001,False
2002-09-01,3,58,GS10_Rate:Z6_acc,0.0006,False
2002-09-01,3,58,Fed_Funds_Rate:Z6,0.0462,False
2002-09-01,3,58,Fed_Funds_Rate:Z3,0.0175,False
2002-09-01,3,58,Fed_Funds_Rate:Z12,0.0761,False
2002-09-01,3,58,Fed_Funds_Rate:Z6_vel,0.0514,False
2002-09-01,3,58,Fed_Funds_Rate:Z6_acc,0.046,False
2002-09-01,3,58,Gold_Close:Z6,0.0015,False
2002-09-01,3,58,Gold_Close:Z3,0.0324,False
2002-09-01,3,58,Gold_Close:Z12,0.0377,False
2002-09-01,3,58,Gold_Close:Z6_vel,0.0999,False
2002-09-01,3,58,Gold_Close:Z6_acc,0.0011,False
2002-09-01,3,58,M2_Money:Z6,0.0257,False
2002-09-01,3,58,M2_Money:Z3,0.026,False
2002-09-01,3,58,M2_Money:Z12,0.1394,False
2002-09-01,3,58,M2_Money:Z6_vel,0.0514,False
2002-09-01,3,58,M2_Money:Z6_acc,0.0003,False
2002-09-01,3,58,Industrial_Production:Z6,0.0055,False
2002-09-01,3,58,Industrial_Production:Z3,0.0,False
2002-09-01,3,58,Industrial_Production:Z12,0.0134,False
2002-09-01,3,58,Industrial_Production:Z6_vel,0.0061,False
2002-09-01,3,58,Industrial_Production:Z6_acc,0.0964,False
2002-09-01,3,58,US_CPI:Z6,0.0083,False
2002-09-01,3,58,US_CPI:Z3,0.0337,False
2002-09-01,3,58,US_CPI:Z12,0.0037,False
2002-09-01,3,58,US_CPI:Z6_vel,0.011,False
2002-09-01,3,58,US_CPI:Z6_acc,0.018,False
2002-10-01,3,59,Dollar_Index:Z6,0.0166,False
2002-10-01,3,59,Dollar_Index:Z3,0.0178,False
2002-10-01,3,59,Dollar_Index:Z6_vel,0.012,False
2002-10-01,3,59,Dollar_Index:Z6_acc,0.0548,False
2002-10-01,3,59,GS10_Rate:Z6,0.0123,False
2002-10-01,3,59,GS10_Rate:Z3,0.0094,False
2002-10-01,3,59,GS10_Rate:Z12,0.0164,False
2002-10-01,3,59,GS10_Rate:Z6_vel,0.0,False
2002-10-01,3,59,GS10_Rate:Z6_acc,0.0,False
2002-10-01,3,59,Fed_Funds_Rate:Z6,0.0244,False
2002-10-01,3,59,Fed_Funds_Rate:Z3,0.0101,False
2002-10-01,3,59,Fed_Funds_Rate:Z12,0.0194,False
2002-10-01,3,59,Fed_Funds_Rate:Z6_vel,0.0436,False
2002-10-01,3,59,Fed_Funds_Rate:Z6_acc,0.0497,False
2002-10-01,3,59,Gold_Close:Z6,0.0011,False
2002-10-01,3,59,Gold_Close:Z3,0.0316,False
2002-10-01,3,59,Gold_Close:Z12,0.0276,False
2002-10-01,3,59,Gold_Close:Z6_vel,0.099,False
2002-10-01,3,59,Gold_Close:Z6_acc,0.0002,False
2002-10-01,3,59,M2_Money:Z6,0.016,False
2002-10-01,3,59,M2_Money:Z3,0.007,False
2002-10-01,3,59,M2_Money:Z12,0.1334,False
2002-10-01,3,59,M2_Money:Z6_vel,0.0644,False
2002-10-01,3,59,M2_Money:Z6_acc,0.0074,False
2002-10-01,3,59,Industrial_Production:Z6,0.0038,False
2002-10-01,3,59,Industrial_Production:Z3,0.0,False
2002-10-01,3,59,Industrial_Production:Z12,0.0226,False
2002-10-01,3,59,Industrial_Production:Z6_vel,0.0034,False
2002-10-01,3,59,Industrial_Production:Z6_acc,0.0932,False
2002-10-01,3,59,US_CPI:Z6,0.014,False
2002-10-01,3,59,US_CPI:Z3,0.0363,False
2002-10-01,3,59,US_CPI:Z12,0.0136,False
2002-10-01,3,59,US_CPI:Z6_vel,0.0075,False
2002-10-01,3,59,US_CPI:Z6_acc,0.0251,False
2002-11-01,3,60,Dollar_Index:Z6,0.0296,False
2002-11-01,3,60,Dollar_Index:Z3,0.0259,False
2002-11-01,3,60,Dollar_Index:Z12,0.0213,False
2002-11-01,3,60,Dollar_Index:Z6_vel,0.0092,False
2002-11-01,3,60,Dollar_Index:Z6_acc,0.0726,False
2002-11-01,3,60,GS10_Rate:Z6,0.0189,False
2002-11-01,3,60,GS10_Rate:Z3,0.019,False
2002-11-01,3,60,GS10_Rate:Z12,0.0234,False
2002-11-01,3,60,GS10_Rate:Z6_vel,0.0006,False
2002-11-01,3,60,GS10_Rate:Z6_acc,0.0,False
2002-11-01,3,60,Fed_Funds_Rate:Z6,0.0114,False
2002-11-01,3,60,Fed_Funds_Rate:Z3,0.0054,False
2002-11-01,3,60,Fed_Funds_Rate:Z12,0.0018,False
2002-11-01,3,60,Fed_Funds_Rate:Z6_vel,0.0398,False
2002-11-01,3,60,Fed_Funds_Rate:Z6_acc,0.0493,False
2002-11-01,3,60,US_2Y_Treasury:Z6,0.1401,False
2002-11-01,3,60,US_2Y_Treasury:Z3,0.0777,False
2002-11-01,3,60,US_2Y_Treasury:Z12,0.3151,True
2002-11-01,3,60,US_2Y_Treasury:Z6_vel,0.0001,False
2002-11-01,3,60,US_2Y_Treasury:Z6_acc,0.0015,False
2002-11-01,3,60,Gold_Close:Z6,0.0003,False
2002-11-01,3,60,Gold_Close:Z3,0.0371,False
2002-11-01,3,60,Gold_Close:Z12,0.019,False
2002-11-01,3,60,Gold_Close:Z6_vel,0.1005,False
2002-11-01,3,60,Gold_Close:Z6_acc,0.0001,False
2002-11-01,3,60,M2_Money:Z6,0.0055,False
2002-11-01,3,60,M2_Money:Z3,0.0016,False
2002-11-01,3,60,M2_Money:Z12,0.1234,False
2002-11-01,3,60,M2_Money:Z6_vel,0.0887,False
2002-11-01,3,60,M2_Money:Z6_acc,0.0151,False
2002-11-01,3,60,Industrial_Production:Z6,0.003,False
2002-11-01,3,60,Industrial_Production:Z3,0.0,False
2002-11-01,3,60,Industrial_Production:Z12,0.0316,False
2002-11-01,3,60,Industrial_Production:Z6_vel,0.0017,False
2002-11-01,3,60,Industrial_Production:Z6_acc,0.092,False
2002-11-01,3,60,US_CPI:Z6,0.0197,False
2002-11-01,3,60,US_CPI:Z3,0.0413,False
2002-11-01,3,60,US_CPI:Z12,0.0271,False
2002-11-01,3,60,US_CPI:Z6_vel,0.0055,False
2002-11-01,3,60,US_CPI:Z6_acc,0.0242,False
2002-11-01,3,60,Term_Spread_10Y_2Y:Z6,0.1044,False
2002-11-01,3,60,Term_Spread_10Y_2Y:Z3,0.12,False
2002-11-01,3,60,Term_Spread_10Y_2Y:Z12,0.267,True
2002-11-01,3,60,Term_Spread_10Y_2Y:Z6_vel,0.0089,False
2002-11-01,3,60,Term_Spread_10Y_2Y:Z6_acc,0.003,False
2002-11-01,3,60,Term_Spread_10Y_3M:Z6,0.2226,True
2002-11-01,3,60,Term_Spread_10Y_3M:Z3,0.2008,True
2002-11-01,3,60,Term_Spread_10Y_3M:Z12,0.023,False
2002-11-01,3,60,Term_Spread_10Y_3M:Z6_vel,0.0926,False
2002-11-01,3,60,Term_Spread_10Y_3M:Z6_acc,0.0172,False
2002-12-01,2,179,Dollar_Index:Z6,0.1057,False
2002-12-01,2,179,Dollar_Index:Z3,0.0198,False
2002-12-01,2,179,Dollar_Index:Z12,0.1054,False
2002-12-01,2,179,Dollar_Index:Z6_vel,0.0002,False
2002-12-01,2,179,Dollar_Index:Z6_acc,0.0213,False
2002-12-01,2,179,GS10_Rate:Z6,0.0072,False
2002-12-01,2,179,GS10_Rate:Z3,0.004,False
2002-12-01,2,179,GS10_Rate:Z12,0.0054,False
2002-12-01,2,179,GS10_Rate:Z6_vel,0.0082,False
2002-12-01,2,179,GS10_Rate:Z6_acc,0.0056,False
2002-12-01,2,179,Fed_Funds_Rate:Z6,0.0022,False
2002-12-01,2,179,Fed_Funds_Rate:Z3,0.0122,False
2002-12-01,2,179,Fed_Funds_Rate:Z12,0.0164,False
2002-12-01,2,179,Fed_Funds_Rate:Z6_vel,0.0002,False
2002-12-01,2,179,Fed_Funds_Rate:Z6_acc,0.0023,False
2002-12-01,2,179,US_2Y_Treasury:Z6,0.0058,False
2002-12-01,2,179,US_2Y_Treasury:Z3,0.0299,False
2002-12-01,2,179,US_2Y_Treasury:Z12,0.0001,False
2002-12-01,2,179,US_2Y_Treasury:Z6_vel,0.0011,False
2002-12-01,2,179,US_2Y_Treasury:Z6_acc,0.0193,False
2002-12-01,2,179,Gold_Close:Z6,0.0007,False
2002-12-01,2,179,Gold_Close:Z3,0.0012,False
2002-12-01,2,179,Gold_Close:Z12,0.0029,False
2002-12-01,2,179,Gold_Close:Z6_vel,0.0008,False
2002-12-01,2,179,Gold_Close:Z6_acc,0.0052,False
2002-12-01,2,179,M2_Money:Z6,0.0054,False
2002-12-01,2,179,M2_Money:Z3,0.0228,False
2002-12-01,2,179,M2_Money:Z12,0.0096,False
2002-12-01,2,179,M2_Money:Z6_vel,0.0006,False
2002-12-01,2,179,M2_Money:Z6_acc,0.0028,False
2002-12-01,2,179,Industrial_Production:Z6,0.0032,False
2002-12-01,2,179,Industrial_Production:Z3,0.0065,False
2002-12-01,2,179,Industrial_Production:Z12,0.0134,False
2002-12-01,2,179,Industrial_Production:Z6_vel,0.0106,False
2002-12-01,2,179,Industrial_Production:Z6_acc,0.02,False
2002-12-01,2,179,US_CPI:Z6,0.0209,False
2002-12-01,2,179,US_CPI:Z3,0.009,False
2002-12-01,2,179,US_CPI:Z12,0.0291,False
2002-12-01,2,179,US_CPI:Z6_vel,0.0485,False
2002-12-01,2,179,US_CPI:Z6_acc,0.0188,False
2002-12-01,2,179,Term_Spread_10Y_2Y:Z6,0.0127,False
2002-12-01,2,179,Term_Spread_10Y_2Y:Z3,0.0117,False
2002-12-01,2,179,Term_Spread_10Y_2Y:Z12,0.008,False
2002-12-01,2,179,Term_Spread_10Y_2Y:Z6_vel,0.0151,False
2002-12-01,2,179,Term_Spread_10Y_2Y:Z6_acc,0.0,False
2003-02-01,2,178,Dollar_Index:Z6,0.1057,False
2003-02-01,2,178,Dollar_Index:Z3,0.0198,False
2003-02-01,2,178,Dollar_Index:Z12,0.1054,False
2003-02-01,2,178,Dollar_Index:Z6_vel,0.0002,False
2003-02-01,2,178,Dollar_Index:Z6_acc,0.0213,False
2003-02-01,2,178,GS10_Rate:Z6,0.0074,False
2003-02-01,2,178,GS10_Rate:Z3,0.0041,False
2003-02-01,2,178,GS10_Rate:Z12,0.0057,False
2003-02-01,2,178,GS10_Rate:Z6_vel,0.0081,False
2003-02-01,2,178,GS10_Rate:Z6_acc,0.0056,False
2003-02-01,2,178,Fed_Funds_Rate:Z6,0.0022,False
2003-02-01,2,178,Fed_Funds_Rate:Z3,0.0122,False
2003-02-01,2,178,Fed_Funds_Rate:Z12,0.0164,False
2003-02-01,2,178,Fed_Funds_Rate:Z6_vel,0.0002,False
2003-02-01,2,178,Fed_Funds_Rate:Z6_acc,0.0023,False
2003-02-01,2,178,US_2Y_Treasury:Z6,0.0058,False
2003-02-01,2,178,US_2Y_Treasury:Z3,0.0299,False
2003-02-01,2,178,US_2Y_Treasury:Z12,0.0001,False
2003-02-01,2,178,US_2Y_Treasury:Z6_vel,0.0011,False
2003-02-01,2,178,US_2Y_Treasury:Z6_acc,0.0193,False
2003-02-01,2,178,Gold_Close:Z6,0.0007,False
2003-02-01,2,178,Gold_Close:Z3,0.0012,False
2003-02-01,2,178,Gold_Close:Z12,0.0029,False
2003-02-01,2,178,Gold_Close:Z6_vel,0.0008,False
2003-02-01,2,178,Gold_Close:Z6_acc,0.0052,False
2003-02-01,2,178,M2_Money:Z6,0.0054,False
2003-02-01,2,178,M2_Money:Z3,0.0228,False
2003-02-01,2,178,M2_Money:Z12,0.0096,False
2003-02-01,2,178,M2_Money:Z6_vel,0.0006,False
2003-02-01,2,178,M2_Money:Z6_acc,0.0028,False
2003-02-01,2,178,Industrial_Production:Z6,0.0032,False
2003-02-01,2,178,Industrial_Production:Z3,0.0065,False
2003-02-01,2,178,Industrial_Production:Z12,0.0134,False
2003-02-01,2,178,Industrial_Production:Z6_vel,0.0106,False
2003-02-01,2,178,Industrial_Production:Z6_acc,0.02,False
2003-02-01,2,178,US_CPI:Z6,0.0209,False
2003-02-01,2,178,US_CPI:Z3,0.009,False
2003-02-01,2,178,US_CPI:Z12,0.0291,False
2003-02-01,2,178,US_CPI:Z6_vel,0.0485,False
2003-02-01,2,178,US_CPI:Z6_acc,0.0188,False
2003-02-01,2,178,Term_Spread_10Y_2Y:Z6,0.0127,False
2003-02-01,2,178,Term_Spread_10Y_2Y:Z3,0.0117,False
2003-02-01,2,178,Term_Spread_10Y_2Y:Z12,0.008,False
2003-02-01,2,178,Term_Spread_10Y_2Y:Z6_vel,0.0151,False
2003-02-01,2,178,Term_Spread_10Y_2Y:Z6_acc,0.0,False
2004-07-01,3,62,Dollar_Index:Z6,0.0033,False
2004-07-01,3,62,Dollar_Index:Z3,0.0175,False
2004-07-01,3,62,Dollar_Index:Z12,0.0127,False
2004-07-01,3,62,Dollar_Index:Z6_vel,0.0101,False
2004-07-01,3,62,Dollar_Index:Z6_acc,0.0562,False
2004-07-01,3,62,GS10_Rate:Z6,0.0143,False
2004-07-01,3,62,GS10_Rate:Z3,0.0121,False
2004-07-01,3,62,GS10_Rate:Z12,0.0238,False
2004-07-01,3,62,GS10_Rate:Z6_vel,0.0001,False
2004-07-01,3,62,GS10_Rate:Z6_acc,0.0001,False
2004-07-01,3,62,Fed_Funds_Rate:Z6,0.0004,False
2004-07-01,3,62,Fed_Funds_Rate:Z3,0.002,False
2004-07-01,3,62,Fed_Funds_Rate:Z12,0.0,False
2004-07-01,3,62,Fed_Funds_Rate:Z6_vel,0.0359,False
2004-07-01,3,62,Fed_Funds_Rate:Z6_acc,0.0187,False
2004-07-01,3,62,US_2Y_Treasury:Z6,0.0755,False
2004-07-01,3,62,US_2Y_Treasury:Z3,0.0353,False
2004-07-01,3,62,US_2Y_Treasury:Z12,0.178,False
2004-07-01,3,62,US_2Y_Treasury:Z6_vel,0.0035,False
2004-07-01,3,62,US_2Y_Treasury:Z6_acc,0.0023,False
2004-07-01,3,62,Gold_Close:Z6,0.0015,False
2004-07-01,3,62,Gold_Close:Z3,0.0292,False
2004-07-01,3,62,Gold_Close:Z12,0.0094,False
2004-07-01,3,62,Gold_Close:Z6_vel,0.0472,False
2004-07-01,3,62,Gold_Close:Z6_acc,0.0094,False
2004-07-01,3,62,M2_Money:Z6,0.0043,False
2004-07-01,3,62,M2_Money:Z3,0.0002,False
2004-07-01,3,62,M2_Money:Z12,0.0632,False
2004-07-01,3,62,M2_Money:Z6_vel,0.0752,False
2004-07-01,3,62,M2_Money:Z6_acc,0.0157,False
2004-07-01,3,62,Industrial_Production:Z6,0.0039,False
2004-07-01,3,62,Industrial_Production:Z3,0.0,False
2004-07-01,3,62,Industrial_Production:Z12,0.0204,False
2004-07-01,3,62,Industrial_Production:Z6_vel,0.0019,False
2004-07-01,3,62,Industrial_Production:Z6_acc,0.085,False
2004-07-01,3,62,US_CPI:Z6,0.0241,False
2004-07-01,3,62,US_CPI:Z3,0.04,False
2004-07-01,3,62,US_CPI:Z12,0.0198,False
2004-07-01,3,62,US_CPI:Z6_vel,0.0155,False
2004-07-01,3,62,US_CPI:Z6_acc,0.0382,False
2004-07-01,3,62,Term_Spread_10Y_2Y:Z6,0.1055,False
2004-07-01,3,62,Term_Spread_10Y_2Y:Z3,0.0768,False
2004-07-01,3,62,Term_Spread_10Y_2Y:Z12,0.1993,False
2004-07-01,3,62,Term_Spread_10Y_2Y:Z6_vel,0.0002,False
2004-07-01,3,62,Term_Spread_10Y_2Y:Z6_acc,0.0137,False
2004-07-01,3,62,Term_Spread_10Y_3M:Z6,0.0512,False
2004-07-01,3,62,Term_Spread_10Y_3M:Z3,0.0595,False
2004-07-01,3,62,Term_Spread_10Y_3M:Z12,0.0087,False
2004-07-01,3,62,Term_Spread_10Y_3M:Z6_vel,0.0001,False
2004-07-01,3,62,Term_Spread_10Y_3M:Z6_acc,0.0977,False
2004-08-01,3,62,Dollar_Index:Z6,0.0033,False
2004-08-01,3,62,Dollar_Index:Z3,0.0175,False
2004-08-01,3,62,Dollar_Index:Z12,0.0127,False
2004-08-01,3,62,Dollar_Index:Z6_vel,0.0101,False
2004-08-01,3,62,Dollar_Index:Z6_acc,0.0562,False
2004-08-01,3,62,GS10_Rate:Z6,0.0143,False
2004-08-01,3,62,GS10_Rate:Z3,0.0121,False
2004-08-01,3,62,GS10_Rate:Z12,0.0238,False
2004-08-01,3,62,GS10_Rate:Z6_vel,0.0001,False
2004-08-01,3,62,GS10_Rate:Z6_acc,0.0001,False
2004-08-01,3,62,Fed_Funds_Rate:Z6,0.0004,False
2004-08-01,3,62,Fed_Funds_Rate:Z3,0.002,False
2004-08-01,3,62,Fed_Funds_Rate:Z12,0.0,False
2004-08-01,3,62,Fed_Funds_Rate:Z6_vel,0.0359,False
2004-08-01,3,62,Fed_Funds_Rate:Z6_acc,0.0187,False
2004-08-01,3,62,US_2Y_Treasury:Z6,0.0755,False
2004-08-01,3,62,US_2Y_Treasury:Z3,0.0353,False
2004-08-01,3,62,US_2Y_Treasury:Z12,0.178,False
2004-08-01,3,62,US_2Y_Treasury:Z6_vel,0.0035,False
2004-08-01,3,62,US_2Y_Treasury:Z6_acc,0.0023,False
2004-08-01,3,62,Gold_Close:Z6,0.0015,False
2004-08-01,3,62,Gold_Close:Z3,0.0292,False
2004-08-01,3,62,Gold_Close:Z12,0.0094,False
2004-08-01,3,62,Gold_Close:Z6_vel,0.0472,False
2004-08-01,3,62,Gold_Close:Z6_acc,0.0094,False
2004-08-01,3,62,M2_Money:Z6,0.0043,False
2004-08-01,3,62,M2_Money:Z3,0.0002,False
2004-08-01,3,62,M2_Money:Z12,0.0632,False
2004-08-01,3,62,M2_Money:Z6_vel,0.0752,False
2004-08-01,3,62,M2_Money:Z6_acc,0.0157,False
2004-08-01,3,62,Industrial_Production:Z6,0.0039,False
2004-08-01,3,62,Industrial_Production:Z3,0.0,False
2004-08-01,3,62,Industrial_Production:Z12,0.0204,False
2004-08-01,3,62,Industrial_Production:Z6_vel,0.0019,False
2004-08-01,3,62,Industrial_Production:Z6_acc,0.085,False
2004-08-01,3,62,US_CPI:Z6,0.0241,False
2004-08-01,3,62,US_CPI:Z3,0.04,False
2004-08-01,3,62,US_CPI:Z12,0.0198,False
2004-08-01,3,62,US_CPI:Z6_vel,0.0155,False
2004-08-01,3,62,US_CPI:Z6_acc,0.0382,False
2004-08-01,3,62,Term_Spread_10Y_2Y:Z6,0.1055,False
2004-08-01,3,62,Term_Spread_10Y_2Y:Z3,0.0768,False
2004-08-01,3,62,Term_Spread_10Y_2Y:Z12,0.1993,False
2004-08-01,3,62,Term_Spread_10Y_2Y:Z6_vel,0.0002,False
2004-08-01,3,62,Term_Spread_10Y_2Y:Z6_acc,0.0137,False
2004-08-01,3,62,Term_Spread_10Y_3M:Z6,0.0512,False
2004-08-01,3,62,Term_Spread_10Y_3M:Z3,0.0595,False
2004-08-01,3,62,Term_Spread_10Y_3M:Z12,0.0087,False
2004-08-01,3,62,Term_Spread_10Y_3M:Z6_vel,0.0001,False
2004-08-01,3,62,Term_Spread_10Y_3M:Z6_acc,0.0977,False
2006-04-01,17,17,GS10_Rate:Z6,0.0217,False
2006-04-01,17,17,GS10_Rate:Z3,0.048,False
2006-04-01,17,17,GS10_Rate:Z12,0.0079,False
2006-04-01,17,17,GS10_Rate:Z6_vel,0.0944,False
2006-04-01,17,17,GS10_Rate:Z6_acc,0.0272,False
2007-09-01,13,127,Dollar_Index:Z6,0.0551,False
2007-09-01,13,127,Dollar_Index:Z3,0.0121,False
2007-09-01,13,127,Dollar_Index:Z12,0.0117,False
2007-09-01,13,127,Dollar_Index:Z6_vel,0.0019,False
2007-09-01,13,127,Dollar_Index:Z6_acc,0.0036,False
2007-09-01,13,127,GS10_Rate:Z6,0.0561,False
2007-09-01,13,127,GS10_Rate:Z3,0.0315,False
2007-09-01,13,127,GS10_Rate:Z12,0.0069,False
2007-09-01,13,127,GS10_Rate:Z6_vel,0.0286,False
2007-09-01,13,127,GS10_Rate:Z6_acc,0.0003,False
2007-09-01,13,127,Fed_Funds_Rate:Z6,0.0245,False
2007-09-01,13,127,Fed_Funds_Rate:Z3,0.0064,False
2007-09-01,13,127,Fed_Funds_Rate:Z12,0.0583,False
2007-09-01,13,127,Fed_Funds_Rate:Z6_vel,0.014,False
2007-09-01,13,127,Fed_Funds_Rate:Z6_acc,0.0113,False
2007-09-01,13,127,US_2Y_Treasury:Z6,0.1432,False
2007-09-01,13,127,US_2Y_Treasury:Z3,0.0642,False
2007-09-01,13,127,US_2Y_Treasury:Z12,0.1116,False
2007-09-01,13,127,US_2Y_Treasury:Z6_vel,0.0213,False
2007-09-01,13,127,US_2Y_Treasury:Z6_acc,0.005,False
2007-09-01,13,127,WTI_Crude_Close:Z6,0.0158,False
2007-09-01,13,127,WTI_Crude_Close:Z3,0.0271,False
2007-09-01,13,127,WTI_Crude_Close:Z12,0.3807,True
2007-09-01,13,127,WTI_Crude_Close:Z6_vel,0.0725,False
2007-09-01,13,127,WTI_Crude_Close:Z6_acc,0.2435,True
2007-09-01,13,127,Gold_Close:Z6,0.0422,False
2007-09-01,13,127,Gold_Close:Z3,0.0012,False
2007-09-01,13,127,Gold_Close:Z12,0.0319,False
2007-09-01,13,127,Gold_Close:Z6_vel,0.0,False
2007-09-01,13,127,Gold_Close:Z6_acc,0.013,False
2007-09-01,13,127,M2_Money:Z6,0.0056,False
2007-09-01,13,127,M2_Money:Z3,0.01,False
2007-09-01,13,127,M2_Money:Z12,0.0239,False
2007-09-01,13,127,M2_Money:Z6_vel,0.0,False
2007-09-01,13,127,M2_Money:Z6_acc,0.0019,False
2007-09-01,13,127,Industrial_Production:Z6,0.0001,False
2007-09-01,13,127,Industrial_Production:Z3,0.0047,False
2007-09-01,13,127,Industrial_Production:Z12,0.0095,False
2007-09-01,13,127,Industrial_Production:Z6_vel,0.0007,False
2007-09-01,13,127,Industrial_Production:Z6_acc,0.018,False
2007-09-01,13,127,US_CPI:Z6,0.0386,False
2007-09-01,13,127,US_CPI:Z3,0.037,False
2007-09-01,13,127,US_CPI:Z12,0.0483,False
2007-09-01,13,127,US_CPI:Z6_vel,0.0008,False
2007-09-01,13,127,US_CPI:Z6_acc,0.0001,False
2007-09-01,13,127,Term_Spread_10Y_2Y:Z6,0.0558,False
2007-09-01,13,127,Term_Spread_10Y_2Y:Z3,0.0342,False
2007-09-01,13,127,Term_Spread_10Y_2Y:Z12,0.0817,False
2007-09-01,13,127,Term_Spread_10Y_2Y:Z6_vel,0.0072,False
2007-09-01,13,127,Term_Spread_10Y_2Y:Z6_acc,0.0005,False
2007-09-01,13,127,Term_Spread_10Y_3M:Z6,0.0038,False
2007-09-01,13,127,Term_Spread_10Y_3M:Z3,0.0133,False
2007-09-01,13,127,Term_Spread_10Y_3M:Z12,0.0302,False
2007-09-01,13,127,Term_Spread_10Y_3M:Z6_vel,0.0007,False
2007-09-01,13,127,Term_Spread_10Y_3M:Z6_acc,0.0149,False
2007-09-01,13,127,VIX_Close:Z3,0.157,False
2007-10-01,13,127,Dollar_Index:Z6,0.0551,False
2007-10-01,13,127,Dollar_Index:Z3,0.0121,False
2007-10-01,13,127,Dollar_Index:Z12,0.0117,False
2007-10-01,13,127,Dollar_Index:Z6_vel,0.0019,False
2007-10-01,13,127,Dollar_Index:Z6_acc,0.0036,False
2007-10-01,13,127,GS10_Rate:Z6,0.0561,False
2007-10-01,13,127,GS10_Rate:Z3,0.0315,False
2007-10-01,13,127,GS10_Rate:Z12,0.0069,False
2007-10-01,13,127,GS10_Rate:Z6_vel,0.0286,False
2007-10-01,13,127,GS10_Rate:Z6_acc,0.0003,False
2007-10-01,13,127,Fed_Funds_Rate:Z6,0.0245,False
2007-10-01,13,127,Fed_Funds_Rate:Z3,0.0064,False
2007-10-01,13,127,Fed_Funds_Rate:Z12,0.0583,False
2007-10-01,13,127,Fed_Funds_Rate:Z6_vel,0.014,False
2007-10-01,13,127,Fed_Funds_Rate:Z6_acc,0.0113,False
2007-10-01,13,127,US_2Y_Treasury:Z6,0.1432,False
2007-10-01,13,127,US_2Y_Treasury:Z3,0.0642,False
2007-10-01,13,127,US_2Y_Treasury:Z12,0.1116,False
2007-10-01,13,127,US_2Y_Treasury:Z6_vel,0.0213,False
2007-10-01,13,127,US_2Y_Treasury:Z6_acc,0.005,False
2007-10-01,13,127,WTI_Crude_Close:Z6,0.0158,False
2007-10-01,13,127,WTI_Crude_Close:Z3,0.0271,False
2007-10-01,13,127,WTI_Crude_Close:Z12,0.3807,True
2007-10-01,13,127,WTI_Crude_Close:Z6_vel,0.0725,False
2007-10-01,13,127,WTI_Crude_Close:Z6_acc,0.2435,True
2007-10-01,13,127,Gold_Close:Z6,0.0422,False
2007-10-01,13,127,Gold_Close:Z3,0.0012,False
2007-10-01,13,127,Gold_Close:Z12,0.0319,False
2007-10-01,13,127,Gold_Close:Z6_vel,0.0,False
2007-10-01,13,127,Gold_Close:Z6_acc,0.013,False
2007-10-01,13,127,M2_Money:Z6,0.0056,False
2007-10-01,13,127,M2_Money:Z3,0.01,False
2007-10-01,13,127,M2_Money:Z12,0.0239,False
2007-10-01,13,127,M2_Money:Z6_vel,0.0,False
2007-10-01,13,127,M2_Money:Z6_acc,0.0019,False
2007-10-01,13,127,Industrial_Production:Z6,0.0001,False
2007-10-01,13,127,Industrial_Production:Z3,0.0047,False
2007-10-01,13,127,Industrial_Production:Z12,0.0095,False
2007-10-01,13,127,Industrial_Production:Z6_vel,0.0007,False
2007-10-01,13,127,Industrial_Production:Z6_acc,0.018,False
2007-10-01,13,127,US_CPI:Z6,0.0386,False
2007-10-01,13,127,US_CPI:Z3,0.037,False
2007-10-01,13,127,US_CPI:Z12,0.0483,False
2007-10-01,13,127,US_CPI:Z6_vel,0.0008,False
2007-10-01,13,127,US_CPI:Z6_acc,0.0001,False
2007-10-01,13,127,Term_Spread_10Y_2Y:Z6,0.0558,False
2007-10-01,13,127,Term_Spread_10Y_2Y:Z3,0.0342,False
2007-10-01,13,127,Term_Spread_10Y_2Y:Z12,0.0817,False
2007-10-01,13,127,Term_Spread_10Y_2Y:Z6_vel,0.0072,False
2007-10-01,13,127,Term_Spread_10Y_2Y:Z6_acc,0.0005,False
2007-10-01,13,127,Term_Spread_10Y_3M:Z6,0.0038,False
2007-10-01,13,127,Term_Spread_10Y_3M:Z3,0.0133,False
2007-10-01,13,127,Term_Spread_10Y_3M:Z12,0.0302,False
2007-10-01,13,127,Term_Spread_10Y_3M:Z6_vel,0.0007,False
2007-10-01,13,127,Term_Spread_10Y_3M:Z6_acc,0.0149,False
2007-10-01,13,127,VIX_Close:Z3,0.157,False
2008-01-01,1,168,Dollar_Index:Z6,0.0032,False
2008-01-01,1,168,Dollar_Index:Z3,0.0108,False
2008-01-01,1,168,Dollar_Index:Z12,0.1372,False
2008-01-01,1,168,Dollar_Index:Z6_vel,0.01,False
2008-01-01,1,168,Dollar_Index:Z6_acc,0.0222,False
2008-01-01,1,168,GS10_Rate:Z6,0.0415,False
2008-01-01,1,168,GS10_Rate:Z3,0.0124,False
2008-01-01,1,168,GS10_Rate:Z12,0.0054,False
2008-01-01,1,168,GS10_Rate:Z6_vel,0.01,False
2008-01-01,1,168,GS10_Rate:Z6_acc,0.005,False
2008-01-01,1,168,Fed_Funds_Rate:Z6,0.058,False
2008-01-01,1,168,Fed_Funds_Rate:Z3,0.1563,False
2008-01-01,1,168,Fed_Funds_Rate:Z12,0.1144,False
2008-01-01,1,168,Fed_Funds_Rate:Z6_vel,0.0933,False
2008-01-01,1,168,Fed_Funds_Rate:Z6_acc,0.0851,False
2008-01-01,1,168,US_2Y_Treasury:Z6,0.0002,False
2008-01-01,1,168,US_2Y_Treasury:Z3,0.0006,False
2008-01-01,1,168,US_2Y_Treasury:Z12,0.0002,False
2008-01-01,1,168,US_2Y_Treasury:Z6_vel,0.1773,False
2008-01-01,1,168,US_2Y_Treasury:Z6_acc,0.1651,False
2008-01-01,1,168,WTI_Crude_Close:Z6,0.0201,False
2008-01-01,1,168,WTI_Crude_Close:Z3,0.0016,False
2008-01-01,1,168,WTI_Crude_Close:Z12,0.0231,False
2008-01-01,1,168,WTI_Crude_Close:Z6_vel,0.0719,False
2008-01-01,1,168,WTI_Crude_Close:Z6_acc,0.0504,False
2008-01-01,1,168,Gold_Close:Z6,0.0778,False
2008-01-01,1,168,Gold_Close:Z3,0.15,False
2008-01-01,1,168,Gold_Close:Z12,0.0045,False
2008-01-01,1,168,Gold_Close:Z6_vel,0.0231,False
2008-01-01,1,168,Gold_Close:Z6_acc,0.0002,False
2008-01-01,1,168,M2_Money:Z6,0.0096,False
2008-01-01,1,168,M2_Money:Z3,0.0068,False
2008-01-01,1,168,M2_Money:Z12,0.007,False
2008-01-01,1,168,M2_Money:Z6_vel,0.0576,False
2008-01-01,1,168,M2_Money:Z6_acc,0.0437,False
2008-01-01,1,168,Industrial_Production:Z6,0.0024,False
2008-01-01,1,168,Industrial_Production:Z3,0.0175,False
2008-01-01,1,168,Industrial_Production:Z12,0.0035,False
2008-01-01,1,168,Industrial_Production:Z6_vel,0.0415,False
2008-01-01,1,168,Industrial_Production:Z6_acc,0.0003,False
2008-01-01,1,168,US_CPI:Z6,0.0415,False
2008-01-01,1,168,US_CPI:Z3,0.0532,False
2008-01-01,1,168,US_CPI:Z12,0.078,False
2008-01-01,1,168,US_CPI:Z6_vel,0.0174,False
2008-01-01,1,168,US_CPI:Z6_acc,0.0314,False
2008-01-01,1,168,Term_Spread_10Y_2Y:Z6,0.0718,False
2008-01-01,1,168,Term_Spread_10Y_2Y:Z3,0.005,False
2008-01-01,1,168,Term_Spread_10Y_2Y:Z12,0.0,False
2008-01-01,1,168,Term_Spread_10Y_2Y:Z6_vel,0.0955,False
2008-01-01,1,168,Term_Spread_10Y_2Y:Z6_acc,0.2853,True
2008-01-01,1,168,Term_Spread_10Y_3M:Z6,0.0015,False
2008-01-01,1,168,Term_Spread_10Y_3M:Z3,0.0126,False
2008-01-01,1,168,Term_Spread_10Y_3M:Z12,0.0006,False
2008-01-01,1,168,Term_Spread_10Y_3M:Z6_vel,0.0658,False
2008-01-01,1,168,Term_Spread_10Y_3M:Z6_acc,0.0512,False
2008-01-01,1,168,VIX_Close:Z6,0.1857,False
2008-01-01,1,168,VIX_Close:Z3,0.115,False
2008-01-01,1,168,VIX_Close:Z12,0.4002,True
2008-01-01,1,168,VIX_Close:Z6_vel,0.0906,False
2008-01-01,1,168,VIX_Close:Z6_acc,0.0007,False
2008-01-01,1,168,Natural_Gas_Close:Z6,0.0585,False
2008-01-01,1,168,Natural_Gas_Close:Z3,0.11,False
2008-01-01,1,168,Natural_Gas_Close:Z12,0.053,False
2008-01-01,1,168,Natural_Gas_Close:Z6_vel,0.0096,False
2008-01-01,1,168,Natural_Gas_Close:Z6_acc,0.0017,False
2008-01-01,1,168,Platinum_Futures_Close:Z6,0.1025,False
2008-01-01,1,168,Platinum_Futures_Close:Z3,0.1491,False
2008-01-01,1,168,Platinum_Futures_Close:Z12,0.0974,False
2008-01-01,1,168,Platinum_Futures_Close:Z6_vel,0.0416,False
2008-01-01,1,168,Platinum_Futures_Close:Z6_acc,0.262,True
2008-02-01,1,167,Dollar_Index:Z6,0.0031,False
2008-02-01,1,167,Dollar_Index:Z3,0.0094,False
2008-02-01,1,167,Dollar_Index:Z12,0.1313,False
2008-02-01,1,167,Dollar_Index:Z6_vel,0.0077,False
2008-02-01,1,167,Dollar_Index:Z6_acc,0.0149,False
2008-02-01,1,167,GS10_Rate:Z6,0.0355,False
2008-02-01,1,167,GS10_Rate:Z3,0.0086,False
2008-02-01,1,167,GS10_Rate:Z12,0.0029,False
2008-02-01,1,167,GS10_Rate:Z6_vel,0.0067,False
2008-02-01,1,167,GS10_Rate:Z6_acc,0.0035,False
2008-02-01,1,167,Fed_Funds_Rate:Z6,0.0754,False
2008-02-01,1,167,Fed_Funds_Rate:Z3,0.1915,False
2008-02-01,1,167,Fed_Funds_Rate:Z12,0.1344,False
2008-02-01,1,167,Fed_Funds_Rate:Z6_vel,0.1023,False
2008-02-01,1,167,Fed_Funds_Rate:Z6_acc,0.0886,False
2008-02-01,1,167,US_2Y_Treasury:Z6,0.0001,False
2008-02-01,1,167,US_2Y_Treasury:Z3,0.0,False
2008-02-01,1,167,US_2Y_Treasury:Z12,0.0047,False
2008-02-01,1,167,US_2Y_Treasury:Z6_vel,0.1566,False
2008-02-01,1,167,US_2Y_Treasury:Z6_acc,0.1577,False
2008-02-01,1,167,WTI_Crude_Close:Z6,0.0223,False
2008-02-01,1,167,WTI_Crude_Close:Z3,0.0008,False
2008-02-01,1,167,WTI_Crude_Close:Z12,0.0072,False
2008-02-01,1,167,WTI_Crude_Close:Z6_vel,0.0484,False
2008-02-01,1,167,WTI_Crude_Close:Z6_acc,0.0362,False
2008-02-01,1,167,Gold_Close:Z6,0.0801,False
2008-02-01,1,167,Gold_Close:Z3,0.1629,False
2008-02-01,1,167,Gold_Close:Z12,0.0059,False
2008-02-01,1,167,Gold_Close:Z6_vel,0.0224,False
2008-02-01,1,167,Gold_Close:Z6_acc,0.0002,False
2008-02-01,1,167,M2_Money:Z6,0.0116,False
2008-02-01,1,167,M2_Money:Z3,0.0064,False
2008-02-01,1,167,M2_Money:Z12,0.0088,False
2008-02-01,1,167,M2_Money:Z6_vel,0.0555,False
2008-02-01,1,167,M2_Money:Z6_acc,0.0435,False
2008-02-01,1,167,Industrial_Production:Z6,0.0019,False
2008-02-01,1,167,Industrial_Production:Z3,0.0166,False
2008-02-01,1,167,Industrial_Production:Z12,0.0024,False
2008-02-01,1,167,Industrial_Production:Z6_vel,0.0429,False
2008-02-01,1,167,Industrial_Production:Z6_acc,0.0003,False
2008-02-01,1,167,US_CPI:Z6,0.0575,False
2008-02-01,1,167,US_CPI:Z3,0.0618,False
2008-02-01,1,167,US_CPI:Z12,0.1039,False
2008-02-01,1,167,US_CPI:Z6_vel,0.0148,False
2008-02-01,1,167,US_CPI:Z6_acc,0.0308,False
2008-02-01,1,167,Term_Spread_10Y_2Y:Z6,0.054,False
2008-02-01,1,167,Term_Spread_10Y_2Y:Z3,0.0158,False
2008-02-01,1,167,Term_Spread_10Y_2Y:Z12,0.0111,False
2008-02-01,1,167,Term_Spread_10Y_2Y:Z6_vel,0.0849,False
2008-02-01,1,167,Term_Spread_10Y_2Y:Z6_acc,0.2706,True
2008-02-01,1,167,Term_Spread_10Y_3M:Z6,0.0007,False
2008-02-01,1,167,Term_Spread_10Y_3M:Z3,0.0398,False
2008-02-01,1,167,Term_Spread_10Y_3M:Z12,0.0043,False
2008-02-01,1,167,Term_Spread_10Y_3M:Z6_vel,0.098,False
2008-02-01,1,167,Term_Spread_10Y_3M:Z6_acc,0.0803,False
2008-02-01,1,167,VIX_Close:Z6,0.0946,False
2008-02-01,1,167,VIX_Close:Z3,0.0626,False
2008-02-01,1,167,VIX_Close:Z12,0.337,True
2008-02-01,1,167,VIX_Close:Z6_vel,0.0264,False
2008-02-01,1,167,VIX_Close:Z6_acc,0.0061,False
2008-02-01,1,167,Natural_Gas_Close:Z6,0.0605,False
2008-02-01,1,167,Natural_Gas_Close:Z3,0.1165,False
2008-02-01,1,167,Natural_Gas_Close:Z12,0.0377,False
2008-02-01,1,167,Natural_Gas_Close:Z6_vel,0.0143,False
2008-02-01,1,167,Natural_Gas_Close:Z6_acc,0.0006,False
2008-02-01,1,167,Platinum_Futures_Close:Z6,0.1274,False
2008-02-01,1,167,Platinum_Futures_Close:Z3,0.2022,True
2008-02-01,1,167,Platinum_Futures_Close:Z12,0.0974,False
2008-02-01,1,167,Platinum_Futures_Close:Z6_vel,0.0388,False
2008-02-01,1,167,Platinum_Futures_Close:Z6_acc,0.2493,True
2008-03-01,1,166,Dollar_Index:Z6,0.0031,False
2008-03-01,1,166,Dollar_Index:Z3,0.0094,False
2008-03-01,1,166,Dollar_Index:Z12,0.1313,False
2008-03-01,1,166,Dollar_Index:Z6_vel,0.0077,False
2008-03-01,1,166,Dollar_Index:Z6_acc,0.0149,False
2008-03-01,1,166,GS10_Rate:Z6,0.0427,False
2008-03-01,1,166,GS10_Rate:Z3,0.0103,False
2008-03-01,1,166,GS10_Rate:Z12,0.0035,False
2008-03-01,1,166,GS10_Rate:Z6_vel,0.0079,False
2008-03-01,1,166,GS10_Rate:Z6_acc,0.0034,False
2008-03-01,1,166,Fed_Funds_Rate:Z6,0.071,False
2008-03-01,1,166,Fed_Funds_Rate:Z3,0.1883,False
2008-03-01,1,166,Fed_Funds_Rate:Z12,0.1256,False
2008-03-01,1,166,Fed_Funds_Rate:Z6_vel,0.1002,False
2008-03-01,1,166,Fed_Funds_Rate:Z6_acc,0.0803,False
2008-03-01,1,166,US_2Y_Treasury:Z6,0.0001,False
2008-03-01,1,166,US_2Y_Treasury:Z3,0.0,False
2008-03-01,1,166,US_2Y_Treasury:Z12,0.0047,False
2008-03-01,1,166,US_2Y_Treasury:Z6_vel,0.1566,False
2008-03-01,1,166,US_2Y_Treasury:Z6_acc,0.1577,False
2008-03-01,1,166,WTI_Crude_Close:Z6,0.0223,False
2008-03-01,1,166,WTI_Crude_Close:Z3,0.0008,False
2008-03-01,1,166,WTI_Crude_Close:Z12,0.0072,False
2008-03-01,1,166,WTI_Crude_Close:Z6_vel,0.0484,False
2008-03-01,1,166,WTI_Crude_Close:Z6_acc,0.0362,False
2008-03-01,1,166,Gold_Close:Z6,0.0801,False
2008-03-01,1,166,Gold_Close:Z3,0.1629,False
2008-03-01,1,166,Gold_Close:Z12,0.0059,False
2008-03-01,1,166,Gold_Close:Z6_vel,0.0224,False
2008-03-01,1,166,Gold_Close:Z6_acc,0.0002,False
2008-03-01,1,166,M2_Money:Z6,0.0242,False
2008-03-01,1,166,M2_Money:Z3,0.0135,False
2008-03-01,1,166,M2_Money:Z12,0.0199,False
2008-03-01,1,166,M2_Money:Z6_vel,0.0572,False
2008-03-01,1,166,M2_Money:Z6_acc,0.0498,False
2008-03-01,1,166,Industrial_Production:Z6,0.0029,False
2008-03-01,1,166,Industrial_Production:Z3,0.017,False
2008-03-01,1,166,Industrial_Production:Z12,0.0029,False
2008-03-01,1,166,Industrial_Production:Z6_vel,0.0428,False
2008-03-01,1,166,Industrial_Production:Z6_acc,0.0002,False
2008-03-01,1,166,US_CPI:Z6,0.0463,False
2008-03-01,1,166,US_CPI:Z3,0.0554,False
2008-03-01,1,166,US_CPI:Z12,0.0891,False
2008-03-01,1,166,US_CPI:Z6_vel,0.0184,False
2008-03-01,1,166,US_CPI:Z6_acc,0.0319,False
2008-03-01,1,166,Term_Spread_10Y_2Y:Z6,0.054,False
2008-03-01,1,166,Term_Spread_10Y_2Y:Z3,0.0158,False
2008-03-01,1,166,Term_Spread_10Y_2Y:Z12,0.0111,False
2008-03-01,1,166,Term_Spread_10Y_2Y:Z6_vel,0.0849,False
2008-03-01,1,166,Term_Spread_10Y_2Y:Z6_acc,0.2706,True
2008-03-01,1,166,Term_Spread_10Y_3M:Z6,0.0007,False
2008-03-01,1,166,Term_Spread_10Y_3M:Z3,0.0398,False
2008-03-01,1,166,Term_Spread_10Y_3M:Z12,0.0043,False
2008-03-01,1,166,Term_Spread_10Y_3M:Z6_vel,0.098,False
2008-03-01,1,166,Term_Spread_10Y_3M:Z6_acc,0.0803,False
2008-03-01,1,166,VIX_Close:Z6,0.0946,False
2008-03-01,1,166,VIX_Close:Z3,0.0626,False
2008-03-01,1,166,VIX_Close:Z12,0.337,True
2008-03-01,1,166,VIX_Close:Z6_vel,0.0264,False
2008-03-01,1,166,VIX_Close:Z6_acc,0.0061,False
2008-03-01,1,166,Natural_Gas_Close:Z6,0.0605,False
2008-03-01,1,166,Natural_Gas_Close:Z3,0.1165,False
2008-03-01,1,166,Natural_Gas_Close:Z12,0.0377,False
2008-03-01,1,166,Natural_Gas_Close:Z6_vel,0.0143,False
2008-03-01,1,166,Natural_Gas_Close:Z6_acc,0.0006,False
2008-03-01,1,166,Platinum_Futures_Close:Z6,0.1274,False
2008-03-01,1,166,Platinum_Futures_Close:Z3,0.2022,True
2008-03-01,1,166,Platinum_Futures_Close:Z12,0.0974,False
2008-03-01,1,166,Platinum_Futures_Close:Z6_vel,0.0388,False
2008-03-01,1,166,Platinum_Futures_Close:Z6_acc,0.2493,True
2008-04-01,1,165,Dollar_Index:Z6,0.0206,False
2008-04-01,1,165,Dollar_Index:Z3,0.0028,False
2008-04-01,1,165,Dollar_Index:Z12,0.012,False
2008-04-01,1,165,Dollar_Index:Z6_vel,0.0103,False
2008-04-01,1,165,Dollar_Index:Z6_acc,0.0157,False
2008-04-01,1,165,GS10_Rate:Z6,0.03,False
2008-04-01,1,165,GS10_Rate:Z3,0.0064,False
2008-04-01,1,165,GS10_Rate:Z12,0.002,False
2008-04-01,1,165,GS10_Rate:Z6_vel,0.0068,False
2008-04-01,1,165,GS10_Rate:Z6_acc,0.0037,False
2008-04-01,1,165,Fed_Funds_Rate:Z6,0.0697,False
2008-04-01,1,165,Fed_Funds_Rate:Z3,0.1883,False
2008-04-01,1,165,Fed_Funds_Rate:Z12,0.1267,False
2008-04-01,1,165,Fed_Funds_Rate:Z6_vel,0.0984,False
2008-04-01,1,165,Fed_Funds_Rate:Z6_acc,0.0798,False
2008-04-01,1,165,US_2Y_Treasury:Z6,0.0048,False
2008-04-01,1,165,US_2Y_Treasury:Z3,0.0044,False
2008-04-01,1,165,US_2Y_Treasury:Z12,0.0027,False
2008-04-01,1,165,US_2Y_Treasury:Z6_vel,0.132,False
2008-04-01,1,165,US_2Y_Treasury:Z6_acc,0.1556,False
2008-04-01,1,165,WTI_Crude_Close:Z6,0.0003,False
2008-04-01,1,165,WTI_Crude_Close:Z3,0.0191,False
2008-04-01,1,165,WTI_Crude_Close:Z12,0.0336,False
2008-04-01,1,165,WTI_Crude_Close:Z6_vel,0.0375,False
2008-04-01,1,165,WTI_Crude_Close:Z6_acc,0.0225,False
2008-04-01,1,165,Gold_Close:Z6,0.0185,False
2008-04-01,1,165,Gold_Close:Z3,0.077,False
2008-04-01,1,165,Gold_Close:Z12,0.0007,False
2008-04-01,1,165,Gold_Close:Z6_vel,0.0035,False
2008-04-01,1,165,Gold_Close:Z6_acc,0.004,False
2008-04-01,1,165,M2_Money:Z6,0.0194,False
2008-04-01,1,165,M2_Money:Z3,0.006,False
2008-04-01,1,165,M2_Money:Z12,0.0171,False
2008-04-01,1,165,M2_Money:Z6_vel,0.0565,False
2008-04-01,1,165,M2_Money:Z6_acc,0.0628,False
2008-04-01,1,165,Industrial_Production:Z6,0.0024,False
2008-04-01,1,165,Industrial_Production:Z3,0.0157,False
2008-04-01,1,165,Industrial_Production:Z12,0.0022,False
2008-04-01,1,165,Industrial_Production:Z6_vel,0.0416,False
2008-04-01,1,165,Industrial_Production:Z6_acc,0.0001,False
2008-04-01,1,165,US_CPI:Z6,0.0452,False
2008-04-01,1,165,US_CPI:Z3,0.0431,False
2008-04-01,1,165,US_CPI:Z12,0.0875,False
2008-04-01,1,165,US_CPI:Z6_vel,0.0096,False
2008-04-01,1,165,US_CPI:Z6_acc,0.0229,False
2008-04-01,1,165,Term_Spread_10Y_2Y:Z6,0.0624,False
2008-04-01,1,165,Term_Spread_10Y_2Y:Z3,0.0119,False
2008-04-01,1,165,Term_Spread_10Y_2Y:Z12,0.0107,False
2008-04-01,1,165,Term_Spread_10Y_2Y:Z6_vel,0.0901,False
2008-04-01,1,165,Term_Spread_10Y_2Y:Z6_acc,0.2974,True
2008-04-01,1,165,Term_Spread_10Y_3M:Z6,0.0021,False
2008-04-01,1,165,Term_Spread_10Y_3M:Z3,0.055,False
2008-04-01,1,165,Term_Spread_10Y_3M:Z12,0.0049,False
2008-04-01,1,165,Term_Spread_10Y_3M:Z6_vel,0.1056,False
2008-04-01,1,165,Term_Spread_10Y_3M:Z6_acc,0.0766,False
2008-04-01,1,165,VIX_Close:Z6,0.0515,False
2008-04-01,1,165,VIX_Close:Z3,0.0463,False
2008-04-01,1,165,VIX_Close:Z12,0.0958,False
2008-04-01,1,165,VIX_Close:Z6_vel,0.0414,False
2008-04-01,1,165,VIX_Close:Z6_acc,0.001,False
2008-04-01,1,165,Natural_Gas_Close:Z6,0.072,False
2008-04-01,1,165,Natural_Gas_Close:Z3,0.129,False
2008-04-01,1,165,Natural_Gas_Close:Z12,0.036,False
2008-04-01,1,165,Natural_Gas_Close:Z6_vel,0.0268,False
2008-04-01,1,165,Natural_Gas_Close:Z6_acc,0.0052,False
2008-04-01,1,165,Platinum_Futures_Close:Z6,0.1586,False
2008-04-01,1,165,Platinum_Futures_Close:Z3,0.2294,True
2008-04-01,1,165,Platinum_Futures_Close:Z12,0.1221,False
2008-04-01,1,165,Platinum_Futures_Close:Z6_vel,0.0345,False
2008-04-01,1,165,Platinum_Futures_Close:Z6_acc,0.2493,True
2008-05-01,1,165,Dollar_Index:Z6,0.0007,False
2008-05-01,1,165,Dollar_Index:Z3,0.0065,False
2008-05-01,1,165,Dollar_Index:Z12,0.0489,False
2008-05-01,1,165,Dollar_Index:Z6_vel,0.0127,False
2008-05-01,1,165,Dollar_Index:Z6_acc,0.0204,False
2008-05-01,1,165,GS10_Rate:Z6,0.0364,False
2008-05-01,1,165,GS10_Rate:Z3,0.0085,False
2008-05-01,1,165,GS10_Rate:Z12,0.0034,False
2008-05-01,1,165,GS10_Rate:Z6_vel,0.005,False
2008-05-01,1,165,GS10_Rate:Z6_acc,0.0019,False
2008-05-01,1,165,Fed_Funds_Rate:Z6,0.0741,False
2008-05-01,1,165,Fed_Funds_Rate:Z3,0.1949,False
2008-05-01,1,165,Fed_Funds_Rate:Z12,0.1266,False
2008-05-01,1,165,Fed_Funds_Rate:Z6_vel,0.1017,False
2008-05-01,1,165,Fed_Funds_Rate:Z6_acc,0.0824,False
2008-05-01,1,165,US_2Y_Treasury:Z6,0.0,False
2008-05-01,1,165,US_2Y_Treasury:Z3,0.0,False
2008-05-01,1,165,US_2Y_Treasury:Z12,0.0091,False
2008-05-01,1,165,US_2Y_Treasury:Z6_vel,0.1212,False
2008-05-01,1,165,US_2Y_Treasury:Z6_acc,0.1142,False
2008-05-01,1,165,WTI_Crude_Close:Z6,0.0059,False
2008-05-01,1,165,WTI_Crude_Close:Z3,0.0163,False
2008-05-01,1,165,WTI_Crude_Close:Z12,0.0001,False
2008-05-01,1,165,WTI_Crude_Close:Z6_vel,0.0011,False
2008-05-01,1,165,WTI_Crude_Close:Z6_acc,0.0,False
2008-05-01,1,165,Gold_Close:Z6,0.0438,False
2008-05-01,1,165,Gold_Close:Z3,0.1037,False
2008-05-01,1,165,Gold_Close:Z12,0.0039,False
2008-05-01,1,165,Gold_Close:Z6_vel,0.0076,False
2008-05-01,1,165,Gold_Close:Z6_acc,0.0076,False
2008-05-01,1,165,M2_Money:Z6,0.0229,False
2008-05-01,1,165,M2_Money:Z3,0.0106,False
2008-05-01,1,165,M2_Money:Z12,0.0193,False
2008-05-01,1,165,M2_Money:Z6_vel,0.0586,False
2008-05-01,1,165,M2_Money:Z6_acc,0.0647,False
2008-05-01,1,165,Industrial_Production:Z6,0.003,False
2008-05-01,1,165,Industrial_Production:Z3,0.017,False
2008-05-01,1,165,Industrial_Production:Z12,0.003,False
2008-05-01,1,165,Industrial_Production:Z6_vel,0.0415,False
2008-05-01,1,165,Industrial_Production:Z6_acc,0.0001,False
2008-05-01,1,165,US_CPI:Z6,0.0444,False
2008-05-01,1,165,US_CPI:Z3,0.0481,False
2008-05-01,1,165,US_CPI:Z12,0.0823,False
2008-05-01,1,165,US_CPI:Z6_vel,0.0108,False
2008-05-01,1,165,US_CPI:Z6_acc,0.0169,False
2008-05-01,1,165,Term_Spread_10Y_2Y:Z6,0.0278,False
2008-05-01,1,165,Term_Spread_10Y_2Y:Z3,0.0397,False
2008-05-01,1,165,Term_Spread_10Y_2Y:Z12,0.0187,False
2008-05-01,1,165,Term_Spread_10Y_2Y:Z6_vel,0.1108,False
2008-05-01,1,165,Term_Spread_10Y_2Y:Z6_acc,0.325,True
2008-05-01,1,165,Term_Spread_10Y_3M:Z6,0.0047,False
2008-05-01,1,165,Term_Spread_10Y_3M:Z3,0.0563,False
2008-05-01,1,165,Term_Spread_10Y_3M:Z12,0.0079,False
2008-05-01,1,165,Term_Spread_10Y_3M:Z6_vel,0.1172,False
2008-05-01,1,165,Term_Spread_10Y_3M:Z6_acc,0.1241,False
2008-05-01,1,165,VIX_Close:Z6,0.029,False
2008-05-01,1,165,VIX_Close:Z3,0.0358,False
2008-05-01,1,165,VIX_Close:Z12,0.1977,False
2008-05-01,1,165,VIX_Close:Z6_vel,0.0029,False
2008-05-01,1,165,VIX_Close:Z6_acc,0.0023,False
2008-05-01,1,165,Natural_Gas_Close:Z6,0.0337,False
2008-05-01,1,165,Natural_Gas_Close:Z3,0.1197,False
2008-05-01,1,165,Natural_Gas_Close:Z12,0.0394,False
2008-05-01,1,165,Natural_Gas_Close:Z6_vel,0.015,False
2008-05-01,1,165,Natural_Gas_Close:Z6_acc,0.0139,False
2008-05-01,1,165,Platinum_Futures_Close:Z6,0.0002,False
2008-05-01,1,165,Platinum_Futures_Close:Z3,0.2294,True
2008-05-01,1,165,Platinum_Futures_Close:Z12,0.007,False
2008-05-01,1,165,Platinum_Futures_Close:Z6_vel,0.1417,False
2008-05-01,1,165,Platinum_Futures_Close:Z6_acc,0.2959,True
2008-06-01,1,164,Dollar_Index:Z6,0.0027,False
2008-06-01,1,164,Dollar_Index:Z3,0.0093,False
2008-06-01,1,164,Dollar_Index:Z12,0.0707,False
2008-06-01,1,164,Dollar_Index:Z6_vel,0.0189,False
2008-06-01,1,164,Dollar_Index:Z6_acc,0.0155,False
2008-06-01,1,164,GS10_Rate:Z6,0.05,False
2008-06-01,1,164,GS10_Rate:Z3,0.0144,False
2008-06-01,1,164,GS10_Rate:Z12,0.007,False
2008-06-01,1,164,GS10_Rate:Z6_vel,0.0057,False
2008-06-01,1,164,GS10_Rate:Z6_acc,0.0024,False
2008-06-01,1,164,Fed_Funds_Rate:Z6,0.0698,False
2008-06-01,1,164,Fed_Funds_Rate:Z3,0.1878,False
2008-06-01,1,164,Fed_Funds_Rate:Z12,0.1119,False
2008-06-01,1,164,Fed_Funds_Rate:Z6_vel,0.1007,False
2008-06-01,1,164,Fed_Funds_Rate:Z6_acc,0.0706,False
2008-06-01,1,164,US_2Y_Treasury:Z6,0.0043,False
2008-06-01,1,164,US_2Y_Treasury:Z3,0.0051,False
2008-06-01,1,164,US_2Y_Treasury:Z12,0.0047,False
2008-06-01,1,164,US_2Y_Treasury:Z6_vel,0.1251,False
2008-06-01,1,164,US_2Y_Treasury:Z6_acc,0.0984,False
2008-06-01,1,164,WTI_Crude_Close:Z6,0.0524,False
2008-06-01,1,164,WTI_Crude_Close:Z3,0.0001,False
2008-06-01,1,164,WTI_Crude_Close:Z12,0.0282,False
2008-06-01,1,164,WTI_Crude_Close:Z6_vel,0.0056,False
2008-06-01,1,164,WTI_Crude_Close:Z6_acc,0.0083,False
2008-06-01,1,164,Gold_Close:Z6,0.0649,False
2008-06-01,1,164,Gold_Close:Z3,0.1188,False
2008-06-01,1,164,Gold_Close:Z12,0.0187,False
2008-06-01,1,164,Gold_Close:Z6_vel,0.0086,False
2008-06-01,1,164,Gold_Close:Z6_acc,0.0067,False
2008-06-01,1,164,M2_Money:Z6,0.0364,False
2008-06-01,1,164,M2_Money:Z3,0.0153,False
2008-06-01,1,164,M2_Money:Z12,0.0241,False
2008-06-01,1,164,M2_Money:Z6_vel,0.1076,False
2008-06-01,1,164,M2_Money:Z6_acc,0.0917,False
2008-06-01,1,164,Industrial_Production:Z6,0.0042,False
2008-06-01,1,164,Industrial_Production:Z3,0.0194,False
2008-06-01,1,164,Industrial_Production:Z12,0.0046,False
2008-06-01,1,164,Industrial_Production:Z6_vel,0.0411,False
2008-06-01,1,164,Industrial_Production:Z6_acc,0.0001,False
2008-06-01,1,164,US_CPI:Z6,0.0438,False
2008-06-01,1,164,US_CPI:Z3,0.0491,False
2008-06-01,1,164,US_CPI:Z12,0.0739,False
2008-06-01,1,164,US_CPI:Z6_vel,0.02,False
2008-06-01,1,164,US_CPI:Z6_acc,0.0248,False
2008-06-01,1,164,Term_Spread_10Y_2Y:Z6,0.0133,False
2008-06-01,1,164,Term_Spread_10Y_2Y:Z3,0.0611,False
2008-06-01,1,164,Term_Spread_10Y_2Y:Z12,0.0106,False
2008-06-01,1,164,Term_Spread_10Y_2Y:Z6_vel,0.1153,False
2008-06-01,1,164,Term_Spread_10Y_2Y:Z6_acc,0.265,True
2008-06-01,1,164,Term_Spread_10Y_3M:Z6,0.0,False
2008-06-01,1,164,Term_Spread_10Y_3M:Z3,0.0396,False
2008-06-01,1,164,Term_Spread_10Y_3M:Z12,0.0023,False
2008-06-01,1,164,Term_Spread_10Y_3M:Z6_vel,0.0862,False
2008-06-01,1,164,Term_Spread_10Y_3M:Z6_acc,0.0579,False
2008-06-01,1,164,VIX_Close:Z6,0.0338,False
2008-06-01,1,164,VIX_Close:Z3,0.0794,False
2008-06-01,1,164,VIX_Close:Z12,0.2412,True
2008-06-01,1,164,VIX_Close:Z6_vel,0.0233,False
2008-06-01,1,164,VIX_Close:Z6_acc,0.0085,False
2008-06-01,1,164,Natural_Gas_Close:Z6,0.0005,False
2008-06-01,1,164,Natural_Gas_Close:Z3,0.0317,False
2008-06-01,1,164,Natural_Gas_Close:Z12,0.0131,False
2008-06-01,1,164,Natural_Gas_Close:Z6_vel,0.0009,False
2008-06-01,1,164,Natural_Gas_Close:Z6_acc,0.0,False
2008-06-01,1,164,Platinum_Futures_Close:Z6,0.0512,False
2008-06-01,1,164,Platinum_Futures_Close:Z3,0.0054,False
2008-06-01,1,164,Platinum_Futures_Close:Z12,0.015,False
2008-06-01,1,164,Platinum_Futures_Close:Z6_vel,0.1541,False
2008-06-01,1,164,Platinum_Futures_Close:Z6_acc,0.0623,False
2008-07-01,1,164,Dollar_Index:Z6,0.0001,False
2008-07-01,1,164,Dollar_Index:Z3,0.0011,False
2008-07-01,1,164,Dollar_Index:Z12,0.0212,False
2008-07-01,1,164,Dollar_Index:Z6_vel,0.033,False
2008-07-01,1,164,Dollar_Index:Z6_acc,0.0308,False
2008-07-01,1,164,GS10_Rate:Z6,0.0417,False
2008-07-01,1,164,GS10_Rate:Z3,0.0138,False
2008-07-01,1,164,GS10_Rate:Z12,0.0049,False
2008-07-01,1,164,GS10_Rate:Z6_vel,0.0063,False
2008-07-01,1,164,GS10_Rate:Z6_acc,0.0028,False
2008-07-01,1,164,Fed_Funds_Rate:Z6,0.0565,False
2008-07-01,1,164,Fed_Funds_Rate:Z3,0.1637,False
2008-07-01,1,164,Fed_Funds_Rate:Z12,0.1001,False
2008-07-01,1,164,Fed_Funds_Rate:Z6_vel,0.1018,False
2008-07-01,1,164,Fed_Funds_Rate:Z6_acc,0.0736,False
2008-07-01,1,164,US_2Y_Treasury:Z6,0.0009,False
2008-07-01,1,164,US_2Y_Treasury:Z3,0.0072,False
2008-07-01,1,164,US_2Y_Treasury:Z12,0.0021,False
2008-07-01,1,164,US_2Y_Treasury:Z6_vel,0.1381,False
2008-07-01,1,164,US_2Y_Treasury:Z6_acc,0.114,False
2008-07-01,1,164,WTI_Crude_Close:Z6,0.0214,False
2008-07-01,1,164,WTI_Crude_Close:Z3,0.0009,False
2008-07-01,1,164,WTI_Crude_Close:Z12,0.0069,False
2008-07-01,1,164,WTI_Crude_Close:Z6_vel,0.0121,False
2008-07-01,1,164,WTI_Crude_Close:Z6_acc,0.0271,False
2008-07-01,1,164,Gold_Close:Z6,0.0441,False
2008-07-01,1,164,Gold_Close:Z3,0.1126,False
2008-07-01,1,164,Gold_Close:Z12,0.0049,False
2008-07-01,1,164,Gold_Close:Z6_vel,0.037,False
2008-07-01,1,164,Gold_Close:Z6_acc,0.0013,False
2008-07-01,1,164,M2_Money:Z6,0.0305,False
2008-07-01,1,164,M2_Money:Z3,0.0173,False
2008-07-01,1,164,M2_Money:Z12,0.0235,False
2008-07-01,1,164,M2_Money:Z6_vel,0.1057,False
2008-07-01,1,164,M2_Money:Z6_acc,0.0905,False
2008-07-01,1,164,Industrial_Production:Z6,0.0037,False
2008-07-01,1,164,Industrial_Production:Z3,0.0185,False
2008-07-01,1,164,Industrial_Production:Z12,0.004,False
2008-07-01,1,164,Industrial_Production:Z6_vel,0.041,False
2008-07-01,1,164,Industrial_Production:Z6_acc,0.0001,False
2008-07-01,1,164,US_CPI:Z6,0.0381,False
2008-07-01,1,164,US_CPI:Z3,0.0503,False
2008-07-01,1,164,US_CPI:Z12,0.0743,False
2008-07-01,1,164,US_CPI:Z6_vel,0.014,False
2008-07-01,1,164,US_CPI:Z6_acc,0.023,False
2008-07-01,1,164,Term_Spread_10Y_2Y:Z6,0.0227,False
2008-07-01,1,164,Term_Spread_10Y_2Y:Z3,0.038,False
2008-07-01,1,164,Term_Spread_10Y_2Y:Z12,0.0048,False
2008-07-01,1,164,Term_Spread_10Y_2Y:Z6_vel,0.1297,False
2008-07-01,1,164,Term_Spread_10Y_2Y:Z6_acc,0.2892,True
2008-07-01,1,164,Term_Spread_10Y_3M:Z6,0.0001,False
2008-07-01,1,164,Term_Spread_10Y_3M:Z3,0.0243,False
2008-07-01,1,164,Term_Spread_10Y_3M:Z12,0.0003,False
2008-07-01,1,164,Term_Spread_10Y_3M:Z6_vel,0.0974,False
2008-07-01,1,164,Term_Spread_10Y_3M:Z6_acc,0.0658,False
2008-07-01,1,164,VIX_Close:Z6,0.0246,False
2008-07-01,1,164,VIX_Close:Z3,0.0829,False
2008-07-01,1,164,VIX_Close:Z12,0.1954,False
2008-07-01,1,164,VIX_Close:Z6_vel,0.015,False
2008-07-01,1,164,VIX_Close:Z6_acc,0.008,False
2008-07-01,1,164,Natural_Gas_Close:Z6,0.0007,False
2008-07-01,1,164,Natural_Gas_Close:Z3,0.0473,False
2008-07-01,1,164,Natural_Gas_Close:Z12,0.0139,False
2008-07-01,1,164,Natural_Gas_Close:Z6_vel,0.0058,False
2008-07-01,1,164,Natural_Gas_Close:Z6_acc,0.0077,False
2008-07-01,1,164,Platinum_Futures_Close:Z6,0.0227,False
2008-07-01,1,164,Platinum_Futures_Close:Z3,0.0193,False
2008-07-01,1,164,Platinum_Futures_Close:Z12,0.003,False
2008-07-01,1,164,Platinum_Futures_Close:Z6_vel,0.1889,False
2008-07-01,1,164,Platinum_Futures_Close:Z6_acc,0.1079,False
2008-08-01,1,165,Dollar_Index:Z6,0.0013,False
2008-08-01,1,165,Dollar_Index:Z3,0.0,False
2008-08-01,1,165,Dollar_Index:Z12,0.0047,False
2008-08-01,1,165,Dollar_Index:Z6_vel,0.0442,False
2008-08-01,1,165,Dollar_Index:Z6_acc,0.0271,False
2008-08-01,1,165,GS10_Rate:Z6,0.0399,False
2008-08-01,1,165,GS10_Rate:Z3,0.0145,False
2008-08-01,1,165,GS10_Rate:Z12,0.0037,False
2008-08-01,1,165,GS10_Rate:Z6_vel,0.0082,False
2008-08-01,1,165,GS10_Rate:Z6_acc,0.0036,False
2008-08-01,1,165,Fed_Funds_Rate:Z6,0.0453,False
2008-08-01,1,165,Fed_Funds_Rate:Z3,0.1613,False
2008-08-01,1,165,Fed_Funds_Rate:Z12,0.0874,False
2008-08-01,1,165,Fed_Funds_Rate:Z6_vel,0.1048,False
2008-08-01,1,165,Fed_Funds_Rate:Z6_acc,0.0762,False
2008-08-01,1,165,US_2Y_Treasury:Z6,0.0019,False
2008-08-01,1,165,US_2Y_Treasury:Z3,0.0206,False
2008-08-01,1,165,US_2Y_Treasury:Z12,0.0017,False
2008-08-01,1,165,US_2Y_Treasury:Z6_vel,0.1626,False
2008-08-01,1,165,US_2Y_Treasury:Z6_acc,0.1292,False
2008-08-01,1,165,WTI_Crude_Close:Z6,0.0087,False
2008-08-01,1,165,WTI_Crude_Close:Z3,0.0139,False
2008-08-01,1,165,WTI_Crude_Close:Z12,0.0001,False
2008-08-01,1,165,WTI_Crude_Close:Z6_vel,0.015,False
2008-08-01,1,165,WTI_Crude_Close:Z6_acc,0.0232,False
2008-08-01,1,165,Gold_Close:Z6,0.0383,False
2008-08-01,1,165,Gold_Close:Z3,0.1292,False
2008-08-01,1,165,Gold_Close:Z12,0.0006,False
2008-08-01,1,165,Gold_Close:Z6_vel,0.0538,False
2008-08-01,1,165,Gold_Close:Z6_acc,0.0002,False
2008-08-01,1,165,M2_Money:Z6,0.03,False
2008-08-01,1,165,M2_Money:Z3,0.0236,False
2008-08-01,1,165,M2_Money:Z12,0.0245,False
2008-08-01,1,165,M2_Money:Z6_vel,0.1207,False
2008-08-01,1,165,M2_Money:Z6_acc,0.097,False
2008-08-01,1,165,Industrial_Production:Z6,0.0033,False
2008-08-01,1,165,Industrial_Production:Z3,0.0177,False
2008-08-01,1,165,Industrial_Production:Z12,0.0034,False
2008-08-01,1,165,Industrial_Production:Z6_vel,0.0409,False
2008-08-01,1,165,Industrial_Production:Z6_acc,0.0001,False
2008-08-01,1,165,US_CPI:Z6,0.0339,False
2008-08-01,1,165,US_CPI:Z3,0.0502,False
2008-08-01,1,165,US_CPI:Z12,0.0758,False
2008-08-01,1,165,US_CPI:Z6_vel,0.0143,False
2008-08-01,1,165,US_CPI:Z6_acc,0.0272,False
2008-08-01,1,165,Term_Spread_10Y_2Y:Z6,0.0241,False
2008-08-01,1,165,Term_Spread_10Y_2Y:Z3,0.0642,False
2008-08-01,1,165,Term_Spread_10Y_2Y:Z12,0.0037,False
2008-08-01,1,165,Term_Spread_10Y_2Y:Z6_vel,0.1489,False
2008-08-01,1,165,Term_Spread_10Y_2Y:Z6_acc,0.2946,True
2008-08-01,1,165,Term_Spread_10Y_3M:Z6,0.0009,False
2008-08-01,1,165,Term_Spread_10Y_3M:Z3,0.0249,False
2008-08-01,1,165,Term_Spread_10Y_3M:Z12,0.0001,False
2008-08-01,1,165,Term_Spread_10Y_3M:Z6_vel,0.0981,False
2008-08-01,1,165,Term_Spread_10Y_3M:Z6_acc,0.0505,False
2008-08-01,1,165,VIX_Close:Z6,0.0396,False
2008-08-01,1,165,VIX_Close:Z3,0.0985,False
2008-08-01,1,165,VIX_Close:Z12,0.1781,False
2008-08-01,1,165,VIX_Close:Z6_vel,0.0291,False
2008-08-01,1,165,VIX_Close:Z6_acc,0.018,False
2008-08-01,1,165,Natural_Gas_Close:Z6,0.0028,False
2008-08-01,1,165,Natural_Gas_Close:Z3,0.0676,False
2008-08-01,1,165,Natural_Gas_Close:Z12,0.0157,False
2008-08-01,1,165,Natural_Gas_Close:Z6_vel,0.0091,False
2008-08-01,1,165,Natural_Gas_Close:Z6_acc,0.0051,False
2008-08-01,1,165,Platinum_Futures_Close:Z6,0.0227,False
2008-08-01,1,165,Platinum_Futures_Close:Z3,0.0193,False
2008-08-01,1,165,Platinum_Futures_Close:Z12,0.003,False
2008-08-01,1,165,Platinum_Futures_Close:Z6_vel,0.1889,False
2008-08-01,1,165,Platinum_Futures_Close:Z6_acc,0.1079,False
2008-09-01,1,166,Dollar_Index:Z6,0.0046,False
2008-09-01,1,166,Dollar_Index:Z3,0.0,False
2008-09-01,1,166,Dollar_Index:Z12,0.0,False
2008-09-01,1,166,Dollar_Index:Z6_vel,0.0352,False
2008-09-01,1,166,Dollar_Index:Z6_acc,0.0152,False
2008-09-01,1,166,GS10_Rate:Z6,0.0399,False
2008-09-01,1,166,GS10_Rate:Z3,0.0169,False
2008-09-01,1,166,GS10_Rate:Z12,0.0025,False
2008-09-01,1,166,GS10_Rate:Z6_vel,0.0092,False
2008-09-01,1,166,GS10_Rate:Z6_acc,0.0029,False
2008-09-01,1,166,Fed_Funds_Rate:Z6,0.0384,False
2008-09-01,1,166,Fed_Funds_Rate:Z3,0.1676,False
2008-09-01,1,166,Fed_Funds_Rate:Z12,0.0766,False
2008-09-01,1,166,Fed_Funds_Rate:Z6_vel,0.1121,False
2008-09-01,1,166,Fed_Funds_Rate:Z6_acc,0.0815,False
2008-09-01,1,166,US_2Y_Treasury:Z6,0.0056,False
2008-09-01,1,166,US_2Y_Treasury:Z3,0.044,False
2008-09-01,1,166,US_2Y_Treasury:Z12,0.0018,False
2008-09-01,1,166,US_2Y_Treasury:Z6_vel,0.1742,False
2008-09-01,1,166,US_2Y_Treasury:Z6_acc,0.1099,False
2008-09-01,1,166,WTI_Crude_Close:Z6,0.0001,False
2008-09-01,1,166,WTI_Crude_Close:Z3,0.0313,False
2008-09-01,1,166,WTI_Crude_Close:Z12,0.008,False
2008-09-01,1,166,WTI_Crude_Close:Z6_vel,0.0012,False
2008-09-01,1,166,WTI_Crude_Close:Z6_acc,0.0076,False
2008-09-01,1,166,Gold_Close:Z6,0.0288,False
2008-09-01,1,166,Gold_Close:Z3,0.1483,False
2008-09-01,1,166,Gold_Close:Z12,0.0005,False
2008-09-01,1,166,Gold_Close:Z6_vel,0.0429,False
2008-09-01,1,166,Gold_Close:Z6_acc,0.0034,False
2008-09-01,1,166,M2_Money:Z6,0.0321,False
2008-09-01,1,166,M2_Money:Z3,0.0319,False
2008-09-01,1,166,M2_Money:Z12,0.0237,False
2008-09-01,1,166,M2_Money:Z6_vel,0.1285,False
2008-09-01,1,166,M2_Money:Z6_acc,0.0874,False
2008-09-01,1,166,Industrial_Production:Z6,0.003,False
2008-09-01,1,166,Industrial_Production:Z3,0.0172,False
2008-09-01,1,166,Industrial_Production:Z12,0.003,False
2008-09-01,1,166,Industrial_Production:Z6_vel,0.0406,False
2008-09-01,1,166,Industrial_Production:Z6_acc,0.0001,False
2008-09-01,1,166,US_CPI:Z6,0.0309,False
2008-09-01,1,166,US_CPI:Z3,0.0521,False
2008-09-01,1,166,US_CPI:Z12,0.0776,False
2008-09-01,1,166,US_CPI:Z6_vel,0.0148,False
2008-09-01,1,166,US_CPI:Z6_acc,0.0264,False
2008-09-01,1,166,Term_Spread_10Y_2Y:Z6,0.0189,False
2008-09-01,1,166,Term_Spread_10Y_2Y:Z3,0.0944,False
2008-09-01,1,166,Term_Spread_10Y_2Y:Z12,0.0023,False
2008-09-01,1,166,Term_Spread_10Y_2Y:Z6_vel,0.1636,False
2008-09-01,1,166,Term_Spread_10Y_2Y:Z6_acc,0.2832,True
2008-09-01,1,166,Term_Spread_10Y_3M:Z6,0.0009,False
2008-09-01,1,166,Term_Spread_10Y_3M:Z3,0.0334,False
2008-09-01,1,166,Term_Spread_10Y_3M:Z12,0.0004,False
2008-09-01,1,166,Term_Spread_10Y_3M:Z6_vel,0.1118,False
2008-09-01,1,166,Term_Spread_10Y_3M:Z6_acc,0.0652,False
2008-09-01,1,166,VIX_Close:Z6,0.0533,False
2008-09-01,1,166,VIX_Close:Z3,0.1143,False
2008-09-01,1,166,VIX_Close:Z12,0.1491,False
2008-09-01,1,166,VIX_Close:Z6_vel,0.0244,False
2008-09-01,1,166,VIX_Close:Z6_acc,0.007,False
2008-09-01,1,166,Natural_Gas_Close:Z6,0.0117,False
2008-09-01,1,166,Natural_Gas_Close:Z3,0.0831,False
2008-09-01,1,166,Natural_Gas_Close:Z12,0.0191,False
2008-09-01,1,166,Natural_Gas_Close:Z6_vel,0.0006,False
2008-09-01,1,166,Natural_Gas_Close:Z6_acc,0.0001,False
2008-09-01,1,166,Platinum_Futures_Close:Z6,0.0097,False
2008-09-01,1,166,Platinum_Futures_Close:Z3,0.0133,False
2008-09-01,1,166,Platinum_Futures_Close:Z12,0.0,False
2008-09-01,1,166,Platinum_Futures_Close:Z6_vel,0.1889,False
2008-09-01,1,166,Platinum_Futures_Close:Z6_acc,0.1079,False
2008-10-01,1,164,Dollar_Index:Z6,0.0095,False
2008-10-01,1,164,Dollar_Index:Z3,0.0001,False
2008-10-01,1,164,Dollar_Index:Z12,0.0016,False
2008-10-01,1,164,Dollar_Index:Z6_vel,0.0321,False
2008-10-01,1,164,Dollar_Index:Z6_acc,0.0173,False
2008-10-01,1,164,GS10_Rate:Z6,0.0419,False
2008-10-01,1,164,GS10_Rate:Z3,0.0187,False
2008-10-01,1,164,GS10_Rate:Z12,0.0014,False
2008-10-01,1,164,GS10_Rate:Z6_vel,0.0105,False
2008-10-01,1,164,GS10_Rate:Z6_acc,0.0029,False
2008-10-01,1,164,Fed_Funds_Rate:Z6,0.0347,False
2008-10-01,1,164,Fed_Funds_Rate:Z3,0.179,False
2008-10-01,1,164,Fed_Funds_Rate:Z12,0.0674,False
2008-10-01,1,164,Fed_Funds_Rate:Z6_vel,0.1197,False
2008-10-01,1,164,Fed_Funds_Rate:Z6_acc,0.0824,False
2008-10-01,1,164,US_2Y_Treasury:Z6,0.0134,False
2008-10-01,1,164,US_2Y_Treasury:Z3,0.0602,False
2008-10-01,1,164,US_2Y_Treasury:Z12,0.0018,False
2008-10-01,1,164,US_2Y_Treasury:Z6_vel,0.1822,False
2008-10-01,1,164,US_2Y_Treasury:Z6_acc,0.1063,False
2008-10-01,1,164,WTI_Crude_Close:Z6,0.0026,False
2008-10-01,1,164,WTI_Crude_Close:Z3,0.0552,False
2008-10-01,1,164,WTI_Crude_Close:Z12,0.0224,False
2008-10-01,1,164,WTI_Crude_Close:Z6_vel,0.0014,False
2008-10-01,1,164,WTI_Crude_Close:Z6_acc,0.0173,False
2008-10-01,1,164,Gold_Close:Z6,0.0235,False
2008-10-01,1,164,Gold_Close:Z3,0.1291,False
2008-10-01,1,164,Gold_Close:Z12,0.0058,False
2008-10-01,1,164,Gold_Close:Z6_vel,0.0484,False
2008-10-01,1,164,Gold_Close:Z6_acc,0.0012,False
2008-10-01,1,164,M2_Money:Z6,0.0334,False
2008-10-01,1,164,M2_Money:Z3,0.0305,False
2008-10-01,1,164,M2_Money:Z12,0.023,False
2008-10-01,1,164,M2_Money:Z6_vel,0.1153,False
2008-10-01,1,164,M2_Money:Z6_acc,0.0723,False
2008-10-01,1,164,Industrial_Production:Z6,0.0035,False
2008-10-01,1,164,Industrial_Production:Z3,0.0169,False
2008-10-01,1,164,Industrial_Production:Z12,0.0013,False
2008-10-01,1,164,Industrial_Production:Z6_vel,0.0412,False
2008-10-01,1,164,Industrial_Production:Z6_acc,0.0,False
2008-10-01,1,164,US_CPI:Z6,0.0298,False
2008-10-01,1,164,US_CPI:Z3,0.0479,False
2008-10-01,1,164,US_CPI:Z12,0.0783,False
2008-10-01,1,164,US_CPI:Z6_vel,0.0172,False
2008-10-01,1,164,US_CPI:Z6_acc,0.0276,False
2008-10-01,1,164,Term_Spread_10Y_2Y:Z6,0.0128,False
2008-10-01,1,164,Term_Spread_10Y_2Y:Z3,0.1203,False
2008-10-01,1,164,Term_Spread_10Y_2Y:Z12,0.0026,False
2008-10-01,1,164,Term_Spread_10Y_2Y:Z6_vel,0.167,False
2008-10-01,1,164,Term_Spread_10Y_2Y:Z6_acc,0.2609,True
2008-10-01,1,164,Term_Spread_10Y_3M:Z6,0.0013,False
2008-10-01,1,164,Term_Spread_10Y_3M:Z3,0.0465,False
2008-10-01,1,164,Term_Spread_10Y_3M:Z12,0.0009,False
2008-10-01,1,164,Term_Spread_10Y_3M:Z6_vel,0.1127,False
2008-10-01,1,164,Term_Spread_10Y_3M:Z6_acc,0.0466,False
2008-10-01,1,164,VIX_Close:Z6,0.0575,False
2008-10-01,1,164,VIX_Close:Z3,0.1101,False
2008-10-01,1,164,VIX_Close:Z12,0.1274,False
2008-10-01,1,164,VIX_Close:Z6_vel,0.0153,False
2008-10-01,1,164,VIX_Close:Z6_acc,0.0047,False
2008-10-01,1,164,Natural_Gas_Close:Z6,0.0238,False
2008-10-01,1,164,Natural_Gas_Close:Z3,0.1011,False
2008-10-01,1,164,Natural_Gas_Close:Z12,0.0277,False
2008-10-01,1,164,Natural_Gas_Close:Z6_vel,0.0002,False
2008-10-01,1,164,Natural_Gas_Close:Z6_acc,0.002,False
2008-10-01,1,164,Platinum_Futures_Close:Z6,0.003,False
2008-10-01,1,164,Platinum_Futures_Close:Z3,0.0173,False
2008-10-01,1,164,Platinum_Futures_Close:Z12,0.0031,False
2008-10-01,1,164,Platinum_Futures_Close:Z6_vel,0.1774,False
2008-10-01,1,164,Platinum_Futures_Close:Z6_acc,0.1079,False
2008-11-01,1,165,Dollar_Index:Z6,0.0118,False
2008-11-01,1,165,Dollar_Index:Z3,0.0001,False
2008-11-01,1,165,Dollar_Index:Z12,0.0055,False
2008-11-01,1,165,Dollar_Index:Z6_vel,0.0403,False
2008-11-01,1,165,Dollar_Index:Z6_acc,0.0235,False
2008-11-01,1,165,GS10_Rate:Z6,0.0427,False
2008-11-01,1,165,GS10_Rate:Z3,0.0187,False
2008-11-01,1,165,GS10_Rate:Z12,0.0008,False
2008-11-01,1,165,GS10_Rate:Z6_vel,0.0099,False
2008-11-01,1,165,GS10_Rate:Z6_acc,0.0022,False
2008-11-01,1,165,Fed_Funds_Rate:Z6,0.0375,False
2008-11-01,1,165,Fed_Funds_Rate:Z3,0.1932,False
2008-11-01,1,165,Fed_Funds_Rate:Z12,0.0607,False
2008-11-01,1,165,Fed_Funds_Rate:Z6_vel,0.1339,False
2008-11-01,1,165,Fed_Funds_Rate:Z6_acc,0.092,False
2008-11-01,1,165,US_2Y_Treasury:Z6,0.0252,False
2008-11-01,1,165,US_2Y_Treasury:Z3,0.0674,False
2008-11-01,1,165,US_2Y_Treasury:Z12,0.0032,False
2008-11-01,1,165,US_2Y_Treasury:Z6_vel,0.1873,False
2008-11-01,1,165,US_2Y_Treasury:Z6_acc,0.1036,False
2008-11-01,1,165,WTI_Crude_Close:Z6,0.0096,False
2008-11-01,1,165,WTI_Crude_Close:Z3,0.0628,False
2008-11-01,1,165,WTI_Crude_Close:Z12,0.0322,False
2008-11-01,1,165,WTI_Crude_Close:Z6_vel,0.0015,False
2008-11-01,1,165,WTI_Crude_Close:Z6_acc,0.0172,False
2008-11-01,1,165,Gold_Close:Z6,0.0244,False
2008-11-01,1,165,Gold_Close:Z3,0.1118,False
2008-11-01,1,165,Gold_Close:Z12,0.013,False
2008-11-01,1,165,Gold_Close:Z6_vel,0.062,False
2008-11-01,1,165,Gold_Close:Z6_acc,0.0004,False
2008-11-01,1,165,M2_Money:Z6,0.0337,False
2008-11-01,1,165,M2_Money:Z3,0.0231,False
2008-11-01,1,165,M2_Money:Z12,0.0217,False
2008-11-01,1,165,M2_Money:Z6_vel,0.103,False
2008-11-01,1,165,M2_Money:Z6_acc,0.0692,False
2008-11-01,1,165,Industrial_Production:Z6,0.0033,False
2008-11-01,1,165,Industrial_Production:Z3,0.0164,False
2008-11-01,1,165,Industrial_Production:Z12,0.0011,False
2008-11-01,1,165,Industrial_Production:Z6_vel,0.0408,False
2008-11-01,1,165,Industrial_Production:Z6_acc,0.0001,False
2008-11-01,1,165,US_CPI:Z6,0.023,False
2008-11-01,1,165,US_CPI:Z3,0.033,False
2008-11-01,1,165,US_CPI:Z12,0.0734,False
2008-11-01,1,165,US_CPI:Z6_vel,0.005,False
2008-11-01,1,165,US_CPI:Z6_acc,0.0111,False
2008-11-01,1,165,Term_Spread_10Y_2Y:Z6,0.0043,False
2008-11-01,1,165,Term_Spread_10Y_2Y:Z3,0.1335,False
2008-11-01,1,165,Term_Spread_10Y_2Y:Z12,0.0028,False
2008-11-01,1,165,Term_Spread_10Y_2Y:Z6_vel,0.1822,False
2008-11-01,1,165,Term_Spread_10Y_2Y:Z6_acc,0.2736,True
2008-11-01,1,165,Term_Spread_10Y_3M:Z6,0.0003,False
2008-11-01,1,165,Term_Spread_10Y_3M:Z3,0.0592,False
2008-11-01,1,165,Term_Spread_10Y_3M:Z12,0.0021,False
2008-11-01,1,165,Term_Spread_10Y_3M:Z6_vel,0.1273,False
2008-11-01,1,165,Term_Spread_10Y_3M:Z6_acc,0.0607,False
2008-11-01,1,165,VIX_Close:Z6,0.0654,False
2008-11-01,1,165,VIX_Close:Z3,0.0942,False
2008-11-01,1,165,VIX_Close:Z12,0.1411,False
2008-11-01,1,165,VIX_Close:Z6_vel,0.0158,False
2008-11-01,1,165,VIX_Close:Z6_acc,0.0071,False
2008-11-01,1,165,Natural_Gas_Close:Z6,0.0273,False
2008-11-01,1,165,Natural_Gas_Close:Z3,0.0915,False
2008-11-01,1,165,Natural_Gas_Close:Z12,0.0302,False
2008-11-01,1,165,Natural_Gas_Close:Z6_vel,0.005,False
2008-11-01,1,165,Natural_Gas_Close:Z6_acc,0.0075,False
2008-11-01,1,165,Platinum_Futures_Close:Z6,0.003,False
2008-11-01,1,165,Platinum_Futures_Close:Z3,0.0173,False
2008-11-01,1,165,Platinum_Futures_Close:Z12,0.0031,False
2008-11-01,1,165,Platinum_Futures_Close:Z6_vel,0.1774,False
2008-11-01,1,165,Platinum_Futures_Close:Z6_acc,0.1079,False
2008-12-01,1,165,Dollar_Index:Z6,0.0061,False
2008-12-01,1,165,Dollar_Index:Z3,0.0019,False
2008-12-01,1,165,Dollar_Index:Z12,0.0079,False
2008-12-01,1,165,Dollar_Index:Z6_vel,0.0599,False
2008-12-01,1,165,Dollar_Index:Z6_acc,0.0326,False
2008-12-01,1,165,GS10_Rate:Z6,0.0401,False
2008-12-01,1,165,GS10_Rate:Z3,0.0137,False
2008-12-01,1,165,GS10_Rate:Z12,0.0,False
2008-12-01,1,165,GS10_Rate:Z6_vel,0.0101,False
2008-12-01,1,165,GS10_Rate:Z6_acc,0.0029,False
2008-12-01,1,165,Fed_Funds_Rate:Z6,0.0314,False
2008-12-01,1,165,Fed_Funds_Rate:Z3,0.1912,False
2008-12-01,1,165,Fed_Funds_Rate:Z12,0.0387,False
2008-12-01,1,165,Fed_Funds_Rate:Z6_vel,0.1322,False
2008-12-01,1,165,Fed_Funds_Rate:Z6_acc,0.071,False
2008-12-01,1,165,US_2Y_Treasury:Z6,0.0379,False
2008-12-01,1,165,US_2Y_Treasury:Z3,0.0611,False
2008-12-01,1,165,US_2Y_Treasury:Z12,0.0045,False
2008-12-01,1,165,US_2Y_Treasury:Z6_vel,0.1813,False
2008-12-01,1,165,US_2Y_Treasury:Z6_acc,0.094,False
2008-12-01,1,165,WTI_Crude_Close:Z6,0.0102,False
2008-12-01,1,165,WTI_Crude_Close:Z3,0.0466,False
2008-12-01,1,165,WTI_Crude_Close:Z12,0.0384,False
2008-12-01,1,165,WTI_Crude_Close:Z6_vel,0.0114,False
2008-12-01,1,165,WTI_Crude_Close:Z6_acc,0.0302,False
2008-12-01,1,165,Gold_Close:Z6,0.0262,False
2008-12-01,1,165,Gold_Close:Z3,0.1101,False
2008-12-01,1,165,Gold_Close:Z12,0.0237,False
2008-12-01,1,165,Gold_Close:Z6_vel,0.0847,False
2008-12-01,1,165,Gold_Close:Z6_acc,0.0002,False
2008-12-01,1,165,M2_Money:Z6,0.0515,False
2008-12-01,1,165,M2_Money:Z3,0.0249,False
2008-12-01,1,165,M2_Money:Z12,0.0303,False
2008-12-01,1,165,M2_Money:Z6_vel,0.103,False
2008-12-01,1,165,M2_Money:Z6_acc,0.0715,False
2008-12-01,1,165,Industrial_Production:Z6,0.0037,False
2008-12-01,1,165,Industrial_Production:Z3,0.0165,False
2008-12-01,1,165,Industrial_Production:Z12,0.0013,False
2008-12-01,1,165,Industrial_Production:Z6_vel,0.0405,False
2008-12-01,1,165,Industrial_Production:Z6_acc,0.0001,False
2008-12-01,1,165,US_CPI:Z6,0.0214,False
2008-12-01,1,165,US_CPI:Z3,0.0224,False
2008-12-01,1,165,US_CPI:Z12,0.0767,False
2008-12-01,1,165,US_CPI:Z6_vel,0.004,False
2008-12-01,1,165,US_CPI:Z6_acc,0.0192,False
2008-12-01,1,165,Term_Spread_10Y_2Y:Z6,0.0,False
2008-12-01,1,165,Term_Spread_10Y_2Y:Z3,0.1471,False
2008-12-01,1,165,Term_Spread_10Y_2Y:Z12,0.0043,False
2008-12-01,1,165,Term_Spread_10Y_2Y:Z6_vel,0.1948,False
2008-12-01,1,165,Term_Spread_10Y_2Y:Z6_acc,0.2673,True
2008-12-01,1,165,Term_Spread_10Y_3M:Z6,0.0003,False
2008-12-01,1,165,Term_Spread_10Y_3M:Z3,0.0726,False
2008-12-01,1,165,Term_Spread_10Y_3M:Z12,0.0025,False
2008-12-01,1,165,Term_Spread_10Y_3M:Z6_vel,0.1395,False
2008-12-01,1,165,Term_Spread_10Y_3M:Z6_acc,0.0575,False
2008-12-01,1,165,VIX_Close:Z6,0.077,False
2008-12-01,1,165,VIX_Close:Z3,0.0874,False
2008-12-01,1,165,VIX_Close:Z12,0.153,False
2008-12-01,1,165,VIX_Close:Z6_vel,0.0168,False
2008-12-01,1,165,VIX_Close:Z6_acc,0.0069,False
2008-12-01,1,165,Natural_Gas_Close:Z6,0.0213,False
2008-12-01,1,165,Natural_Gas_Close:Z3,0.0641,False
2008-12-01,1,165,Natural_Gas_Close:Z12,0.0302,False
2008-12-01,1,165,Natural_Gas_Close:Z6_vel,0.0118,False
2008-12-01,1,165,Natural_Gas_Close:Z6_acc,0.0062,False
2008-12-01,1,165,Platinum_Futures_Close:Z6,0.0137,False
2008-12-01,1,165,Platinum_Futures_Close:Z3,0.0003,False
2008-12-01,1,165,Platinum_Futures_Close:Z12,0.0003,False
2008-12-01,1,165,Platinum_Futures_Close:Z6_vel,0.1774,False
2008-12-01,1,165,Platinum_Futures_Close:Z6_acc,0.1079,False
2009-01-01,1,165,Dollar_Index:Z6,0.0016,False
2009-01-01,1,165,Dollar_Index:Z3,0.0099,False
2009-01-01,1,165,Dollar_Index:Z12,0.0069,False
2009-01-01,1,165,Dollar_Index:Z6_vel,0.0645,False
2009-01-01,1,165,Dollar_Index:Z6_acc,0.0194,False
2009-01-01,1,165,GS10_Rate:Z6,0.0416,False
2009-01-01,1,165,GS10_Rate:Z3,0.013,False
2009-01-01,1,165,GS10_Rate:Z12,0.0,False
2009-01-01,1,165,GS10_Rate:Z6_vel,0.0099,False
2009-01-01,1,165,GS10_Rate:Z6_acc,0.0027,False
2009-01-01,1,165,Fed_Funds_Rate:Z6,0.0323,False
2009-01-01,1,165,Fed_Funds_Rate:Z3,0.1871,False
2009-01-01,1,165,Fed_Funds_Rate:Z12,0.0313,False
2009-01-01,1,165,Fed_Funds_Rate:Z6_vel,0.1257,False
2009-01-01,1,165,Fed_Funds_Rate:Z6_acc,0.0603,False
2009-01-01,1,165,US_2Y_Treasury:Z6,0.0429,False
2009-01-01,1,165,US_2Y_Treasury:Z3,0.0504,False
2009-01-01,1,165,US_2Y_Treasury:Z12,0.0038,False
2009-01-01,1,165,US_2Y_Treasury:Z6_vel,0.1405,False
2009-01-01,1,165,US_2Y_Treasury:Z6_acc,0.0707,False
2009-01-01,1,165,WTI_Crude_Close:Z6,0.0086,False
2009-01-01,1,165,WTI_Crude_Close:Z3,0.0226,False
2009-01-01,1,165,WTI_Crude_Close:Z12,0.0388,False
2009-01-01,1,165,WTI_Crude_Close:Z6_vel,0.0147,False
2009-01-01,1,165,WTI_Crude_Close:Z6_acc,0.0175,False
2009-01-01,1,165,Gold_Close:Z6,0.0272,False
2009-01-01,1,165,Gold_Close:Z3,0.1229,False
2009-01-01,1,165,Gold_Close:Z12,0.0281,False
2009-01-01,1,165,Gold_Close:Z6_vel,0.0475,False
2009-01-01,1,165,Gold_Close:Z6_acc,0.004,False
2009-01-01,1,165,M2_Money:Z6,0.045,False
2009-01-01,1,165,M2_Money:Z3,0.0184,False
2009-01-01,1,165,M2_Money:Z12,0.0261,False
2009-01-01,1,165,M2_Money:Z6_vel,0.0597,False
2009-01-01,1,165,M2_Money:Z6_acc,0.0472,False
2009-01-01,1,165,Industrial_Production:Z6,0.0036,False
2009-01-01,1,165,Industrial_Production:Z3,0.0164,False
2009-01-01,1,165,Industrial_Production:Z12,0.0012,False
2009-01-01,1,165,Industrial_Production:Z6_vel,0.041,False
2009-01-01,1,165,Industrial_Production:Z6_acc,0.0001,False
2009-01-01,1,165,US_CPI:Z6,0.0163,False
2009-01-01,1,165,US_CPI:Z3,0.0166,False
2009-01-01,1,165,US_CPI:Z12,0.0696,False
2009-01-01,1,165,US_CPI:Z6_vel,0.0072,False
2009-01-01,1,165,US_CPI:Z6_acc,0.0285,False
2009-01-01,1,165,Term_Spread_10Y_2Y:Z6,0.0002,False
2009-01-01,1,165,Term_Spread_10Y_2Y:Z3,0.1307,False
2009-01-01,1,165,Term_Spread_10Y_2Y:Z12,0.0035,False
2009-01-01,1,165,Term_Spread_10Y_2Y:Z6_vel,0.1426,False
2009-01-01,1,165,Term_Spread_10Y_2Y:Z6_acc,0.1697,False
2009-01-01,1,165,Term_Spread_10Y_3M:Z6,0.001,False
2009-01-01,1,165,Term_Spread_10Y_3M:Z3,0.071,False
2009-01-01,1,165,Term_Spread_10Y_3M:Z12,0.0037,False
2009-01-01,1,165,Term_Spread_10Y_3M:Z6_vel,0.1312,False
2009-01-01,1,165,Term_Spread_10Y_3M:Z6_acc,0.0332,False
2009-01-01,1,165,VIX_Close:Z6,0.0323,False
2009-01-01,1,165,VIX_Close:Z3,0.0428,False
2009-01-01,1,165,VIX_Close:Z12,0.0799,False
2009-01-01,1,165,VIX_Close:Z6_vel,0.0007,False
2009-01-01,1,165,VIX_Close:Z6_acc,0.0002,False
2009-01-01,1,165,Natural_Gas_Close:Z6,0.0168,False
2009-01-01,1,165,Natural_Gas_Close:Z3,0.043,False
2009-01-01,1,165,Natural_Gas_Close:Z12,0.0279,False
2009-01-01,1,165,Natural_Gas_Close:Z6_vel,0.0103,False
2009-01-01,1,165,Natural_Gas_Close:Z6_acc,0.002,False
2009-01-01,1,165,Platinum_Futures_Close:Z6,0.0261,False
2009-01-01,1,165,Platinum_Futures_Close:Z3,0.0034,False
2009-01-01,1,165,Platinum_Futures_Close:Z12,0.0005,False
2009-01-01,1,165,Platinum_Futures_Close:Z6_vel,0.1588,False
2009-01-01,1,165,Platinum_Futures_Close:Z6_acc,0.1079,False
2009-02-01,1,164,Dollar_Index:Z6,0.0009,False
2009-02-01,1,164,Dollar_Index:Z3,0.0279,False
2009-02-01,1,164,Dollar_Index:Z12,0.0017,False
2009-02-01,1,164,Dollar_Index:Z6_vel,0.0833,False
2009-02-01,1,164,Dollar_Index:Z6_acc,0.0298,False
2009-02-01,1,164,GS10_Rate:Z6,0.0383,False
2009-02-01,1,164,GS10_Rate:Z3,0.0111,False
2009-02-01,1,164,GS10_Rate:Z12,0.0001,False
2009-02-01,1,164,GS10_Rate:Z6_vel,0.0088,False
2009-02-01,1,164,GS10_Rate:Z6_acc,0.0027,False
2009-02-01,1,164,Fed_Funds_Rate:Z6,0.0237,False
2009-02-01,1,164,Fed_Funds_Rate:Z3,0.1573,False
2009-02-01,1,164,Fed_Funds_Rate:Z12,0.0168,False
2009-02-01,1,164,Fed_Funds_Rate:Z6_vel,0.1234,False
2009-02-01,1,164,Fed_Funds_Rate:Z6_acc,0.0668,False
2009-02-01,1,164,US_2Y_Treasury:Z6,0.0393,False
2009-02-01,1,164,US_2Y_Treasury:Z3,0.0373,False
2009-02-01,1,164,US_2Y_Treasury:Z12,0.0041,False
2009-02-01,1,164,US_2Y_Treasury:Z6_vel,0.1128,False
2009-02-01,1,164,US_2Y_Treasury:Z6_acc,0.0734,False
2009-02-01,1,164,WTI_Crude_Close:Z6,0.0014,False
2009-02-01,1,164,WTI_Crude_Close:Z3,0.0042,False
2009-02-01,1,164,WTI_Crude_Close:Z12,0.0255,False
2009-02-01,1,164,WTI_Crude_Close:Z6_vel,0.0292,False
2009-02-01,1,164,WTI_Crude_Close:Z6_acc,0.0276,False
2009-02-01,1,164,Gold_Close:Z6,0.0353,False
2009-02-01,1,164,Gold_Close:Z3,0.14,False
2009-02-01,1,164,Gold_Close:Z12,0.0233,False
2009-02-01,1,164,Gold_Close:Z6_vel,0.0611,False
2009-02-01,1,164,Gold_Close:Z6_acc,0.0,False
2009-02-01,1,164,M2_Money:Z6,0.0392,False
2009-02-01,1,164,M2_Money:Z3,0.0175,False
2009-02-01,1,164,M2_Money:Z12,0.0245,False
2009-02-01,1,164,M2_Money:Z6_vel,0.0564,False
2009-02-01,1,164,M2_Money:Z6_acc,0.0568,False
2009-02-01,1,164,Industrial_Production:Z6,0.0014,False
2009-02-01,1,164,Industrial_Production:Z3,0.0118,False
2009-02-01,1,164,Industrial_Production:Z12,0.0015,False
2009-02-01,1,164,Industrial_Production:Z6_vel,0.0325,False
2009-02-01,1,164,Industrial_Production:Z6_acc,0.0,False
2009-02-01,1,164,US_CPI:Z6,0.0123,False
2009-02-01,1,164,US_CPI:Z3,0.0172,False
2009-02-01,1,164,US_CPI:Z12,0.0566,False
2009-02-01,1,164,US_CPI:Z6_vel,0.0063,False
2009-02-01,1,164,US_CPI:Z6_acc,0.0166,False
2009-02-01,1,164,Term_Spread_10Y_2Y:Z6,0.0001,False
2009-02-01,1,164,Term_Spread_10Y_2Y:Z3,0.0852,False
2009-02-01,1,164,Term_Spread_10Y_2Y:Z12,0.0008,False
2009-02-01,1,164,Term_Spread_10Y_2Y:Z6_vel,0.0875,False
2009-02-01,1,164,Term_Spread_10Y_2Y:Z6_acc,0.1554,False
2009-02-01,1,164,Term_Spread_10Y_3M:Z6,0.0011,False
2009-02-01,1,164,Term_Spread_10Y_3M:Z3,0.062,False
2009-02-01,1,164,Term_Spread_10Y_3M:Z12,0.0067,False
2009-02-01,1,164,Term_Spread_10Y_3M:Z6_vel,0.1273,False
2009-02-01,1,164,Term_Spread_10Y_3M:Z6_acc,0.0355,False
2009-02-01,1,164,VIX_Close:Z6,0.0002,False
2009-02-01,1,164,VIX_Close:Z3,0.005,False
2009-02-01,1,164,VIX_Close:Z12,0.039,False
2009-02-01,1,164,VIX_Close:Z6_vel,0.0023,False
2009-02-01,1,164,VIX_Close:Z6_acc,0.0,False
2009-02-01,1,164,Natural_Gas_Close:Z6,0.0112,False
2009-02-01,1,164,Natural_Gas_Close:Z3,0.0341,False
2009-02-01,1,164,Natural_Gas_Close:Z12,0.0224,False
2009-02-01,1,164,Natural_Gas_Close:Z6_vel,0.0122,False
2009-02-01,1,164,Natural_Gas_Close:Z6_acc,0.003,False
2009-02-01,1,164,Platinum_Futures_Close:Z6,0.0261,False
2009-02-01,1,164,Platinum_Futures_Close:Z3,0.0034,False
2009-02-01,1,164,Platinum_Futures_Close:Z12,0.0005,False
2009-02-01,1,164,Platinum_Futures_Close:Z6_vel,0.1588,False
2009-02-01,1,164,Platinum_Futures_Close:Z6_acc,0.1079,False
2009-03-01,1,164,Dollar_Index:Z6,0.0084,False
2009-03-01,1,164,Dollar_Index:Z3,0.0431,False
2009-03-01,1,164,Dollar_Index:Z12,0.0,False
2009-03-01,1,164,Dollar_Index:Z6_vel,0.0892,False
2009-03-01,1,164,Dollar_Index:Z6_acc,0.0178,False
2009-03-01,1,164,GS10_Rate:Z6,0.026,False
2009-03-01,1,164,GS10_Rate:Z3,0.006,False
2009-03-01,1,164,GS10_Rate:Z12,0.0005,False
2009-03-01,1,164,GS10_Rate:Z6_vel,0.0037,False
2009-03-01,1,164,GS10_Rate:Z6_acc,0.0014,False
2009-03-01,1,164,Fed_Funds_Rate:Z6,0.022,False
2009-03-01,1,164,Fed_Funds_Rate:Z3,0.1409,False
2009-03-01,1,164,Fed_Funds_Rate:Z12,0.012,False
2009-03-01,1,164,Fed_Funds_Rate:Z6_vel,0.1219,False
2009-03-01,1,164,Fed_Funds_Rate:Z6_acc,0.0677,False
2009-03-01,1,164,US_2Y_Treasury:Z6,0.0287,False
2009-03-01,1,164,US_2Y_Treasury:Z3,0.0267,False
2009-03-01,1,164,US_2Y_Treasury:Z12,0.0037,False
2009-03-01,1,164,US_2Y_Treasury:Z6_vel,0.0933,False
2009-03-01,1,164,US_2Y_Treasury:Z6_acc,0.0757,False
2009-03-01,1,164,WTI_Crude_Close:Z6,0.0005,False
2009-03-01,1,164,WTI_Crude_Close:Z3,0.0,False
2009-03-01,1,164,WTI_Crude_Close:Z12,0.014,False
2009-03-01,1,164,WTI_Crude_Close:Z6_vel,0.0362,False
2009-03-01,1,164,WTI_Crude_Close:Z6_acc,0.0178,False
2009-03-01,1,164,Gold_Close:Z6,0.0428,False
2009-03-01,1,164,Gold_Close:Z3,0.1464,False
2009-03-01,1,164,Gold_Close:Z12,0.0213,False
2009-03-01,1,164,Gold_Close:Z6_vel,0.0586,False
2009-03-01,1,164,Gold_Close:Z6_acc,0.0008,False
2009-03-01,1,164,M2_Money:Z6,0.0388,False
2009-03-01,1,164,M2_Money:Z3,0.0215,False
2009-03-01,1,164,M2_Money:Z12,0.0264,False
2009-03-01,1,164,M2_Money:Z6_vel,0.0667,False
2009-03-01,1,164,M2_Money:Z6_acc,0.0639,False
2009-03-01,1,164,Industrial_Production:Z6,0.0015,False
2009-03-01,1,164,Industrial_Production:Z3,0.0125,False
2009-03-01,1,164,Industrial_Production:Z12,0.0016,False
2009-03-01,1,164,Industrial_Production:Z6_vel,0.0301,False
2009-03-01,1,164,Industrial_Production:Z6_acc,0.0003,False
2009-03-01,1,164,US_CPI:Z6,0.0152,False
2009-03-01,1,164,US_CPI:Z3,0.0308,False
2009-03-01,1,164,US_CPI:Z12,0.0595,False
2009-03-01,1,164,US_CPI:Z6_vel,0.0168,False
2009-03-01,1,164,US_CPI:Z6_acc,0.0258,False
2009-03-01,1,164,Term_Spread_10Y_2Y:Z6,0.0,False
2009-03-01,1,164,Term_Spread_10Y_2Y:Z3,0.0855,False
2009-03-01,1,164,Term_Spread_10Y_2Y:Z12,0.0024,False
2009-03-01,1,164,Term_Spread_10Y_2Y:Z6_vel,0.1024,False
2009-03-01,1,164,Term_Spread_10Y_2Y:Z6_acc,0.1573,False
2009-03-01,1,164,Term_Spread_10Y_3M:Z6,0.0027,False
2009-03-01,1,164,Term_Spread_10Y_3M:Z3,0.0634,False
2009-03-01,1,164,Term_Spread_10Y_3M:Z12,0.0067,False
2009-03-01,1,164,Term_Spread_10Y_3M:Z6_vel,0.1374,False
2009-03-01,1,164,Term_Spread_10Y_3M:Z6_acc,0.0458,False
2009-03-01,1,164,VIX_Close:Z6,0.0059,False
2009-03-01,1,164,VIX_Close:Z3,0.0013,False
2009-03-01,1,164,VIX_Close:Z12,0.009,False
2009-03-01,1,164,VIX_Close:Z6_vel,0.0064,False
2009-03-01,1,164,VIX_Close:Z6_acc,0.0009,False
2009-03-01,1,164,Natural_Gas_Close:Z6,0.0062,False
2009-03-01,1,164,Natural_Gas_Close:Z3,0.0325,False
2009-03-01,1,164,Natural_Gas_Close:Z12,0.0192,False
2009-03-01,1,164,Natural_Gas_Close:Z6_vel,0.013,False
2009-03-01,1,164,Natural_Gas_Close:Z6_acc,0.0026,False
2009-03-01,1,164,Platinum_Futures_Close:Z6,0.0408,False
2009-03-01,1,164,Platinum_Futures_Close:Z3,0.0053,False
2009-03-01,1,164,Platinum_Futures_Close:Z12,0.0047,False
2009-03-01,1,164,Platinum_Futures_Close:Z6_vel,0.1588,False
2009-03-01,1,164,Platinum_Futures_Close:Z6_acc,0.1079,False
2009-04-01,1,164,Dollar_Index:Z6,0.015,False
2009-04-01,1,164,Dollar_Index:Z3,0.0469,False
2009-04-01,1,164,Dollar_Index:Z12,0.0003,False
2009-04-01,1,164,Dollar_Index:Z6_vel,0.0508,False
2009-04-01,1,164,Dollar_Index:Z6_acc,0.0055,False
2009-04-01,1,164,GS10_Rate:Z6,0.0183,False
2009-04-01,1,164,GS10_Rate:Z3,0.0027,False
2009-04-01,1,164,GS10_Rate:Z12,0.0011,False
2009-04-01,1,164,GS10_Rate:Z6_vel,0.0042,False
2009-04-01,1,164,GS10_Rate:Z6_acc,0.0034,False
2009-04-01,1,164,Fed_Funds_Rate:Z6,0.0204,False
2009-04-01,1,164,Fed_Funds_Rate:Z3,0.1429,False
2009-04-01,1,164,Fed_Funds_Rate:Z12,0.0089,False
2009-04-01,1,164,Fed_Funds_Rate:Z6_vel,0.1239,False
2009-04-01,1,164,Fed_Funds_Rate:Z6_acc,0.0712,False
2009-04-01,1,164,US_2Y_Treasury:Z6,0.0222,False
2009-04-01,1,164,US_2Y_Treasury:Z3,0.0235,False
2009-04-01,1,164,US_2Y_Treasury:Z12,0.0061,False
2009-04-01,1,164,US_2Y_Treasury:Z6_vel,0.0956,False
2009-04-01,1,164,US_2Y_Treasury:Z6_acc,0.088,False
2009-04-01,1,164,WTI_Crude_Close:Z6,0.0051,False
2009-04-01,1,164,WTI_Crude_Close:Z3,0.0026,False
2009-04-01,1,164,WTI_Crude_Close:Z12,0.0061,False
2009-04-01,1,164,WTI_Crude_Close:Z6_vel,0.0365,False
2009-04-01,1,164,WTI_Crude_Close:Z6_acc,0.0139,False
2009-04-01,1,164,Gold_Close:Z6,0.047,False
2009-04-01,1,164,Gold_Close:Z3,0.1465,False
2009-04-01,1,164,Gold_Close:Z12,0.0207,False
2009-04-01,1,164,Gold_Close:Z6_vel,0.0495,False
2009-04-01,1,164,Gold_Close:Z6_acc,0.0013,False
2009-04-01,1,164,M2_Money:Z6,0.041,False
2009-04-01,1,164,M2_Money:Z3,0.0286,False
2009-04-01,1,164,M2_Money:Z12,0.0291,False
2009-04-01,1,164,M2_Money:Z6_vel,0.0724,False
2009-04-01,1,164,M2_Money:Z6_acc,0.0581,False
2009-04-01,1,164,Industrial_Production:Z6,0.0004,False
2009-04-01,1,164,Industrial_Production:Z3,0.0089,False
2009-04-01,1,164,Industrial_Production:Z12,0.0002,False
2009-04-01,1,164,Industrial_Production:Z6_vel,0.0294,False
2009-04-01,1,164,Industrial_Production:Z6_acc,0.0,False
2009-04-01,1,164,US_CPI:Z6,0.0277,False
2009-04-01,1,164,US_CPI:Z3,0.0483,False
2009-04-01,1,164,US_CPI:Z12,0.0721,False
2009-04-01,1,164,US_CPI:Z6_vel,0.0345,False
2009-04-01,1,164,US_CPI:Z6_acc,0.0392,False
2009-04-01,1,164,Term_Spread_10Y_2Y:Z6,0.0004,False
2009-04-01,1,164,Term_Spread_10Y_2Y:Z3,0.1004,False
2009-04-01,1,164,Term_Spread_10Y_2Y:Z12,0.0061,False
2009-04-01,1,164,Term_Spread_10Y_2Y:Z6_vel,0.1052,False
2009-04-01,1,164,Term_Spread_10Y_2Y:Z6_acc,0.1312,False
2009-04-01,1,164,Term_Spread_10Y_3M:Z6,0.0055,False
2009-04-01,1,164,Term_Spread_10Y_3M:Z3,0.0772,False
2009-04-01,1,164,Term_Spread_10Y_3M:Z12,0.0065,False
2009-04-01,1,164,Term_Spread_10Y_3M:Z6_vel,0.1433,False
2009-04-01,1,164,Term_Spread_10Y_3M:Z6_acc,0.0405,False
2009-04-01,1,164,VIX_Close:Z6,0.008,False
2009-04-01,1,164,VIX_Close:Z3,0.0008,False
2009-04-01,1,164,VIX_Close:Z12,0.0068,False
2009-04-01,1,164,VIX_Close:Z6_vel,0.0003,False
2009-04-01,1,164,VIX_Close:Z6_acc,0.0106,False
2009-04-01,1,164,Natural_Gas_Close:Z6,0.0024,False
2009-04-01,1,164,Natural_Gas_Close:Z3,0.0273,False
2009-04-01,1,164,Natural_Gas_Close:Z12,0.0153,False
2009-04-01,1,164,Natural_Gas_Close:Z6_vel,0.014,False
2009-04-01,1,164,Natural_Gas_Close:Z6_acc,0.0026,False
2009-04-01,1,164,Platinum_Futures_Close:Z6,0.0548,False
2009-04-01,1,164,Platinum_Futures_Close:Z3,0.006,False
2009-04-01,1,164,Platinum_Futures_Close:Z12,0.011,False
2009-04-01,1,164,Platinum_Futures_Close:Z6_vel,0.1521,False
2009-04-01,1,164,Platinum_Futures_Close:Z6_acc,0.1079,False
2009-05-01,13,122,Dollar_Index:Z6,0.0101,False
2009-05-01,13,122,Dollar_Index:Z3,0.0083,False
2009-05-01,13,122,Dollar_Index:Z12,0.006,False
2009-05-01,13,122,Dollar_Index:Z6_vel,0.0159,False
2009-05-01,13,122,Dollar_Index:Z6_acc,0.0,False
2009-05-01,13,122,GS10_Rate:Z6,0.0256,False
2009-05-01,13,122,GS10_Rate:Z3,0.0111,False
2009-05-01,13,122,GS10_Rate:Z12,0.0025,False
2009-05-01,13,122,GS10_Rate:Z6_vel,0.0259,False
2009-05-01,13,122,GS10_Rate:Z6_acc,0.0001,False
2009-05-01,13,122,Fed_Funds_Rate:Z6,0.0176,False
2009-05-01,13,122,Fed_Funds_Rate:Z3,0.0194,False
2009-05-01,13,122,Fed_Funds_Rate:Z12,0.0879,False
2009-05-01,13,122,Fed_Funds_Rate:Z6_vel,0.0246,False
2009-05-01,13,122,Fed_Funds_Rate:Z6_acc,0.0053,False
2009-05-01,13,122,US_2Y_Treasury:Z6,0.0593,False
2009-05-01,13,122,US_2Y_Treasury:Z3,0.0363,False
2009-05-01,13,122,US_2Y_Treasury:Z12,0.0721,False
2009-05-01,13,122,US_2Y_Treasury:Z6_vel,0.0345,False
2009-05-01,13,122,US_2Y_Treasury:Z6_acc,0.0015,False
2009-05-01,13,122,WTI_Crude_Close:Z6,0.0252,False
2009-05-01,13,122,WTI_Crude_Close:Z3,0.0596,False
2009-05-01,13,122,WTI_Crude_Close:Z12,0.4115,True
2009-05-01,13,122,WTI_Crude_Close:Z6_vel,0.0074,False
2009-05-01,13,122,WTI_Crude_Close:Z6_acc,0.0119,False
2009-05-01,13,122,Gold_Close:Z6,0.0048,False
2009-05-01,13,122,Gold_Close:Z3,0.0023,False
2009-05-01,13,122,Gold_Close:Z12,0.0247,False
2009-05-01,13,122,Gold_Close:Z6_vel,0.0029,False
2009-05-01,13,122,Gold_Close:Z6_acc,0.0009,False
2009-05-01,13,122,M2_Money:Z6,0.0035,False
2009-05-01,13,122,M2_Money:Z3,0.0104,False
2009-05-01,13,122,M2_Money:Z12,0.012,False
2009-05-01,13,122,M2_Money:Z6_vel,0.0095,False
2009-05-01,13,122,M2_Money:Z6_acc,0.0026,False
2009-05-01,13,122,Industrial_Production:Z6,0.0078,False
2009-05-01,13,122,Industrial_Production:Z3,0.0001,False
2009-05-01,13,122,Industrial_Production:Z12,0.0207,False
2009-05-01,13,122,Industrial_Production:Z6_vel,0.0001,False
2009-05-01,13,122,Industrial_Production:Z6_acc,0.0096,False
2009-05-01,13,122,US_CPI:Z6,0.05,False
2009-05-01,13,122,US_CPI:Z3,0.0847,False
2009-05-01,13,122,US_CPI:Z12,0.0902,False
2009-05-01,13,122,US_CPI:Z6_vel,0.006,False
2009-05-01,13,122,US_CPI:Z6_acc,0.0,False
2009-05-01,13,122,Term_Spread_10Y_2Y:Z6,0.0245,False
2009-05-01,13,122,Term_Spread_10Y_2Y:Z3,0.0474,False
2009-05-01,13,122,Term_Spread_10Y_2Y:Z12,0.1441,False
2009-05-01,13,122,Term_Spread_10Y_2Y:Z6_vel,0.04,False
2009-05-01,13,122,Term_Spread_10Y_2Y:Z6_acc,0.0012,False
2009-05-01,13,122,Term_Spread_10Y_3M:Z6,0.0168,False
2009-05-01,13,122,Term_Spread_10Y_3M:Z3,0.0189,False
2009-05-01,13,122,Term_Spread_10Y_3M:Z12,0.0208,False
2009-05-01,13,122,Term_Spread_10Y_3M:Z6_vel,0.0161,False
2009-05-01,13,122,Term_Spread_10Y_3M:Z6_acc,0.0249,False
2009-05-01,13,122,VIX_Close:Z6,0.0391,False
2009-05-01,13,122,VIX_Close:Z3,0.0001,False
2009-05-01,13,122,VIX_Close:Z12,0.3518,True
2009-05-01,13,122,VIX_Close:Z6_vel,0.2667,True
2009-05-01,13,122,VIX_Close:Z6_acc,0.0898,False
2009-06-01,13,122,Dollar_Index:Z6,0.0101,False
2009-06-01,13,122,Dollar_Index:Z3,0.0083,False
2009-06-01,13,122,Dollar_Index:Z12,0.006,False
2009-06-01,13,122,Dollar_Index:Z6_vel,0.0159,False
2009-06-01,13,122,Dollar_Index:Z6_acc,0.0,False
2009-06-01,13,122,GS10_Rate:Z6,0.0256,False
2009-06-01,13,122,GS10_Rate:Z3,0.0111,False
2009-06-01,13,122,GS10_Rate:Z12,0.0025,False
2009-06-01,13,122,GS10_Rate:Z6_vel,0.0259,False
2009-06-01,13,122,GS10_Rate:Z6_acc,0.0001,False
2009-06-01,13,122,Fed_Funds_Rate:Z6,0.0176,False
2009-06-01,13,122,Fed_Funds_Rate:Z3,0.0194,False
2009-06-01,13,122,Fed_Funds_Rate:Z12,0.0879,False
2009-06-01,13,122,Fed_Funds_Rate:Z6_vel,0.0246,False
2009-06-01,13,122,Fed_Funds_Rate:Z6_acc,0.0053,False
2009-06-01,13,122,US_2Y_Treasury:Z6,0.0593,False
2009-06-01,13,122,US_2Y_Treasury:Z3,0.0363,False
2009-06-01,13,122,US_2Y_Treasury:Z12,0.0721,False
2009-06-01,13,122,US_2Y_Treasury:Z6_vel,0.0345,False
2009-06-01,13,122,US_2Y_Treasury:Z6_acc,0.0015,False
2009-06-01,13,122,WTI_Crude_Close:Z6,0.0252,False
2009-06-01,13,122,WTI_Crude_Close:Z3,0.0596,False
2009-06-01,13,122,WTI_Crude_Close:Z12,0.4115,True
2009-06-01,13,122,WTI_Crude_Close:Z6_vel,0.0074,False
2009-06-01,13,122,WTI_Crude_Close:Z6_acc,0.0119,False
2009-06-01,13,122,Gold_Close:Z6,0.0048,False
2009-06-01,13,122,Gold_Close:Z3,0.0023,False
2009-06-01,13,122,Gold_Close:Z12,0.0247,False
2009-06-01,13,122,Gold_Close:Z6_vel,0.0029,False
2009-06-01,13,122,Gold_Close:Z6_acc,0.0009,False
2009-06-01,13,122,M2_Money:Z6,0.0035,False
2009-06-01,13,122,M2_Money:Z3,0.0104,False
2009-06-01,13,122,M2_Money:Z12,0.012,False
2009-06-01,13,122,M2_Money:Z6_vel,0.0095,False
2009-06-01,13,122,M2_Money:Z6_acc,0.0026,False
2009-06-01,13,122,Industrial_Production:Z6,0.0078,False
2009-06-01,13,122,Industrial_Production:Z3,0.0001,False
2009-06-01,13,122,Industrial_Production:Z12,0.0207,False
2009-06-01,13,122,Industrial_Production:Z6_vel,0.0001,False
2009-06-01,13,122,Industrial_Production:Z6_acc,0.0096,False
2009-06-01,13,122,US_CPI:Z6,0.05,False
2009-06-01,13,122,US_CPI:Z3,0.0847,False
2009-06-01,13,122,US_CPI:Z12,0.0902,False
2009-06-01,13,122,US_CPI:Z6_vel,0.006,False
2009-06-01,13,122,US_CPI:Z6_acc,0.0,False
2009-06-01,13,122,Term_Spread_10Y_2Y:Z6,0.0245,False
2009-06-01,13,122,Term_Spread_10Y_2Y:Z3,0.0474,False
2009-06-01,13,122,Term_Spread_10Y_2Y:Z12,0.1441,False
2009-06-01,13,122,Term_Spread_10Y_2Y:Z6_vel,0.04,False
2009-06-01,13,122,Term_Spread_10Y_2Y:Z6_acc,0.0012,False
2009-06-01,13,122,Term_Spread_10Y_3M:Z6,0.0168,False
2009-06-01,13,122,Term_Spread_10Y_3M:Z3,0.0189,False
2009-06-01,13,122,Term_Spread_10Y_3M:Z12,0.0208,False
2009-06-01,13,122,Term_Spread_10Y_3M:Z6_vel,0.0161,False
2009-06-01,13,122,Term_Spread_10Y_3M:Z6_acc,0.0249,False
2009-06-01,13,122,VIX_Close:Z6,0.0391,False
2009-06-01,13,122,VIX_Close:Z3,0.0001,False
2009-06-01,13,122,VIX_Close:Z12,0.3518,True
2009-06-01,13,122,VIX_Close:Z6_vel,0.2667,True
2009-06-01,13,122,VIX_Close:Z6_acc,0.0898,False
2010-02-01,24,11,GS10_Rate:Z6,0.1991,False
2010-02-01,24,11,GS10_Rate:Z3,0.4191,True
2010-02-01,24,11,GS10_Rate:Z12,0.0653,False
2010-02-01,24,11,GS10_Rate:Z6_vel,0.0773,False
2010-02-01,24,11,GS10_Rate:Z6_acc,0.0032,False
2011-05-01,17,29,GS10_Rate:Z6,0.0758,False
2011-05-01,17,29,GS10_Rate:Z3,0.06,False
2011-05-01,17,29,GS10_Rate:Z12,0.0156,False
2011-05-01,17,29,GS10_Rate:Z6_vel,0.0354,False
2011-05-01,17,29,GS10_Rate:Z6_acc,0.0046,False
2011-05-01,17,29,Industrial_Production:Z6,0.0053,False
2011-05-01,17,29,Industrial_Production:Z3,0.0138,False
2011-05-01,17,29,Industrial_Production:Z12,0.0303,False
2011-05-01,17,29,Industrial_Production:Z6_vel,0.0332,False
2011-05-01,17,29,Industrial_Production:Z6_acc,0.0006,False
2011-08-01,2,306,Dollar_Index:Z6,0.018,False
2011-08-01,2,306,Dollar_Index:Z3,0.0012,False
2011-08-01,2,306,Dollar_Index:Z12,0.0887,False
2011-08-01,2,306,Dollar_Index:Z6_vel,0.0002,False
2011-08-01,2,306,Dollar_Index:Z6_acc,0.0316,False
2011-08-01,2,306,GS10_Rate:Z6,0.0027,False
2011-08-01,2,306,GS10_Rate:Z3,0.0005,False
2011-08-01,2,306,GS10_Rate:Z12,0.0004,False
2011-08-01,2,306,GS10_Rate:Z6_vel,0.0063,False
2011-08-01,2,306,GS10_Rate:Z6_acc,0.006,False
2011-08-01,2,306,Fed_Funds_Rate:Z6,0.0035,False
2011-08-01,2,306,Fed_Funds_Rate:Z3,0.0243,False
2011-08-01,2,306,Fed_Funds_Rate:Z12,0.0342,False
2011-08-01,2,306,Fed_Funds_Rate:Z6_vel,0.0024,False
2011-08-01,2,306,Fed_Funds_Rate:Z6_acc,0.0025,False
2011-08-01,2,306,US_2Y_Treasury:Z6,0.0177,False
2011-08-01,2,306,US_2Y_Treasury:Z3,0.0324,False
2011-08-01,2,306,US_2Y_Treasury:Z12,0.0027,False
2011-08-01,2,306,US_2Y_Treasury:Z6_vel,0.0079,False
2011-08-01,2,306,US_2Y_Treasury:Z6_acc,0.027,False
2011-08-01,2,306,WTI_Crude_Close:Z6,0.0472,False
2011-08-01,2,306,WTI_Crude_Close:Z3,0.0604,False
2011-08-01,2,306,WTI_Crude_Close:Z12,0.0513,False
2011-08-01,2,306,WTI_Crude_Close:Z6_vel,0.0914,False
2011-08-01,2,306,WTI_Crude_Close:Z6_acc,0.0148,False
2011-08-01,2,306,Gold_Close:Z6,0.0016,False
2011-08-01,2,306,Gold_Close:Z3,0.0043,False
2011-08-01,2,306,Gold_Close:Z12,0.0001,False
2011-08-01,2,306,Gold_Close:Z6_vel,0.0066,False
2011-08-01,2,306,Gold_Close:Z6_acc,0.0009,False
2011-08-01,2,306,M2_Money:Z6,0.0065,False
2011-08-01,2,306,M2_Money:Z3,0.0104,False
2011-08-01,2,306,M2_Money:Z12,0.0281,False
2011-08-01,2,306,M2_Money:Z6_vel,0.0085,False
2011-08-01,2,306,M2_Money:Z6_acc,0.0,False
2011-08-01,2,306,Industrial_Production:Z6,0.0012,False
2011-08-01,2,306,Industrial_Production:Z3,0.0011,False
2011-08-01,2,306,Industrial_Production:Z12,0.0157,False
2011-08-01,2,306,Industrial_Production:Z6_vel,0.0007,False
2011-08-01,2,306,Industrial_Production:Z6_acc,0.0006,False
2011-08-01,2,306,US_CPI:Z6,0.0039,False
2011-08-01,2,306,US_CPI:Z3,0.0006,False
2011-08-01,2,306,US_CPI:Z12,0.0041,False
2011-08-01,2,306,US_CPI:Z6_vel,0.0342,False
2011-08-01,2,306,US_CPI:Z6_acc,0.0289,False
2011-08-01,2,306,Term_Spread_10Y_2Y:Z6,0.0276,False
2011-08-01,2,306,Term_Spread_10Y_2Y:Z3,0.0094,False
2011-08-01,2,306,Term_Spread_10Y_2Y:Z12,0.0064,False
2011-08-01,2,306,Term_Spread_10Y_2Y:Z6_vel,0.0001,False
2011-08-01,2,306,Term_Spread_10Y_2Y:Z6_acc,0.0087,False
2011-08-01,2,306,Term_Spread_10Y_3M:Z6,0.0836,False
2011-08-01,2,306,Term_Spread_10Y_3M:Z3,0.0712,False
2011-08-01,2,306,Term_Spread_10Y_3M:Z12,0.021,False
2011-08-01,2,306,Term_Spread_10Y_3M:Z6_vel,0.0226,False
2011-08-01,2,306,Term_Spread_10Y_3M:Z6_acc,0.0295,False
2011-08-01,2,306,VIX_Close:Z6,0.0964,False
2011-08-01,2,306,VIX_Close:Z3,0.011,False
2011-08-01,2,306,VIX_Close:Z12,0.0816,False
2011-08-01,2,306,VIX_Close:Z6_vel,0.0,False
2011-08-01,2,306,VIX_Close:Z6_acc,0.0104,False
2011-08-01,2,306,Natural_Gas_Close:Z6,0.0812,False
2011-08-01,2,306,Natural_Gas_Close:Z3,0.1329,False
2011-08-01,2,306,Natural_Gas_Close:Z12,0.0238,False
2011-08-01,2,306,Natural_Gas_Close:Z6_vel,0.0145,False
2011-08-01,2,306,Natural_Gas_Close:Z6_acc,0.0186,False
2011-08-01,2,306,Platinum_Futures_Close:Z6,0.1567,False
2011-08-01,2,306,Platinum_Futures_Close:Z6_vel,0.2582,True
2011-09-01,2,307,Dollar_Index:Z6,0.018,False
2011-09-01,2,307,Dollar_Index:Z3,0.0012,False
2011-09-01,2,307,Dollar_Index:Z12,0.0887,False
2011-09-01,2,307,Dollar_Index:Z6_vel,0.0002,False
2011-09-01,2,307,Dollar_Index:Z6_acc,0.0316,False
2011-09-01,2,307,GS10_Rate:Z6,0.0026,False
2011-09-01,2,307,GS10_Rate:Z3,0.0004,False
2011-09-01,2,307,GS10_Rate:Z12,0.0003,False
2011-09-01,2,307,GS10_Rate:Z6_vel,0.0064,False
2011-09-01,2,307,GS10_Rate:Z6_acc,0.006,False
2011-09-01,2,307,Fed_Funds_Rate:Z6,0.0035,False
2011-09-01,2,307,Fed_Funds_Rate:Z3,0.0243,False
2011-09-01,2,307,Fed_Funds_Rate:Z12,0.0342,False
2011-09-01,2,307,Fed_Funds_Rate:Z6_vel,0.0024,False
2011-09-01,2,307,Fed_Funds_Rate:Z6_acc,0.0025,False
2011-09-01,2,307,US_2Y_Treasury:Z6,0.0177,False
2011-09-01,2,307,US_2Y_Treasury:Z3,0.0324,False
2011-09-01,2,307,US_2Y_Treasury:Z12,0.0027,False
2011-09-01,2,307,US_2Y_Treasury:Z6_vel,0.0079,False
2011-09-01,2,307,US_2Y_Treasury:Z6_acc,0.027,False
2011-09-01,2,307,WTI_Crude_Close:Z6,0.0472,False
2011-09-01,2,307,WTI_Crude_Close:Z3,0.0604,False
2011-09-01,2,307,WTI_Crude_Close:Z12,0.0513,False
2011-09-01,2,307,WTI_Crude_Close:Z6_vel,0.0914,False
2011-09-01,2,307,WTI_Crude_Close:Z6_acc,0.0148,False
2011-09-01,2,307,Gold_Close:Z6,0.0016,False
2011-09-01,2,307,Gold_Close:Z3,0.0043,False
2011-09-01,2,307,Gold_Close:Z12,0.0001,False
2011-09-01,2,307,Gold_Close:Z6_vel,0.0066,False
2011-09-01,2,307,Gold_Close:Z6_acc,0.0009,False
2011-09-01,2,307,M2_Money:Z6,0.0065,False
2011-09-01,2,307,M2_Money:Z3,0.0104,False
2011-09-01,2,307,M2_Money:Z12,0.0281,False
2011-09-01,2,307,M2_Money:Z6_vel,0.0085,False
2011-09-01,2,307,M2_Money:Z6_acc,0.0,False
2011-09-01,2,307,Industrial_Production:Z6,0.0012,False
2011-09-01,2,307,Industrial_Production:Z3,0.0011,False
2011-09-01,2,307,Industrial_Production:Z12,0.0157,False
2011-09-01,2,307,Industrial_Production:Z6_vel,0.0007,False
2011-09-01,2,307,Industrial_Production:Z6_acc,0.0006,False
2011-09-01,2,307,US_CPI:Z6,0.0039,False
2011-09-01,2,307,US_CPI:Z3,0.0006,False
2011-09-01,2,307,US_CPI:Z12,0.0041,False
2011-09-01,2,307,US_CPI:Z6_vel,0.0342,False
2011-09-01,2,307,US_CPI:Z6_acc,0.0289,False
2011-09-01,2,307,Term_Spread_10Y_2Y:Z6,0.0276,False
2011-09-01,2,307,Term_Spread_10Y_2Y:Z3,0.0094,False
2011-09-01,2,307,Term_Spread_10Y_2Y:Z12,0.0064,False
2011-09-01,2,307,Term_Spread_10Y_2Y:Z6_vel,0.0001,False
2011-09-01,2,307,Term_Spread_10Y_2Y:Z6_acc,0.0087,False
2011-09-01,2,307,Term_Spread_10Y_3M:Z6,0.0836,False
2011-09-01,2,307,Term_Spread_10Y_3M:Z3,0.0712,False
2011-09-01,2,307,Term_Spread_10Y_3M:Z12,0.021,False
2011-09-01,2,307,Term_Spread_10Y_3M:Z6_vel,0.0226,False
2011-09-01,2,307,Term_Spread_10Y_3M:Z6_acc,0.0295,False
2011-09-01,2,307,VIX_Close:Z6,0.0964,False
2011-09-01,2,307,VIX_Close:Z3,0.011,False
2011-09-01,2,307,VIX_Close:Z12,0.0816,False
2011-09-01,2,307,VIX_Close:Z6_vel,0.0,False
2011-09-01,2,307,VIX_Close:Z6_acc,0.0104,False
2011-09-01,2,307,Natural_Gas_Close:Z6,0.0812,False
2011-09-01,2,307,Natural_Gas_Close:Z3,0.1329,False
2011-09-01,2,307,Natural_Gas_Close:Z12,0.0238,False
2011-09-01,2,307,Natural_Gas_Close:Z6_vel,0.0145,False
2011-09-01,2,307,Natural_Gas_Close:Z6_acc,0.0186,False
2011-09-01,2,307,Platinum_Futures_Close:Z6,0.1567,False
2011-09-01,2,307,Platinum_Futures_Close:Z6_vel,0.2582,True
2011-10-01,2,307,Dollar_Index:Z6,0.018,False
2011-10-01,2,307,Dollar_Index:Z3,0.0012,False
2011-10-01,2,307,Dollar_Index:Z12,0.0887,False
2011-10-01,2,307,Dollar_Index:Z6_vel,0.0002,False
2011-10-01,2,307,Dollar_Index:Z6_acc,0.0316,False
2011-10-01,2,307,GS10_Rate:Z6,0.0026,False
2011-10-01,2,307,GS10_Rate:Z3,0.0004,False
2011-10-01,2,307,GS10_Rate:Z12,0.0003,False
2011-10-01,2,307,GS10_Rate:Z6_vel,0.0064,False
2011-10-01,2,307,GS10_Rate:Z6_acc,0.006,False
2011-10-01,2,307,Fed_Funds_Rate:Z6,0.0035,False
2011-10-01,2,307,Fed_Funds_Rate:Z3,0.0243,False
2011-10-01,2,307,Fed_Funds_Rate:Z12,0.0342,False
2011-10-01,2,307,Fed_Funds_Rate:Z6_vel,0.0024,False
2011-10-01,2,307,Fed_Funds_Rate:Z6_acc,0.0025,False
2011-10-01,2,307,US_2Y_Treasury:Z6,0.0177,False
2011-10-01,2,307,US_2Y_Treasury:Z3,0.0324,False
2011-10-01,2,307,US_2Y_Treasury:Z12,0.0027,False
2011-10-01,2,307,US_2Y_Treasury:Z6_vel,0.0079,False
2011-10-01,2,307,US_2Y_Treasury:Z6_acc,0.027,False
2011-10-01,2,307,WTI_Crude_Close:Z6,0.0472,False
2011-10-01,2,307,WTI_Crude_Close:Z3,0.0604,False
2011-10-01,2,307,WTI_Crude_Close:Z12,0.0513,False
2011-10-01,2,307,WTI_Crude_Close:Z6_vel,0.0914,False
2011-10-01,2,307,WTI_Crude_Close:Z6_acc,0.0148,False
2011-10-01,2,307,Gold_Close:Z6,0.0016,False
2011-10-01,2,307,Gold_Close:Z3,0.0043,False
2011-10-01,2,307,Gold_Close:Z12,0.0001,False
2011-10-01,2,307,Gold_Close:Z6_vel,0.0066,False
2011-10-01,2,307,Gold_Close:Z6_acc,0.0009,False
2011-10-01,2,307,M2_Money:Z6,0.0065,False
2011-10-01,2,307,M2_Money:Z3,0.0104,False
2011-10-01,2,307,M2_Money:Z12,0.0281,False
2011-10-01,2,307,M2_Money:Z6_vel,0.0085,False
2011-10-01,2,307,M2_Money:Z6_acc,0.0,False
2011-10-01,2,307,Industrial_Production:Z6,0.0012,False
2011-10-01,2,307,Industrial_Production:Z3,0.0011,False
2011-10-01,2,307,Industrial_Production:Z12,0.0157,False
2011-10-01,2,307,Industrial_Production:Z6_vel,0.0007,False
2011-10-01,2,307,Industrial_Production:Z6_acc,0.0006,False
2011-10-01,2,307,US_CPI:Z6,0.0039,False
2011-10-01,2,307,US_CPI:Z3,0.0006,False
2011-10-01,2,307,US_CPI:Z12,0.0041,False
2011-10-01,2,307,US_CPI:Z6_vel,0.0342,False
2011-10-01,2,307,US_CPI:Z6_acc,0.0289,False
2011-10-01,2,307,Term_Spread_10Y_2Y:Z6,0.0276,False
2011-10-01,2,307,Term_Spread_10Y_2Y:Z3,0.0094,False
2011-10-01,2,307,Term_Spread_10Y_2Y:Z12,0.0064,False
2011-10-01,2,307,Term_Spread_10Y_2Y:Z6_vel,0.0001,False
2011-10-01,2,307,Term_Spread_10Y_2Y:Z6_acc,0.0087,False
2011-10-01,2,307,Term_Spread_10Y_3M:Z6,0.0836,False
2011-10-01,2,307,Term_Spread_10Y_3M:Z3,0.0712,False
2011-10-01,2,307,Term_Spread_10Y_3M:Z12,0.021,False
2011-10-01,2,307,Term_Spread_10Y_3M:Z6_vel,0.0226,False
2011-10-01,2,307,Term_Spread_10Y_3M:Z6_acc,0.0295,False
2011-10-01,2,307,VIX_Close:Z6,0.0964,False
2011-10-01,2,307,VIX_Close:Z3,0.011,False
2011-10-01,2,307,VIX_Close:Z12,0.0816,False
2011-10-01,2,307,VIX_Close:Z6_vel,0.0,False
2011-10-01,2,307,VIX_Close:Z6_acc,0.0104,False
2011-10-01,2,307,Natural_Gas_Close:Z6,0.0812,False
2011-10-01,2,307,Natural_Gas_Close:Z3,0.1329,False
2011-10-01,2,307,Natural_Gas_Close:Z12,0.0238,False
2011-10-01,2,307,Natural_Gas_Close:Z6_vel,0.0145,False
2011-10-01,2,307,Natural_Gas_Close:Z6_acc,0.0186,False
2011-10-01,2,307,Platinum_Futures_Close:Z6,0.1567,False
2011-10-01,2,307,Platinum_Futures_Close:Z6_vel,0.2582,True
2011-11-01,2,307,Dollar_Index:Z6,0.0197,False
2011-11-01,2,307,Dollar_Index:Z3,0.0009,False
2011-11-01,2,307,Dollar_Index:Z12,0.0947,False
2011-11-01,2,307,Dollar_Index:Z6_vel,0.0001,False
2011-11-01,2,307,Dollar_Index:Z6_acc,0.0322,False
2011-11-01,2,307,GS10_Rate:Z6,0.0036,False
2011-11-01,2,307,GS10_Rate:Z3,0.0008,False
2011-11-01,2,307,GS10_Rate:Z12,0.0005,False
2011-11-01,2,307,GS10_Rate:Z6_vel,0.0076,False
2011-11-01,2,307,GS10_Rate:Z6_acc,0.007,False
2011-11-01,2,307,Fed_Funds_Rate:Z6,0.0036,False
2011-11-01,2,307,Fed_Funds_Rate:Z3,0.0242,False
2011-11-01,2,307,Fed_Funds_Rate:Z12,0.0349,False
2011-11-01,2,307,Fed_Funds_Rate:Z6_vel,0.0022,False
2011-11-01,2,307,Fed_Funds_Rate:Z6_acc,0.0024,False
2011-11-01,2,307,US_2Y_Treasury:Z6,0.0154,False
2011-11-01,2,307,US_2Y_Treasury:Z3,0.03,False
2011-11-01,2,307,US_2Y_Treasury:Z12,0.0019,False
2011-11-01,2,307,US_2Y_Treasury:Z6_vel,0.0083,False
2011-11-01,2,307,US_2Y_Treasury:Z6_acc,0.0274,False
2011-11-01,2,307,WTI_Crude_Close:Z6,0.0395,False
2011-11-01,2,307,WTI_Crude_Close:Z3,0.0456,False
2011-11-01,2,307,WTI_Crude_Close:Z12,0.049,False
2011-11-01,2,307,WTI_Crude_Close:Z6_vel,0.0863,False
2011-11-01,2,307,WTI_Crude_Close:Z6_acc,0.0192,False
2011-11-01,2,307,Gold_Close:Z6,0.0021,False
2011-11-01,2,307,Gold_Close:Z3,0.0043,False
2011-11-01,2,307,Gold_Close:Z12,0.0,False
2011-11-01,2,307,Gold_Close:Z6_vel,0.0087,False
2011-11-01,2,307,Gold_Close:Z6_acc,0.0022,False
2011-11-01,2,307,M2_Money:Z6,0.0058,False
2011-11-01,2,307,M2_Money:Z3,0.0087,False
2011-11-01,2,307,M2_Money:Z12,0.029,False
2011-11-01,2,307,M2_Money:Z6_vel,0.0106,False
2011-11-01,2,307,M2_Money:Z6_acc,0.0,False
2011-11-01,2,307,Industrial_Production:Z6,0.0011,False
2011-11-01,2,307,Industrial_Production:Z3,0.0011,False
2011-11-01,2,307,Industrial_Production:Z12,0.0161,False
2011-11-01,2,307,Industrial_Production:Z6_vel,0.0007,False
2011-11-01,2,307,Industrial_Production:Z6_acc,0.0006,False
2011-11-01,2,307,US_CPI:Z6,0.0043,False
2011-11-01,2,307,US_CPI:Z3,0.0009,False
2011-11-01,2,307,US_CPI:Z12,0.0046,False
2011-11-01,2,307,US_CPI:Z6_vel,0.0305,False
2011-11-01,2,307,US_CPI:Z6_acc,0.0265,False
2011-11-01,2,307,Term_Spread_10Y_2Y:Z6,0.0306,False
2011-11-01,2,307,Term_Spread_10Y_2Y:Z3,0.0109,False
2011-11-01,2,307,Term_Spread_10Y_2Y:Z12,0.0063,False
2011-11-01,2,307,Term_Spread_10Y_2Y:Z6_vel,0.0007,False
2011-11-01,2,307,Term_Spread_10Y_2Y:Z6_acc,0.0066,False
2011-11-01,2,307,Term_Spread_10Y_3M:Z6,0.0707,False
2011-11-01,2,307,Term_Spread_10Y_3M:Z3,0.0581,False
2011-11-01,2,307,Term_Spread_10Y_3M:Z12,0.0161,False
2011-11-01,2,307,Term_Spread_10Y_3M:Z6_vel,0.0166,False
2011-11-01,2,307,Term_Spread_10Y_3M:Z6_acc,0.0382,False
2011-11-01,2,307,VIX_Close:Z6,0.0945,False
2011-11-01,2,307,VIX_Close:Z3,0.015,False
2011-11-01,2,307,VIX_Close:Z12,0.058,False
2011-11-01,2,307,VIX_Close:Z6_vel,0.0018,False
2011-11-01,2,307,VIX_Close:Z6_acc,0.0042,False
2011-11-01,2,307,Natural_Gas_Close:Z6,0.1192,False
2011-11-01,2,307,Natural_Gas_Close:Z3,0.1809,False
2011-11-01,2,307,Natural_Gas_Close:Z12,0.0426,False
2011-11-01,2,307,Natural_Gas_Close:Z6_vel,0.0106,False
2011-11-01,2,307,Natural_Gas_Close:Z6_acc,0.0221,False
2011-11-01,2,307,Platinum_Futures_Close:Z6,0.202,True
2011-11-01,2,307,Platinum_Futures_Close:Z3,0.03,False
2011-11-01,2,307,Platinum_Futures_Close:Z6_vel,0.2618,True
2013-01-01,17,30,GS10_Rate:Z6,0.101,False
2013-01-01,17,30,GS10_Rate:Z3,0.0301,False
2013-01-01,17,30,GS10_Rate:Z12,0.0108,False
2013-01-01,17,30,GS10_Rate:Z6_vel,0.0075,False
2013-01-01,17,30,GS10_Rate:Z6_acc,0.0337,False
2013-01-01,17,30,Fed_Funds_Rate:Z6,0.1291,False
2013-01-01,17,30,Fed_Funds_Rate:Z3,0.0931,False
2013-01-01,17,30,Fed_Funds_Rate:Z12,0.1116,False
2013-01-01,17,30,Fed_Funds_Rate:Z6_vel,0.0486,False
2013-01-01,17,30,Fed_Funds_Rate:Z6_acc,0.1011,False
2013-01-01,17,30,Industrial_Production:Z6,0.0089,False
2013-01-01,17,30,Industrial_Production:Z3,0.0193,False
2013-01-01,17,30,Industrial_Production:Z12,0.0253,False
2013-01-01,17,30,Industrial_Production:Z6_vel,0.0134,False
2013-01-01,17,30,Industrial_Production:Z6_acc,0.0152,False
2013-01-01,17,30,US_CPI:Z6,0.0889,False
2013-01-01,17,30,US_CPI:Z3,0.1753,False
2013-01-01,17,30,US_CPI:Z12,0.0334,False
2013-01-01,17,30,US_CPI:Z6_vel,0.008,False
2013-01-01,17,30,US_CPI:Z6_acc,0.0476,False
2013-04-01,17,31,GS10_Rate:Z6,0.0831,False
2013-04-01,17,31,GS10_Rate:Z3,0.0264,False
2013-04-01,17,31,GS10_Rate:Z12,0.0103,False
2013-04-01,17,31,GS10_Rate:Z6_vel,0.0042,False
2013-04-01,17,31,GS10_Rate:Z6_acc,0.0349,False
2013-04-01,17,31,Fed_Funds_Rate:Z6,0.1245,False
2013-04-01,17,31,Fed_Funds_Rate:Z3,0.0915,False
2013-04-01,17,31,Fed_Funds_Rate:Z12,0.1097,False
2013-04-01,17,31,Fed_Funds_Rate:Z6_vel,0.0459,False
2013-04-01,17,31,Fed_Funds_Rate:Z6_acc,0.0992,False
2013-04-01,17,31,Industrial_Production:Z6,0.0052,False
2013-04-01,17,31,Industrial_Production:Z3,0.0175,False
2013-04-01,17,31,Industrial_Production:Z12,0.029,False
2013-04-01,17,31,Industrial_Production:Z6_vel,0.0143,False
2013-04-01,17,31,Industrial_Production:Z6_acc,0.0121,False
2013-04-01,17,31,US_CPI:Z6,0.087,False
2013-04-01,17,31,US_CPI:Z3,0.1705,False
2013-04-01,17,31,US_CPI:Z12,0.035,False
2013-04-01,17,31,US_CPI:Z6_vel,0.0095,False
2013-04-01,17,31,US_CPI:Z6_acc,0.0492,False
2013-08-01,17,31,GS10_Rate:Z6,0.084,False
2013-08-01,17,31,GS10_Rate:Z3,0.0281,False
2013-08-01,17,31,GS10_Rate:Z12,0.0147,False
2013-08-01,17,31,GS10_Rate:Z6_vel,0.0059,False
2013-08-01,17,31,GS10_Rate:Z6_acc,0.0299,False
2013-08-01,17,31,Fed_Funds_Rate:Z6,0.1286,False
2013-08-01,17,31,Fed_Funds_Rate:Z3,0.095,False
2013-08-01,17,31,Fed_Funds_Rate:Z12,0.1191,False
2013-08-01,17,31,Fed_Funds_Rate:Z6_vel,0.0563,False
2013-08-01,17,31,Fed_Funds_Rate:Z6_acc,0.1037,False
2013-08-01,17,31,Industrial_Production:Z6,0.0019,False
2013-08-01,17,31,Industrial_Production:Z3,0.0088,False
2013-08-01,17,31,Industrial_Production:Z12,0.0399,False
2013-08-01,17,31,Industrial_Production:Z6_vel,0.014,False
2013-08-01,17,31,Industrial_Production:Z6_acc,0.0207,False
2013-08-01,17,31,US_CPI:Z6,0.0739,False
2013-08-01,17,31,US_CPI:Z3,0.1461,False
2013-08-01,17,31,US_CPI:Z12,0.0323,False
2013-08-01,17,31,US_CPI:Z6_vel,0.0101,False
2013-08-01,17,31,US_CPI:Z6_acc,0.0514,False
2013-09-01,17,30,GS10_Rate:Z6,0.0922,False
2013-09-01,17,30,GS10_Rate:Z3,0.0317,False
2013-09-01,17,30,GS10_Rate:Z12,0.0144,False
2013-09-01,17,30,GS10_Rate:Z6_vel,0.0064,False
2013-09-01,17,30,GS10_Rate:Z6_acc,0.0352,False
2013-09-01,17,30,Fed_Funds_Rate:Z6,0.1286,False
2013-09-01,17,30,Fed_Funds_Rate:Z3,0.095,False
2013-09-01,17,30,Fed_Funds_Rate:Z12,0.1191,False
2013-09-01,17,30,Fed_Funds_Rate:Z6_vel,0.0563,False
2013-09-01,17,30,Fed_Funds_Rate:Z6_acc,0.1037,False
2013-09-01,17,30,Industrial_Production:Z6,0.0007,False
2013-09-01,17,30,Industrial_Production:Z3,0.0004,False
2013-09-01,17,30,Industrial_Production:Z12,0.015,False
2013-09-01,17,30,Industrial_Production:Z6_vel,0.0002,False
2013-09-01,17,30,Industrial_Production:Z6_acc,0.0376,False
2013-09-01,17,30,US_CPI:Z6,0.0739,False
2013-09-01,17,30,US_CPI:Z3,0.1461,False
2013-09-01,17,30,US_CPI:Z12,0.0323,False
2013-09-01,17,30,US_CPI:Z6_vel,0.0101,False
2013-09-01,17,30,US_CPI:Z6_acc,0.0514,False
2013-10-01,17,30,GS10_Rate:Z6,0.0922,False
2013-10-01,17,30,GS10_Rate:Z3,0.0317,False
2013-10-01,17,30,GS10_Rate:Z12,0.0144,False
2013-10-01,17,30,GS10_Rate:Z6_vel,0.0064,False
2013-10-01,17,30,GS10_Rate:Z6_acc,0.0352,False
2013-10-01,17,30,Fed_Funds_Rate:Z6,0.1286,False
2013-10-01,17,30,Fed_Funds_Rate:Z3,0.095,False
2013-10-01,17,30,Fed_Funds_Rate:Z12,0.1191,False
2013-10-01,17,30,Fed_Funds_Rate:Z6_vel,0.0563,False
2013-10-01,17,30,Fed_Funds_Rate:Z6_acc,0.1037,False
2013-10-01,17,30,Industrial_Production:Z6,0.0007,False
2013-10-01,17,30,Industrial_Production:Z3,0.0004,False
2013-10-01,17,30,Industrial_Production:Z12,0.015,False
2013-10-01,17,30,Industrial_Production:Z6_vel,0.0002,False
2013-10-01,17,30,Industrial_Production:Z6_acc,0.0376,False
2013-10-01,17,30,US_CPI:Z6,0.0739,False
2013-10-01,17,30,US_CPI:Z3,0.1461,False
2013-10-01,17,30,US_CPI:Z12,0.0323,False
2013-10-01,17,30,US_CPI:Z6_vel,0.0101,False
2013-10-01,17,30,US_CPI:Z6_acc,0.0514,False
2013-11-01,17,31,GS10_Rate:Z6,0.0628,False
2013-11-01,17,31,GS10_Rate:Z3,0.0158,False
2013-11-01,17,31,GS10_Rate:Z12,0.0048,False
2013-11-01,17,31,GS10_Rate:Z6_vel,0.0054,False
2013-11-01,17,31,GS10_Rate:Z6_acc,0.0357,False
2013-11-01,17,31,Fed_Funds_Rate:Z6,0.1257,False
2013-11-01,17,31,Fed_Funds_Rate:Z3,0.0939,False
2013-11-01,17,31,Fed_Funds_Rate:Z12,0.1187,False
2013-11-01,17,31,Fed_Funds_Rate:Z6_vel,0.0532,False
2013-11-01,17,31,Fed_Funds_Rate:Z6_acc,0.1036,False
2013-11-01,17,31,Industrial_Production:Z6,0.0013,False
2013-11-01,17,31,Industrial_Production:Z3,0.0014,False
2013-11-01,17,31,Industrial_Production:Z12,0.0178,False
2013-11-01,17,31,Industrial_Production:Z6_vel,0.0003,False
2013-11-01,17,31,Industrial_Production:Z6_acc,0.0352,False
2013-11-01,17,31,US_CPI:Z6,0.0823,False
2013-11-01,17,31,US_CPI:Z3,0.1577,False
2013-11-01,17,31,US_CPI:Z12,0.0343,False
2013-11-01,17,31,US_CPI:Z6_vel,0.0155,False
2013-11-01,17,31,US_CPI:Z6_acc,0.0561,False
2014-01-01,17,33,GS10_Rate:Z6,0.0254,False
2014-01-01,17,33,GS10_Rate:Z3,0.0099,False
2014-01-01,17,33,GS10_Rate:Z12,0.0,False
2014-01-01,17,33,GS10_Rate:Z6_vel,0.0043,False
2014-01-01,17,33,GS10_Rate:Z6_acc,0.0347,False
2014-01-01,17,33,Fed_Funds_Rate:Z6,0.1203,False
2014-01-01,17,33,Fed_Funds_Rate:Z3,0.0899,False
2014-01-01,17,33,Fed_Funds_Rate:Z12,0.1184,False
2014-01-01,17,33,Fed_Funds_Rate:Z6_vel,0.0447,False
2014-01-01,17,33,Fed_Funds_Rate:Z6_acc,0.0948,False
2014-01-01,17,33,Industrial_Production:Z6,0.0034,False
2014-01-01,17,33,Industrial_Production:Z3,0.0041,False
2014-01-01,17,33,Industrial_Production:Z12,0.023,False
2014-01-01,17,33,Industrial_Production:Z6_vel,0.0006,False
2014-01-01,17,33,Industrial_Production:Z6_acc,0.0342,False
2014-01-01,17,33,US_CPI:Z6,0.0994,False
2014-01-01,17,33,US_CPI:Z3,0.1513,False
2014-01-01,17,33,US_CPI:Z12,0.038,False
2014-01-01,17,33,US_CPI:Z6_vel,0.0099,False
2014-01-01,17,33,US_CPI:Z6_acc,0.0441,False
2014-02-01,17,34,GS10_Rate:Z6,0.0162,False
2014-02-01,17,34,GS10_Rate:Z3,0.0103,False
2014-02-01,17,34,GS10_Rate:Z12,0.0009,False
2014-02-01,17,34,GS10_Rate:Z6_vel,0.0048,False
2014-02-01,17,34,GS10_Rate:Z6_acc,0.0333,False
2014-02-01,17,34,Fed_Funds_Rate:Z6,0.1174,False
2014-02-01,17,34,Fed_Funds_Rate:Z3,0.088,False
2014-02-01,17,34,Fed_Funds_Rate:Z12,0.1185,False
2014-02-01,17,34,Fed_Funds_Rate:Z6_vel,0.0396,False
2014-02-01,17,34,Fed_Funds_Rate:Z6_acc,0.0896,False
2014-02-01,17,34,Industrial_Production:Z6,0.0044,False
2014-02-01,17,34,Industrial_Production:Z3,0.004,False
2014-02-01,17,34,Industrial_Production:Z12,0.024,False
2014-02-01,17,34,Industrial_Production:Z6_vel,0.0005,False
2014-02-01,17,34,Industrial_Production:Z6_acc,0.0347,False
2014-02-01,17,34,US_CPI:Z6,0.1056,False
2014-02-01,17,34,US_CPI:Z3,0.1527,False
2014-02-01,17,34,US_CPI:Z12,0.0425,False
2014-02-01,17,34,US_CPI:Z6_vel,0.0151,False
2014-02-01,17,34,US_CPI:Z6_acc,0.0541,False
2014-03-01,17,34,GS10_Rate:Z6,0.0162,False
2014-03-01,17,34,GS10_Rate:Z3,0.0103,False
2014-03-01,17,34,GS10_Rate:Z12,0.0009,False
2014-03-01,17,34,GS10_Rate:Z6_vel,0.0048,False
2014-03-01,17,34,GS10_Rate:Z6_acc,0.0333,False
2014-03-01,17,34,Fed_Funds_Rate:Z6,0.1174,False
2014-03-01,17,34,Fed_Funds_Rate:Z3,0.088,False
2014-03-01,17,34,Fed_Funds_Rate:Z12,0.1185,False
2014-03-01,17,34,Fed_Funds_Rate:Z6_vel,0.0396,False
2014-03-01,17,34,Fed_Funds_Rate:Z6_acc,0.0896,False
2014-03-01,17,34,Industrial_Production:Z6,0.0044,False
2014-03-01,17,34,Industrial_Production:Z3,0.004,False
2014-03-01,17,34,Industrial_Production:Z12,0.024,False
2014-03-01,17,34,Industrial_Production:Z6_vel,0.0005,False
2014-03-01,17,34,Industrial_Production:Z6_acc,0.0347,False
2014-03-01,17,34,US_CPI:Z6,0.1056,False
2014-03-01,17,34,US_CPI:Z3,0.1527,False
2014-03-01,17,34,US_CPI:Z12,0.0425,False
2014-03-01,17,34,US_CPI:Z6_vel,0.0151,False
2014-03-01,17,34,US_CPI:Z6_acc,0.0541,False
2014-11-01,17,37,GS10_Rate:Z6,0.0157,False
2014-11-01,17,37,GS10_Rate:Z3,0.0102,False
2014-11-01,17,37,GS10_Rate:Z12,0.0067,False
2014-11-01,17,37,GS10_Rate:Z6_vel,0.0098,False
2014-11-01,17,37,GS10_Rate:Z6_acc,0.0362,False
2014-11-01,17,37,Fed_Funds_Rate:Z6,0.109,False
2014-11-01,17,37,Fed_Funds_Rate:Z3,0.0848,False
2014-11-01,17,37,Fed_Funds_Rate:Z12,0.1183,False
2014-11-01,17,37,Fed_Funds_Rate:Z6_vel,0.0328,False
2014-11-01,17,37,Fed_Funds_Rate:Z6_acc,0.0843,False
2014-11-01,17,37,Industrial_Production:Z6,0.0069,False
2014-11-01,17,37,Industrial_Production:Z3,0.0073,False
2014-11-01,17,37,Industrial_Production:Z12,0.0294,False
2014-11-01,17,37,Industrial_Production:Z6_vel,0.0004,False
2014-11-01,17,37,Industrial_Production:Z6_acc,0.0361,False
2014-11-01,17,37,US_CPI:Z6,0.1042,False
2014-11-01,17,37,US_CPI:Z3,0.1513,False
2014-11-01,17,37,US_CPI:Z12,0.0502,False
2014-11-01,17,37,US_CPI:Z6_vel,0.0195,False
2014-11-01,17,37,US_CPI:Z6_acc,0.0547,False
2015-04-01,17,38,GS10_Rate:Z6,0.0176,False
2015-04-01,17,38,GS10_Rate:Z3,0.0111,False
2015-04-01,17,38,GS10_Rate:Z12,0.0049,False
2015-04-01,17,38,GS10_Rate:Z6_vel,0.0078,False
2015-04-01,17,38,GS10_Rate:Z6_acc,0.0422,False
2015-04-01,17,38,Fed_Funds_Rate:Z6,0.1065,False
2015-04-01,17,38,Fed_Funds_Rate:Z3,0.0835,False
2015-04-01,17,38,Fed_Funds_Rate:Z12,0.1174,False
2015-04-01,17,38,Fed_Funds_Rate:Z6_vel,0.031,False
2015-04-01,17,38,Fed_Funds_Rate:Z6_acc,0.0818,False
2015-04-01,17,38,Industrial_Production:Z6,0.0076,False
2015-04-01,17,38,Industrial_Production:Z3,0.0086,False
2015-04-01,17,38,Industrial_Production:Z12,0.0301,False
2015-04-01,17,38,Industrial_Production:Z6_vel,0.0012,False
2015-04-01,17,38,Industrial_Production:Z6_acc,0.0342,False
2015-04-01,17,38,US_CPI:Z6,0.1085,False
2015-04-01,17,38,US_CPI:Z3,0.1576,False
2015-04-01,17,38,US_CPI:Z12,0.0514,False
2015-04-01,17,38,US_CPI:Z6_vel,0.0159,False
2015-04-01,17,38,US_CPI:Z6_acc,0.055,False
2015-09-01,2,315,Dollar_Index:Z6,0.0089,False
2015-09-01,2,315,Dollar_Index:Z3,0.0019,False
2015-09-01,2,315,Dollar_Index:Z12,0.0934,False
2015-09-01,2,315,Dollar_Index:Z6_vel,0.0026,False
2015-09-01,2,315,Dollar_Index:Z6_acc,0.0289,False
2015-09-01,2,315,GS10_Rate:Z6,0.0072,False
2015-09-01,2,315,GS10_Rate:Z3,0.0017,False
2015-09-01,2,315,GS10_Rate:Z12,0.0015,False
2015-09-01,2,315,GS10_Rate:Z6_vel,0.007,False
2015-09-01,2,315,GS10_Rate:Z6_acc,0.005,False
2015-09-01,2,315,Fed_Funds_Rate:Z6,0.004,False
2015-09-01,2,315,Fed_Funds_Rate:Z3,0.023,False
2015-09-01,2,315,Fed_Funds_Rate:Z12,0.0372,False
2015-09-01,2,315,Fed_Funds_Rate:Z6_vel,0.0017,False
2015-09-01,2,315,Fed_Funds_Rate:Z6_acc,0.002,False
2015-09-01,2,315,US_2Y_Treasury:Z6,0.0122,False
2015-09-01,2,315,US_2Y_Treasury:Z3,0.0325,False
2015-09-01,2,315,US_2Y_Treasury:Z12,0.0005,False
2015-09-01,2,315,US_2Y_Treasury:Z6_vel,0.006,False
2015-09-01,2,315,US_2Y_Treasury:Z6_acc,0.0223,False
2015-09-01,2,315,WTI_Crude_Close:Z6,0.0121,False
2015-09-01,2,315,WTI_Crude_Close:Z3,0.0295,False
2015-09-01,2,315,WTI_Crude_Close:Z12,0.0452,False
2015-09-01,2,315,WTI_Crude_Close:Z6_vel,0.0336,False
2015-09-01,2,315,WTI_Crude_Close:Z6_acc,0.0057,False
2015-09-01,2,315,Gold_Close:Z6,0.0028,False
2015-09-01,2,315,Gold_Close:Z3,0.0058,False
2015-09-01,2,315,Gold_Close:Z12,0.0,False
2015-09-01,2,315,Gold_Close:Z6_vel,0.007,False
2015-09-01,2,315,Gold_Close:Z6_acc,0.0014,False
2015-09-01,2,315,M2_Money:Z6,0.0004,False
2015-09-01,2,315,M2_Money:Z3,0.0,False
2015-09-01,2,315,M2_Money:Z12,0.0233,False
2015-09-01,2,315,M2_Money:Z6_vel,0.0239,False
2015-09-01,2,315,M2_Money:Z6_acc,0.0001,False
2015-09-01,2,315,Industrial_Production:Z6,0.0007,False
2015-09-01,2,315,Industrial_Production:Z3,0.0025,False
2015-09-01,2,315,Industrial_Production:Z12,0.0141,False
2015-09-01,2,315,Industrial_Production:Z6_vel,0.0002,False
2015-09-01,2,315,Industrial_Production:Z6_acc,0.0024,False
2015-09-01,2,315,US_CPI:Z6,0.007,False
2015-09-01,2,315,US_CPI:Z3,0.0028,False
2015-09-01,2,315,US_CPI:Z12,0.0081,False
2015-09-01,2,315,US_CPI:Z6_vel,0.0304,False
2015-09-01,2,315,US_CPI:Z6_acc,0.0263,False
2015-09-01,2,315,Term_Spread_10Y_2Y:Z6,0.0546,False
2015-09-01,2,315,Term_Spread_10Y_2Y:Z3,0.0262,False
2015-09-01,2,315,Term_Spread_10Y_2Y:Z12,0.0106,False
2015-09-01,2,315,Term_Spread_10Y_2Y:Z6_vel,0.0017,False
2015-09-01,2,315,Term_Spread_10Y_2Y:Z6_acc,0.0081,False
2015-09-01,2,315,Term_Spread_10Y_3M:Z6,0.0227,False
2015-09-01,2,315,Term_Spread_10Y_3M:Z3,0.0234,False
2015-09-01,2,315,Term_Spread_10Y_3M:Z12,0.0024,False
2015-09-01,2,315,Term_Spread_10Y_3M:Z6_vel,0.0126,False
2015-09-01,2,315,Term_Spread_10Y_3M:Z6_acc,0.0205,False
2015-09-01,2,315,VIX_Close:Z6,0.109,False
2015-09-01,2,315,VIX_Close:Z3,0.0387,False
2015-09-01,2,315,VIX_Close:Z12,0.0712,False
2015-09-01,2,315,VIX_Close:Z6_vel,0.0016,False
2015-09-01,2,315,VIX_Close:Z6_acc,0.0141,False
2015-09-01,2,315,Natural_Gas_Close:Z6,0.2425,True
2015-09-01,2,315,Natural_Gas_Close:Z3,0.285,True
2015-09-01,2,315,Natural_Gas_Close:Z12,0.0877,False
2015-09-01,2,315,Natural_Gas_Close:Z6_vel,0.0106,False
2015-09-01,2,315,Natural_Gas_Close:Z6_acc,0.0001,False
2015-09-01,2,315,Platinum_Futures_Close:Z6,0.3371,True
2015-09-01,2,315,Platinum_Futures_Close:Z3,0.2015,True
2015-09-01,2,315,Platinum_Futures_Close:Z12,0.0554,False
2015-09-01,2,315,Platinum_Futures_Close:Z6_vel,0.0994,False
2015-09-01,2,315,Platinum_Futures_Close:Z6_acc,0.1685,False
2016-01-01,2,315,Dollar_Index:Z6,0.0082,False
2016-01-01,2,315,Dollar_Index:Z3,0.0019,False
2016-01-01,2,315,Dollar_Index:Z12,0.0736,False
2016-01-01,2,315,Dollar_Index:Z6_vel,0.0019,False
2016-01-01,2,315,Dollar_Index:Z6_acc,0.0288,False
2016-01-01,2,315,GS10_Rate:Z6,0.0074,False
2016-01-01,2,315,GS10_Rate:Z3,0.0019,False
2016-01-01,2,315,GS10_Rate:Z12,0.0019,False
2016-01-01,2,315,GS10_Rate:Z6_vel,0.007,False
2016-01-01,2,315,GS10_Rate:Z6_acc,0.0047,False
2016-01-01,2,315,Fed_Funds_Rate:Z6,0.0041,False
2016-01-01,2,315,Fed_Funds_Rate:Z3,0.0229,False
2016-01-01,2,315,Fed_Funds_Rate:Z12,0.0378,False
2016-01-01,2,315,Fed_Funds_Rate:Z6_vel,0.0016,False
2016-01-01,2,315,Fed_Funds_Rate:Z6_acc,0.0019,False
2016-01-01,2,315,US_2Y_Treasury:Z6,0.0119,False
2016-01-01,2,315,US_2Y_Treasury:Z3,0.0319,False
2016-01-01,2,315,US_2Y_Treasury:Z12,0.0003,False
2016-01-01,2,315,US_2Y_Treasury:Z6_vel,0.0056,False
2016-01-01,2,315,US_2Y_Treasury:Z6_acc,0.0215,False
2016-01-01,2,315,WTI_Crude_Close:Z6,0.0079,False
2016-01-01,2,315,WTI_Crude_Close:Z3,0.02,False
2016-01-01,2,315,WTI_Crude_Close:Z12,0.0191,False
2016-01-01,2,315,WTI_Crude_Close:Z6_vel,0.0325,False
2016-01-01,2,315,WTI_Crude_Close:Z6_acc,0.0088,False
2016-01-01,2,315,Gold_Close:Z6,0.0022,False
2016-01-01,2,315,Gold_Close:Z3,0.005,False
2016-01-01,2,315,Gold_Close:Z12,0.0,False
2016-01-01,2,315,Gold_Close:Z6_vel,0.0082,False
2016-01-01,2,315,Gold_Close:Z6_acc,0.0026,False
2016-01-01,2,315,M2_Money:Z6,0.0007,False
2016-01-01,2,315,M2_Money:Z3,0.0001,False
2016-01-01,2,315,M2_Money:Z12,0.0249,False
2016-01-01,2,315,M2_Money:Z6_vel,0.0221,False
2016-01-01,2,315,M2_Money:Z6_acc,0.0001,False
2016-01-01,2,315,Industrial_Production:Z6,0.0002,False
2016-01-01,2,315,Industrial_Production:Z3,0.003,False
2016-01-01,2,315,Industrial_Production:Z12,0.0162,False
2016-01-01,2,315,Industrial_Production:Z6_vel,0.0,False
2016-01-01,2,315,Industrial_Production:Z6_acc,0.0006,False
2016-01-01,2,315,US_CPI:Z6,0.0078,False
2016-01-01,2,315,US_CPI:Z3,0.0033,False
2016-01-01,2,315,US_CPI:Z12,0.0098,False
2016-01-01,2,315,US_CPI:Z6_vel,0.034,False
2016-01-01,2,315,US_CPI:Z6_acc,0.0272,False
2016-01-01,2,315,Term_Spread_10Y_2Y:Z6,0.0526,False
2016-01-01,2,315,Term_Spread_10Y_2Y:Z3,0.0261,False
2016-01-01,2,315,Term_Spread_10Y_2Y:Z12,0.0116,False
2016-01-01,2,315,Term_Spread_10Y_2Y:Z6_vel,0.0023,False
2016-01-01,2,315,Term_Spread_10Y_2Y:Z6_acc,0.0067,False
2016-01-01,2,315,Term_Spread_10Y_3M:Z6,0.023,False
2016-01-01,2,315,Term_Spread_10Y_3M:Z3,0.0225,False
2016-01-01,2,315,Term_Spread_10Y_3M:Z12,0.0013,False
2016-01-01,2,315,Term_Spread_10Y_3M:Z6_vel,0.0105,False
2016-01-01,2,315,Term_Spread_10Y_3M:Z6_acc,0.0262,False
2016-01-01,2,315,VIX_Close:Z6,0.1279,False
2016-01-01,2,315,VIX_Close:Z3,0.0533,False
2016-01-01,2,315,VIX_Close:Z12,0.1016,False
2016-01-01,2,315,VIX_Close:Z6_vel,0.016,False
2016-01-01,2,315,VIX_Close:Z6_acc,0.0,False
2016-01-01,2,315,Natural_Gas_Close:Z6,0.2555,True
2016-01-01,2,315,Natural_Gas_Close:Z3,0.292,True
2016-01-01,2,315,Natural_Gas_Close:Z12,0.1053,False
2016-01-01,2,315,Natural_Gas_Close:Z6_vel,0.0122,False
2016-01-01,2,315,Natural_Gas_Close:Z6_acc,0.0002,False
2016-01-01,2,315,Platinum_Futures_Close:Z6,0.3638,True
2016-01-01,2,315,Platinum_Futures_Close:Z3,0.2322,True
2016-01-01,2,315,Platinum_Futures_Close:Z12,0.0974,False
2016-01-01,2,315,Platinum_Futures_Close:Z6_vel,0.1231,False
2016-01-01,2,315,Platinum_Futures_Close:Z6_acc,0.2223,True
2016-02-01,2,315,Dollar_Index:Z6,0.0082,False
2016-02-01,2,315,Dollar_Index:Z3,0.0019,False
2016-02-01,2,315,Dollar_Index:Z12,0.0736,False
2016-02-01,2,315,Dollar_Index:Z6_vel,0.0019,False
2016-02-01,2,315,Dollar_Index:Z6_acc,0.0288,False
2016-02-01,2,315,GS10_Rate:Z6,0.0074,False
2016-02-01,2,315,GS10_Rate:Z3,0.0019,False
2016-02-01,2,315,GS10_Rate:Z12,0.0019,False
2016-02-01,2,315,GS10_Rate:Z6_vel,0.007,False
2016-02-01,2,315,GS10_Rate:Z6_acc,0.0047,False
2016-02-01,2,315,Fed_Funds_Rate:Z6,0.0041,False
2016-02-01,2,315,Fed_Funds_Rate:Z3,0.0229,False
2016-02-01,2,315,Fed_Funds_Rate:Z12,0.0378,False
2016-02-01,2,315,Fed_Funds_Rate:Z6_vel,0.0016,False
2016-02-01,2,315,Fed_Funds_Rate:Z6_acc,0.0019,False
2016-02-01,2,315,US_2Y_Treasury:Z6,0.0119,False
2016-02-01,2,315,US_2Y_Treasury:Z3,0.0319,False
2016-02-01,2,315,US_2Y_Treasury:Z12,0.0003,False
2016-02-01,2,315,US_2Y_Treasury:Z6_vel,0.0056,False
2016-02-01,2,315,US_2Y_Treasury:Z6_acc,0.0215,False
2016-02-01,2,315,WTI_Crude_Close:Z6,0.0079,False
2016-02-01,2,315,WTI_Crude_Close:Z3,0.02,False
2016-02-01,2,315,WTI_Crude_Close:Z12,0.0191,False
2016-02-01,2,315,WTI_Crude_Close:Z6_vel,0.0325,False
2016-02-01,2,315,WTI_Crude_Close:Z6_acc,0.0088,False
2016-02-01,2,315,Gold_Close:Z6,0.0022,False
2016-02-01,2,315,Gold_Close:Z3,0.005,False
2016-02-01,2,315,Gold_Close:Z12,0.0,False
2016-02-01,2,315,Gold_Close:Z6_vel,0.0082,False
2016-02-01,2,315,Gold_Close:Z6_acc,0.0026,False
2016-02-01,2,315,M2_Money:Z6,0.0007,False
2016-02-01,2,315,M2_Money:Z3,0.0001,False
2016-02-01,2,315,M2_Money:Z12,0.0249,False
2016-02-01,2,315,M2_Money:Z6_vel,0.0221,False
2016-02-01,2,315,M2_Money:Z6_acc,0.0001,False
2016-02-01,2,315,Industrial_Production:Z6,0.0002,False
2016-02-01,2,315,Industrial_Production:Z3,0.003,False
2016-02-01,2,315,Industrial_Production:Z12,0.0162,False
2016-02-01,2,315,Industrial_Production:Z6_vel,0.0,False
2016-02-01,2,315,Industrial_Production:Z6_acc,0.0006,False
2016-02-01,2,315,US_CPI:Z6,0.0078,False
2016-02-01,2,315,US_CPI:Z3,0.0033,False
2016-02-01,2,315,US_CPI:Z12,0.0098,False
2016-02-01,2,315,US_CPI:Z6_vel,0.034,False
2016-02-01,2,315,US_CPI:Z6_acc,0.0272,False
2016-02-01,2,315,Term_Spread_10Y_2Y:Z6,0.0526,False
2016-02-01,2,315,Term_Spread_10Y_2Y:Z3,0.0261,False
2016-02-01,2,315,Term_Spread_10Y_2Y:Z12,0.0116,False
2016-02-01,2,315,Term_Spread_10Y_2Y:Z6_vel,0.0023,False
2016-02-01,2,315,Term_Spread_10Y_2Y:Z6_acc,0.0067,False
2016-02-01,2,315,Term_Spread_10Y_3M:Z6,0.023,False
2016-02-01,2,315,Term_Spread_10Y_3M:Z3,0.0225,False
2016-02-01,2,315,Term_Spread_10Y_3M:Z12,0.0013,False
2016-02-01,2,315,Term_Spread_10Y_3M:Z6_vel,0.0105,False
2016-02-01,2,315,Term_Spread_10Y_3M:Z6_acc,0.0262,False
2016-02-01,2,315,VIX_Close:Z6,0.1279,False
2016-02-01,2,315,VIX_Close:Z3,0.0533,False
2016-02-01,2,315,VIX_Close:Z12,0.1016,False
2016-02-01,2,315,VIX_Close:Z6_vel,0.016,False
2016-02-01,2,315,VIX_Close:Z6_acc,0.0,False
2016-02-01,2,315,Natural_Gas_Close:Z6,0.2555,True
2016-02-01,2,315,Natural_Gas_Close:Z3,0.292,True
2016-02-01,2,315,Natural_Gas_Close:Z12,0.1053,False
2016-02-01,2,315,Natural_Gas_Close:Z6_vel,0.0122,False
2016-02-01,2,315,Natural_Gas_Close:Z6_acc,0.0002,False
2016-02-01,2,315,Platinum_Futures_Close:Z6,0.3638,True
2016-02-01,2,315,Platinum_Futures_Close:Z3,0.2322,True
2016-02-01,2,315,Platinum_Futures_Close:Z12,0.0974,False
2016-02-01,2,315,Platinum_Futures_Close:Z6_vel,0.1231,False
2016-02-01,2,315,Platinum_Futures_Close:Z6_acc,0.2223,True
2016-12-01,23,20,GS10_Rate:Z6,0.1715,False
2016-12-01,23,20,GS10_Rate:Z3,0.1776,False
2016-12-01,23,20,GS10_Rate:Z12,0.0909,False
2016-12-01,23,20,GS10_Rate:Z6_vel,0.1023,False
2016-12-01,23,20,GS10_Rate:Z6_acc,0.0625,False
2016-12-01,23,20,Industrial_Production:Z6,0.2508,True
2016-12-01,23,20,Industrial_Production:Z3,0.1693,False
2016-12-01,23,20,Industrial_Production:Z12,0.1399,False
2016-12-01,23,20,Industrial_Production:Z6_vel,0.0144,False
2016-12-01,23,20,Industrial_Production:Z6_acc,0.0328,False
2018-02-01,17,39,Dollar_Index:Z6,0.0105,False
2018-02-01,17,39,Dollar_Index:Z3,0.022,False
2018-02-01,17,39,Dollar_Index:Z12,0.0025,False
2018-02-01,17,39,Dollar_Index:Z6_vel,0.0128,False
2018-02-01,17,39,Dollar_Index:Z6_acc,0.0081,False
2018-02-01,17,39,GS10_Rate:Z6,0.0071,False
2018-02-01,17,39,GS10_Rate:Z3,0.0109,False
2018-02-01,17,39,GS10_Rate:Z12,0.0167,False
2018-02-01,17,39,GS10_Rate:Z6_vel,0.0117,False
2018-02-01,17,39,GS10_Rate:Z6_acc,0.025,False
2018-02-01,17,39,Fed_Funds_Rate:Z6,0.0996,False
2018-02-01,17,39,Fed_Funds_Rate:Z3,0.0757,False
2018-02-01,17,39,Fed_Funds_Rate:Z12,0.1022,False
2018-02-01,17,39,Fed_Funds_Rate:Z6_vel,0.034,False
2018-02-01,17,39,Fed_Funds_Rate:Z6_acc,0.0768,False
2018-02-01,17,39,US_2Y_Treasury:Z6,0.3033,True
2018-02-01,17,39,US_2Y_Treasury:Z3,0.1426,False
2018-02-01,17,39,US_2Y_Treasury:Z12,0.0957,False
2018-02-01,17,39,US_2Y_Treasury:Z6_vel,0.003,False
2018-02-01,17,39,US_2Y_Treasury:Z6_acc,0.1481,False
2018-02-01,17,39,WTI_Crude_Close:Z6,0.0051,False
2018-02-01,17,39,WTI_Crude_Close:Z3,0.0278,False
2018-02-01,17,39,WTI_Crude_Close:Z12,0.0159,False
2018-02-01,17,39,WTI_Crude_Close:Z6_vel,0.0983,False
2018-02-01,17,39,WTI_Crude_Close:Z6_acc,0.0542,False
2018-02-01,17,39,Gold_Close:Z6,0.3983,True
2018-02-01,17,39,Gold_Close:Z3,0.2232,True
2018-02-01,17,39,Gold_Close:Z12,0.2543,True
2018-02-01,17,39,Gold_Close:Z6_vel,0.0086,False
2018-02-01,17,39,Gold_Close:Z6_acc,0.0592,False
2018-02-01,17,39,M2_Money:Z6,0.0212,False
2018-02-01,17,39,M2_Money:Z3,0.0002,False
2018-02-01,17,39,M2_Money:Z12,0.026,False
2018-02-01,17,39,M2_Money:Z6_vel,0.0294,False
2018-02-01,17,39,M2_Money:Z6_acc,0.0455,False
2018-02-01,17,39,Industrial_Production:Z6,0.0,False
2018-02-01,17,39,Industrial_Production:Z3,0.0039,False
2018-02-01,17,39,Industrial_Production:Z12,0.0165,False
2018-02-01,17,39,Industrial_Production:Z6_vel,0.0,False
2018-02-01,17,39,Industrial_Production:Z6_acc,0.0438,False
2018-02-01,17,39,US_CPI:Z6,0.0085,False
2018-02-01,17,39,US_CPI:Z3,0.0169,False
2018-02-01,17,39,US_CPI:Z12,0.0105,False
2018-02-01,17,39,US_CPI:Z6_vel,0.0014,False
2018-02-01,17,39,US_CPI:Z6_acc,0.0003,False
2018-02-01,17,39,Term_Spread_10Y_2Y:Z6,0.1297,False
2018-02-01,17,39,Term_Spread_10Y_2Y:Z3,0.1231,False
2018-02-01,17,39,Term_Spread_10Y_2Y:Z12,0.3202,True
2018-02-01,17,39,Term_Spread_10Y_2Y:Z6_vel,0.0032,False
2018-02-01,17,39,Term_Spread_10Y_2Y:Z6_acc,0.0305,False
2018-02-01,17,39,Term_Spread_10Y_3M:Z6,0.0424,False
2018-02-01,17,39,Term_Spread_10Y_3M:Z3,0.0085,False
2018-02-01,17,39,Term_Spread_10Y_3M:Z12,0.2307,True
2018-02-01,17,39,Term_Spread_10Y_3M:Z6_vel,0.0001,False
2018-02-01,17,39,Term_Spread_10Y_3M:Z6_acc,0.1511,False
2018-02-01,17,39,VIX_Close:Z6,0.0902,False
2018-02-01,17,39,VIX_Close:Z3,0.0008,False
2018-02-01,17,39,VIX_Close:Z12,0.0303,False
2018-02-01,17,39,VIX_Close:Z6_vel,0.0196,False
2018-02-01,17,39,VIX_Close:Z6_acc,0.0069,False
2018-12-01,2,318,Dollar_Index:Z6,0.004,False
2018-12-01,2,318,Dollar_Index:Z3,0.0024,False
2018-12-01,2,318,Dollar_Index:Z12,0.0591,False
2018-12-01,2,318,Dollar_Index:Z6_vel,0.0039,False
2018-12-01,2,318,Dollar_Index:Z6_acc,0.0208,False
2018-12-01,2,318,GS10_Rate:Z6,0.0052,False
2018-12-01,2,318,GS10_Rate:Z3,0.0017,False
2018-12-01,2,318,GS10_Rate:Z12,0.0017,False
2018-12-01,2,318,GS10_Rate:Z6_vel,0.0065,False
2018-12-01,2,318,GS10_Rate:Z6_acc,0.0048,False
2018-12-01,2,318,Fed_Funds_Rate:Z6,0.0032,False
2018-12-01,2,318,Fed_Funds_Rate:Z3,0.0206,False
2018-12-01,2,318,Fed_Funds_Rate:Z12,0.0367,False
2018-12-01,2,318,Fed_Funds_Rate:Z6_vel,0.0016,False
2018-12-01,2,318,Fed_Funds_Rate:Z6_acc,0.0028,False
2018-12-01,2,318,US_2Y_Treasury:Z6,0.0167,False
2018-12-01,2,318,US_2Y_Treasury:Z3,0.0335,False
2018-12-01,2,318,US_2Y_Treasury:Z12,0.0004,False
2018-12-01,2,318,US_2Y_Treasury:Z6_vel,0.0054,False
2018-12-01,2,318,US_2Y_Treasury:Z6_acc,0.0227,False
2018-12-01,2,318,WTI_Crude_Close:Z6,0.0002,False
2018-12-01,2,318,WTI_Crude_Close:Z3,0.0096,False
2018-12-01,2,318,WTI_Crude_Close:Z12,0.0008,False
2018-12-01,2,318,WTI_Crude_Close:Z6_vel,0.0223,False
2018-12-01,2,318,WTI_Crude_Close:Z6_acc,0.0165,False
2018-12-01,2,318,Gold_Close:Z6,0.0023,False
2018-12-01,2,318,Gold_Close:Z3,0.0053,False
2018-12-01,2,318,Gold_Close:Z12,0.0,False
2018-12-01,2,318,Gold_Close:Z6_vel,0.01,False
2018-12-01,2,318,Gold_Close:Z6_acc,0.0041,False
2018-12-01,2,318,M2_Money:Z6,0.0002,False
2018-12-01,2,318,M2_Money:Z3,0.0,False
2018-12-01,2,318,M2_Money:Z12,0.019,False
2018-12-01,2,318,M2_Money:Z6_vel,0.0218,False
2018-12-01,2,318,M2_Money:Z6_acc,0.0,False
2018-12-01,2,318,Industrial_Production:Z6,0.0003,False
2018-12-01,2,318,Industrial_Production:Z3,0.0024,False
2018-12-01,2,318,Industrial_Production:Z12,0.014,False
2018-12-01,2,318,Industrial_Production:Z6_vel,0.0001,False
2018-12-01,2,318,Industrial_Production:Z6_acc,0.0015,False
2018-12-01,2,318,US_CPI:Z6,0.0074,False
2018-12-01,2,318,US_CPI:Z3,0.0033,False
2018-12-01,2,318,US_CPI:Z12,0.0099,False
2018-12-01,2,318,US_CPI:Z6_vel,0.031,False
2018-12-01,2,318,US_CPI:Z6_acc,0.0245,False
2018-12-01,2,318,Term_Spread_10Y_2Y:Z6,0.063,False
2018-12-01,2,318,Term_Spread_10Y_2Y:Z3,0.0306,False
2018-12-01,2,318,Term_Spread_10Y_2Y:Z12,0.0111,False
2018-12-01,2,318,Term_Spread_10Y_2Y:Z6_vel,0.0025,False
2018-12-01,2,318,Term_Spread_10Y_2Y:Z6_acc,0.0113,False
2018-12-01,2,318,Term_Spread_10Y_3M:Z6,0.0276,False
2018-12-01,2,318,Term_Spread_10Y_3M:Z3,0.0233,False
2018-12-01,2,318,Term_Spread_10Y_3M:Z12,0.0061,False
2018-12-01,2,318,Term_Spread_10Y_3M:Z6_vel,0.0112,False
2018-12-01,2,318,Term_Spread_10Y_3M:Z6_acc,0.0071,False
2018-12-01,2,318,VIX_Close:Z6,0.1458,False
2018-12-01,2,318,VIX_Close:Z3,0.0453,False
2018-12-01,2,318,VIX_Close:Z12,0.0815,False
2018-12-01,2,318,VIX_Close:Z6_vel,0.0204,False
2018-12-01,2,318,VIX_Close:Z6_acc,0.0001,False
2018-12-01,2,318,Natural_Gas_Close:Z6,0.3189,True
2018-12-01,2,318,Natural_Gas_Close:Z3,0.2648,True
2018-12-01,2,318,Natural_Gas_Close:Z12,0.1379,False
2018-12-01,2,318,Natural_Gas_Close:Z6_vel,0.0006,False
2018-12-01,2,318,Natural_Gas_Close:Z6_acc,0.0009,False
2018-12-01,2,318,Platinum_Futures_Close:Z6,0.4239,True
2018-12-01,2,318,Platinum_Futures_Close:Z3,0.2289,True
2018-12-01,2,318,Platinum_Futures_Close:Z12,0.2008,True
2018-12-01,2,318,Platinum_Futures_Close:Z6_vel,0.155,False
2018-12-01,2,318,Platinum_Futures_Close:Z6_acc,0.1818,False
2019-01-01,2,318,Dollar_Index:Z6,0.004,False
2019-01-01,2,318,Dollar_Index:Z3,0.0024,False
2019-01-01,2,318,Dollar_Index:Z12,0.0591,False
2019-01-01,2,318,Dollar_Index:Z6_vel,0.0039,False
2019-01-01,2,318,Dollar_Index:Z6_acc,0.0208,False
2019-01-01,2,318,GS10_Rate:Z6,0.0052,False
2019-01-01,2,318,GS10_Rate:Z3,0.0017,False
2019-01-01,2,318,GS10_Rate:Z12,0.0017,False
2019-01-01,2,318,GS10_Rate:Z6_vel,0.0065,False
2019-01-01,2,318,GS10_Rate:Z6_acc,0.0048,False
2019-01-01,2,318,Fed_Funds_Rate:Z6,0.0032,False
2019-01-01,2,318,Fed_Funds_Rate:Z3,0.0206,False
2019-01-01,2,318,Fed_Funds_Rate:Z12,0.0367,False
2019-01-01,2,318,Fed_Funds_Rate:Z6_vel,0.0016,False
2019-01-01,2,318,Fed_Funds_Rate:Z6_acc,0.0028,False
2019-01-01,2,318,US_2Y_Treasury:Z6,0.0167,False
2019-01-01,2,318,US_2Y_Treasury:Z3,0.0335,False
2019-01-01,2,318,US_2Y_Treasury:Z12,0.0004,False
2019-01-01,2,318,US_2Y_Treasury:Z6_vel,0.0054,False
2019-01-01,2,318,US_2Y_Treasury:Z6_acc,0.0227,False
2019-01-01,2,318,WTI_Crude_Close:Z6,0.0002,False
2019-01-01,2,318,WTI_Crude_Close:Z3,0.0096,False
2019-01-01,2,318,WTI_Crude_Close:Z12,0.0008,False
2019-01-01,2,318,WTI_Crude_Close:Z6_vel,0.0223,False
2019-01-01,2,318,WTI_Crude_Close:Z6_acc,0.0165,False
2019-01-01,2,318,Gold_Close:Z6,0.0023,False
2019-01-01,2,318,Gold_Close:Z3,0.0053,False
2019-01-01,2,318,Gold_Close:Z12,0.0,False
2019-01-01,2,318,Gold_Close:Z6_vel,0.01,False
2019-01-01,2,318,Gold_Close:Z6_acc,0.0041,False
2019-01-01,2,318,M2_Money:Z6,0.0002,False
2019-01-01,2,318,M2_Money:Z3,0.0,False
2019-01-01,2,318,M2_Money:Z12,0.019,False
2019-01-01,2,318,M2_Money:Z6_vel,0.0218,False
2019-01-01,2,318,M2_Money:Z6_acc,0.0,False
2019-01-01,2,318,Industrial_Production:Z6,0.0003,False
2019-01-01,2,318,Industrial_Production:Z3,0.0024,False
2019-01-01,2,318,Industrial_Production:Z12,0.014,False
2019-01-01,2,318,Industrial_Production:Z6_vel,0.0001,False
2019-01-01,2,318,Industrial_Production:Z6_acc,0.0015,False
2019-01-01,2,318,US_CPI:Z6,0.0074,False
2019-01-01,2,318,US_CPI:Z3,0.0033,False
2019-01-01,2,318,US_CPI:Z12,0.0099,False
2019-01-01,2,318,US_CPI:Z6_vel,0.031,False
2019-01-01,2,318,US_CPI:Z6_acc,0.0245,False
2019-01-01,2,318,Term_Spread_10Y_2Y:Z6,0.063,False
2019-01-01,2,318,Term_Spread_10Y_2Y:Z3,0.0306,False
2019-01-01,2,318,Term_Spread_10Y_2Y:Z12,0.0111,False
2019-01-01,2,318,Term_Spread_10Y_2Y:Z6_vel,0.0025,False
2019-01-01,2,318,Term_Spread_10Y_2Y:Z6_acc,0.0113,False
2019-01-01,2,318,Term_Spread_10Y_3M:Z6,0.0276,False
2019-01-01,2,318,Term_Spread_10Y_3M:Z3,0.0233,False
2019-01-01,2,318,Term_Spread_10Y_3M:Z12,0.0061,False
2019-01-01,2,318,Term_Spread_10Y_3M:Z6_vel,0.0112,False
2019-01-01,2,318,Term_Spread_10Y_3M:Z6_acc,0.0071,False
2019-01-01,2,318,VIX_Close:Z6,0.1458,False
2019-01-01,2,318,VIX_Close:Z3,0.0453,False
2019-01-01,2,318,VIX_Close:Z12,0.0815,False
2019-01-01,2,318,VIX_Close:Z6_vel,0.0204,False
2019-01-01,2,318,VIX_Close:Z6_acc,0.0001,False
2019-01-01,2,318,Natural_Gas_Close:Z6,0.3189,True
2019-01-01,2,318,Natural_Gas_Close:Z3,0.2648,True
2019-01-01,2,318,Natural_Gas_Close:Z12,0.1379,False
2019-01-01,2,318,Natural_Gas_Close:Z6_vel,0.0006,False
2019-01-01,2,318,Natural_Gas_Close:Z6_acc,0.0009,False
2019-01-01,2,318,Platinum_Futures_Close:Z6,0.4239,True
2019-01-01,2,318,Platinum_Futures_Close:Z3,0.2289,True
2019-01-01,2,318,Platinum_Futures_Close:Z12,0.2008,True
2019-01-01,2,318,Platinum_Futures_Close:Z6_vel,0.155,False
2019-01-01,2,318,Platinum_Futures_Close:Z6_acc,0.1818,False
2019-06-01,17,40,Dollar_Index:Z6,0.0345,False
2019-06-01,17,40,Dollar_Index:Z3,0.0867,False
2019-06-01,17,40,Dollar_Index:Z12,0.0363,False
2019-06-01,17,40,Dollar_Index:Z6_vel,0.0093,False
2019-06-01,17,40,Dollar_Index:Z6_acc,0.0073,False
2019-06-01,17,40,GS10_Rate:Z6,0.0185,False
2019-06-01,17,40,GS10_Rate:Z3,0.0239,False
2019-06-01,17,40,GS10_Rate:Z12,0.0092,False
2019-06-01,17,40,GS10_Rate:Z6_vel,0.0263,False
2019-06-01,17,40,GS10_Rate:Z6_acc,0.0078,False
2019-06-01,17,40,Fed_Funds_Rate:Z6,0.1089,False
2019-06-01,17,40,Fed_Funds_Rate:Z3,0.0992,False
2019-06-01,17,40,Fed_Funds_Rate:Z12,0.1195,False
2019-06-01,17,40,Fed_Funds_Rate:Z6_vel,0.0352,False
2019-06-01,17,40,Fed_Funds_Rate:Z6_acc,0.0713,False
2019-06-01,17,40,US_2Y_Treasury:Z6,0.382,True
2019-06-01,17,40,US_2Y_Treasury:Z3,0.1793,False
2019-06-01,17,40,US_2Y_Treasury:Z12,0.1396,False
2019-06-01,17,40,US_2Y_Treasury:Z6_vel,0.0086,False
2019-06-01,17,40,US_2Y_Treasury:Z6_acc,0.129,False
2019-06-01,17,40,WTI_Crude_Close:Z6,0.0336,False
2019-06-01,17,40,WTI_Crude_Close:Z3,0.0648,False
2019-06-01,17,40,WTI_Crude_Close:Z12,0.0309,False
2019-06-01,17,40,WTI_Crude_Close:Z6_vel,0.1038,False
2019-06-01,17,40,WTI_Crude_Close:Z6_acc,0.0378,False
2019-06-01,17,40,Gold_Close:Z6,0.4062,True
2019-06-01,17,40,Gold_Close:Z3,0.2515,True
2019-06-01,17,40,Gold_Close:Z12,0.2742,True
2019-06-01,17,40,Gold_Close:Z6_vel,0.0022,False
2019-06-01,17,40,Gold_Close:Z6_acc,0.0161,False
2019-06-01,17,40,M2_Money:Z6,0.0395,False
2019-06-01,17,40,M2_Money:Z3,0.0031,False
2019-06-01,17,40,M2_Money:Z12,0.0436,False
2019-06-01,17,40,M2_Money:Z6_vel,0.0346,False
2019-06-01,17,40,M2_Money:Z6_acc,0.0491,False
2019-06-01,17,40,Industrial_Production:Z6,0.0001,False
2019-06-01,17,40,Industrial_Production:Z3,0.0,False
2019-06-01,17,40,Industrial_Production:Z12,0.0117,False
2019-06-01,17,40,Industrial_Production:Z6_vel,0.0,False
2019-06-01,17,40,Industrial_Production:Z6_acc,0.0332,False
2019-06-01,17,40,US_CPI:Z6,0.0176,False
2019-06-01,17,40,US_CPI:Z3,0.0173,False
2019-06-01,17,40,US_CPI:Z12,0.0112,False
2019-06-01,17,40,US_CPI:Z6_vel,0.0,False
2019-06-01,17,40,US_CPI:Z6_acc,0.0,False
2019-06-01,17,40,Term_Spread_10Y_2Y:Z6,0.1545,False
2019-06-01,17,40,Term_Spread_10Y_2Y:Z3,0.1341,False
2019-06-01,17,40,Term_Spread_10Y_2Y:Z12,0.3533,True
2019-06-01,17,40,Term_Spread_10Y_2Y:Z6_vel,0.0,False
2019-06-01,17,40,Term_Spread_10Y_2Y:Z6_acc,0.012,False
2019-06-01,17,40,Term_Spread_10Y_3M:Z6,0.0329,False
2019-06-01,17,40,Term_Spread_10Y_3M:Z3,0.0062,False
2019-06-01,17,40,Term_Spread_10Y_3M:Z12,0.2446,True
2019-06-01,17,40,Term_Spread_10Y_3M:Z6_vel,0.0071,False
2019-06-01,17,40,Term_Spread_10Y_3M:Z6_acc,0.0618,False
2019-06-01,17,40,VIX_Close:Z6,0.0307,False
2019-06-01,17,40,VIX_Close:Z3,0.0046,False
2019-06-01,17,40,VIX_Close:Z12,0.02,False
2019-06-01,17,40,VIX_Close:Z6_vel,0.0,False
2019-06-01,17,40,VIX_Close:Z6_acc,0.0017,False
2019-06-01,17,40,Natural_Gas_Close:Z6,0.152,False
2019-06-01,17,40,Natural_Gas_Close:Z3,0.1371,False
2019-06-01,17,40,Natural_Gas_Close:Z12,0.1231,False
2019-06-01,17,40,Natural_Gas_Close:Z6_vel,0.0242,False
2019-06-01,17,40,Natural_Gas_Close:Z6_acc,0.13,False
2019-06-01,17,40,Platinum_Futures_Close:Z6,0.3163,True
2019-06-01,17,40,Platinum_Futures_Close:Z3,0.2109,True
2019-06-01,17,40,Platinum_Futures_Close:Z12,0.1015,False
2019-06-01,17,40,Platinum_Futures_Close:Z6_vel,0.0506,False
2019-07-01,17,40,Dollar_Index:Z6,0.0345,False
2019-07-01,17,40,Dollar_Index:Z3,0.0867,False
2019-07-01,17,40,Dollar_Index:Z12,0.0363,False
2019-07-01,17,40,Dollar_Index:Z6_vel,0.0093,False
2019-07-01,17,40,Dollar_Index:Z6_acc,0.0073,False
2019-07-01,17,40,GS10_Rate:Z6,0.0185,False
2019-07-01,17,40,GS10_Rate:Z3,0.0239,False
2019-07-01,17,40,GS10_Rate:Z12,0.0092,False
2019-07-01,17,40,GS10_Rate:Z6_vel,0.0263,False
2019-07-01,17,40,GS10_Rate:Z6_acc,0.0078,False
2019-07-01,17,40,Fed_Funds_Rate:Z6,0.1089,False
2019-07-01,17,40,Fed_Funds_Rate:Z3,0.0992,False
2019-07-01,17,40,Fed_Funds_Rate:Z12,0.1195,False
2019-07-01,17,40,Fed_Funds_Rate:Z6_vel,0.0352,False
2019-07-01,17,40,Fed_Funds_Rate:Z6_acc,0.0713,False
2019-07-01,17,40,US_2Y_Treasury:Z6,0.382,True
2019-07-01,17,40,US_2Y_Treasury:Z3,0.1793,False
2019-07-01,17,40,US_2Y_Treasury:Z12,0.1396,False
2019-07-01,17,40,US_2Y_Treasury:Z6_vel,0.0086,False
2019-07-01,17,40,US_2Y_Treasury:Z6_acc,0.129,False
2019-07-01,17,40,WTI_Crude_Close:Z6,0.0336,False
2019-07-01,17,40,WTI_Crude_Close:Z3,0.0648,False
2019-07-01,17,40,WTI_Crude_Close:Z12,0.0309,False
2019-07-01,17,40,WTI_Crude_Close:Z6_vel,0.1038,False
2019-07-01,17,40,WTI_Crude_Close:Z6_acc,0.0378,False
2019-07-01,17,40,Gold_Close:Z6,0.4062,True
2019-07-01,17,40,Gold_Close:Z3,0.2515,True
2019-07-01,17,40,Gold_Close:Z12,0.2742,True
2019-07-01,17,40,Gold_Close:Z6_vel,0.0022,False
2019-07-01,17,40,Gold_Close:Z6_acc,0.0161,False
2019-07-01,17,40,M2_Money:Z6,0.0395,False
2019-07-01,17,40,M2_Money:Z3,0.0031,False
2019-07-01,17,40,M2_Money:Z12,0.0436,False
2019-07-01,17,40,M2_Money:Z6_vel,0.0346,False
2019-07-01,17,40,M2_Money:Z6_acc,0.0491,False
2019-07-01,17,40,Industrial_Production:Z6,0.0001,False
2019-07-01,17,40,Industrial_Production:Z3,0.0,False
2019-07-01,17,40,Industrial_Production:Z12,0.0117,False
2019-07-01,17,40,Industrial_Production:Z6_vel,0.0,False
2019-07-01,17,40,Industrial_Production:Z6_acc,0.0332,False
2019-07-01,17,40,US_CPI:Z6,0.0176,False
2019-07-01,17,40,US_CPI:Z3,0.0173,False
2019-07-01,17,40,US_CPI:Z12,0.0112,False
2019-07-01,17,40,US_CPI:Z6_vel,0.0,False
2019-07-01,17,40,US_CPI:Z6_acc,0.0,False
2019-07-01,17,40,Term_Spread_10Y_2Y:Z6,0.1545,False
2019-07-01,17,40,Term_Spread_10Y_2Y:Z3,0.1341,False
2019-07-01,17,40,Term_Spread_10Y_2Y:Z12,0.3533,True
2019-07-01,17,40,Term_Spread_10Y_2Y:Z6_vel,0.0,False
2019-07-01,17,40,Term_Spread_10Y_2Y:Z6_acc,0.012,False
2019-07-01,17,40,Term_Spread_10Y_3M:Z6,0.0329,False
2019-07-01,17,40,Term_Spread_10Y_3M:Z3,0.0062,False
2019-07-01,17,40,Term_Spread_10Y_3M:Z12,0.2446,True
2019-07-01,17,40,Term_Spread_10Y_3M:Z6_vel,0.0071,False
2019-07-01,17,40,Term_Spread_10Y_3M:Z6_acc,0.0618,False
2019-07-01,17,40,VIX_Close:Z6,0.0307,False
2019-07-01,17,40,VIX_Close:Z3,0.0046,False
2019-07-01,17,40,VIX_Close:Z12,0.02,False
2019-07-01,17,40,VIX_Close:Z6_vel,0.0,False
2019-07-01,17,40,VIX_Close:Z6_acc,0.0017,False
2019-07-01,17,40,Natural_Gas_Close:Z6,0.152,False
2019-07-01,17,40,Natural_Gas_Close:Z3,0.1371,False
2019-07-01,17,40,Natural_Gas_Close:Z12,0.1231,False
2019-07-01,17,40,Natural_Gas_Close:Z6_vel,0.0242,False
2019-07-01,17,40,Natural_Gas_Close:Z6_acc,0.13,False
2019-07-01,17,40,Platinum_Futures_Close:Z6,0.3163,True
2019-07-01,17,40,Platinum_Futures_Close:Z3,0.2109,True
2019-07-01,17,40,Platinum_Futures_Close:Z12,0.1015,False
2019-07-01,17,40,Platinum_Futures_Close:Z6_vel,0.0506,False
2019-11-01,17,42,Dollar_Index:Z6,0.0421,False
2019-11-01,17,42,Dollar_Index:Z3,0.0986,False
2019-11-01,17,42,Dollar_Index:Z12,0.0405,False
2019-11-01,17,42,Dollar_Index:Z6_vel,0.0164,False
2019-11-01,17,42,Dollar_Index:Z6_acc,0.0111,False
2019-11-01,17,42,GS10_Rate:Z6,0.0027,False
2019-11-01,17,42,GS10_Rate:Z3,0.0036,False
2019-11-01,17,42,GS10_Rate:Z12,0.0217,False
2019-11-01,17,42,GS10_Rate:Z6_vel,0.0129,False
2019-11-01,17,42,GS10_Rate:Z6_acc,0.0162,False
2019-11-01,17,42,Fed_Funds_Rate:Z6,0.0976,False
2019-11-01,17,42,Fed_Funds_Rate:Z3,0.0882,False
2019-11-01,17,42,Fed_Funds_Rate:Z12,0.116,False
2019-11-01,17,42,Fed_Funds_Rate:Z6_vel,0.0227,False
2019-11-01,17,42,Fed_Funds_Rate:Z6_acc,0.0625,False
2019-11-01,17,42,US_2Y_Treasury:Z6,0.194,False
2019-11-01,17,42,US_2Y_Treasury:Z3,0.0957,False
2019-11-01,17,42,US_2Y_Treasury:Z12,0.0852,False
2019-11-01,17,42,US_2Y_Treasury:Z6_vel,0.0207,False
2019-11-01,17,42,US_2Y_Treasury:Z6_acc,0.0568,False
2019-11-01,17,42,WTI_Crude_Close:Z6,0.0626,False
2019-11-01,17,42,WTI_Crude_Close:Z3,0.0452,False
2019-11-01,17,42,WTI_Crude_Close:Z12,0.0111,False
2019-11-01,17,42,WTI_Crude_Close:Z6_vel,0.1775,False
2019-11-01,17,42,WTI_Crude_Close:Z6_acc,0.086,False
2019-11-01,17,42,Gold_Close:Z6,0.3863,True
2019-11-01,17,42,Gold_Close:Z3,0.277,True
2019-11-01,17,42,Gold_Close:Z12,0.2816,True
2019-11-01,17,42,Gold_Close:Z6_vel,0.0013,False
2019-11-01,17,42,Gold_Close:Z6_acc,0.0047,False
2019-11-01,17,42,M2_Money:Z6,0.0292,False
2019-11-01,17,42,M2_Money:Z3,0.0023,False
2019-11-01,17,42,M2_Money:Z12,0.0534,False
2019-11-01,17,42,M2_Money:Z6_vel,0.0594,False
2019-11-01,17,42,M2_Money:Z6_acc,0.0655,False
2019-11-01,17,42,Industrial_Production:Z6,0.0039,False
2019-11-01,17,42,Industrial_Production:Z3,0.0005,False
2019-11-01,17,42,Industrial_Production:Z12,0.0057,False
2019-11-01,17,42,Industrial_Production:Z6_vel,0.0001,False
2019-11-01,17,42,Industrial_Production:Z6_acc,0.044,False
2019-11-01,17,42,US_CPI:Z6,0.018,False
2019-11-01,17,42,US_CPI:Z3,0.018,False
2019-11-01,17,42,US_CPI:Z12,0.0088,False
2019-11-01,17,42,US_CPI:Z6_vel,0.0002,False
2019-11-01,17,42,US_CPI:Z6_acc,0.0,False
2019-11-01,17,42,Term_Spread_10Y_2Y:Z6,0.1343,False
2019-11-01,17,42,Term_Spread_10Y_2Y:Z3,0.109,False
2019-11-01,17,42,Term_Spread_10Y_2Y:Z12,0.3121,True
2019-11-01,17,42,Term_Spread_10Y_2Y:Z6_vel,0.0005,False
2019-11-01,17,42,Term_Spread_10Y_2Y:Z6_acc,0.0282,False
2019-11-01,17,42,Term_Spread_10Y_3M:Z6,0.0301,False
2019-11-01,17,42,Term_Spread_10Y_3M:Z3,0.0061,False
2019-11-01,17,42,Term_Spread_10Y_3M:Z12,0.2294,True
2019-11-01,17,42,Term_Spread_10Y_3M:Z6_vel,0.0307,False
2019-11-01,17,42,Term_Spread_10Y_3M:Z6_acc,0.0127,False
2019-11-01,17,42,VIX_Close:Z6,0.0821,False
2019-11-01,17,42,VIX_Close:Z3,0.001,False
2019-11-01,17,42,VIX_Close:Z12,0.0363,False
2019-11-01,17,42,VIX_Close:Z6_vel,0.0201,False
2019-11-01,17,42,VIX_Close:Z6_acc,0.0094,False
2019-11-01,17,42,Natural_Gas_Close:Z6,0.1117,False
2019-11-01,17,42,Natural_Gas_Close:Z3,0.1359,False
2019-11-01,17,42,Natural_Gas_Close:Z12,0.1263,False
2019-11-01,17,42,Natural_Gas_Close:Z6_vel,0.0711,False
2019-11-01,17,42,Natural_Gas_Close:Z6_acc,0.2154,True
2019-11-01,17,42,Platinum_Futures_Close:Z6,0.3058,True
2019-11-01,17,42,Platinum_Futures_Close:Z3,0.1724,False
2019-11-01,17,42,Platinum_Futures_Close:Z12,0.1178,False
2019-11-01,17,42,Platinum_Futures_Close:Z6_vel,0.0579,False
2019-12-01,17,42,Dollar_Index:Z6,0.0421,False
2019-12-01,17,42,Dollar_Index:Z3,0.0986,False
2019-12-01,17,42,Dollar_Index:Z12,0.0405,False
2019-12-01,17,42,Dollar_Index:Z6_vel,0.0164,False
2019-12-01,17,42,Dollar_Index:Z6_acc,0.0111,False
2019-12-01,17,42,GS10_Rate:Z6,0.0027,False
2019-12-01,17,42,GS10_Rate:Z3,0.0036,False
2019-12-01,17,42,GS10_Rate:Z12,0.0217,False
2019-12-01,17,42,GS10_Rate:Z6_vel,0.0129,False
2019-12-01,17,42,GS10_Rate:Z6_acc,0.0162,False
2019-12-01,17,42,Fed_Funds_Rate:Z6,0.0976,False
2019-12-01,17,42,Fed_Funds_Rate:Z3,0.0882,False
2019-12-01,17,42,Fed_Funds_Rate:Z12,0.116,False
2019-12-01,17,42,Fed_Funds_Rate:Z6_vel,0.0227,False
2019-12-01,17,42,Fed_Funds_Rate:Z6_acc,0.0625,False
2019-12-01,17,42,US_2Y_Treasury:Z6,0.194,False
2019-12-01,17,42,US_2Y_Treasury:Z3,0.0957,False
2019-12-01,17,42,US_2Y_Treasury:Z12,0.0852,False
2019-12-01,17,42,US_2Y_Treasury:Z6_vel,0.0207,False
2019-12-01,17,42,US_2Y_Treasury:Z6_acc,0.0568,False
2019-12-01,17,42,WTI_Crude_Close:Z6,0.0626,False
2019-12-01,17,42,WTI_Crude_Close:Z3,0.0452,False
2019-12-01,17,42,WTI_Crude_Close:Z12,0.0111,False
2019-12-01,17,42,WTI_Crude_Close:Z6_vel,0.1775,False
2019-12-01,17,42,WTI_Crude_Close:Z6_acc,0.086,False
2019-12-01,17,42,Gold_Close:Z6,0.3863,True
2019-12-01,17,42,Gold_Close:Z3,0.277,True
2019-12-01,17,42,Gold_Close:Z12,0.2816,True
2019-12-01,17,42,Gold_Close:Z6_vel,0.0013,False
2019-12-01,17,42,Gold_Close:Z6_acc,0.0047,False
2019-12-01,17,42,M2_Money:Z6,0.0292,False
2019-12-01,17,42,M2_Money:Z3,0.0023,False
2019-12-01,17,42,M2_Money:Z12,0.0534,False
2019-12-01,17,42,M2_Money:Z6_vel,0.0594,False
2019-12-01,17,42,M2_Money:Z6_acc,0.0655,False
2019-12-01,17,42,Industrial_Production:Z6,0.0039,False
2019-12-01,17,42,Industrial_Production:Z3,0.0005,False
2019-12-01,17,42,Industrial_Production:Z12,0.0057,False
2019-12-01,17,42,Industrial_Production:Z6_vel,0.0001,False
2019-12-01,17,42,Industrial_Production:Z6_acc,0.044,False
2019-12-01,17,42,US_CPI:Z6,0.018,False
2019-12-01,17,42,US_CPI:Z3,0.018,False
2019-12-01,17,42,US_CPI:Z12,0.0088,False
2019-12-01,17,42,US_CPI:Z6_vel,0.0002,False
2019-12-01,17,42,US_CPI:Z6_acc,0.0,False
2019-12-01,17,42,Term_Spread_10Y_2Y:Z6,0.1343,False
2019-12-01,17,42,Term_Spread_10Y_2Y:Z3,0.109,False
2019-12-01,17,42,Term_Spread_10Y_2Y:Z12,0.3121,True
2019-12-01,17,42,Term_Spread_10Y_2Y:Z6_vel,0.0005,False
2019-12-01,17,42,Term_Spread_10Y_2Y:Z6_acc,0.0282,False
2019-12-01,17,42,Term_Spread_10Y_3M:Z6,0.0301,False
2019-12-01,17,42,Term_Spread_10Y_3M:Z3,0.0061,False
2019-12-01,17,42,Term_Spread_10Y_3M:Z12,0.2294,True
2019-12-01,17,42,Term_Spread_10Y_3M:Z6_vel,0.0307,False
2019-12-01,17,42,Term_Spread_10Y_3M:Z6_acc,0.0127,False
2019-12-01,17,42,VIX_Close:Z6,0.0821,False
2019-12-01,17,42,VIX_Close:Z3,0.001,False
2019-12-01,17,42,VIX_Close:Z12,0.0363,False
2019-12-01,17,42,VIX_Close:Z6_vel,0.0201,False
2019-12-01,17,42,VIX_Close:Z6_acc,0.0094,False
2019-12-01,17,42,Natural_Gas_Close:Z6,0.1117,False
2019-12-01,17,42,Natural_Gas_Close:Z3,0.1359,False
2019-12-01,17,42,Natural_Gas_Close:Z12,0.1263,False
2019-12-01,17,42,Natural_Gas_Close:Z6_vel,0.0711,False
2019-12-01,17,42,Natural_Gas_Close:Z6_acc,0.2154,True
2019-12-01,17,42,Platinum_Futures_Close:Z6,0.3058,True
2019-12-01,17,42,Platinum_Futures_Close:Z3,0.1724,False
2019-12-01,17,42,Platinum_Futures_Close:Z12,0.1178,False
2019-12-01,17,42,Platinum_Futures_Close:Z6_vel,0.0579,False
2020-01-01,17,42,Dollar_Index:Z6,0.0421,False
2020-01-01,17,42,Dollar_Index:Z3,0.0986,False
2020-01-01,17,42,Dollar_Index:Z12,0.0405,False
2020-01-01,17,42,Dollar_Index:Z6_vel,0.0164,False
2020-01-01,17,42,Dollar_Index:Z6_acc,0.0111,False
2020-01-01,17,42,GS10_Rate:Z6,0.0027,False
2020-01-01,17,42,GS10_Rate:Z3,0.0036,False
2020-01-01,17,42,GS10_Rate:Z12,0.0217,False
2020-01-01,17,42,GS10_Rate:Z6_vel,0.0129,False
2020-01-01,17,42,GS10_Rate:Z6_acc,0.0162,False
2020-01-01,17,42,Fed_Funds_Rate:Z6,0.0976,False
2020-01-01,17,42,Fed_Funds_Rate:Z3,0.0882,False
2020-01-01,17,42,Fed_Funds_Rate:Z12,0.116,False
2020-01-01,17,42,Fed_Funds_Rate:Z6_vel,0.0227,False
2020-01-01,17,42,Fed_Funds_Rate:Z6_acc,0.0625,False
2020-01-01,17,42,US_2Y_Treasury:Z6,0.194,False
2020-01-01,17,42,US_2Y_Treasury:Z3,0.0957,False
2020-01-01,17,42,US_2Y_Treasury:Z12,0.0852,False
2020-01-01,17,42,US_2Y_Treasury:Z6_vel,0.0207,False
2020-01-01,17,42,US_2Y_Treasury:Z6_acc,0.0568,False
2020-01-01,17,42,WTI_Crude_Close:Z6,0.0626,False
2020-01-01,17,42,WTI_Crude_Close:Z3,0.0452,False
2020-01-01,17,42,WTI_Crude_Close:Z12,0.0111,False
2020-01-01,17,42,WTI_Crude_Close:Z6_vel,0.1775,False
2020-01-01,17,42,WTI_Crude_Close:Z6_acc,0.086,False
2020-01-01,17,42,Gold_Close:Z6,0.3863,True
2020-01-01,17,42,Gold_Close:Z3,0.277,True
2020-01-01,17,42,Gold_Close:Z12,0.2816,True
2020-01-01,17,42,Gold_Close:Z6_vel,0.0013,False
2020-01-01,17,42,Gold_Close:Z6_acc,0.0047,False
2020-01-01,17,42,M2_Money:Z6,0.0292,False
2020-01-01,17,42,M2_Money:Z3,0.0023,False
2020-01-01,17,42,M2_Money:Z12,0.0534,False
2020-01-01,17,42,M2_Money:Z6_vel,0.0594,False
2020-01-01,17,42,M2_Money:Z6_acc,0.0655,False
2020-01-01,17,42,Industrial_Production:Z6,0.0039,False
2020-01-01,17,42,Industrial_Production:Z3,0.0005,False
2020-01-01,17,42,Industrial_Production:Z12,0.0057,False
2020-01-01,17,42,Industrial_Production:Z6_vel,0.0001,False
2020-01-01,17,42,Industrial_Production:Z6_acc,0.044,False
2020-01-01,17,42,US_CPI:Z6,0.018,False
2020-01-01,17,42,US_CPI:Z3,0.018,False
2020-01-01,17,42,US_CPI:Z12,0.0088,False
2020-01-01,17,42,US_CPI:Z6_vel,0.0002,False
2020-01-01,17,42,US_CPI:Z6_acc,0.0,False
2020-01-01,17,42,Term_Spread_10Y_2Y:Z6,0.1343,False
2020-01-01,17,42,Term_Spread_10Y_2Y:Z3,0.109,False
2020-01-01,17,42,Term_Spread_10Y_2Y:Z12,0.3121,True
2020-01-01,17,42,Term_Spread_10Y_2Y:Z6_vel,0.0005,False
2020-01-01,17,42,Term_Spread_10Y_2Y:Z6_acc,0.0282,False
2020-01-01,17,42,Term_Spread_10Y_3M:Z6,0.0301,False
2020-01-01,17,42,Term_Spread_10Y_3M:Z3,0.0061,False
2020-01-01,17,42,Term_Spread_10Y_3M:Z12,0.2294,True
2020-01-01,17,42,Term_Spread_10Y_3M:Z6_vel,0.0307,False
2020-01-01,17,42,Term_Spread_10Y_3M:Z6_acc,0.0127,False
2020-01-01,17,42,VIX_Close:Z6,0.0821,False
2020-01-01,17,42,VIX_Close:Z3,0.001,False
2020-01-01,17,42,VIX_Close:Z12,0.0363,False
2020-01-01,17,42,VIX_Close:Z6_vel,0.0201,False
2020-01-01,17,42,VIX_Close:Z6_acc,0.0094,False
2020-01-01,17,42,Natural_Gas_Close:Z6,0.1117,False
2020-01-01,17,42,Natural_Gas_Close:Z3,0.1359,False
2020-01-01,17,42,Natural_Gas_Close:Z12,0.1263,False
2020-01-01,17,42,Natural_Gas_Close:Z6_vel,0.0711,False
2020-01-01,17,42,Natural_Gas_Close:Z6_acc,0.2154,True
2020-01-01,17,42,Platinum_Futures_Close:Z6,0.3058,True
2020-01-01,17,42,Platinum_Futures_Close:Z3,0.1724,False
2020-01-01,17,42,Platinum_Futures_Close:Z12,0.1178,False
2020-01-01,17,42,Platinum_Futures_Close:Z6_vel,0.0579,False
2020-02-01,17,43,Dollar_Index:Z6,0.0367,False
2020-02-01,17,43,Dollar_Index:Z3,0.0866,False
2020-02-01,17,43,Dollar_Index:Z12,0.036,False
2020-02-01,17,43,Dollar_Index:Z6_vel,0.0122,False
2020-02-01,17,43,Dollar_Index:Z6_acc,0.0096,False
2020-02-01,17,43,GS10_Rate:Z6,0.0044,False
2020-02-01,17,43,GS10_Rate:Z3,0.0028,False
2020-02-01,17,43,GS10_Rate:Z12,0.0128,False
2020-02-01,17,43,GS10_Rate:Z6_vel,0.0101,False
2020-02-01,17,43,GS10_Rate:Z6_acc,0.0186,False
2020-02-01,17,43,Fed_Funds_Rate:Z6,0.1059,False
2020-02-01,17,43,Fed_Funds_Rate:Z3,0.0972,False
2020-02-01,17,43,Fed_Funds_Rate:Z12,0.122,False
2020-02-01,17,43,Fed_Funds_Rate:Z6_vel,0.0294,False
2020-02-01,17,43,Fed_Funds_Rate:Z6_acc,0.0627,False
2020-02-01,17,43,US_2Y_Treasury:Z6,0.2048,True
2020-02-01,17,43,US_2Y_Treasury:Z3,0.094,False
2020-02-01,17,43,US_2Y_Treasury:Z12,0.097,False
2020-02-01,17,43,US_2Y_Treasury:Z6_vel,0.0163,False
2020-02-01,17,43,US_2Y_Treasury:Z6_acc,0.062,False
2020-02-01,17,43,WTI_Crude_Close:Z6,0.0702,False
2020-02-01,17,43,WTI_Crude_Close:Z3,0.0435,False
2020-02-01,17,43,WTI_Crude_Close:Z12,0.0144,False
2020-02-01,17,43,WTI_Crude_Close:Z6_vel,0.1773,False
2020-02-01,17,43,WTI_Crude_Close:Z6_acc,0.0771,False
2020-02-01,17,43,Gold_Close:Z6,0.2968,True
2020-02-01,17,43,Gold_Close:Z3,0.2441,True
2020-02-01,17,43,Gold_Close:Z12,0.2321,True
2020-02-01,17,43,Gold_Close:Z6_vel,0.0007,False
2020-02-01,17,43,Gold_Close:Z6_acc,0.003,False
2020-02-01,17,43,M2_Money:Z6,0.0326,False
2020-02-01,17,43,M2_Money:Z3,0.003,False
2020-02-01,17,43,M2_Money:Z12,0.0525,False
2020-02-01,17,43,M2_Money:Z6_vel,0.0578,False
2020-02-01,17,43,M2_Money:Z6_acc,0.0691,False
2020-02-01,17,43,Industrial_Production:Z6,0.002,False
2020-02-01,17,43,Industrial_Production:Z3,0.0001,False
2020-02-01,17,43,Industrial_Production:Z12,0.0089,False
2020-02-01,17,43,Industrial_Production:Z6_vel,0.0004,False
2020-02-01,17,43,Industrial_Production:Z6_acc,0.0528,False
2020-02-01,17,43,US_CPI:Z6,0.0185,False
2020-02-01,17,43,US_CPI:Z3,0.0182,False
2020-02-01,17,43,US_CPI:Z12,0.0093,False
2020-02-01,17,43,US_CPI:Z6_vel,0.001,False
2020-02-01,17,43,US_CPI:Z6_acc,0.0,False
2020-02-01,17,43,Term_Spread_10Y_2Y:Z6,0.1282,False
2020-02-01,17,43,Term_Spread_10Y_2Y:Z3,0.1061,False
2020-02-01,17,43,Term_Spread_10Y_2Y:Z12,0.3,True
2020-02-01,17,43,Term_Spread_10Y_2Y:Z6_vel,0.0007,False
2020-02-01,17,43,Term_Spread_10Y_2Y:Z6_acc,0.0246,False
2020-02-01,17,43,Term_Spread_10Y_3M:Z6,0.0314,False
2020-02-01,17,43,Term_Spread_10Y_3M:Z3,0.0088,False
2020-02-01,17,43,Term_Spread_10Y_3M:Z12,0.2135,True
2020-02-01,17,43,Term_Spread_10Y_3M:Z6_vel,0.0218,False
2020-02-01,17,43,Term_Spread_10Y_3M:Z6_acc,0.0093,False
2020-02-01,17,43,VIX_Close:Z6,0.0672,False
2020-02-01,17,43,VIX_Close:Z3,0.0038,False
2020-02-01,17,43,VIX_Close:Z12,0.0225,False
2020-02-01,17,43,VIX_Close:Z6_vel,0.0094,False
2020-02-01,17,43,VIX_Close:Z6_acc,0.0061,False
2020-02-01,17,43,Natural_Gas_Close:Z6,0.1127,False
2020-02-01,17,43,Natural_Gas_Close:Z3,0.1526,False
2020-02-01,17,43,Natural_Gas_Close:Z12,0.1016,False
2020-02-01,17,43,Natural_Gas_Close:Z6_vel,0.0494,False
2020-02-01,17,43,Natural_Gas_Close:Z6_acc,0.1889,False
2020-02-01,17,43,Platinum_Futures_Close:Z6,0.2362,True
2020-02-01,17,43,Platinum_Futures_Close:Z3,0.0926,False
2020-02-01,17,43,Platinum_Futures_Close:Z12,0.0865,False
2020-02-01,17,43,Platinum_Futures_Close:Z6_vel,0.0436,False
2020-03-01,1,101,Dollar_Index:Z6,0.0001,False
2020-03-01,1,101,Dollar_Index:Z3,0.0406,False
2020-03-01,1,101,Dollar_Index:Z12,0.0414,False
2020-03-01,1,101,Dollar_Index:Z6_vel,0.1112,False
2020-03-01,1,101,Dollar_Index:Z6_acc,0.0025,False
2020-03-01,1,101,GS10_Rate:Z6,0.0306,False
2020-03-01,1,101,GS10_Rate:Z3,0.0041,False
2020-03-01,1,101,GS10_Rate:Z12,0.0006,False
2020-03-01,1,101,GS10_Rate:Z6_vel,0.0041,False
2020-03-01,1,101,GS10_Rate:Z6_acc,0.0021,False
2020-03-01,1,101,Fed_Funds_Rate:Z6,0.0,False
2020-03-01,1,101,Fed_Funds_Rate:Z3,0.0005,False
2020-03-01,1,101,Fed_Funds_Rate:Z12,0.0464,False
2020-03-01,1,101,Fed_Funds_Rate:Z6_vel,0.0219,False
2020-03-01,1,101,Fed_Funds_Rate:Z6_acc,0.0071,False
2020-03-01,1,101,US_2Y_Treasury:Z6,0.1032,False
2020-03-01,1,101,US_2Y_Treasury:Z3,0.0336,False
2020-03-01,1,101,US_2Y_Treasury:Z12,0.0048,False
2020-03-01,1,101,US_2Y_Treasury:Z6_vel,0.0005,False
2020-03-01,1,101,US_2Y_Treasury:Z6_acc,0.0118,False
2020-03-01,1,101,WTI_Crude_Close:Z6,0.057,False
2020-03-01,1,101,WTI_Crude_Close:Z3,0.0052,False
2020-03-01,1,101,WTI_Crude_Close:Z12,0.0832,False
2020-03-01,1,101,WTI_Crude_Close:Z6_vel,0.0358,False
2020-03-01,1,101,WTI_Crude_Close:Z6_acc,0.0194,False
2020-03-01,1,101,Gold_Close:Z6,0.0987,False
2020-03-01,1,101,Gold_Close:Z3,0.2515,True
2020-03-01,1,101,Gold_Close:Z12,0.0107,False
2020-03-01,1,101,Gold_Close:Z6_vel,0.0617,False
2020-03-01,1,101,Gold_Close:Z6_acc,0.0011,False
2020-03-01,1,101,M2_Money:Z6,0.0527,False
2020-03-01,1,101,M2_Money:Z3,0.041,False
2020-03-01,1,101,M2_Money:Z12,0.0483,False
2020-03-01,1,101,M2_Money:Z6_vel,0.0117,False
2020-03-01,1,101,M2_Money:Z6_acc,0.0757,False
2020-03-01,1,101,Industrial_Production:Z6,0.0,False
2020-03-01,1,101,Industrial_Production:Z3,0.0113,False
2020-03-01,1,101,Industrial_Production:Z12,0.0171,False
2020-03-01,1,101,Industrial_Production:Z6_vel,0.0086,False
2020-03-01,1,101,Industrial_Production:Z6_acc,0.0001,False
2020-03-01,1,101,US_CPI:Z6,0.1922,False
2020-03-01,1,101,US_CPI:Z3,0.061,False
2020-03-01,1,101,US_CPI:Z12,0.169,False
2020-03-01,1,101,US_CPI:Z6_vel,0.0012,False
2020-03-01,1,101,US_CPI:Z6_acc,0.0661,False
2020-03-01,1,101,Term_Spread_10Y_2Y:Z6,0.0208,False
2020-03-01,1,101,Term_Spread_10Y_2Y:Z3,0.0269,False
2020-03-01,1,101,Term_Spread_10Y_2Y:Z12,0.0345,False
2020-03-01,1,101,Term_Spread_10Y_2Y:Z6_vel,0.0393,False
2020-03-01,1,101,Term_Spread_10Y_2Y:Z6_acc,0.0149,False
2020-03-01,1,101,Term_Spread_10Y_3M:Z6,0.0309,False
2020-03-01,1,101,Term_Spread_10Y_3M:Z3,0.0077,False
2020-03-01,1,101,Term_Spread_10Y_3M:Z12,0.0571,False
2020-03-01,1,101,Term_Spread_10Y_3M:Z6_vel,0.0215,False
2020-03-01,1,101,Term_Spread_10Y_3M:Z6_acc,0.0134,False
2020-03-01,1,101,VIX_Close:Z6,0.0032,False
2020-03-01,1,101,VIX_Close:Z3,0.0085,False
2020-03-01,1,101,VIX_Close:Z12,0.0379,False
2020-03-01,1,101,VIX_Close:Z6_vel,0.0004,False
2020-03-01,1,101,VIX_Close:Z6_acc,0.0135,False
2020-03-01,1,101,Natural_Gas_Close:Z6,0.0213,False
2020-03-01,1,101,Natural_Gas_Close:Z3,0.0644,False
2020-03-01,1,101,Natural_Gas_Close:Z12,0.0453,False
2020-03-01,1,101,Natural_Gas_Close:Z6_vel,0.0367,False
2020-03-01,1,101,Natural_Gas_Close:Z6_acc,0.0055,False
2020-03-01,1,101,Platinum_Futures_Close:Z6,0.0705,False
2020-03-01,1,101,Platinum_Futures_Close:Z3,0.0516,False
2020-03-01,1,101,Platinum_Futures_Close:Z12,0.0012,False
2020-03-01,1,101,Platinum_Futures_Close:Z6_vel,0.164,False
2020-03-01,1,101,Platinum_Futures_Close:Z6_acc,0.1206,False
2020-04-01,1,101,Dollar_Index:Z6,0.0001,False
2020-04-01,1,101,Dollar_Index:Z3,0.0406,False
2020-04-01,1,101,Dollar_Index:Z12,0.0414,False
2020-04-01,1,101,Dollar_Index:Z6_vel,0.1112,False
2020-04-01,1,101,Dollar_Index:Z6_acc,0.0025,False
2020-04-01,1,101,GS10_Rate:Z6,0.0306,False
2020-04-01,1,101,GS10_Rate:Z3,0.0041,False
2020-04-01,1,101,GS10_Rate:Z12,0.0006,False
2020-04-01,1,101,GS10_Rate:Z6_vel,0.0041,False
2020-04-01,1,101,GS10_Rate:Z6_acc,0.0021,False
2020-04-01,1,101,Fed_Funds_Rate:Z6,0.0,False
2020-04-01,1,101,Fed_Funds_Rate:Z3,0.0005,False
2020-04-01,1,101,Fed_Funds_Rate:Z12,0.0464,False
2020-04-01,1,101,Fed_Funds_Rate:Z6_vel,0.0219,False
2020-04-01,1,101,Fed_Funds_Rate:Z6_acc,0.0071,False
2020-04-01,1,101,US_2Y_Treasury:Z6,0.1032,False
2020-04-01,1,101,US_2Y_Treasury:Z3,0.0336,False
2020-04-01,1,101,US_2Y_Treasury:Z12,0.0048,False
2020-04-01,1,101,US_2Y_Treasury:Z6_vel,0.0005,False
2020-04-01,1,101,US_2Y_Treasury:Z6_acc,0.0118,False
2020-04-01,1,101,WTI_Crude_Close:Z6,0.057,False
2020-04-01,1,101,WTI_Crude_Close:Z3,0.0052,False
2020-04-01,1,101,WTI_Crude_Close:Z12,0.0832,False
2020-04-01,1,101,WTI_Crude_Close:Z6_vel,0.0358,False
2020-04-01,1,101,WTI_Crude_Close:Z6_acc,0.0194,False
2020-04-01,1,101,Gold_Close:Z6,0.0987,False
2020-04-01,1,101,Gold_Close:Z3,0.2515,True
2020-04-01,1,101,Gold_Close:Z12,0.0107,False
2020-04-01,1,101,Gold_Close:Z6_vel,0.0617,False
2020-04-01,1,101,Gold_Close:Z6_acc,0.0011,False
2020-04-01,1,101,M2_Money:Z6,0.0527,False
2020-04-01,1,101,M2_Money:Z3,0.041,False
2020-04-01,1,101,M2_Money:Z12,0.0483,False
2020-04-01,1,101,M2_Money:Z6_vel,0.0117,False
2020-04-01,1,101,M2_Money:Z6_acc,0.0757,False
2020-04-01,1,101,Industrial_Production:Z6,0.0,False
2020-04-01,1,101,Industrial_Production:Z3,0.0113,False
2020-04-01,1,101,Industrial_Production:Z12,0.0171,False
2020-04-01,1,101,Industrial_Production:Z6_vel,0.0086,False
2020-04-01,1,101,Industrial_Production:Z6_acc,0.0001,False
2020-04-01,1,101,US_CPI:Z6,0.1922,False
2020-04-01,1,101,US_CPI:Z3,0.061,False
2020-04-01,1,101,US_CPI:Z12,0.169,False
2020-04-01,1,101,US_CPI:Z6_vel,0.0012,False
2020-04-01,1,101,US_CPI:Z6_acc,0.0661,False
2020-04-01,1,101,Term_Spread_10Y_2Y:Z6,0.0208,False
2020-04-01,1,101,Term_Spread_10Y_2Y:Z3,0.0269,False
2020-04-01,1,101,Term_Spread_10Y_2Y:Z12,0.0345,False
2020-04-01,1,101,Term_Spread_10Y_2Y:Z6_vel,0.0393,False
2020-04-01,1,101,Term_Spread_10Y_2Y:Z6_acc,0.0149,False
2020-04-01,1,101,Term_Spread_10Y_3M:Z6,0.0309,False
2020-04-01,1,101,Term_Spread_10Y_3M:Z3,0.0077,False
2020-04-01,1,101,Term_Spread_10Y_3M:Z12,0.0571,False
2020-04-01,1,101,Term_Spread_10Y_3M:Z6_vel,0.0215,False
2020-04-01,1,101,Term_Spread_10Y_3M:Z6_acc,0.0134,False
2020-04-01,1,101,VIX_Close:Z6,0.0032,False
2020-04-01,1,101,VIX_Close:Z3,0.0085,False
2020-04-01,1,101,VIX_Close:Z12,0.0379,False
2020-04-01,1,101,VIX_Close:Z6_vel,0.0004,False
2020-04-01,1,101,VIX_Close:Z6_acc,0.0135,False
2020-04-01,1,101,Natural_Gas_Close:Z6,0.0213,False
2020-04-01,1,101,Natural_Gas_Close:Z3,0.0644,False
2020-04-01,1,101,Natural_Gas_Close:Z12,0.0453,False
2020-04-01,1,101,Natural_Gas_Close:Z6_vel,0.0367,False
2020-04-01,1,101,Natural_Gas_Close:Z6_acc,0.0055,False
2020-04-01,1,101,Platinum_Futures_Close:Z6,0.0705,False
2020-04-01,1,101,Platinum_Futures_Close:Z3,0.0516,False
2020-04-01,1,101,Platinum_Futures_Close:Z12,0.0012,False
2020-04-01,1,101,Platinum_Futures_Close:Z6_vel,0.164,False
2020-04-01,1,101,Platinum_Futures_Close:Z6_acc,0.1206,False
2020-05-01,1,101,Dollar_Index:Z6,0.0001,False
2020-05-01,1,101,Dollar_Index:Z3,0.0406,False
2020-05-01,1,101,Dollar_Index:Z12,0.0414,False
2020-05-01,1,101,Dollar_Index:Z6_vel,0.1112,False
2020-05-01,1,101,Dollar_Index:Z6_acc,0.0025,False
2020-05-01,1,101,GS10_Rate:Z6,0.0306,False
2020-05-01,1,101,GS10_Rate:Z3,0.0041,False
2020-05-01,1,101,GS10_Rate:Z12,0.0006,False
2020-05-01,1,101,GS10_Rate:Z6_vel,0.0041,False
2020-05-01,1,101,GS10_Rate:Z6_acc,0.0021,False
2020-05-01,1,101,Fed_Funds_Rate:Z6,0.0,False
2020-05-01,1,101,Fed_Funds_Rate:Z3,0.0005,False
2020-05-01,1,101,Fed_Funds_Rate:Z12,0.0464,False
2020-05-01,1,101,Fed_Funds_Rate:Z6_vel,0.0219,False
2020-05-01,1,101,Fed_Funds_Rate:Z6_acc,0.0071,False
2020-05-01,1,101,US_2Y_Treasury:Z6,0.1032,False
2020-05-01,1,101,US_2Y_Treasury:Z3,0.0336,False
2020-05-01,1,101,US_2Y_Treasury:Z12,0.0048,False
2020-05-01,1,101,US_2Y_Treasury:Z6_vel,0.0005,False
2020-05-01,1,101,US_2Y_Treasury:Z6_acc,0.0118,False
2020-05-01,1,101,WTI_Crude_Close:Z6,0.057,False
2020-05-01,1,101,WTI_Crude_Close:Z3,0.0052,False
2020-05-01,1,101,WTI_Crude_Close:Z12,0.0832,False
2020-05-01,1,101,WTI_Crude_Close:Z6_vel,0.0358,False
2020-05-01,1,101,WTI_Crude_Close:Z6_acc,0.0194,False
2020-05-01,1,101,Gold_Close:Z6,0.0987,False
2020-05-01,1,101,Gold_Close:Z3,0.2515,True
2020-05-01,1,101,Gold_Close:Z12,0.0107,False
2020-05-01,1,101,Gold_Close:Z6_vel,0.0617,False
2020-05-01,1,101,Gold_Close:Z6_acc,0.0011,False
2020-05-01,1,101,M2_Money:Z6,0.0527,False
2020-05-01,1,101,M2_Money:Z3,0.041,False
2020-05-01,1,101,M2_Money:Z12,0.0483,False
2020-05-01,1,101,M2_Money:Z6_vel,0.0117,False
2020-05-01,1,101,M2_Money:Z6_acc,0.0757,False
2020-05-01,1,101,Industrial_Production:Z6,0.0,False
2020-05-01,1,101,Industrial_Production:Z3,0.0113,False
2020-05-01,1,101,Industrial_Production:Z12,0.0171,False
2020-05-01,1,101,Industrial_Production:Z6_vel,0.0086,False
2020-05-01,1,101,Industrial_Production:Z6_acc,0.0001,False
2020-05-01,1,101,US_CPI:Z6,0.1922,False
2020-05-01,1,101,US_CPI:Z3,0.061,False
2020-05-01,1,101,US_CPI:Z12,0.169,False
2020-05-01,1,101,US_CPI:Z6_vel,0.0012,False
2020-05-01,1,101,US_CPI:Z6_acc,0.0661,False
2020-05-01,1,101,Term_Spread_10Y_2Y:Z6,0.0208,False
2020-05-01,1,101,Term_Spread_10Y_2Y:Z3,0.0269,False
2020-05-01,1,101,Term_Spread_10Y_2Y:Z12,0.0345,False
2020-05-01,1,101,Term_Spread_10Y_2Y:Z6_vel,0.0393,False
2020-05-01,1,101,Term_Spread_10Y_2Y:Z6_acc,0.0149,False
2020-05-01,1,101,Term_Spread_10Y_3M:Z6,0.0309,False
2020-05-01,1,101,Term_Spread_10Y_3M:Z3,0.0077,False
2020-05-01,1,101,Term_Spread_10Y_3M:Z12,0.0571,False
2020-05-01,1,101,Term_Spread_10Y_3M:Z6_vel,0.0215,False
2020-05-01,1,101,Term_Spread_10Y_3M:Z6_acc,0.0134,False
2020-05-01,1,101,VIX_Close:Z6,0.0032,False
2020-05-01,1,101,VIX_Close:Z3,0.0085,False
2020-05-01,1,101,VIX_Close:Z12,0.0379,False
2020-05-01,1,101,VIX_Close:Z6_vel,0.0004,False
2020-05-01,1,101,VIX_Close:Z6_acc,0.0135,False
2020-05-01,1,101,Natural_Gas_Close:Z6,0.0213,False
2020-05-01,1,101,Natural_Gas_Close:Z3,0.0644,False
2020-05-01,1,101,Natural_Gas_Close:Z12,0.0453,False
2020-05-01,1,101,Natural_Gas_Close:Z6_vel,0.0367,False
2020-05-01,1,101,Natural_Gas_Close:Z6_acc,0.0055,False
2020-05-01,1,101,Platinum_Futures_Close:Z6,0.0705,False
2020-05-01,1,101,Platinum_Futures_Close:Z3,0.0516,False
2020-05-01,1,101,Platinum_Futures_Close:Z12,0.0012,False
2020-05-01,1,101,Platinum_Futures_Close:Z6_vel,0.164,False
2020-05-01,1,101,Platinum_Futures_Close:Z6_acc,0.1206,False
2020-06-01,13,46,GS10_Rate:Z6,0.0132,False
2020-06-01,13,46,GS10_Rate:Z3,0.0003,False
2020-06-01,13,46,GS10_Rate:Z12,0.0258,False
2020-06-01,13,46,GS10_Rate:Z6_vel,0.017,False
2020-06-01,13,46,GS10_Rate:Z6_acc,0.0372,False
2020-06-01,13,46,Industrial_Production:Z6,0.1356,False
2020-06-01,13,46,Industrial_Production:Z3,0.1226,False
2020-06-01,13,46,Industrial_Production:Z12,0.0615,False
2020-06-01,13,46,Industrial_Production:Z6_vel,0.016,False
2020-06-01,13,46,Industrial_Production:Z6_acc,0.0334,False
2020-07-01,13,46,GS10_Rate:Z6,0.0132,False
2020-07-01,13,46,GS10_Rate:Z3,0.0003,False
2020-07-01,13,46,GS10_Rate:Z12,0.0258,False
2020-07-01,13,46,GS10_Rate:Z6_vel,0.017,False
2020-07-01,13,46,GS10_Rate:Z6_acc,0.0372,False
2020-07-01,13,46,Industrial_Production:Z6,0.1356,False
2020-07-01,13,46,Industrial_Production:Z3,0.1226,False
2020-07-01,13,46,Industrial_Production:Z12,0.0615,False
2020-07-01,13,46,Industrial_Production:Z6_vel,0.016,False
2020-07-01,13,46,Industrial_Production:Z6_acc,0.0334,False
2020-08-01,13,46,GS10_Rate:Z6,0.0132,False
2020-08-01,13,46,GS10_Rate:Z3,0.0003,False
2020-08-01,13,46,GS10_Rate:Z12,0.0258,False
2020-08-01,13,46,GS10_Rate:Z6_vel,0.017,False
2020-08-01,13,46,GS10_Rate:Z6_acc,0.0372,False
2020-08-01,13,46,Industrial_Production:Z6,0.1356,False
2020-08-01,13,46,Industrial_Production:Z3,0.1226,False
2020-08-01,13,46,Industrial_Production:Z12,0.0615,False
2020-08-01,13,46,Industrial_Production:Z6_vel,0.016,False
2020-08-01,13,46,Industrial_Production:Z6_acc,0.0334,False
2020-09-01,25,25,GS10_Rate:Z6,0.1092,False
2020-09-01,25,25,GS10_Rate:Z3,0.0883,False
2020-09-01,25,25,GS10_Rate:Z12,0.1668,False
2020-09-01,25,25,GS10_Rate:Z6_vel,0.0618,False
2020-09-01,25,25,GS10_Rate:Z6_acc,0.0107,False
2020-09-01,25,25,Industrial_Production:Z6,0.0057,False
2020-09-01,25,25,Industrial_Production:Z3,0.0383,False
2020-09-01,25,25,Industrial_Production:Z12,0.003,False
2020-09-01,25,25,Industrial_Production:Z6_vel,0.0015,False
2020-09-01,25,25,Industrial_Production:Z6_acc,0.0062,False
2020-10-01,25,25,GS10_Rate:Z6,0.1092,False
2020-10-01,25,25,GS10_Rate:Z3,0.0883,False
2020-10-01,25,25,GS10_Rate:Z12,0.1668,False
2020-10-01,25,25,GS10_Rate:Z6_vel,0.0618,False
2020-10-01,25,25,GS10_Rate:Z6_acc,0.0107,False
2020-10-01,25,25,Industrial_Production:Z6,0.0057,False
2020-10-01,25,25,Industrial_Production:Z3,0.0383,False
2020-10-01,25,25,Industrial_Production:Z12,0.003,False
2020-10-01,25,25,Industrial_Production:Z6_vel,0.0015,False
2020-10-01,25,25,Industrial_Production:Z6_acc,0.0062,False
2022-03-01,2,322,Dollar_Index:Z6,0.0056,False
2022-03-01,2,322,Dollar_Index:Z3,0.0008,False
2022-03-01,2,322,Dollar_Index:Z12,0.0646,False
2022-03-01,2,322,Dollar_Index:Z6_vel,0.0017,False
2022-03-01,2,322,Dollar_Index:Z6_acc,0.0168,False
2022-03-01,2,322,GS10_Rate:Z6,0.004,False
2022-03-01,2,322,GS10_Rate:Z3,0.0015,False
2022-03-01,2,322,GS10_Rate:Z12,0.0018,False
2022-03-01,2,322,GS10_Rate:Z6_vel,0.0069,False
2022-03-01,2,322,GS10_Rate:Z6_acc,0.0059,False
2022-03-01,2,322,Fed_Funds_Rate:Z6,0.0027,False
2022-03-01,2,322,Fed_Funds_Rate:Z3,0.0217,False
2022-03-01,2,322,Fed_Funds_Rate:Z12,0.0326,False
2022-03-01,2,322,Fed_Funds_Rate:Z6_vel,0.0021,False
2022-03-01,2,322,Fed_Funds_Rate:Z6_acc,0.002,False
2022-03-01,2,322,US_2Y_Treasury:Z6,0.021,False
2022-03-01,2,322,US_2Y_Treasury:Z3,0.0326,False
2022-03-01,2,322,US_2Y_Treasury:Z12,0.0009,False
2022-03-01,2,322,US_2Y_Treasury:Z6_vel,0.0085,False
2022-03-01,2,322,US_2Y_Treasury:Z6_acc,0.0282,False
2022-03-01,2,322,WTI_Crude_Close:Z6,0.0017,False
2022-03-01,2,322,WTI_Crude_Close:Z3,0.002,False
2022-03-01,2,322,WTI_Crude_Close:Z12,0.0001,False
2022-03-01,2,322,WTI_Crude_Close:Z6_vel,0.0101,False
2022-03-01,2,322,WTI_Crude_Close:Z6_acc,0.0175,False
2022-03-01,2,322,Gold_Close:Z6,0.0028,False
2022-03-01,2,322,Gold_Close:Z3,0.0072,False
2022-03-01,2,322,Gold_Close:Z12,0.0,False
2022-03-01,2,322,Gold_Close:Z6_vel,0.0082,False
2022-03-01,2,322,Gold_Close:Z6_acc,0.0014,False
2022-03-01,2,322,M2_Money:Z6,0.0013,False
2022-03-01,2,322,M2_Money:Z3,0.0006,False
2022-03-01,2,322,M2_Money:Z12,0.0246,False
2022-03-01,2,322,M2_Money:Z6_vel,0.0212,False
2022-03-01,2,322,M2_Money:Z6_acc,0.0001,False
2022-03-01,2,322,Industrial_Production:Z6,0.0004,False
2022-03-01,2,322,Industrial_Production:Z3,0.0021,False
2022-03-01,2,322,Industrial_Production:Z12,0.0122,False
2022-03-01,2,322,Industrial_Production:Z6_vel,0.0,False
2022-03-01,2,322,Industrial_Production:Z6_acc,0.001,False
2022-03-01,2,322,US_CPI:Z6,0.0091,False
2022-03-01,2,322,US_CPI:Z3,0.004,False
2022-03-01,2,322,US_CPI:Z12,0.0126,False
2022-03-01,2,322,US_CPI:Z6_vel,0.0306,False
2022-03-01,2,322,US_CPI:Z6_acc,0.0197,False
2022-03-01,2,322,Term_Spread_10Y_2Y:Z6,0.0694,False
2022-03-01,2,322,Term_Spread_10Y_2Y:Z3,0.0242,False
2022-03-01,2,322,Term_Spread_10Y_2Y:Z12,0.0144,False
2022-03-01,2,322,Term_Spread_10Y_2Y:Z6_vel,0.0006,False
2022-03-01,2,322,Term_Spread_10Y_2Y:Z6_acc,0.0149,False
2022-03-01,2,322,Term_Spread_10Y_3M:Z6,0.022,False
2022-03-01,2,322,Term_Spread_10Y_3M:Z3,0.0401,False
2022-03-01,2,322,Term_Spread_10Y_3M:Z12,0.0019,False
2022-03-01,2,322,Term_Spread_10Y_3M:Z6_vel,0.0091,False
2022-03-01,2,322,Term_Spread_10Y_3M:Z6_acc,0.0084,False
2022-03-01,2,322,VIX_Close:Z6,0.1357,False
2022-03-01,2,322,VIX_Close:Z3,0.0505,False
2022-03-01,2,322,VIX_Close:Z12,0.1054,False
2022-03-01,2,322,VIX_Close:Z6_vel,0.017,False
2022-03-01,2,322,VIX_Close:Z6_acc,0.0002,False
2022-03-01,2,322,Natural_Gas_Close:Z6,0.2781,True
2022-03-01,2,322,Natural_Gas_Close:Z3,0.1933,False
2022-03-01,2,322,Natural_Gas_Close:Z12,0.14,False
2022-03-01,2,322,Natural_Gas_Close:Z6_vel,0.0015,False
2022-03-01,2,322,Natural_Gas_Close:Z6_acc,0.0003,False
2022-03-01,2,322,Platinum_Futures_Close:Z6,0.4388,True
2022-03-01,2,322,Platinum_Futures_Close:Z3,0.2077,True
2022-03-01,2,322,Platinum_Futures_Close:Z12,0.2402,True
2022-03-01,2,322,Platinum_Futures_Close:Z6_vel,0.1384,False
2022-03-01,2,322,Platinum_Futures_Close:Z6_acc,0.1259,False
2022-04-01,2,322,Dollar_Index:Z6,0.0056,False
2022-04-01,2,322,Dollar_Index:Z3,0.0008,False
2022-04-01,2,322,Dollar_Index:Z12,0.0646,False
2022-04-01,2,322,Dollar_Index:Z6_vel,0.0017,False
2022-04-01,2,322,Dollar_Index:Z6_acc,0.0168,False
2022-04-01,2,322,GS10_Rate:Z6,0.004,False
2022-04-01,2,322,GS10_Rate:Z3,0.0015,False
2022-04-01,2,322,GS10_Rate:Z12,0.0018,False
2022-04-01,2,322,GS10_Rate:Z6_vel,0.0069,False
2022-04-01,2,322,GS10_Rate:Z6_acc,0.0059,False
2022-04-01,2,322,Fed_Funds_Rate:Z6,0.0027,False
2022-04-01,2,322,Fed_Funds_Rate:Z3,0.0217,False
2022-04-01,2,322,Fed_Funds_Rate:Z12,0.0326,False
2022-04-01,2,322,Fed_Funds_Rate:Z6_vel,0.0021,False
2022-04-01,2,322,Fed_Funds_Rate:Z6_acc,0.002,False
2022-04-01,2,322,US_2Y_Treasury:Z6,0.021,False
2022-04-01,2,322,US_2Y_Treasury:Z3,0.0326,False
2022-04-01,2,322,US_2Y_Treasury:Z12,0.0009,False
2022-04-01,2,322,US_2Y_Treasury:Z6_vel,0.0085,False
2022-04-01,2,322,US_2Y_Treasury:Z6_acc,0.0282,False
2022-04-01,2,322,WTI_Crude_Close:Z6,0.0017,False
2022-04-01,2,322,WTI_Crude_Close:Z3,0.002,False
2022-04-01,2,322,WTI_Crude_Close:Z12,0.0001,False
2022-04-01,2,322,WTI_Crude_Close:Z6_vel,0.0101,False
2022-04-01,2,322,WTI_Crude_Close:Z6_acc,0.0175,False
2022-04-01,2,322,Gold_Close:Z6,0.0028,False
2022-04-01,2,322,Gold_Close:Z3,0.0072,False
2022-04-01,2,322,Gold_Close:Z12,0.0,False
2022-04-01,2,322,Gold_Close:Z6_vel,0.0082,False
2022-04-01,2,322,Gold_Close:Z6_acc,0.0014,False
2022-04-01,2,322,M2_Money:Z6,0.0013,False
2022-04-01,2,322,M2_Money:Z3,0.0006,False
2022-04-01,2,322,M2_Money:Z12,0.0246,False
2022-04-01,2,322,M2_Money:Z6_vel,0.0212,False
2022-04-01,2,322,M2_Money:Z6_acc,0.0001,False
2022-04-01,2,322,Industrial_Production:Z6,0.0004,False
2022-04-01,2,322,Industrial_Production:Z3,0.0021,False
2022-04-01,2,322,Industrial_Production:Z12,0.0122,False
2022-04-01,2,322,Industrial_Production:Z6_vel,0.0,False
2022-04-01,2,322,Industrial_Production:Z6_acc,0.001,False
2022-04-01,2,322,US_CPI:Z6,0.0091,False
2022-04-01,2,322,US_CPI:Z3,0.004,False
2022-04-01,2,322,US_CPI:Z12,0.0126,False
2022-04-01,2,322,US_CPI:Z6_vel,0.0306,False
2022-04-01,2,322,US_CPI:Z6_acc,0.0197,False
2022-04-01,2,322,Term_Spread_10Y_2Y:Z6,0.0694,False
2022-04-01,2,322,Term_Spread_10Y_2Y:Z3,0.0242,False
2022-04-01,2,322,Term_Spread_10Y_2Y:Z12,0.0144,False
2022-04-01,2,322,Term_Spread_10Y_2Y:Z6_vel,0.0006,False
2022-04-01,2,322,Term_Spread_10Y_2Y:Z6_acc,0.0149,False
2022-04-01,2,322,Term_Spread_10Y_3M:Z6,0.022,False
2022-04-01,2,322,Term_Spread_10Y_3M:Z3,0.0401,False
2022-04-01,2,322,Term_Spread_10Y_3M:Z12,0.0019,False
2022-04-01,2,322,Term_Spread_10Y_3M:Z6_vel,0.0091,False
2022-04-01,2,322,Term_Spread_10Y_3M:Z6_acc,0.0084,False
2022-04-01,2,322,VIX_Close:Z6,0.1357,False
2022-04-01,2,322,VIX_Close:Z3,0.0505,False
2022-04-01,2,322,VIX_Close:Z12,0.1054,False
2022-04-01,2,322,VIX_Close:Z6_vel,0.017,False
2022-04-01,2,322,VIX_Close:Z6_acc,0.0002,False
2022-04-01,2,322,Natural_Gas_Close:Z6,0.2781,True
2022-04-01,2,322,Natural_Gas_Close:Z3,0.1933,False
2022-04-01,2,322,Natural_Gas_Close:Z12,0.14,False
2022-04-01,2,322,Natural_Gas_Close:Z6_vel,0.0015,False
2022-04-01,2,322,Natural_Gas_Close:Z6_acc,0.0003,False
2022-04-01,2,322,Platinum_Futures_Close:Z6,0.4388,True
2022-04-01,2,322,Platinum_Futures_Close:Z3,0.2077,True
2022-04-01,2,322,Platinum_Futures_Close:Z12,0.2402,True
2022-04-01,2,322,Platinum_Futures_Close:Z6_vel,0.1384,False
2022-04-01,2,322,Platinum_Futures_Close:Z6_acc,0.1259,False
2022-05-01,2,322,Dollar_Index:Z6,0.0056,False
2022-05-01,2,322,Dollar_Index:Z3,0.0008,False
2022-05-01,2,322,Dollar_Index:Z12,0.0646,False
2022-05-01,2,322,Dollar_Index:Z6_vel,0.0017,False
2022-05-01,2,322,Dollar_Index:Z6_acc,0.0168,False
2022-05-01,2,322,GS10_Rate:Z6,0.004,False
2022-05-01,2,322,GS10_Rate:Z3,0.0015,False
2022-05-01,2,322,GS10_Rate:Z12,0.0018,False
2022-05-01,2,322,GS10_Rate:Z6_vel,0.0069,False
2022-05-01,2,322,GS10_Rate:Z6_acc,0.0059,False
2022-05-01,2,322,Fed_Funds_Rate:Z6,0.0027,False
2022-05-01,2,322,Fed_Funds_Rate:Z3,0.0217,False
2022-05-01,2,322,Fed_Funds_Rate:Z12,0.0326,False
2022-05-01,2,322,Fed_Funds_Rate:Z6_vel,0.0021,False
2022-05-01,2,322,Fed_Funds_Rate:Z6_acc,0.002,False
2022-05-01,2,322,US_2Y_Treasury:Z6,0.021,False
2022-05-01,2,322,US_2Y_Treasury:Z3,0.0326,False
2022-05-01,2,322,US_2Y_Treasury:Z12,0.0009,False
2022-05-01,2,322,US_2Y_Treasury:Z6_vel,0.0085,False
2022-05-01,2,322,US_2Y_Treasury:Z6_acc,0.0282,False
2022-05-01,2,322,WTI_Crude_Close:Z6,0.0017,False
2022-05-01,2,322,WTI_Crude_Close:Z3,0.002,False
2022-05-01,2,322,WTI_Crude_Close:Z12,0.0001,False
2022-05-01,2,322,WTI_Crude_Close:Z6_vel,0.0101,False
2022-05-01,2,322,WTI_Crude_Close:Z6_acc,0.0175,False
2022-05-01,2,322,Gold_Close:Z6,0.0028,False
2022-05-01,2,322,Gold_Close:Z3,0.0072,False
2022-05-01,2,322,Gold_Close:Z12,0.0,False
2022-05-01,2,322,Gold_Close:Z6_vel,0.0082,False
2022-05-01,2,322,Gold_Close:Z6_acc,0.0014,False
2022-05-01,2,322,M2_Money:Z6,0.0013,False
2022-05-01,2,322,M2_Money:Z3,0.0006,False
2022-05-01,2,322,M2_Money:Z12,0.0246,False
2022-05-01,2,322,M2_Money:Z6_vel,0.0212,False
2022-05-01,2,322,M2_Money:Z6_acc,0.0001,False
2022-05-01,2,322,Industrial_Production:Z6,0.0004,False
2022-05-01,2,322,Industrial_Production:Z3,0.0021,False
2022-05-01,2,322,Industrial_Production:Z12,0.0122,False
2022-05-01,2,322,Industrial_Production:Z6_vel,0.0,False
2022-05-01,2,322,Industrial_Production:Z6_acc,0.001,False
2022-05-01,2,322,US_CPI:Z6,0.0091,False
2022-05-01,2,322,US_CPI:Z3,0.004,False
2022-05-01,2,322,US_CPI:Z12,0.0126,False
2022-05-01,2,322,US_CPI:Z6_vel,0.0306,False
2022-05-01,2,322,US_CPI:Z6_acc,0.0197,False
2022-05-01,2,322,Term_Spread_10Y_2Y:Z6,0.0694,False
2022-05-01,2,322,Term_Spread_10Y_2Y:Z3,0.0242,False
2022-05-01,2,322,Term_Spread_10Y_2Y:Z12,0.0144,False
2022-05-01,2,322,Term_Spread_10Y_2Y:Z6_vel,0.0006,False
2022-05-01,2,322,Term_Spread_10Y_2Y:Z6_acc,0.0149,False
2022-05-01,2,322,Term_Spread_10Y_3M:Z6,0.022,False
2022-05-01,2,322,Term_Spread_10Y_3M:Z3,0.0401,False
2022-05-01,2,322,Term_Spread_10Y_3M:Z12,0.0019,False
2022-05-01,2,322,Term_Spread_10Y_3M:Z6_vel,0.0091,False
2022-05-01,2,322,Term_Spread_10Y_3M:Z6_acc,0.0084,False
2022-05-01,2,322,VIX_Close:Z6,0.1357,False
2022-05-01,2,322,VIX_Close:Z3,0.0505,False
2022-05-01,2,322,VIX_Close:Z12,0.1054,False
2022-05-01,2,322,VIX_Close:Z6_vel,0.017,False
2022-05-01,2,322,VIX_Close:Z6_acc,0.0002,False
2022-05-01,2,322,Natural_Gas_Close:Z6,0.2781,True
2022-05-01,2,322,Natural_Gas_Close:Z3,0.1933,False
2022-05-01,2,322,Natural_Gas_Close:Z12,0.14,False
2022-05-01,2,322,Natural_Gas_Close:Z6_vel,0.0015,False
2022-05-01,2,322,Natural_Gas_Close:Z6_acc,0.0003,False
2022-05-01,2,322,Platinum_Futures_Close:Z6,0.4388,True
2022-05-01,2,322,Platinum_Futures_Close:Z3,0.2077,True
2022-05-01,2,322,Platinum_Futures_Close:Z12,0.2402,True
2022-05-01,2,322,Platinum_Futures_Close:Z6_vel,0.1384,False
2022-05-01,2,322,Platinum_Futures_Close:Z6_acc,0.1259,False
2022-06-01,2,322,Dollar_Index:Z6,0.005,False
2022-06-01,2,322,Dollar_Index:Z3,0.003,False
2022-06-01,2,322,Dollar_Index:Z12,0.0576,False
2022-06-01,2,322,Dollar_Index:Z6_vel,0.0027,False
2022-06-01,2,322,Dollar_Index:Z6_acc,0.0192,False
2022-06-01,2,322,GS10_Rate:Z6,0.0058,False
2022-06-01,2,322,GS10_Rate:Z3,0.0025,False
2022-06-01,2,322,GS10_Rate:Z12,0.0019,False
2022-06-01,2,322,GS10_Rate:Z6_vel,0.0068,False
2022-06-01,2,322,GS10_Rate:Z6_acc,0.0046,False
2022-06-01,2,322,Fed_Funds_Rate:Z6,0.0028,False
2022-06-01,2,322,Fed_Funds_Rate:Z3,0.0195,False
2022-06-01,2,322,Fed_Funds_Rate:Z12,0.0336,False
2022-06-01,2,322,Fed_Funds_Rate:Z6_vel,0.0015,False
2022-06-01,2,322,Fed_Funds_Rate:Z6_acc,0.0027,False
2022-06-01,2,322,US_2Y_Treasury:Z6,0.0119,False
2022-06-01,2,322,US_2Y_Treasury:Z3,0.024,False
2022-06-01,2,322,US_2Y_Treasury:Z12,0.0003,False
2022-06-01,2,322,US_2Y_Treasury:Z6_vel,0.0071,False
2022-06-01,2,322,US_2Y_Treasury:Z6_acc,0.0215,False
2022-06-01,2,322,WTI_Crude_Close:Z6,0.0078,False
2022-06-01,2,322,WTI_Crude_Close:Z3,0.0008,False
2022-06-01,2,322,WTI_Crude_Close:Z12,0.0064,False
2022-06-01,2,322,WTI_Crude_Close:Z6_vel,0.0009,False
2022-06-01,2,322,WTI_Crude_Close:Z6_acc,0.0146,False
2022-06-01,2,322,Gold_Close:Z6,0.0017,False
2022-06-01,2,322,Gold_Close:Z3,0.005,False
2022-06-01,2,322,Gold_Close:Z12,0.0001,False
2022-06-01,2,322,Gold_Close:Z6_vel,0.0078,False
2022-06-01,2,322,Gold_Close:Z6_acc,0.0022,False
2022-06-01,2,322,M2_Money:Z6,0.0014,False
2022-06-01,2,322,M2_Money:Z3,0.0006,False
2022-06-01,2,322,M2_Money:Z12,0.0262,False
2022-06-01,2,322,M2_Money:Z6_vel,0.0192,False
2022-06-01,2,322,M2_Money:Z6_acc,0.0002,False
2022-06-01,2,322,Industrial_Production:Z6,0.0002,False
2022-06-01,2,322,Industrial_Production:Z3,0.0023,False
2022-06-01,2,322,Industrial_Production:Z12,0.0126,False
2022-06-01,2,322,Industrial_Production:Z6_vel,0.0,False
2022-06-01,2,322,Industrial_Production:Z6_acc,0.0006,False
2022-06-01,2,322,US_CPI:Z6,0.0101,False
2022-06-01,2,322,US_CPI:Z3,0.0053,False
2022-06-01,2,322,US_CPI:Z12,0.0125,False
2022-06-01,2,322,US_CPI:Z6_vel,0.0267,False
2022-06-01,2,322,US_CPI:Z6_acc,0.0199,False
2022-06-01,2,322,Term_Spread_10Y_2Y:Z6,0.0541,False
2022-06-01,2,322,Term_Spread_10Y_2Y:Z3,0.0261,False
2022-06-01,2,322,Term_Spread_10Y_2Y:Z12,0.0113,False
2022-06-01,2,322,Term_Spread_10Y_2Y:Z6_vel,0.001,False
2022-06-01,2,322,Term_Spread_10Y_2Y:Z6_acc,0.0123,False
2022-06-01,2,322,Term_Spread_10Y_3M:Z6,0.0186,False
2022-06-01,2,322,Term_Spread_10Y_3M:Z3,0.0165,False
2022-06-01,2,322,Term_Spread_10Y_3M:Z12,0.0026,False
2022-06-01,2,322,Term_Spread_10Y_3M:Z6_vel,0.0116,False
2022-06-01,2,322,Term_Spread_10Y_3M:Z6_acc,0.0015,False
2022-06-01,2,322,VIX_Close:Z6,0.0813,False
2022-06-01,2,322,VIX_Close:Z3,0.0589,False
2022-06-01,2,322,VIX_Close:Z12,0.0945,False
2022-06-01,2,322,VIX_Close:Z6_vel,0.0024,False
2022-06-01,2,322,VIX_Close:Z6_acc,0.0051,False
2022-06-01,2,322,Natural_Gas_Close:Z6,0.233,True
2022-06-01,2,322,Natural_Gas_Close:Z3,0.1748,False
2022-06-01,2,322,Natural_Gas_Close:Z12,0.1435,False
2022-06-01,2,322,Natural_Gas_Close:Z6_vel,0.0,False
2022-06-01,2,322,Natural_Gas_Close:Z6_acc,0.001,False
2022-06-01,2,322,Platinum_Futures_Close:Z6,0.4226,True
2022-06-01,2,322,Platinum_Futures_Close:Z3,0.2458,True
2022-06-01,2,322,Platinum_Futures_Close:Z12,0.1891,False
2022-06-01,2,322,Platinum_Futures_Close:Z6_vel,0.0864,False
2022-06-01,2,322,Platinum_Futures_Close:Z6_acc,0.1245,False
2022-07-01,2,323,Dollar_Index:Z6,0.0052,False
2022-07-01,2,323,Dollar_Index:Z3,0.0029,False
2022-07-01,2,323,Dollar_Index:Z12,0.0573,False
2022-07-01,2,323,Dollar_Index:Z6_vel,0.0033,False
2022-07-01,2,323,Dollar_Index:Z6_acc,0.0174,False
2022-07-01,2,323,GS10_Rate:Z6,0.0068,False
2022-07-01,2,323,GS10_Rate:Z3,0.0033,False
2022-07-01,2,323,GS10_Rate:Z12,0.0022,False
2022-07-01,2,323,GS10_Rate:Z6_vel,0.0075,False
2022-07-01,2,323,GS10_Rate:Z6_acc,0.005,False
2022-07-01,2,323,Fed_Funds_Rate:Z6,0.0028,False
2022-07-01,2,323,Fed_Funds_Rate:Z3,0.0196,False
2022-07-01,2,323,Fed_Funds_Rate:Z12,0.0327,False
2022-07-01,2,323,Fed_Funds_Rate:Z6_vel,0.0017,False
2022-07-01,2,323,Fed_Funds_Rate:Z6_acc,0.0027,False
2022-07-01,2,323,US_2Y_Treasury:Z6,0.007,False
2022-07-01,2,323,US_2Y_Treasury:Z3,0.0169,False
2022-07-01,2,323,US_2Y_Treasury:Z12,0.0,False
2022-07-01,2,323,US_2Y_Treasury:Z6_vel,0.0089,False
2022-07-01,2,323,US_2Y_Treasury:Z6_acc,0.0218,False
2022-07-01,2,323,WTI_Crude_Close:Z6,0.0116,False
2022-07-01,2,323,WTI_Crude_Close:Z3,0.0035,False
2022-07-01,2,323,WTI_Crude_Close:Z12,0.0164,False
2022-07-01,2,323,WTI_Crude_Close:Z6_vel,0.0058,False
2022-07-01,2,323,WTI_Crude_Close:Z6_acc,0.0401,False
2022-07-01,2,323,Gold_Close:Z6,0.0016,False
2022-07-01,2,323,Gold_Close:Z3,0.0047,False
2022-07-01,2,323,Gold_Close:Z12,0.0001,False
2022-07-01,2,323,Gold_Close:Z6_vel,0.0074,False
2022-07-01,2,323,Gold_Close:Z6_acc,0.0025,False
2022-07-01,2,323,M2_Money:Z6,0.0017,False
2022-07-01,2,323,M2_Money:Z3,0.0007,False
2022-07-01,2,323,M2_Money:Z12,0.0286,False
2022-07-01,2,323,M2_Money:Z6_vel,0.0219,False
2022-07-01,2,323,M2_Money:Z6_acc,0.0005,False
2022-07-01,2,323,Industrial_Production:Z6,0.0003,False
2022-07-01,2,323,Industrial_Production:Z3,0.0022,False
2022-07-01,2,323,Industrial_Production:Z12,0.0126,False
2022-07-01,2,323,Industrial_Production:Z6_vel,0.0,False
2022-07-01,2,323,Industrial_Production:Z6_acc,0.0008,False
2022-07-01,2,323,US_CPI:Z6,0.0113,False
2022-07-01,2,323,US_CPI:Z3,0.0059,False
2022-07-01,2,323,US_CPI:Z12,0.0137,False
2022-07-01,2,323,US_CPI:Z6_vel,0.0237,False
2022-07-01,2,323,US_CPI:Z6_acc,0.0184,False
2022-07-01,2,323,Term_Spread_10Y_2Y:Z6,0.0387,False
2022-07-01,2,323,Term_Spread_10Y_2Y:Z3,0.0177,False
2022-07-01,2,323,Term_Spread_10Y_2Y:Z12,0.0056,False
2022-07-01,2,323,Term_Spread_10Y_2Y:Z6_vel,0.0001,False
2022-07-01,2,323,Term_Spread_10Y_2Y:Z6_acc,0.0141,False
2022-07-01,2,323,Term_Spread_10Y_3M:Z6,0.0133,False
2022-07-01,2,323,Term_Spread_10Y_3M:Z3,0.013,False
2022-07-01,2,323,Term_Spread_10Y_3M:Z12,0.0026,False
2022-07-01,2,323,Term_Spread_10Y_3M:Z6_vel,0.0093,False
2022-07-01,2,323,Term_Spread_10Y_3M:Z6_acc,0.0048,False
2022-07-01,2,323,VIX_Close:Z6,0.0996,False
2022-07-01,2,323,VIX_Close:Z3,0.0627,False
2022-07-01,2,323,VIX_Close:Z12,0.1015,False
2022-07-01,2,323,VIX_Close:Z6_vel,0.0234,False
2022-07-01,2,323,VIX_Close:Z6_acc,0.0042,False
2022-07-01,2,323,Natural_Gas_Close:Z6,0.2009,True
2022-07-01,2,323,Natural_Gas_Close:Z3,0.2036,True
2022-07-01,2,323,Natural_Gas_Close:Z12,0.1636,False
2022-07-01,2,323,Natural_Gas_Close:Z6_vel,0.0,False
2022-07-01,2,323,Natural_Gas_Close:Z6_acc,0.0,False
2022-07-01,2,323,Platinum_Futures_Close:Z6,0.3935,True
2022-07-01,2,323,Platinum_Futures_Close:Z3,0.2463,True
2022-07-01,2,323,Platinum_Futures_Close:Z12,0.1392,False
2022-07-01,2,323,Platinum_Futures_Close:Z6_vel,0.0956,False
2022-07-01,2,323,Platinum_Futures_Close:Z6_acc,0.1524,False
2022-08-01,2,324,Dollar_Index:Z6,0.0039,False
2022-08-01,2,324,Dollar_Index:Z3,0.004,False
2022-08-01,2,324,Dollar_Index:Z12,0.0524,False
2022-08-01,2,324,Dollar_Index:Z6_vel,0.005,False
2022-08-01,2,324,Dollar_Index:Z6_acc,0.0131,False
2022-08-01,2,324,GS10_Rate:Z6,0.0055,False
2022-08-01,2,324,GS10_Rate:Z3,0.0025,False
2022-08-01,2,324,GS10_Rate:Z12,0.0018,False
2022-08-01,2,324,GS10_Rate:Z6_vel,0.0071,False
2022-08-01,2,324,GS10_Rate:Z6_acc,0.0052,False
2022-08-01,2,324,Fed_Funds_Rate:Z6,0.0026,False
2022-08-01,2,324,Fed_Funds_Rate:Z3,0.0187,False
2022-08-01,2,324,Fed_Funds_Rate:Z12,0.0326,False
2022-08-01,2,324,Fed_Funds_Rate:Z6_vel,0.0014,False
2022-08-01,2,324,Fed_Funds_Rate:Z6_acc,0.0024,False
2022-08-01,2,324,US_2Y_Treasury:Z6,0.0097,False
2022-08-01,2,324,US_2Y_Treasury:Z3,0.0196,False
2022-08-01,2,324,US_2Y_Treasury:Z12,0.0001,False
2022-08-01,2,324,US_2Y_Treasury:Z6_vel,0.0085,False
2022-08-01,2,324,US_2Y_Treasury:Z6_acc,0.0227,False
2022-08-01,2,324,WTI_Crude_Close:Z6,0.0098,False
2022-08-01,2,324,WTI_Crude_Close:Z3,0.0025,False
2022-08-01,2,324,WTI_Crude_Close:Z12,0.0094,False
2022-08-01,2,324,WTI_Crude_Close:Z6_vel,0.0046,False
2022-08-01,2,324,WTI_Crude_Close:Z6_acc,0.0449,False
2022-08-01,2,324,Gold_Close:Z6,0.0015,False
2022-08-01,2,324,Gold_Close:Z3,0.0046,False
2022-08-01,2,324,Gold_Close:Z12,0.0001,False
2022-08-01,2,324,Gold_Close:Z6_vel,0.0068,False
2022-08-01,2,324,Gold_Close:Z6_acc,0.0021,False
2022-08-01,2,324,M2_Money:Z6,0.0015,False
2022-08-01,2,324,M2_Money:Z3,0.0008,False
2022-08-01,2,324,M2_Money:Z12,0.0266,False
2022-08-01,2,324,M2_Money:Z6_vel,0.0202,False
2022-08-01,2,324,M2_Money:Z6_acc,0.0007,False
2022-08-01,2,324,Industrial_Production:Z6,0.0003,False
2022-08-01,2,324,Industrial_Production:Z3,0.0021,False
2022-08-01,2,324,Industrial_Production:Z12,0.0127,False
2022-08-01,2,324,Industrial_Production:Z6_vel,0.0,False
2022-08-01,2,324,Industrial_Production:Z6_acc,0.0007,False
2022-08-01,2,324,US_CPI:Z6,0.0095,False
2022-08-01,2,324,US_CPI:Z3,0.0049,False
2022-08-01,2,324,US_CPI:Z12,0.0122,False
2022-08-01,2,324,US_CPI:Z6_vel,0.0265,False
2022-08-01,2,324,US_CPI:Z6_acc,0.0193,False
2022-08-01,2,324,Term_Spread_10Y_2Y:Z6,0.0428,False
2022-08-01,2,324,Term_Spread_10Y_2Y:Z3,0.0192,False
2022-08-01,2,324,Term_Spread_10Y_2Y:Z12,0.0079,False
2022-08-01,2,324,Term_Spread_10Y_2Y:Z6_vel,0.0,False
2022-08-01,2,324,Term_Spread_10Y_2Y:Z6_acc,0.0187,False
2022-08-01,2,324,Term_Spread_10Y_3M:Z6,0.0156,False
2022-08-01,2,324,Term_Spread_10Y_3M:Z3,0.0149,False
2022-08-01,2,324,Term_Spread_10Y_3M:Z12,0.0031,False
2022-08-01,2,324,Term_Spread_10Y_3M:Z6_vel,0.0095,False
2022-08-01,2,324,Term_Spread_10Y_3M:Z6_acc,0.0058,False
2022-08-01,2,324,VIX_Close:Z6,0.1104,False
2022-08-01,2,324,VIX_Close:Z3,0.064,False
2022-08-01,2,324,VIX_Close:Z12,0.113,False
2022-08-01,2,324,VIX_Close:Z6_vel,0.0331,False
2022-08-01,2,324,VIX_Close:Z6_acc,0.0134,False
2022-08-01,2,324,Natural_Gas_Close:Z6,0.1705,False
2022-08-01,2,324,Natural_Gas_Close:Z3,0.142,False
2022-08-01,2,324,Natural_Gas_Close:Z12,0.1171,False
2022-08-01,2,324,Natural_Gas_Close:Z6_vel,0.0031,False
2022-08-01,2,324,Natural_Gas_Close:Z6_acc,0.0012,False
2022-08-01,2,324,Platinum_Futures_Close:Z6,0.409,True
2022-08-01,2,324,Platinum_Futures_Close:Z3,0.2656,True
2022-08-01,2,324,Platinum_Futures_Close:Z12,0.1598,False
2022-08-01,2,324,Platinum_Futures_Close:Z6_vel,0.0497,False
2022-08-01,2,324,Platinum_Futures_Close:Z6_acc,0.1113,False
2022-09-01,2,323,Dollar_Index:Z6,0.0044,False
2022-09-01,2,323,Dollar_Index:Z3,0.0031,False
2022-09-01,2,323,Dollar_Index:Z12,0.056,False
2022-09-01,2,323,Dollar_Index:Z6_vel,0.0063,False
2022-09-01,2,323,Dollar_Index:Z6_acc,0.0086,False
2022-09-01,2,323,GS10_Rate:Z6,0.0067,False
2022-09-01,2,323,GS10_Rate:Z3,0.0032,False
2022-09-01,2,323,GS10_Rate:Z12,0.0021,False
2022-09-01,2,323,GS10_Rate:Z6_vel,0.0079,False
2022-09-01,2,323,GS10_Rate:Z6_acc,0.0055,False
2022-09-01,2,323,Fed_Funds_Rate:Z6,0.003,False
2022-09-01,2,323,Fed_Funds_Rate:Z3,0.0198,False
2022-09-01,2,323,Fed_Funds_Rate:Z12,0.0326,False
2022-09-01,2,323,Fed_Funds_Rate:Z6_vel,0.0017,False
2022-09-01,2,323,Fed_Funds_Rate:Z6_acc,0.0025,False
2022-09-01,2,323,US_2Y_Treasury:Z6,0.0053,False
2022-09-01,2,323,US_2Y_Treasury:Z3,0.0155,False
2022-09-01,2,323,US_2Y_Treasury:Z12,0.0,False
2022-09-01,2,323,US_2Y_Treasury:Z6_vel,0.0095,False
2022-09-01,2,323,US_2Y_Treasury:Z6_acc,0.0239,False
2022-09-01,2,323,WTI_Crude_Close:Z6,0.0255,False
2022-09-01,2,323,WTI_Crude_Close:Z3,0.003,False
2022-09-01,2,323,WTI_Crude_Close:Z12,0.0211,False
2022-09-01,2,323,WTI_Crude_Close:Z6_vel,0.0013,False
2022-09-01,2,323,WTI_Crude_Close:Z6_acc,0.0087,False
2022-09-01,2,323,Gold_Close:Z6,0.0016,False
2022-09-01,2,323,Gold_Close:Z3,0.0054,False
2022-09-01,2,323,Gold_Close:Z12,0.0,False
2022-09-01,2,323,Gold_Close:Z6_vel,0.0067,False
2022-09-01,2,323,Gold_Close:Z6_acc,0.0017,False
2022-09-01,2,323,M2_Money:Z6,0.0013,False
2022-09-01,2,323,M2_Money:Z3,0.0003,False
2022-09-01,2,323,M2_Money:Z12,0.0267,False
2022-09-01,2,323,M2_Money:Z6_vel,0.0239,False
2022-09-01,2,323,M2_Money:Z6_acc,0.0013,False
2022-09-01,2,323,Industrial_Production:Z6,0.0003,False
2022-09-01,2,323,Industrial_Production:Z3,0.0024,False
2022-09-01,2,323,Industrial_Production:Z12,0.0136,False
2022-09-01,2,323,Industrial_Production:Z6_vel,0.0,False
2022-09-01,2,323,Industrial_Production:Z6_acc,0.0008,False
2022-09-01,2,323,US_CPI:Z6,0.0107,False
2022-09-01,2,323,US_CPI:Z3,0.0056,False
2022-09-01,2,323,US_CPI:Z12,0.0135,False
2022-09-01,2,323,US_CPI:Z6_vel,0.0304,False
2022-09-01,2,323,US_CPI:Z6_acc,0.024,False
2022-09-01,2,323,Term_Spread_10Y_2Y:Z6,0.0374,False
2022-09-01,2,323,Term_Spread_10Y_2Y:Z3,0.0185,False
2022-09-01,2,323,Term_Spread_10Y_2Y:Z12,0.0046,False
2022-09-01,2,323,Term_Spread_10Y_2Y:Z6_vel,0.0,False
2022-09-01,2,323,Term_Spread_10Y_2Y:Z6_acc,0.0204,False
2022-09-01,2,323,Term_Spread_10Y_3M:Z6,0.0113,False
2022-09-01,2,323,Term_Spread_10Y_3M:Z3,0.0112,False
2022-09-01,2,323,Term_Spread_10Y_3M:Z12,0.0031,False
2022-09-01,2,323,Term_Spread_10Y_3M:Z6_vel,0.0105,False
2022-09-01,2,323,Term_Spread_10Y_3M:Z6_acc,0.0029,False
2022-09-01,2,323,VIX_Close:Z6,0.1326,False
2022-09-01,2,323,VIX_Close:Z3,0.0819,False
2022-09-01,2,323,VIX_Close:Z12,0.1033,False
2022-09-01,2,323,VIX_Close:Z6_vel,0.0642,False
2022-09-01,2,323,VIX_Close:Z6_acc,0.0399,False
2022-09-01,2,323,Natural_Gas_Close:Z6,0.2067,True
2022-09-01,2,323,Natural_Gas_Close:Z3,0.1792,False
2022-09-01,2,323,Natural_Gas_Close:Z12,0.146,False
2022-09-01,2,323,Natural_Gas_Close:Z6_vel,0.0017,False
2022-09-01,2,323,Natural_Gas_Close:Z6_acc,0.0003,False
2022-09-01,2,323,Platinum_Futures_Close:Z6,0.4054,True
2022-09-01,2,323,Platinum_Futures_Close:Z3,0.2204,True
2022-09-01,2,323,Platinum_Futures_Close:Z12,0.124,False
2022-09-01,2,323,Platinum_Futures_Close:Z6_vel,0.0089,False
2022-09-01,2,323,Platinum_Futures_Close:Z6_acc,0.0266,False
2022-10-01,2,323,Dollar_Index:Z6,0.0041,False
2022-10-01,2,323,Dollar_Index:Z3,0.0019,False
2022-10-01,2,323,Dollar_Index:Z12,0.0551,False
2022-10-01,2,323,Dollar_Index:Z6_vel,0.005,False
2022-10-01,2,323,Dollar_Index:Z6_acc,0.0122,False
2022-10-01,2,323,GS10_Rate:Z6,0.0082,False
2022-10-01,2,323,GS10_Rate:Z3,0.0035,False
2022-10-01,2,323,GS10_Rate:Z12,0.0028,False
2022-10-01,2,323,GS10_Rate:Z6_vel,0.007,False
2022-10-01,2,323,GS10_Rate:Z6_acc,0.0043,False
2022-10-01,2,323,Fed_Funds_Rate:Z6,0.0036,False
2022-10-01,2,323,Fed_Funds_Rate:Z3,0.0217,False
2022-10-01,2,323,Fed_Funds_Rate:Z12,0.0344,False
2022-10-01,2,323,Fed_Funds_Rate:Z6_vel,0.0021,False
2022-10-01,2,323,Fed_Funds_Rate:Z6_acc,0.0026,False
2022-10-01,2,323,US_2Y_Treasury:Z6,0.0025,False
2022-10-01,2,323,US_2Y_Treasury:Z3,0.0139,False
2022-10-01,2,323,US_2Y_Treasury:Z12,0.0007,False
2022-10-01,2,323,US_2Y_Treasury:Z6_vel,0.0088,False
2022-10-01,2,323,US_2Y_Treasury:Z6_acc,0.0224,False
2022-10-01,2,323,WTI_Crude_Close:Z6,0.0335,False
2022-10-01,2,323,WTI_Crude_Close:Z3,0.0032,False
2022-10-01,2,323,WTI_Crude_Close:Z12,0.0273,False
2022-10-01,2,323,WTI_Crude_Close:Z6_vel,0.0008,False
2022-10-01,2,323,WTI_Crude_Close:Z6_acc,0.036,False
2022-10-01,2,323,Gold_Close:Z6,0.0018,False
2022-10-01,2,323,Gold_Close:Z3,0.0063,False
2022-10-01,2,323,Gold_Close:Z12,0.0,False
2022-10-01,2,323,Gold_Close:Z6_vel,0.0087,False
2022-10-01,2,323,Gold_Close:Z6_acc,0.0029,False
2022-10-01,2,323,M2_Money:Z6,0.0009,False
2022-10-01,2,323,M2_Money:Z3,0.0,False
2022-10-01,2,323,M2_Money:Z12,0.0268,False
2022-10-01,2,323,M2_Money:Z6_vel,0.0303,False
2022-10-01,2,323,M2_Money:Z6_acc,0.0018,False
2022-10-01,2,323,Industrial_Production:Z6,0.0005,False
2022-10-01,2,323,Industrial_Production:Z3,0.0023,False
2022-10-01,2,323,Industrial_Production:Z12,0.013,False
2022-10-01,2,323,Industrial_Production:Z6_vel,0.0,False
2022-10-01,2,323,Industrial_Production:Z6_acc,0.0011,False
2022-10-01,2,323,US_CPI:Z6,0.0123,False
2022-10-01,2,323,US_CPI:Z3,0.007,False
2022-10-01,2,323,US_CPI:Z12,0.0154,False
2022-10-01,2,323,US_CPI:Z6_vel,0.0303,False
2022-10-01,2,323,US_CPI:Z6_acc,0.0205,False
2022-10-01,2,323,Term_Spread_10Y_2Y:Z6,0.0309,False
2022-10-01,2,323,Term_Spread_10Y_2Y:Z3,0.0193,False
2022-10-01,2,323,Term_Spread_10Y_2Y:Z12,0.0014,False
2022-10-01,2,323,Term_Spread_10Y_2Y:Z6_vel,0.0,False
2022-10-01,2,323,Term_Spread_10Y_2Y:Z6_acc,0.0249,False
2022-10-01,2,323,Term_Spread_10Y_3M:Z6,0.0133,False
2022-10-01,2,323,Term_Spread_10Y_3M:Z3,0.0169,False
2022-10-01,2,323,Term_Spread_10Y_3M:Z12,0.0049,False
2022-10-01,2,323,Term_Spread_10Y_3M:Z6_vel,0.0165,False
2022-10-01,2,323,Term_Spread_10Y_3M:Z6_acc,0.0001,False
2022-10-01,2,323,VIX_Close:Z6,0.1161,False
2022-10-01,2,323,VIX_Close:Z3,0.0778,False
2022-10-01,2,323,VIX_Close:Z12,0.0792,False
2022-10-01,2,323,VIX_Close:Z6_vel,0.042,False
2022-10-01,2,323,VIX_Close:Z6_acc,0.0124,False
2022-10-01,2,323,Natural_Gas_Close:Z6,0.2202,True
2022-10-01,2,323,Natural_Gas_Close:Z3,0.1531,False
2022-10-01,2,323,Natural_Gas_Close:Z12,0.1426,False
2022-10-01,2,323,Natural_Gas_Close:Z6_vel,0.0014,False
2022-10-01,2,323,Natural_Gas_Close:Z6_acc,0.0136,False
2022-10-01,2,323,Platinum_Futures_Close:Z6,0.3424,True
2022-10-01,2,323,Platinum_Futures_Close:Z3,0.1516,False
2022-10-01,2,323,Platinum_Futures_Close:Z12,0.0943,False
2022-10-01,2,323,Platinum_Futures_Close:Z6_vel,0.0239,False
2022-10-01,2,323,Platinum_Futures_Close:Z6_acc,0.057,False
2022-11-01,2,324,Dollar_Index:Z6,0.0053,False
2022-11-01,2,324,Dollar_Index:Z3,0.0016,False
2022-11-01,2,324,Dollar_Index:Z12,0.0587,False
2022-11-01,2,324,Dollar_Index:Z6_vel,0.005,False
2022-11-01,2,324,Dollar_Index:Z6_acc,0.0103,False
2022-11-01,2,324,GS10_Rate:Z6,0.009,False
2022-11-01,2,324,GS10_Rate:Z3,0.0035,False
2022-11-01,2,324,GS10_Rate:Z12,0.0033,False
2022-11-01,2,324,GS10_Rate:Z6_vel,0.0068,False
2022-11-01,2,324,GS10_Rate:Z6_acc,0.0047,False
2022-11-01,2,324,Fed_Funds_Rate:Z6,0.0045,False
2022-11-01,2,324,Fed_Funds_Rate:Z3,0.0236,False
2022-11-01,2,324,Fed_Funds_Rate:Z12,0.0354,False
2022-11-01,2,324,Fed_Funds_Rate:Z6_vel,0.0027,False
2022-11-01,2,324,Fed_Funds_Rate:Z6_acc,0.0028,False
2022-11-01,2,324,US_2Y_Treasury:Z6,0.0011,False
2022-11-01,2,324,US_2Y_Treasury:Z3,0.0121,False
2022-11-01,2,324,US_2Y_Treasury:Z12,0.0018,False
2022-11-01,2,324,US_2Y_Treasury:Z6_vel,0.0084,False
2022-11-01,2,324,US_2Y_Treasury:Z6_acc,0.0226,False
2022-11-01,2,324,WTI_Crude_Close:Z6,0.0291,False
2022-11-01,2,324,WTI_Crude_Close:Z3,0.0014,False
2022-11-01,2,324,WTI_Crude_Close:Z12,0.0299,False
2022-11-01,2,324,WTI_Crude_Close:Z6_vel,0.0072,False
2022-11-01,2,324,WTI_Crude_Close:Z6_acc,0.0357,False
2022-11-01,2,324,Gold_Close:Z6,0.002,False
2022-11-01,2,324,Gold_Close:Z3,0.007,False
2022-11-01,2,324,Gold_Close:Z12,0.0,False
2022-11-01,2,324,Gold_Close:Z6_vel,0.0088,False
2022-11-01,2,324,Gold_Close:Z6_acc,0.0027,False
2022-11-01,2,324,M2_Money:Z6,0.0002,False
2022-11-01,2,324,M2_Money:Z3,0.0003,False
2022-11-01,2,324,M2_Money:Z12,0.0249,False
2022-11-01,2,324,M2_Money:Z6_vel,0.0348,False
2022-11-01,2,324,M2_Money:Z6_acc,0.0018,False
2022-11-01,2,324,Industrial_Production:Z6,0.0005,False
2022-11-01,2,324,Industrial_Production:Z3,0.0022,False
2022-11-01,2,324,Industrial_Production:Z12,0.0124,False
2022-11-01,2,324,Industrial_Production:Z6_vel,0.0001,False
2022-11-01,2,324,Industrial_Production:Z6_acc,0.0012,False
2022-11-01,2,324,US_CPI:Z6,0.0141,False
2022-11-01,2,324,US_CPI:Z3,0.0084,False
2022-11-01,2,324,US_CPI:Z12,0.0171,False
2022-11-01,2,324,US_CPI:Z6_vel,0.026,False
2022-11-01,2,324,US_CPI:Z6_acc,0.0181,False
2022-11-01,2,324,Term_Spread_10Y_2Y:Z6,0.024,False
2022-11-01,2,324,Term_Spread_10Y_2Y:Z3,0.0154,False
2022-11-01,2,324,Term_Spread_10Y_2Y:Z12,0.0003,False
2022-11-01,2,324,Term_Spread_10Y_2Y:Z6_vel,0.0,False
2022-11-01,2,324,Term_Spread_10Y_2Y:Z6_acc,0.024,False
2022-11-01,2,324,Term_Spread_10Y_3M:Z6,0.0239,False
2022-11-01,2,324,Term_Spread_10Y_3M:Z3,0.0347,False
2022-11-01,2,324,Term_Spread_10Y_3M:Z12,0.0109,False
2022-11-01,2,324,Term_Spread_10Y_3M:Z6_vel,0.0263,False
2022-11-01,2,324,Term_Spread_10Y_3M:Z6_acc,0.0001,False
2022-11-01,2,324,VIX_Close:Z6,0.1278,False
2022-11-01,2,324,VIX_Close:Z3,0.0959,False
2022-11-01,2,324,VIX_Close:Z12,0.0845,False
2022-11-01,2,324,VIX_Close:Z6_vel,0.0577,False
2022-11-01,2,324,VIX_Close:Z6_acc,0.0245,False
2022-11-01,2,324,Natural_Gas_Close:Z6,0.2433,True
2022-11-01,2,324,Natural_Gas_Close:Z3,0.1417,False
2022-11-01,2,324,Natural_Gas_Close:Z12,0.1542,False
2022-11-01,2,324,Natural_Gas_Close:Z6_vel,0.0,False
2022-11-01,2,324,Natural_Gas_Close:Z6_acc,0.002,False
2022-11-01,2,324,Platinum_Futures_Close:Z6,0.2746,True
2022-11-01,2,324,Platinum_Futures_Close:Z3,0.1333,False
2022-11-01,2,324,Platinum_Futures_Close:Z12,0.0751,False
2022-11-01,2,324,Platinum_Futures_Close:Z6_vel,0.0278,False
2022-11-01,2,324,Platinum_Futures_Close:Z6_acc,0.0418,False
2023-04-01,17,46,Dollar_Index:Z6,0.0264,False
2023-04-01,17,46,Dollar_Index:Z3,0.0589,False
2023-04-01,17,46,Dollar_Index:Z12,0.0333,False
2023-04-01,17,46,Dollar_Index:Z6_vel,0.0007,False
2023-04-01,17,46,Dollar_Index:Z6_acc,0.0035,False
2023-04-01,17,46,GS10_Rate:Z6,0.0024,False
2023-04-01,17,46,GS10_Rate:Z3,0.0014,False
2023-04-01,17,46,GS10_Rate:Z12,0.0577,False
2023-04-01,17,46,GS10_Rate:Z6_vel,0.0205,False
2023-04-01,17,46,GS10_Rate:Z6_acc,0.0315,False
2023-04-01,17,46,Fed_Funds_Rate:Z6,0.0183,False
2023-04-01,17,46,Fed_Funds_Rate:Z3,0.0281,False
2023-04-01,17,46,Fed_Funds_Rate:Z12,0.034,False
2023-04-01,17,46,Fed_Funds_Rate:Z6_vel,0.0685,False
2023-04-01,17,46,Fed_Funds_Rate:Z6_acc,0.1282,False
2023-04-01,17,46,US_2Y_Treasury:Z6,0.1048,False
2023-04-01,17,46,US_2Y_Treasury:Z3,0.0454,False
2023-04-01,17,46,US_2Y_Treasury:Z12,0.0051,False
2023-04-01,17,46,US_2Y_Treasury:Z6_vel,0.0233,False
2023-04-01,17,46,US_2Y_Treasury:Z6_acc,0.0573,False
2023-04-01,17,46,WTI_Crude_Close:Z6,0.0396,False
2023-04-01,17,46,WTI_Crude_Close:Z3,0.0296,False
2023-04-01,17,46,WTI_Crude_Close:Z12,0.0206,False
2023-04-01,17,46,WTI_Crude_Close:Z6_vel,0.1118,False
2023-04-01,17,46,WTI_Crude_Close:Z6_acc,0.0284,False
2023-04-01,17,46,Gold_Close:Z6,0.3652,True
2023-04-01,17,46,Gold_Close:Z3,0.1898,False
2023-04-01,17,46,Gold_Close:Z12,0.3133,True
2023-04-01,17,46,Gold_Close:Z6_vel,0.0038,False
2023-04-01,17,46,Gold_Close:Z6_acc,0.0,False
2023-04-01,17,46,M2_Money:Z6,0.003,False
2023-04-01,17,46,M2_Money:Z3,0.0152,False
2023-04-01,17,46,M2_Money:Z12,0.0035,False
2023-04-01,17,46,M2_Money:Z6_vel,0.0453,False
2023-04-01,17,46,M2_Money:Z6_acc,0.0231,False
2023-04-01,17,46,Industrial_Production:Z6,0.0268,False
2023-04-01,17,46,Industrial_Production:Z3,0.0227,False
2023-04-01,17,46,Industrial_Production:Z12,0.0057,False
2023-04-01,17,46,Industrial_Production:Z6_vel,0.0002,False
2023-04-01,17,46,Industrial_Production:Z6_acc,0.0408,False
2023-04-01,17,46,US_CPI:Z6,0.0185,False
2023-04-01,17,46,US_CPI:Z3,0.0308,False
2023-04-01,17,46,US_CPI:Z12,0.0098,False
2023-04-01,17,46,US_CPI:Z6_vel,0.0131,False
2023-04-01,17,46,US_CPI:Z6_acc,0.0073,False
2023-04-01,17,46,Term_Spread_10Y_2Y:Z6,0.1112,False
2023-04-01,17,46,Term_Spread_10Y_2Y:Z3,0.0488,False
2023-04-01,17,46,Term_Spread_10Y_2Y:Z12,0.2275,True
2023-04-01,17,46,Term_Spread_10Y_2Y:Z6_vel,0.0,False
2023-04-01,17,46,Term_Spread_10Y_2Y:Z6_acc,0.0208,False
2023-04-01,17,46,Term_Spread_10Y_3M:Z6,0.0039,False
2023-04-01,17,46,Term_Spread_10Y_3M:Z3,0.0001,False
2023-04-01,17,46,Term_Spread_10Y_3M:Z12,0.1714,False
2023-04-01,17,46,Term_Spread_10Y_3M:Z6_vel,0.0148,False
2023-04-01,17,46,Term_Spread_10Y_3M:Z6_acc,0.0302,False
2023-04-01,17,46,VIX_Close:Z6,0.0988,False
2023-04-01,17,46,VIX_Close:Z3,0.0002,False
2023-04-01,17,46,VIX_Close:Z12,0.0485,False
2023-04-01,17,46,VIX_Close:Z6_vel,0.0021,False
2023-04-01,17,46,VIX_Close:Z6_acc,0.0001,False
2023-04-01,17,46,Natural_Gas_Close:Z6,0.1253,False
2023-04-01,17,46,Natural_Gas_Close:Z3,0.1783,False
2023-04-01,17,46,Natural_Gas_Close:Z12,0.2218,True
2023-04-01,17,46,Natural_Gas_Close:Z6_vel,0.0207,False
2023-04-01,17,46,Natural_Gas_Close:Z6_acc,0.0876,False
2023-04-01,17,46,Platinum_Futures_Close:Z6,0.3724,True
2023-04-01,17,46,Platinum_Futures_Close:Z3,0.0837,False
2023-04-01,17,46,Platinum_Futures_Close:Z12,0.2032,True
2023-04-01,17,46,Platinum_Futures_Close:Z6_vel,0.0409,False
2023-04-01,17,46,Platinum_Futures_Close:Z6_acc,0.0,False
2023-06-01,17,46,Dollar_Index:Z6,0.0264,False
2023-06-01,17,46,Dollar_Index:Z3,0.0589,False
2023-06-01,17,46,Dollar_Index:Z12,0.0333,False
2023-06-01,17,46,Dollar_Index:Z6_vel,0.0007,False
2023-06-01,17,46,Dollar_Index:Z6_acc,0.0035,False
2023-06-01,17,46,GS10_Rate:Z6,0.0024,False
2023-06-01,17,46,GS10_Rate:Z3,0.0014,False
2023-06-01,17,46,GS10_Rate:Z12,0.0577,False
2023-06-01,17,46,GS10_Rate:Z6_vel,0.0205,False
2023-06-01,17,46,GS10_Rate:Z6_acc,0.0315,False
2023-06-01,17,46,Fed_Funds_Rate:Z6,0.0183,False
2023-06-01,17,46,Fed_Funds_Rate:Z3,0.0281,False
2023-06-01,17,46,Fed_Funds_Rate:Z12,0.034,False
2023-06-01,17,46,Fed_Funds_Rate:Z6_vel,0.0685,False
2023-06-01,17,46,Fed_Funds_Rate:Z6_acc,0.1282,False
2023-06-01,17,46,US_2Y_Treasury:Z6,0.1048,False
2023-06-01,17,46,US_2Y_Treasury:Z3,0.0454,False
2023-06-01,17,46,US_2Y_Treasury:Z12,0.0051,False
2023-06-01,17,46,US_2Y_Treasury:Z6_vel,0.0233,False
2023-06-01,17,46,US_2Y_Treasury:Z6_acc,0.0573,False
2023-06-01,17,46,WTI_Crude_Close:Z6,0.0396,False
2023-06-01,17,46,WTI_Crude_Close:Z3,0.0296,False
2023-06-01,17,46,WTI_Crude_Close:Z12,0.0206,False
2023-06-01,17,46,WTI_Crude_Close:Z6_vel,0.1118,False
2023-06-01,17,46,WTI_Crude_Close:Z6_acc,0.0284,False
2023-06-01,17,46,Gold_Close:Z6,0.3652,True
2023-06-01,17,46,Gold_Close:Z3,0.1898,False
2023-06-01,17,46,Gold_Close:Z12,0.3133,True
2023-06-01,17,46,Gold_Close:Z6_vel,0.0038,False
2023-06-01,17,46,Gold_Close:Z6_acc,0.0,False
2023-06-01,17,46,M2_Money:Z6,0.003,False
2023-06-01,17,46,M2_Money:Z3,0.0152,False
2023-06-01,17,46,M2_Money:Z12,0.0035,False
2023-06-01,17,46,M2_Money:Z6_vel,0.0453,False
2023-06-01,17,46,M2_Money:Z6_acc,0.0231,False
2023-06-01,17,46,Industrial_Production:Z6,0.0268,False
2023-06-01,17,46,Industrial_Production:Z3,0.0227,False
2023-06-01,17,46,Industrial_Production:Z12,0.0057,False
2023-06-01,17,46,Industrial_Production:Z6_vel,0.0002,False
2023-06-01,17,46,Industrial_Production:Z6_acc,0.0408,False
2023-06-01,17,46,US_CPI:Z6,0.0185,False
2023-06-01,17,46,US_CPI:Z3,0.0308,False
2023-06-01,17,46,US_CPI:Z12,0.0098,False
2023-06-01,17,46,US_CPI:Z6_vel,0.0131,False
2023-06-01,17,46,US_CPI:Z6_acc,0.0073,False
2023-06-01,17,46,Term_Spread_10Y_2Y:Z6,0.1112,False
2023-06-01,17,46,Term_Spread_10Y_2Y:Z3,0.0488,False
2023-06-01,17,46,Term_Spread_10Y_2Y:Z12,0.2275,True
2023-06-01,17,46,Term_Spread_10Y_2Y:Z6_vel,0.0,False
2023-06-01,17,46,Term_Spread_10Y_2Y:Z6_acc,0.0208,False
2023-06-01,17,46,Term_Spread_10Y_3M:Z6,0.0039,False
2023-06-01,17,46,Term_Spread_10Y_3M:Z3,0.0001,False
2023-06-01,17,46,Term_Spread_10Y_3M:Z12,0.1714,False
2023-06-01,17,46,Term_Spread_10Y_3M:Z6_vel,0.0148,False
2023-06-01,17,46,Term_Spread_10Y_3M:Z6_acc,0.0302,False
2023-06-01,17,46,VIX_Close:Z6,0.0988,False
2023-06-01,17,46,VIX_Close:Z3,0.0002,False
2023-06-01,17,46,VIX_Close:Z12,0.0485,False
2023-06-01,17,46,VIX_Close:Z6_vel,0.0021,False
2023-06-01,17,46,VIX_Close:Z6_acc,0.0001,False
2023-06-01,17,46,Natural_Gas_Close:Z6,0.1253,False
2023-06-01,17,46,Natural_Gas_Close:Z3,0.1783,False
2023-06-01,17,46,Natural_Gas_Close:Z12,0.2218,True
2023-06-01,17,46,Natural_Gas_Close:Z6_vel,0.0207,False
2023-06-01,17,46,Natural_Gas_Close:Z6_acc,0.0876,False
2023-06-01,17,46,Platinum_Futures_Close:Z6,0.3724,True
2023-06-01,17,46,Platinum_Futures_Close:Z3,0.0837,False
2023-06-01,17,46,Platinum_Futures_Close:Z12,0.2032,True
2023-06-01,17,46,Platinum_Futures_Close:Z6_vel,0.0409,False
2023-06-01,17,46,Platinum_Futures_Close:Z6_acc,0.0,False
2023-09-01,17,48,Dollar_Index:Z6,0.009,False
2023-09-01,17,48,Dollar_Index:Z3,0.0401,False
2023-09-01,17,48,Dollar_Index:Z12,0.0307,False
2023-09-01,17,48,Dollar_Index:Z6_vel,0.0016,False
2023-09-01,17,48,Dollar_Index:Z6_acc,0.0052,False
2023-09-01,17,48,GS10_Rate:Z6,0.0034,False
2023-09-01,17,48,GS10_Rate:Z3,0.0013,False
2023-09-01,17,48,GS10_Rate:Z12,0.0682,False
2023-09-01,17,48,GS10_Rate:Z6_vel,0.0198,False
2023-09-01,17,48,GS10_Rate:Z6_acc,0.0365,False
2023-09-01,17,48,Fed_Funds_Rate:Z6,0.0016,False
2023-09-01,17,48,Fed_Funds_Rate:Z3,0.0092,False
2023-09-01,17,48,Fed_Funds_Rate:Z12,0.0002,False
2023-09-01,17,48,Fed_Funds_Rate:Z6_vel,0.0888,False
2023-09-01,17,48,Fed_Funds_Rate:Z6_acc,0.1183,False
2023-09-01,17,48,US_2Y_Treasury:Z6,0.0935,False
2023-09-01,17,48,US_2Y_Treasury:Z3,0.0398,False
2023-09-01,17,48,US_2Y_Treasury:Z12,0.0005,False
2023-09-01,17,48,US_2Y_Treasury:Z6_vel,0.0164,False
2023-09-01,17,48,US_2Y_Treasury:Z6_acc,0.0702,False
2023-09-01,17,48,WTI_Crude_Close:Z6,0.0502,False
2023-09-01,17,48,WTI_Crude_Close:Z3,0.0344,False
2023-09-01,17,48,WTI_Crude_Close:Z12,0.0379,False
2023-09-01,17,48,WTI_Crude_Close:Z6_vel,0.1045,False
2023-09-01,17,48,WTI_Crude_Close:Z6_acc,0.0248,False
2023-09-01,17,48,Gold_Close:Z6,0.2694,True
2023-09-01,17,48,Gold_Close:Z3,0.1317,False
2023-09-01,17,48,Gold_Close:Z12,0.291,True
2023-09-01,17,48,Gold_Close:Z6_vel,0.0019,False
2023-09-01,17,48,Gold_Close:Z6_acc,0.0006,False
2023-09-01,17,48,M2_Money:Z6,0.0247,False
2023-09-01,17,48,M2_Money:Z3,0.0352,False
2023-09-01,17,48,M2_Money:Z12,0.0115,False
2023-09-01,17,48,M2_Money:Z6_vel,0.0574,False
2023-09-01,17,48,M2_Money:Z6_acc,0.0187,False
2023-09-01,17,48,Industrial_Production:Z6,0.0183,False
2023-09-01,17,48,Industrial_Production:Z3,0.0192,False
2023-09-01,17,48,Industrial_Production:Z12,0.0026,False
2023-09-01,17,48,Industrial_Production:Z6_vel,0.0,False
2023-09-01,17,48,Industrial_Production:Z6_acc,0.042,False
2023-09-01,17,48,US_CPI:Z6,0.0069,False
2023-09-01,17,48,US_CPI:Z3,0.0212,False
2023-09-01,17,48,US_CPI:Z12,0.0,False
2023-09-01,17,48,US_CPI:Z6_vel,0.0114,False
2023-09-01,17,48,US_CPI:Z6_acc,0.0078,False
2023-09-01,17,48,Term_Spread_10Y_2Y:Z6,0.1002,False
2023-09-01,17,48,Term_Spread_10Y_2Y:Z3,0.0524,False
2023-09-01,17,48,Term_Spread_10Y_2Y:Z12,0.1513,False
2023-09-01,17,48,Term_Spread_10Y_2Y:Z6_vel,0.0047,False
2023-09-01,17,48,Term_Spread_10Y_2Y:Z6_acc,0.0366,False
2023-09-01,17,48,Term_Spread_10Y_3M:Z6,0.0008,False
2023-09-01,17,48,Term_Spread_10Y_3M:Z3,0.0077,False
2023-09-01,17,48,Term_Spread_10Y_3M:Z12,0.0299,False
2023-09-01,17,48,Term_Spread_10Y_3M:Z6_vel,0.014,False
2023-09-01,17,48,Term_Spread_10Y_3M:Z6_acc,0.0212,False
2023-09-01,17,48,VIX_Close:Z6,0.0532,False
2023-09-01,17,48,VIX_Close:Z3,0.0027,False
2023-09-01,17,48,VIX_Close:Z12,0.0302,False
2023-09-01,17,48,VIX_Close:Z6_vel,0.0021,False
2023-09-01,17,48,VIX_Close:Z6_acc,0.0001,False
2023-09-01,17,48,Natural_Gas_Close:Z6,0.0168,False
2023-09-01,17,48,Natural_Gas_Close:Z3,0.0781,False
2023-09-01,17,48,Natural_Gas_Close:Z12,0.0703,False
2023-09-01,17,48,Natural_Gas_Close:Z6_vel,0.0206,False
2023-09-01,17,48,Natural_Gas_Close:Z6_acc,0.0924,False
2023-09-01,17,48,Platinum_Futures_Close:Z6,0.3345,True
2023-09-01,17,48,Platinum_Futures_Close:Z3,0.0827,False
2023-09-01,17,48,Platinum_Futures_Close:Z12,0.1934,False
2023-09-01,17,48,Platinum_Futures_Close:Z6_vel,0.0845,False
2023-09-01,17,48,Platinum_Futures_Close:Z6_acc,0.0092,False
2025-02-01,17,49,Dollar_Index:Z6,0.0081,False
2025-02-01,17,49,Dollar_Index:Z3,0.0396,False
2025-02-01,17,49,Dollar_Index:Z12,0.0228,False
2025-02-01,17,49,Dollar_Index:Z6_vel,0.0017,False
2025-02-01,17,49,Dollar_Index:Z6_acc,0.0035,False
2025-02-01,17,49,GS10_Rate:Z6,0.0014,False
2025-02-01,17,49,GS10_Rate:Z3,0.0002,False
2025-02-01,17,49,GS10_Rate:Z12,0.0742,False
2025-02-01,17,49,GS10_Rate:Z6_vel,0.0159,False
2025-02-01,17,49,GS10_Rate:Z6_acc,0.0405,False
2025-02-01,17,49,Fed_Funds_Rate:Z6,0.0004,False
2025-02-01,17,49,Fed_Funds_Rate:Z3,0.0064,False
2025-02-01,17,49,Fed_Funds_Rate:Z12,0.0003,False
2025-02-01,17,49,Fed_Funds_Rate:Z6_vel,0.0899,False
2025-02-01,17,49,Fed_Funds_Rate:Z6_acc,0.1203,False
2025-02-01,17,49,US_2Y_Treasury:Z6,0.0643,False
2025-02-01,17,49,US_2Y_Treasury:Z3,0.0309,False
2025-02-01,17,49,US_2Y_Treasury:Z12,0.0024,False
2025-02-01,17,49,US_2Y_Treasury:Z6_vel,0.011,False
2025-02-01,17,49,US_2Y_Treasury:Z6_acc,0.0816,False
2025-02-01,17,49,WTI_Crude_Close:Z6,0.0458,False
2025-02-01,17,49,WTI_Crude_Close:Z3,0.0209,False
2025-02-01,17,49,WTI_Crude_Close:Z12,0.0385,False
2025-02-01,17,49,WTI_Crude_Close:Z6_vel,0.1016,False
2025-02-01,17,49,WTI_Crude_Close:Z6_acc,0.0302,False
2025-02-01,17,49,Gold_Close:Z6,0.2567,True
2025-02-01,17,49,Gold_Close:Z3,0.1352,False
2025-02-01,17,49,Gold_Close:Z12,0.2668,True
2025-02-01,17,49,Gold_Close:Z6_vel,0.0035,False
2025-02-01,17,49,Gold_Close:Z6_acc,0.0,False
2025-02-01,17,49,M2_Money:Z6,0.0346,False
2025-02-01,17,49,M2_Money:Z3,0.0418,False
2025-02-01,17,49,M2_Money:Z12,0.0209,False
2025-02-01,17,49,M2_Money:Z6_vel,0.0571,False
2025-02-01,17,49,M2_Money:Z6_acc,0.0221,False
2025-02-01,17,49,Industrial_Production:Z6,0.0164,False
2025-02-01,17,49,Industrial_Production:Z3,0.0152,False
2025-02-01,17,49,Industrial_Production:Z12,0.0016,False
2025-02-01,17,49,Industrial_Production:Z6_vel,0.0,False
2025-02-01,17,49,Industrial_Production:Z6_acc,0.0444,False
2025-02-01,17,49,US_CPI:Z6,0.0054,False
2025-02-01,17,49,US_CPI:Z3,0.0206,False
2025-02-01,17,49,US_CPI:Z12,0.0001,False
2025-02-01,17,49,US_CPI:Z6_vel,0.0158,False
2025-02-01,17,49,US_CPI:Z6_acc,0.0118,False
2025-02-01,17,49,Term_Spread_10Y_2Y:Z6,0.1032,False
2025-02-01,17,49,Term_Spread_10Y_2Y:Z3,0.0513,False
2025-02-01,17,49,Term_Spread_10Y_2Y:Z12,0.1362,False
2025-02-01,17,49,Term_Spread_10Y_2Y:Z6_vel,0.0102,False
2025-02-01,17,49,Term_Spread_10Y_2Y:Z6_acc,0.0374,False
2025-02-01,17,49,Term_Spread_10Y_3M:Z6,0.0016,False
2025-02-01,17,49,Term_Spread_10Y_3M:Z3,0.0042,False
2025-02-01,17,49,Term_Spread_10Y_3M:Z12,0.0216,False
2025-02-01,17,49,Term_Spread_10Y_3M:Z6_vel,0.0172,False
2025-02-01,17,49,Term_Spread_10Y_3M:Z6_acc,0.0091,False
2025-02-01,17,49,VIX_Close:Z6,0.0358,False
2025-02-01,17,49,VIX_Close:Z3,0.0042,False
2025-02-01,17,49,VIX_Close:Z12,0.0175,False
2025-02-01,17,49,VIX_Close:Z6_vel,0.0013,False
2025-02-01,17,49,VIX_Close:Z6_acc,0.0004,False
2025-02-01,17,49,Natural_Gas_Close:Z6,0.0177,False
2025-02-01,17,49,Natural_Gas_Close:Z3,0.0937,False
2025-02-01,17,49,Natural_Gas_Close:Z12,0.0385,False
2025-02-01,17,49,Natural_Gas_Close:Z6_vel,0.0216,False
2025-02-01,17,49,Natural_Gas_Close:Z6_acc,0.1083,False
2025-02-01,17,49,Platinum_Futures_Close:Z6,0.3308,True
2025-02-01,17,49,Platinum_Futures_Close:Z3,0.0939,False
2025-02-01,17,49,Platinum_Futures_Close:Z12,0.139,False
2025-02-01,17,49,Platinum_Futures_Close:Z6_vel,0.0645,False
2025-02-01,17,49,Platinum_Futures_Close:Z6_acc,0.0105,False
2025-04-01,2,326,Dollar_Index:Z6,0.0024,False
2025-04-01,2,326,Dollar_Index:Z3,0.0022,False
2025-04-01,2,326,Dollar_Index:Z12,0.0477,False
2025-04-01,2,326,Dollar_Index:Z6_vel,0.0034,False
2025-04-01,2,326,Dollar_Index:Z6_acc,0.0093,False
2025-04-01,2,326,GS10_Rate:Z6,0.004,False
2025-04-01,2,326,GS10_Rate:Z3,0.001,False
2025-04-01,2,326,GS10_Rate:Z12,0.001,False
2025-04-01,2,326,GS10_Rate:Z6_vel,0.0067,False
2025-04-01,2,326,GS10_Rate:Z6_acc,0.0059,False
2025-04-01,2,326,Fed_Funds_Rate:Z6,0.0015,False
2025-04-01,2,326,Fed_Funds_Rate:Z3,0.0196,False
2025-04-01,2,326,Fed_Funds_Rate:Z12,0.0261,False
2025-04-01,2,326,Fed_Funds_Rate:Z6_vel,0.0027,False
2025-04-01,2,326,Fed_Funds_Rate:Z6_acc,0.0022,False
2025-04-01,2,326,US_2Y_Treasury:Z6,0.0076,False
2025-04-01,2,326,US_2Y_Treasury:Z3,0.0208,False
2025-04-01,2,326,US_2Y_Treasury:Z12,0.0004,False
2025-04-01,2,326,US_2Y_Treasury:Z6_vel,0.01,False
2025-04-01,2,326,US_2Y_Treasury:Z6_acc,0.0256,False
2025-04-01,2,326,WTI_Crude_Close:Z6,0.0455,False
2025-04-01,2,326,WTI_Crude_Close:Z3,0.0062,False
2025-04-01,2,326,WTI_Crude_Close:Z12,0.0318,False
2025-04-01,2,326,WTI_Crude_Close:Z6_vel,0.0037,False
2025-04-01,2,326,WTI_Crude_Close:Z6_acc,0.0439,False
2025-04-01,2,326,Gold_Close:Z6,0.0012,False
2025-04-01,2,326,Gold_Close:Z3,0.0052,False
2025-04-01,2,326,Gold_Close:Z12,0.0,False
2025-04-01,2,326,Gold_Close:Z6_vel,0.0053,False
2025-04-01,2,326,Gold_Close:Z6_acc,0.0007,False
2025-04-01,2,326,M2_Money:Z6,0.0045,False
2025-04-01,2,326,M2_Money:Z3,0.0012,False
2025-04-01,2,326,M2_Money:Z12,0.0324,False
2025-04-01,2,326,M2_Money:Z6_vel,0.0258,False
2025-04-01,2,326,M2_Money:Z6_acc,0.0027,False
2025-04-01,2,326,Industrial_Production:Z6,0.0008,False
2025-04-01,2,326,Industrial_Production:Z3,0.002,False
2025-04-01,2,326,Industrial_Production:Z12,0.0095,False
2025-04-01,2,326,Industrial_Production:Z6_vel,0.0002,False
2025-04-01,2,326,Industrial_Production:Z6_acc,0.0016,False
2025-04-01,2,326,US_CPI:Z6,0.0113,False
2025-04-01,2,326,US_CPI:Z3,0.0075,False
2025-04-01,2,326,US_CPI:Z12,0.0133,False
2025-04-01,2,326,US_CPI:Z6_vel,0.0162,False
2025-04-01,2,326,US_CPI:Z6_acc,0.0117,False
2025-04-01,2,326,Term_Spread_10Y_2Y:Z6,0.0343,False
2025-04-01,2,326,Term_Spread_10Y_2Y:Z3,0.0156,False
2025-04-01,2,326,Term_Spread_10Y_2Y:Z12,0.0055,False
2025-04-01,2,326,Term_Spread_10Y_2Y:Z6_vel,0.0009,False
2025-04-01,2,326,Term_Spread_10Y_2Y:Z6_acc,0.0248,False
2025-04-01,2,326,Term_Spread_10Y_3M:Z6,0.0047,False
2025-04-01,2,326,Term_Spread_10Y_3M:Z3,0.0318,False
2025-04-01,2,326,Term_Spread_10Y_3M:Z12,0.0007,False
2025-04-01,2,326,Term_Spread_10Y_3M:Z6_vel,0.021,False
2025-04-01,2,326,Term_Spread_10Y_3M:Z6_acc,0.0004,False
2025-04-01,2,326,VIX_Close:Z6,0.0819,False
2025-04-01,2,326,VIX_Close:Z3,0.0723,False
2025-04-01,2,326,VIX_Close:Z12,0.0941,False
2025-04-01,2,326,VIX_Close:Z6_vel,0.0384,False
2025-04-01,2,326,VIX_Close:Z6_acc,0.0191,False
2025-04-01,2,326,Natural_Gas_Close:Z6,0.1755,False
2025-04-01,2,326,Natural_Gas_Close:Z3,0.1627,False
2025-04-01,2,326,Natural_Gas_Close:Z12,0.146,False
2025-04-01,2,326,Natural_Gas_Close:Z6_vel,0.0066,False
2025-04-01,2,326,Natural_Gas_Close:Z6_acc,0.0,False
2025-04-01,2,326,Platinum_Futures_Close:Z6,0.2886,True
2025-04-01,2,326,Platinum_Futures_Close:Z3,0.1146,False
2025-04-01,2,326,Platinum_Futures_Close:Z12,0.0967,False
2025-04-01,2,326,Platinum_Futures_Close:Z6_vel,0.0379,False
2025-04-01,2,326,Platinum_Futures_Close:Z6_acc,0.0433,False
2026-01-01,17,49,Dollar_Index:Z6,0.0025,False
2026-01-01,17,49,Dollar_Index:Z3,0.0204,False
2026-01-01,17,49,Dollar_Index:Z12,0.0116,False
2026-01-01,17,49,Dollar_Index:Z6_vel,0.0012,False
2026-01-01,17,49,Dollar_Index:Z6_acc,0.003,False
2026-01-01,17,49,GS10_Rate:Z6,0.0055,False
2026-01-01,17,49,GS10_Rate:Z3,0.0005,False
2026-01-01,17,49,GS10_Rate:Z12,0.0677,False
2026-01-01,17,49,GS10_Rate:Z6_vel,0.0215,False
2026-01-01,17,49,GS10_Rate:Z6_acc,0.0456,False
2026-01-01,17,49,Fed_Funds_Rate:Z6,0.0011,False
2026-01-01,17,49,Fed_Funds_Rate:Z3,0.0015,False
2026-01-01,17,49,Fed_Funds_Rate:Z12,0.0027,False
2026-01-01,17,49,Fed_Funds_Rate:Z6_vel,0.0913,False
2026-01-01,17,49,Fed_Funds_Rate:Z6_acc,0.1363,False
2026-01-01,17,49,US_2Y_Treasury:Z6,0.0734,False
2026-01-01,17,49,US_2Y_Treasury:Z3,0.0259,False
2026-01-01,17,49,US_2Y_Treasury:Z12,0.0038,False
2026-01-01,17,49,US_2Y_Treasury:Z6_vel,0.0247,False
2026-01-01,17,49,US_2Y_Treasury:Z6_acc,0.0675,False
2026-01-01,17,49,WTI_Crude_Close:Z6,0.0349,False
2026-01-01,17,49,WTI_Crude_Close:Z3,0.0219,False
2026-01-01,17,49,WTI_Crude_Close:Z12,0.0341,False
2026-01-01,17,49,WTI_Crude_Close:Z6_vel,0.1099,False
2026-01-01,17,49,WTI_Crude_Close:Z6_acc,0.0387,False
2026-01-01,17,49,Gold_Close:Z6,0.2869,True
2026-01-01,17,49,Gold_Close:Z3,0.1404,False
2026-01-01,17,49,Gold_Close:Z12,0.309,True
2026-01-01,17,49,Gold_Close:Z6_vel,0.0019,False
2026-01-01,17,49,Gold_Close:Z6_acc,0.0,False
2026-01-01,17,49,M2_Money:Z6,0.0271,False
2026-01-01,17,49,M2_Money:Z3,0.0329,False
2026-01-01,17,49,M2_Money:Z12,0.0132,False
2026-01-01,17,49,M2_Money:Z6_vel,0.0456,False
2026-01-01,17,49,M2_Money:Z6_acc,0.012,False
2026-01-01,17,49,Industrial_Production:Z6,0.0243,False
2026-01-01,17,49,Industrial_Production:Z3,0.0138,False
2026-01-01,17,49,Industrial_Production:Z12,0.004,False
2026-01-01,17,49,Industrial_Production:Z6_vel,0.0024,False
2026-01-01,17,49,Industrial_Production:Z6_acc,0.0736,False
2026-01-01,17,49,US_CPI:Z6,0.0092,False
2026-01-01,17,49,US_CPI:Z3,0.0297,False
2026-01-01,17,49,US_CPI:Z12,0.0001,False
2026-01-01,17,49,US_CPI:Z6_vel,0.0314,False
2026-01-01,17,49,US_CPI:Z6_acc,0.0164,False
2026-01-01,17,49,Term_Spread_10Y_2Y:Z6,0.0682,False
2026-01-01,17,49,Term_Spread_10Y_2Y:Z3,0.0425,False
2026-01-01,17,49,Term_Spread_10Y_2Y:Z12,0.0949,False
2026-01-01,17,49,Term_Spread_10Y_2Y:Z6_vel,0.0184,False
2026-01-01,17,49,Term_Spread_10Y_2Y:Z6_acc,0.0578,False
2026-01-01,17,49,Term_Spread_10Y_3M:Z6,0.0168,False
2026-01-01,17,49,Term_Spread_10Y_3M:Z3,0.0094,False
2026-01-01,17,49,Term_Spread_10Y_3M:Z12,0.0036,False
2026-01-01,17,49,Term_Spread_10Y_3M:Z6_vel,0.0296,False
2026-01-01,17,49,Term_Spread_10Y_3M:Z6_acc,0.0082,False
2026-01-01,17,49,VIX_Close:Z6,0.0329,False
2026-01-01,17,49,VIX_Close:Z3,0.0014,False
2026-01-01,17,49,VIX_Close:Z12,0.0061,False
2026-01-01,17,49,VIX_Close:Z6_vel,0.0093,False
2026-01-01,17,49,VIX_Close:Z6_acc,0.0025,False
2026-01-01,17,49,Natural_Gas_Close:Z6,0.0001,False
2026-01-01,17,49,Natural_Gas_Close:Z3,0.0464,False
2026-01-01,17,49,Natural_Gas_Close:Z12,0.0079,False
2026-01-01,17,49,Natural_Gas_Close:Z6_vel,0.042,False
2026-01-01,17,49,Natural_Gas_Close:Z6_acc,0.0933,False
2026-01-01,17,49,Platinum_Futures_Close:Z6,0.3172,True
2026-01-01,17,49,Platinum_Futures_Close:Z3,0.0845,False
2026-01-01,17,49,Platinum_Futures_Close:Z12,0.147,False
2026-01-01,17,49,Platinum_Futures_Close:Z6_vel,0.0914,False
2026-01-01,17,49,Platinum_Futures_Close:Z6_acc,0.0194,False
